"rep","gamma","ours_dec","ours_edge","grp5","grp1","rptest","t_ours.elapsed","t_grp5.elapsed","t_grp1.elapsed","t_rptest.elapsed","alt"
1,0,0.666666666666667,0.586666666666667,0.802770497565911,0.455263197878793,0.44,4.39,10.08,1.86,4.81,"null"
2,0,0.666666666666667,0.926666666666667,0.572609021562777,0.0173240567361755,0.18,4.44,19.14,3.87,4.31,"null"
3,0,0.573333333333333,0.293333333333333,0.335106917035332,0.514853799613331,0.52,4.01,12.3,2.08,8.47999999999999,"null"
4,0,0.253333333333333,0.793333333333333,1,0.84848702911039,0.68,3.91000000000001,9.58999999999999,1.74000000000001,4.94,"null"
5,0,0.946666666666667,0.913333333333333,0.8980648994157,0.365861440689672,0.92,4,10.32,2.33000000000001,4.52,"null"
6,0,0.08,0.673333333333333,1,0.0292991752941559,0.1,4.21000000000001,11.98,1.86000000000001,4.09,"null"
7,0,0.493333333333333,0.386666666666667,0.104438669132986,0.0151748879666913,0.3,3.95999999999998,10.37,1.72,4.36000000000001,"null"
8,0,0.593333333333333,0.166666666666667,1,0.781991064236537,0.74,4.25,11.91,2.16999999999999,4.5,"null"
9,0,0.04,0.64,0.323354715866352,0.14437279695405,0.42,4.01000000000002,9.98999999999998,2.19,3.96000000000001,"null"
10,0,0.08,0.933333333333333,0.975941083226225,0.242572605571835,0.7,4.94,9.09999999999999,2.14000000000001,4.12,"null"
11,0,0.72,0.353333333333333,1,0.910093061360909,0.58,4.26999999999998,11.48,2.51999999999998,4.67000000000002,"null"
12,0,0.36,0.626666666666667,0.388879880935419,0.229156627956902,0.12,4.13000000000002,15.14,3,4.58999999999997,"null"
13,0,0.98,0.52,1,0.241654539903986,0.84,4.68000000000001,13.98,3.23000000000002,4.26999999999998,"null"
14,0,0.486666666666667,0.32,0.594185837618398,0.352557595086142,0.32,4.08999999999997,11.22,2.27999999999997,6.30000000000001,"null"
15,0,0.866666666666667,0.393333333333333,1,0.575796523555886,0.14,4.11000000000001,11.43,2.5,5.75,"null"
16,0,0.506666666666667,0.333333333333333,1,0.153237711399221,0.94,4.17000000000002,11.45,2.96000000000004,5.25999999999999,"null"
17,0,0.513333333333333,0.54,1,0.628194493271274,0.12,4.34999999999997,13.47,2.85000000000002,4.57999999999998,"null"
18,0,0.986666666666667,0.913333333333333,0.143465038414418,0.434154404777422,0.32,4.09000000000003,23.28,3.51999999999998,4.42000000000002,"null"
19,0,0.00666666666666667,0.00666666666666667,1,0.317398776758325,1,4.01999999999998,12.9,2.31999999999999,3.69999999999999,"null"
20,0,0.273333333333333,0.146666666666667,0.112554329968193,0.878600907470247,0.8,3.77000000000004,15.95,3.13,4.64999999999998,"null"
21,0,0.1,0.32,0.202332454507719,0.00902398201727472,0.04,4.21999999999997,13.05,2.79000000000002,5.44,"null"
22,0,0.853333333333333,0.993333333333333,0.374052569119255,0.711936445628033,0.58,4.05999999999995,11.33,2.13999999999999,4.63,"null"
23,0,0.0333333333333333,0.00666666666666667,1,0.0725662358805357,0.36,4.45,11.39,2.93,6.57,"null"
24,0,0.32,0.113333333333333,0.0223069409575996,0.311786612571581,0.52,3.91,15.11,2.56,4.65,"null"
25,0,0.04,0.0133333333333333,1,0.401238758483772,0.72,4.2,11.92,2.05000000000001,4.13,"null"
26,0,0.26,0.16,0.25403636230769,0.583898020159597,0.94,4.05,18.72,4.61,3.98,"null"
27,0,0.366666666666667,0.566666666666667,0.444281422775648,0.0452620698678936,0.64,4.03,10.83,2.15000000000001,5.13999999999999,"null"
28,0,0.54,0.126666666666667,0.626329683415917,0.684415455794404,0.54,4.19,12.79,1.89000000000001,5.66,"null"
29,0,0.966666666666667,0.433333333333333,0.093796914283105,0.043551241078182,1,4.18000000000001,11.5,1.99000000000001,4.66999999999999,"null"
30,0,0.886666666666667,0.553333333333333,0.644010416353369,0.680390393823429,0.62,4.36000000000001,9.19999999999999,1.49000000000001,4.06,"null"
31,0,0.16,0.08,1,0.677337981036128,0.28,3.91999999999999,11.38,2.39000000000001,5.13999999999999,"null"
32,0,0.706666666666667,0.273333333333333,0.428593696706438,0.0495283675462177,0.46,4.09999999999999,13.59,2.53,4.84999999999999,"null"
33,0,0.04,0.1,0.327577673297586,0.51515399226971,0.42,4.09,14.94,3.68000000000001,4.88,"null"
34,0,0.9,0.666666666666667,0.968910936631168,0.243953056226331,0.78,4.63,10.95,2.15999999999997,5.22000000000003,"null"
35,0,0.493333333333333,0.96,0.470065294969548,0.226283319151848,0.26,4.26999999999998,16.39,3.13999999999999,4.75,"null"
36,0,0.526666666666667,0.166666666666667,0.0312230617898861,0.213602270689698,0.68,4.36000000000001,15.19,3.06,5.12,"null"
37,0,0.806666666666667,0.353333333333333,1,0.215201908815798,0.38,4.31,14.39,2.69,5.28000000000003,"null"
38,0,0.34,0.36,0.387318323751817,0.109840019865083,0.44,4.10999999999996,13.38,2.59000000000003,5.27999999999997,"null"
39,0,0.613333333333333,0.973333333333333,0.306547895003602,0.197192871733745,0.84,5.11000000000001,18.38,3.48000000000002,5.56,"null"
40,0,0.973333333333333,0.94,0.284468091606052,0.0234645880608343,0.54,4.44999999999999,13.05,2.06,3.84000000000003,"null"
41,0,0.68,0.226666666666667,1,0.266130537175605,0.58,4.08999999999997,10.49,2.40000000000003,4.84999999999997,"null"
42,0,0.293333333333333,0.526666666666667,0.637332359934062,0.116565405119325,0.42,4.38,14.36,3.19,7.00999999999999,"null"
43,0,0.96,0.4,1,0.570656125449485,0.04,4.15000000000003,11.3499999999999,2.40000000000009,5.8599999999999,"null"
44,0,0.786666666666667,0.38,0.478714644217206,0.578972613363547,0.02,4.27999999999997,9.94999999999993,2.28000000000009,4.13999999999999,"null"
45,0,0.48,0.2,0.347397826858068,0.908085131219644,0.06,3.89999999999998,11.04,1.88,4.12,"null"
46,0,0.746666666666667,0.88,0.135019751282298,0.43759840064735,0.42,3.95,13.91,2.4,5.08,"null"
47,0,0.2,0.0666666666666667,1,0.914924481726542,0.38,4.09,10.35,2.73,4.94,"null"
48,0,0.84,0.42,0.898533401723363,0.305489290092383,0.42,4.27,11.81,2.08,4.28,"null"
49,0,0.36,0.406666666666667,0.287335305990499,0.194157077335027,0.32,4.51000000000001,13.21,2.7,3.95,"null"
50,0,0.02,0.333333333333333,0.0969358976741279,0.184960595126315,0.6,4.14999999999999,14.29,2.82000000000001,4.52999999999999,"null"
51,0,0.526666666666667,0.826666666666667,0.580348658491787,0.326962745865084,0.26,4.2,11.96,2.31,4.25,"null"
52,0,0.94,0.94,0.38863278263824,0.64513432780649,0.46,4.44,16.14,2.71000000000001,4.18000000000001,"null"
53,0,0.926666666666667,0.506666666666667,0.66996033818353,0.455843431707629,0.66,4.14000000000001,13.86,1.73000000000002,3.66,"null"
54,0,0.466666666666667,0.293333333333333,1,0.69809490354581,0.82,4.31,10.6,1.94999999999999,13.33,"null"
55,0,0.96,0.813333333333333,1,0.944478885237693,0.1,4.53,14.05,2.84999999999999,5.5,"null"
56,0,0.413333333333333,0.426666666666667,0.79789513375024,0.167357975606106,0.62,4.33000000000001,15.05,3.61000000000001,4.31,"null"
57,0,0.0866666666666667,0.02,1,0.290496755898287,0.76,4.25,11.95,2.91000000000003,4.32999999999998,"null"
58,0,0.5,0.413333333333333,0.737004111247852,0.93114523617659,0.46,4.06,16.3,2.32999999999998,5.43000000000001,"null"
59,0,0.0333333333333333,0.02,0.825097381749273,0.382724173209096,0.58,4.06,14.06,3.22000000000003,4.77999999999997,"null"
60,0,0.253333333333333,0.44,0.833598207708599,0.657954205867157,0.72,4.44,12.69,2.70000000000005,5.73999999999995,"null"
61,0,0.746666666666667,0.74,0.0801868383543853,0.429500651916311,0.06,4.54999999999995,19.45,2.59999999999997,4.18000000000001,"null"
62,0,0.22,0.22,0.707802192831161,0.357597488996064,0.24,4.26999999999998,15.73,2.88999999999999,4.31999999999999,"null"
63,0,0.966666666666667,0.693333333333333,0.200769701316808,0.616557422328026,0.6,4.26000000000005,11.36,1.88,3.68000000000001,"null"
64,0,0.853333333333333,0.98,1,0.286613498900318,0.6,4.08000000000004,11.25,2.04999999999995,4.72000000000003,"null"
65,0,0.193333333333333,0.0866666666666667,0.165603123632767,0.083199964444869,0.06,4.11000000000001,15.93,5.02999999999997,4.61000000000001,"null"
66,0,0.06,0.246666666666667,0.909245386586822,0.826603851256984,0.3,3.91999999999996,11.14,2.48000000000002,4.67000000000007,"null"
67,0,0.413333333333333,0.946666666666667,0.406851634334009,0.311151489082075,0.12,4.09000000000003,9.7399999999999,2.09000000000003,4.40999999999997,"null"
68,0,0.506666666666667,0.56,0.760876074318714,0.202394971959703,0.46,4.16,13.47,2.19,5.79,"null"
69,0,0.806666666666667,0.36,0.706971168641677,0.463148215790327,0.22,4.19,12.28,3,4.58,"null"
70,0,0.346666666666667,0.0933333333333333,0.466720391185544,0.576341275558075,0.7,4.06,12.58,2.56,3.97,"null"
71,0,0.186666666666667,0.08,0.118209711520717,0.000380482455822895,0.26,3.94,11.26,1.88,4.19,"null"
72,0,0.00666666666666667,0.793333333333333,0.186646654839274,0.438973209524297,0.4,4.05999999999999,13.27,3.72,4.50999999999999,"null"
73,0,0.56,0.626666666666667,0.435867283238469,0.989847488228637,0.4,4.18000000000001,11.76,2.36000000000001,4.47,"null"
74,0,0.28,0.853333333333333,1,0.883308514580191,0.74,4.34999999999999,10.12,1.88,4.51000000000002,"null"
75,0,0.4,0.113333333333333,1,0.399861097950626,0.7,4.16,14.86,2.81,5.06,"null"
76,0,0.933333333333333,0.426666666666667,0.968102187292277,0.700081477536336,0.5,3.56999999999999,12.34,2.20000000000002,4.17999999999998,"null"
77,0,0.413333333333333,0.906666666666667,0.221699648469121,0.168571243378112,0.22,4.23000000000002,12.75,2.66999999999999,4.06,"null"
78,0,0.193333333333333,0.42,0.58997378379325,0.142448998212439,0.14,4.46000000000001,13.81,2.40999999999997,4.79000000000002,"null"
79,0,0.593333333333333,0.0866666666666667,1,0.254308719199028,0.22,4.33000000000004,11.79,2.55000000000001,4.44,"null"
80,0,0.713333333333333,0.526666666666667,0.546290802706812,0.113541762456254,0.56,3.93000000000001,15.61,3.35000000000002,6.94,"null"
81,0,0.266666666666667,0.846666666666667,0.215345564475351,0.0953375764162164,0.58,4.09999999999997,12.4,2.04999999999995,4.86000000000001,"null"
82,0,0.273333333333333,0.906666666666667,0.925117231121618,0.362107086771686,0.54,4.37,14.6,2.96999999999997,4.53000000000003,"null"
83,0,0.733333333333333,0.54,1,0.584163577386854,0.48,4.19999999999999,13.44,2.66000000000003,4.18000000000001,"null"
84,0,0.366666666666667,0.32,1,0.672008483814742,0.98,4.22000000000003,11,2.25999999999999,4.75,"null"
85,0,0.913333333333333,0.6,0.970562402296333,0.3944827317265,0.76,4.13999999999999,12.66,2.88999999999999,5.05000000000001,"null"
86,0,0.04,0.36,0.488351283666237,0.00170530099371247,1,4.56,10.97,1.81,3.66000000000003,"null"
87,0,0.133333333333333,0.66,0.456171306534066,0.17242645063359,0.62,3.66999999999996,16.37,5.16000000000003,3.96999999999997,"null"
88,0,0.253333333333333,0.146666666666667,0.894883591501104,0.514021504269965,0.1,4.22000000000003,10.62,2.67000000000002,4.84999999999997,"null"
89,0,0.953333333333333,0.8,0.658528620817649,0.280801847338049,0.28,4.59999999999997,12.47,3,4.93000000000006,"null"
90,0,0.14,0.04,0.441450858652835,0.435364401200213,0.5,4.42,15.11,2.87,4.86,"null"
91,0,0.853333333333333,0.766666666666667,0.92502231889343,0.235646776161574,0.08,3.98,11.77,2.4,5.24,"null"
92,0,0.446666666666667,0.553333333333333,1,0.106108671444391,0.56,3.97,14.23,2.94,5.3,"null"
93,0,0.953333333333333,0.78,0.191929882923278,0.119572509991415,0.02,4.05,10.95,1.94999999999999,4.27000000000001,"null"
94,0,0.4,0.34,0.520165998685557,0.95255013260844,0.96,3.94,11.73,2.84999999999999,4.34,"null"
95,0,0.753333333333333,0.273333333333333,1,0.0466329249181446,0.24,3.95999999999999,11.13,1.86000000000001,5.80000000000001,"null"
96,0,0.966666666666667,0.826666666666667,1,0.869421426408807,0.74,4.22,12.73,2.41,4.70000000000002,"null"
97,0,0.266666666666667,0.0733333333333333,1,0.620626399491745,0.82,4.16,12.23,2.89000000000001,3.85999999999999,"null"
98,0,0.54,0.866666666666667,1,0.157891987983149,0.46,3.79000000000002,11.17,2.58000000000001,5.09999999999999,"null"
99,0,0.433333333333333,0.46,0.964523181883097,0.917685946645956,0.04,4.33000000000001,10.9,2.09999999999999,4.69,"null"
100,0,0.673333333333333,0.966666666666667,0.546107870488013,0.251178096117735,0.84,4.43000000000001,12.78,2.72,4,"null"
101,0,0.726666666666667,0.24,0.433249059811042,0.510725263024456,0.7,4.52999999999997,9.71000000000004,2.00999999999999,4.38999999999999,"null"
102,0,0.24,0.54,0.371801150401556,0.324310031077587,0.68,4.63999999999999,10.13,1.84000000000003,4.38,"null"
103,0,0.906666666666667,0.646666666666667,1,0.792394886410583,0.48,4.57999999999998,16.39,2.62,5.11000000000001,"null"
104,0,0.933333333333333,0.24,1,0.915904743959486,0.46,4.11000000000001,13.61,2,4.51999999999998,"null"
105,0,0.0866666666666667,0.233333333333333,0.0244976933379839,0.00381033650718776,0.4,4.5,13.87,2.52999999999997,4.30000000000001,"null"
106,0,0.233333333333333,0.66,1,0.473159353332833,0.28,5.29000000000002,15.15,3.24000000000001,4.81,"null"
107,0,0.246666666666667,0.826666666666667,0.890007843718364,0.454282931843899,0.5,4.75,14.66,3.42000000000002,4.57999999999998,"null"
108,0,0.846666666666667,0.54,0.925919061459855,0.228644366187071,0.8,4.21999999999997,12.7,2.23999999999995,3.76000000000005,"null"
109,0,0.926666666666667,0.873333333333333,0.663827379704766,0.258857215538402,0.08,3.79999999999995,11.83,2.14999999999998,4.54000000000002,"null"
110,0,0.08,1,0.972641790821713,0.394118103643693,0.82,5.01999999999998,11.17,2.83999999999997,4.27000000000004,"null"
111,0,0.746666666666667,0.473333333333333,0.936464299820176,0.776422596424965,0.32,4.70999999999998,16.25,3.66999999999996,5.53000000000009,"null"
112,0,0.24,0.88,0.498046685981113,0.806775642461302,0.54,4.52,15.61,2.97,5.54,"null"
113,0,0.113333333333333,0.92,0.73844826969878,0.205986036911594,0.16,4.1,11.45,2.63999999999999,6.52,"null"
114,0,0.673333333333333,0.853333333333333,0.646810475543917,0.0100736163281191,0.8,4.26,12.59,3.24000000000001,5.34,"null"
115,0,0.286666666666667,0.42,1,0.179588788876761,0.68,4.13999999999999,8.93000000000001,1.95,4.17,"null"
116,0,0.5,0.56,0.415073973536052,0.339155694965316,0.28,4.15000000000001,9.64,1.8,4.89,"null"
117,0,0.08,0.333333333333333,0.847337898444692,0.31791004434126,0.1,4.26000000000001,14.14,2.56,5.33000000000001,"null"
118,0,0.0666666666666667,0.0266666666666667,0.474049914341904,0.593228428139183,0.38,4.44,9.07000000000002,1.70999999999998,5.08000000000001,"null"
119,0,0.106666666666667,0.9,0.72322205091675,0.592059455302746,0.44,4.25,10.25,1.97,5.61000000000001,"null"
120,0,0.466666666666667,0.0866666666666667,0.221286800956441,0.210757128622378,0.02,3.90000000000001,8.91999999999999,2.25,4.64000000000001,"null"
121,0,0.586666666666667,0.706666666666667,0.762338771078348,0.296922410218026,0.18,4.63999999999999,14.28,3.12,4.83000000000001,"null"
122,0,0.62,0.693333333333333,0.511853716006888,0.496838600509058,0.74,4.38999999999999,16.52,3.87,5.10000000000002,"null"
123,0,0.573333333333333,0.206666666666667,0.971665732126499,0.141400918417378,0.2,4.08999999999997,13.72,2.44999999999999,5.72000000000003,"null"
124,0,0.98,0.8,0.560175540101483,0.0707914284717142,0.58,4.70999999999998,14.84,2.34000000000003,5.17000000000002,"null"
125,0,0.326666666666667,1,1,0.202325548995166,0.72,4.56,14.83,2.38999999999999,5.5,"null"
126,0,0.18,0.32,0.124002143540452,0.011754460246463,0.88,4.46999999999997,13.07,2.27000000000004,4.94999999999999,"null"
127,0,0.946666666666667,0.946666666666667,0.268224035085487,0.372265346346812,0.06,4.32999999999998,13.15,2.42000000000002,4.89999999999998,"null"
128,0,0.413333333333333,0.12,1,0.890560564534262,0.44,4.44999999999999,16.27,2.66999999999996,4.64000000000004,"null"
129,0,0.42,0.0666666666666667,0.100108492691807,0.182248537127166,0.8,4.62,10.67,2.06999999999999,5.96999999999997,"null"
130,0,0.0733333333333333,0.02,1,0.125036351358021,0.44,4.46000000000004,8.45999999999998,1.5,4.69,"null"
131,0,0.06,0.853333333333333,1,0.317247445119438,0.62,4.47000000000003,16.05,3.36000000000001,4.43000000000001,"null"
132,0,0.3,0.08,0.781692518894212,0.223318161808992,0.86,4.62,12.91,2.86000000000001,5.47000000000003,"null"
133,0,0.273333333333333,0.22,1,0.656793579345544,1,4.91999999999996,13.36,2.26999999999998,4.73000000000002,"null"
134,0,0.7,0.746666666666667,1,0.429103777416081,0.86,4.29,11.07,2.75,5.83,"null"
135,0,0.286666666666667,0.893333333333333,0.108798838517064,0.15983474917118,0.82,4.12,11.41,2.11,4.9,"null"
136,0,0.8,0.606666666666667,0.616765899340451,0.0536529799093928,0.98,4.63,11.14,1.81,4.36999999999999,"null"
137,0,0.653333333333333,0.866666666666667,0.768507050351877,0.0503619200216512,0.18,4.3,12.01,1.98999999999999,4.23,"null"
138,0,0.686666666666667,0.793333333333333,0.136467475730356,0.0221804689381928,0.24,4.03,9.88,1.90000000000001,5.91999999999999,"null"
139,0,0.446666666666667,0.173333333333333,0.837715484809119,0.446180027674706,0.18,4.47,11.18,2.65000000000001,5.31,"null"
140,0,0.306666666666667,0.886666666666667,1,0.776511367705782,0.62,4.20999999999998,12.81,2.70000000000002,4.59999999999999,"null"
141,0,0.446666666666667,0.38,0.232379258014933,0.262315648671257,0.72,4.12,15.16,2.69,4.53,"null"
142,0,0.973333333333333,0.453333333333333,0.422362742036683,0.311072700517206,0.28,4.03,8.28999999999999,1.77000000000001,4.13999999999999,"null"
143,0,0.206666666666667,0.32,0.213257378994828,0.692054429896416,0.56,4.41,15.01,3.63999999999999,5.43000000000001,"null"
144,0,0.193333333333333,0.04,0.392283306436302,0.322163955377913,0.22,4.75999999999999,12.19,2.75,4.62,"null"
145,0,0.293333333333333,0.2,0.770585152603568,0.287907200533685,0.66,4.70000000000005,12.69,2.06,4.59999999999997,"null"
146,0,0.553333333333333,0.726666666666667,1,0.530905210962672,0.4,4.44999999999999,10.23,1.81999999999999,3.98000000000002,"null"
147,0,0.02,0.346666666666667,0.384820311518085,0.0476331296286324,0.42,4.33999999999997,13.72,2.82999999999998,4.69,"null"
148,0,0.0933333333333333,0.06,1,0.604740588669995,0.26,4.41000000000003,11.83,1.92000000000002,4.51999999999998,"null"
149,0,0.0333333333333333,0.08,0.67340867345659,0.0716747493208498,0.66,4.11000000000001,12.39,2.21000000000004,4.90999999999997,"null"
150,0,0.573333333333333,0.92,0.695290614044277,0.63535531730321,0.36,5.20000000000005,15.25,2.87,4.79999999999995,"null"
151,0,0.28,0.873333333333333,0.858228793508268,0.248831800426478,0.38,4.56,12.13,2.78000000000003,4.44,"null"
152,0,0.953333333333333,1,0.740426871915284,0.725184947785195,0.36,4.36000000000001,11.61,2.39000000000004,3.82999999999998,"null"
153,0,0.506666666666667,0.313333333333333,0.171714033450498,0.125047108414434,0.32,4.06999999999999,10.97,3.02999999999997,4.13999999999999,"null"
154,0,0.98,0.9,1,0.722275589032481,1,4.38,11.05,2.37,7.72000000000003,"null"
155,0,0.113333333333333,0.7,0.992575068646351,0.402965786395187,0.94,4.41999999999996,23.33,3.41999999999996,5.63,"null"
156,0,0.333333333333333,0.68,0.568388906625362,0.0573687620107657,0.6,4.7,17.58,5.25,4.89,"null"
157,0,0.246666666666667,0.12,0.372900837894309,0.00443036827936305,0.54,4.13,13.97,3.12,4.27,"null"
158,0,0.706666666666667,0.74,0.643336061142409,0.393451733757174,0.66,4.08000000000001,13.25,2.19,4.55,"null"
159,0,0.22,0.366666666666667,1,0.888226229694028,0.18,4.03,12.92,1.95,4.23999999999999,"null"
160,0,0.846666666666667,0.24,1,0.0797345344059071,0.06,4.14,13.73,2.19,4.72999999999999,"null"
161,0,0.813333333333333,0.26,1,0.167630144916875,1,4.5,12.28,2.77000000000001,4.72,"null"
162,0,0.286666666666667,0.08,0.398424748983189,0.489538913178572,0.3,4.16,10.33,2.79999999999998,4.21000000000001,"null"
163,0,1,0.733333333333333,0.185643189169292,0.618068932648122,0.5,4.18000000000001,13.04,2.22,4.75,"null"
164,0,0.44,0.306666666666667,1,0.695806097912885,0.96,4.39000000000001,15.41,2.56,5.72,"null"
165,0,0.34,0.14,0.473872505104222,0.431316676190937,0.64,4.60999999999999,13.7,4.10999999999999,4.83000000000001,"null"
166,0,0.513333333333333,0.166666666666667,0.274617322475997,0.52695647762799,0.96,4.32999999999998,18.84,4.13,5.12,"null"
167,0,0.386666666666667,0.433333333333333,0.518298049952644,0.364999460280794,0.78,3.98999999999995,12.53,2.77999999999997,5.11000000000001,"null"
168,0,0.933333333333333,0.7,0.955584433530468,0.265208699117536,0.18,4.62,11.5,2.91000000000003,5.26999999999998,"null"
169,0,0.66,0.393333333333333,0.414251949377025,0.04623651892221,0.9,4.95999999999998,12.33,2.29999999999995,4.84000000000003,"null"
170,0,0.86,0.313333333333333,0.839802350415875,0.353496720390417,0.8,4.81999999999999,13.6,2.94,10.52,"null"
171,0,0.0266666666666667,0.38,1,0.165992392543094,0.28,4.53000000000003,13.99,3.28000000000003,4.94,"null"
172,0,0.9,0.613333333333333,0.0756898350677495,0.16350485888158,0.74,4.80000000000001,18.34,2.71000000000004,4.52999999999997,"null"
173,0,0.653333333333333,0.593333333333333,0.569682962428095,0.228437590781794,0.12,4.11000000000001,15.3,2.71999999999997,6.22000000000003,"null"
174,0,0.126666666666667,0.5,0.625223976070544,0.111776589807995,0.54,4.77999999999997,13.95,2.84999999999997,5.15000000000003,"null"
175,0,0.8,0.6,0.617024731608887,0.56696640188472,0.66,4.97999999999996,13.27,3.19000000000005,5.5,"null"
176,0,0.36,0.926666666666667,0.222616752334778,0.0452986311827744,0.92,4.20000000000005,10.7099999999999,2.22000000000003,4.20000000000005,"null"
177,0,0.426666666666667,0.306666666666667,0.430198714443401,0.269179705173263,0.88,4.13,9.38999999999999,2,3.84000000000003,"null"
178,0,0.06,0.106666666666667,0.908408478808456,0.0994094645815616,0.88,3.88999999999999,11.04,1.73000000000002,3.59000000000003,"null"
179,0,0.833333333333333,0.846666666666667,1,0.509987987788323,0.28,4.23,11.86,3.08,4.93,"null"
180,0,0.313333333333333,0.72,1,0.578349811169866,0.6,4.13,12.94,2.23,6.03,"null"
181,0,0.86,0.833333333333333,0.307297511884467,0.197392798390291,0.38,4,11,2.44,4.37,"null"
182,0,0.22,0.88,0.512961511359772,0.101797274279087,0.94,4.38,11.15,2.59999999999999,4.06999999999999,"null"
183,0,0.88,0.906666666666667,1,0.243544208685707,0.42,3.91,10.03,1.89999999999999,4.14,"null"
184,0,0.6,0.353333333333333,1,0.965235366375081,0.86,4.30000000000001,11.33,2.56,4.5,"null"
185,0,0.413333333333333,0.706666666666667,0.710661017713074,0.49713857174926,0.76,4.19,12.3,2.67000000000002,4,"null"
186,0,0.573333333333333,0.426666666666667,0.526589601861479,0.333206657808364,0.18,4.38999999999999,11.28,2.37,3.91,"null"
187,0,0.726666666666667,0.573333333333333,1,0.732481572484336,0.08,4.17000000000002,10.69,2.59,4.60999999999999,"null"
188,0,0.52,0.946666666666667,1,0.261039177473605,0.18,4.41,11.1,1.86000000000001,4.63,"null"
189,0,0.493333333333333,0.76,0.192093667188147,0.352567660187874,0.06,4.56,10.85,2.25999999999999,4.31,"null"
190,0,0.366666666666667,0.953333333333333,0.825791295555952,0.499851811692579,0.92,4.29999999999998,11.14,2.12,5.16000000000003,"null"
191,0,0.68,1,1,0.254023370568659,0.28,4.10000000000002,13.75,2.33999999999997,3.82999999999998,"null"
192,0,0.5,0.966666666666667,0.862780476070527,0.553532494295767,0.72,4.37,16.29,2.92000000000002,4.10999999999996,"null"
193,0,0.913333333333333,0.993333333333333,1,0.883294027869695,0.32,4.20999999999998,12.1,1.82999999999998,4.59999999999997,"null"
194,0,0.393333333333333,0.5,1,0.525031374291264,0.3,4.59999999999997,13.43,6.03000000000003,4.45999999999998,"null"
195,0,0.0133333333333333,0.16,0.742418611882631,0.728682801634499,0.34,4.83999999999997,12.55,2.86000000000001,5.04000000000002,"null"
196,0,0.233333333333333,0.0466666666666667,0.870672922817612,0.602821377334523,0.74,4.73000000000002,12.19,2.52999999999997,4.47000000000003,"null"
197,0,0.966666666666667,0.8,0.26446097592009,0.0940468516629492,0.38,4.38999999999999,11.49,2.64999999999998,6.85000000000002,"null"
198,0,0.86,0.453333333333333,0.790117501139958,0.710277955542115,0.62,4,18.89,2.57999999999998,4.74000000000001,"null"
199,0,0.42,0.673333333333333,0.535457030047927,0.340212687763599,0.46,4.23000000000002,19.95,4.99000000000001,4.86999999999995,"null"
200,0,0.886666666666667,0.593333333333333,0.19922968069081,0.121140859498906,0.02,4.29999999999995,15.3099999999999,2.67000000000007,4.59000000000003,"null"
1,1,0.533333333333333,0.686666666666667,0.0576264450089425,0.0228000111479645,0.34,4,13.76,2.63,5.18000000000006,"quad"
2,1,0.5,0.46,0.0202742227422086,0.00265002048126173,0.24,4.22000000000003,13.0799999999999,2.5,4.09000000000003,"quad"
3,1,0.433333333333333,0.06,0.000796023357092057,7.56369592413986e-05,0.54,4.49000000000001,21.5,3.73000000000002,4.26999999999998,"quad"
4,1,0.133333333333333,0.266666666666667,0.00631031077895905,0.0703454978350116,0.68,3.96000000000004,13.16,2.54999999999995,3.68000000000006,"quad"
5,1,0.3,0.493333333333333,0.00117195372244816,0.000792999420960894,0.42,4.36000000000001,10.92,2.17000000000007,4.81999999999994,"quad"
6,1,0.493333333333333,0.946666666666667,0.331934423820586,0.246349554302819,0.18,4.5,16.34,3.61000000000001,3.90999999999997,"quad"
7,1,0.686666666666667,0.386666666666667,0.00274763217891949,0.134859651249955,0.48,4.13,24.23,2.93999999999994,3.8900000000001,"quad"
8,1,0.36,0.0666666666666667,0.0863729636653194,0.0437134600841883,0.54,4.19999999999993,14.58,2.52999999999997,4.16999999999996,"quad"
9,1,0.08,0.0866666666666667,0.00972319333663707,2.9847264926941e-05,0.54,4.25,11.3399999999999,2.13,4.59000000000003,"quad"
10,1,0.973333333333333,0.573333333333333,0.133859984273903,0.0161175711876655,0.24,4.06000000000006,14.7099999999999,3.23000000000002,5.06000000000006,"quad"
11,1,0.793333333333333,0.92,0.00548974568828053,0.00312162948259054,0.48,4.29999999999995,15.73,3.38,4.72000000000003,"quad"
12,1,0.106666666666667,0.766666666666667,0.0104314592004227,0.0363606183247931,0.38,4.09999999999991,13.84,2.76999999999998,4.36000000000001,"quad"
13,1,0.36,0.153333333333333,0.000239086130286337,0.000584741316941861,0.02,4.12,17.0500000000001,2.55999999999995,4.83000000000004,"quad"
14,1,0.02,0.713333333333333,0.00908196179815524,4.05327450311299e-05,0.08,4.29999999999995,17.54,3.57000000000005,3.87,"quad"
15,1,0.3,0.493333333333333,0.017692401846177,0.000851621124236535,0.96,3.5,13.3200000000001,2.25,3.03999999999996,"quad"
16,1,0.933333333333333,0.36,0.00561809101180311,0.0194507551610849,0.42,3.35000000000002,8.49000000000001,1.5,3.57999999999993,"quad"
17,1,0.486666666666667,0.6,0.0579082240502231,0.0101102200230564,0.52,3.41000000000008,6.94999999999993,1.44000000000005,3.33999999999992,"quad"
18,1,0.54,0.853333333333333,0.0111009379735969,0.000709499431222449,0.08,3.35000000000014,7.94999999999982,1.3900000000001,3.22000000000003,"quad"
19,1,0.32,0.433333333333333,0.0665506320069216,0.00949019405903162,0.54,3.32999999999993,9.37000000000012,1.96000000000004,3.41999999999985,"quad"
20,1,0.38,0.68,0.00685803603091428,2.08105429447825e-05,0.84,3.47000000000003,8.92000000000007,1.69000000000005,3.67999999999984,"quad"
21,1,0.2,0.0333333333333333,0.0399836086102741,0.00102036804689909,0.02,3.43000000000006,11.48,2.30999999999995,4.10000000000014,"quad"
22,1,0.126666666666667,0.253333333333333,0.000310787551693892,2.48109732758905e-09,0.54,4.2199999999998,22.4200000000001,5.67000000000007,3.31999999999994,"quad"
23,1,0.993333333333333,0.853333333333333,0.0540298093303073,0.0824664346806914,0.4,4.79000000000008,20.78,3.81999999999994,4.53000000000009,"quad"
24,1,0.426666666666667,0.566666666666667,0.0382321488738631,0.109637039690295,0.76,4.13999999999999,15.0799999999999,2.28000000000009,4.19999999999993,"quad"
25,1,0.213333333333333,0.386666666666667,0.000493709785542196,0.0421724237495645,0.32,4.31000000000006,21.4299999999999,3.63999999999999,4.82000000000005,"quad"
26,1,0.52,0.906666666666667,0.0136887865137085,0.0248261034505642,0.9,4.13,12.87,2.42999999999995,4.07000000000005,"quad"
27,1,0.76,0.386666666666667,0.132884284839933,0.11006117614132,0.24,3.67999999999995,10.4,2.63,5.75,"quad"
28,1,0.86,0.826666666666667,0.0227777994057086,0.0138349245706612,0.52,4.27999999999997,17.9399999999999,2.66000000000008,4.08999999999992,"quad"
29,1,0.133333333333333,0.04,0.00287863244220321,1.51836949346951e-07,0.44,4.0100000000001,14.5799999999999,3.02999999999997,4.30000000000007,"quad"
30,1,0.513333333333333,0.12,0.00275666348301407,0.0448281129562775,0.76,4.25,23.1,4.45999999999992,4.69000000000005,"quad"
31,1,0.993333333333333,0.706666666666667,0.0646471441996419,0.0221613520596388,0.42,4.31000000000006,11.4399999999999,3.19000000000005,5.08999999999992,"quad"
32,1,0.0133333333333333,0.126666666666667,0.0450922878844784,0.00918730573568793,0.32,4.19000000000005,13.78,2.74000000000001,3.96000000000004,"quad"
33,1,0.4,0.1,0.170644257437385,0.0234692796125564,0.76,4.47000000000003,16.15,2.06999999999994,5,"quad"
34,1,0.973333333333333,0.853333333333333,0.0469094322486201,0.0117835099051014,0.34,4.21000000000004,17.15,2.61000000000001,3.95000000000005,"quad"
35,1,0.12,0.02,0.014672160040246,0.0502884831701985,0.96,4.11000000000001,20.5599999999999,4.35000000000002,3.84000000000003,"quad"
36,1,0.853333333333333,0.806666666666667,0.00955393283545503,0.00592156153114276,0.02,3.70000000000005,11.17,1.61000000000001,3.79999999999995,"quad"
37,1,0.773333333333333,0.386666666666667,0.00774891204609185,0.00569388807259363,0.24,3.61000000000001,9.35000000000002,1.66999999999996,3,"quad"
38,1,0.466666666666667,0.18,0.0188841715776629,0.00138545341735452,0.16,3.33000000000004,8.84000000000003,1.73000000000002,3.5,"quad"
39,1,0.213333333333333,0.0533333333333333,0.0257022261613997,0.00257170832659537,0.84,3.3599999999999,8.08000000000004,2.01999999999998,3.28999999999996,"quad"
40,1,0.586666666666667,0.326666666666667,0.00267144425634003,0.0111613111891454,0.76,3.44000000000005,12.9400000000001,2.00999999999999,3.34999999999991,"quad"
41,1,0.493333333333333,0.0733333333333333,0.0952602006928371,0.00222198018489406,0.2,3.45000000000005,8.30999999999995,2.77999999999997,3.32000000000016,"quad"
42,1,0.766666666666667,0.5,0.00909045607673309,0.00167894227940379,0.2,3.39999999999986,29.5700000000002,3.31999999999994,4.03999999999996,"quad"
43,1,0.94,0.386666666666667,0.0185535628245441,0.0323715436437302,0.96,4.02999999999997,14.1400000000001,1.80999999999995,3.57999999999993,"quad"
44,1,0.666666666666667,0.586666666666667,0.00125885909142065,0.000153943406390078,0.92,3.46000000000004,15.8199999999999,3.74000000000001,2.80000000000018,"quad"
45,1,0.24,0.393333333333333,0.148436174710474,0.0117970768625615,0.74,3.17999999999984,7.97000000000003,1.1400000000001,3.75,"quad"
46,1,0.166666666666667,0.246666666666667,0.00680317089452376,0.00695533539816129,0.92,4.29999999999995,15.33,2.37,5.06000000000006,"quad"
47,1,0.64,0.953333333333333,0.000320008854684417,8.19213047309475e-06,0.32,4.17999999999995,13.78,2.42000000000007,4.6099999999999,"quad"
48,1,0.673333333333333,0.866666666666667,0.0597841756789528,0.00547837580638977,0.02,4.07999999999993,14.1700000000001,2.38999999999999,4.74000000000001,"quad"
49,1,0.773333333333333,0.773333333333333,0.0186666154906163,0.00669482014628553,0.36,4.00999999999999,25.52,4.72000000000003,4.41999999999996,"quad"
50,1,0.62,0.553333333333333,0.260255652660763,0.117707385342381,0.66,4.33000000000004,9.1099999999999,2.1400000000001,4.68999999999994,"quad"
51,1,0.186666666666667,0.0866666666666667,0.00534651614485648,0.00140510466598109,0.86,4.38,17.64,3.56000000000006,4.40999999999997,"quad"
52,1,0.253333333333333,0.08,0.110748146130865,0.200323233808601,0.84,4.08000000000004,18.6999999999999,2.5200000000001,4.25999999999999,"quad"
53,1,0.846666666666667,0.826666666666667,0.0240981611498121,0.0495039034478133,0.32,4.28999999999996,12.23,2.61000000000001,4.71999999999991,"quad"
54,1,0.646666666666667,0.293333333333333,0.142278010162841,0.00118202458262684,0.08,4.43999999999994,12.45,2.99000000000001,4.77999999999997,"quad"
55,1,0.273333333333333,0.946666666666667,0.472592305007894,0.0710249910937732,0.9,4.01999999999998,11.42,2.61000000000001,4.97000000000003,"quad"
56,1,0.34,0.113333333333333,0.00152393975347453,0.0122005700604028,0.56,4.13999999999999,11.4200000000001,2.42999999999995,4.17999999999995,"quad"
57,1,0.973333333333333,0.8,0.00573440230999211,0.00105450629373394,0.52,4.04999999999995,20.65,4.08000000000004,4.16999999999996,"quad"
58,1,0.08,0.713333333333333,0.0167161819142032,0.00775555180672749,0.1,4.13999999999999,11.09,2.77999999999997,4.58000000000004,"quad"
59,1,0.02,0.04,0.0393786905643019,0.0103292304814384,0.5,4.08000000000004,15.9699999999999,2.48000000000002,3.72000000000003,"quad"
60,1,0.533333333333333,0.846666666666667,0.000397508256199108,0.00094084992461918,0.72,3.79000000000008,11.88,2.08999999999992,3.63,"quad"
61,1,0.593333333333333,0.113333333333333,0.0128845363495511,0.00015029664951538,0.2,3.38999999999999,13.23,2.17000000000007,3.03999999999996,"quad"
62,1,0.593333333333333,0.88,0.0665483651853853,1.90947819642684e-05,0.68,3.31000000000006,15.5199999999999,3.77999999999997,3.27000000000021,"quad"
63,1,0.633333333333333,0.76,0.0328452460178974,0.591261608588801,0.2,3.55999999999995,8.02999999999997,1.30999999999995,3.74000000000001,"quad"
64,1,0.326666666666667,0.18,6.95138307975629e-05,0.00363326105460049,0.76,3.38000000000011,15.22,1.92999999999984,3.57000000000016,"quad"
65,1,0.96,0.46,0.072028190632778,0.232588824320759,0.2,3.44999999999982,17.5900000000001,2.81999999999994,4.5,"quad"
66,1,0.88,0.393333333333333,0.00403974259338957,0.000650545244108791,0.8,4.27999999999997,11.27,1.79999999999995,3.90000000000009,"quad"
67,1,0.0533333333333333,0.04,0.000145510370695101,0.102234770118079,0.28,3.69000000000005,10.8699999999999,2.13000000000011,3.97000000000003,"quad"
68,1,0.1,0.713333333333333,0.00199005149517983,4.33660377718859e-07,0.56,4.27999999999997,16.9200000000001,2.80999999999995,4.75,"quad"
69,1,0.96,0.74,0.0210973854411183,0.151327111817684,0.02,4.13999999999999,14.2,3.13,4.44999999999993,"quad"
70,1,0.166666666666667,0.253333333333333,0.0140967183201886,1.01644887897656e-05,0.02,4.5,15.5799999999999,3,4.37,"quad"
71,1,0.453333333333333,0.853333333333333,0.000216319260979203,2.68031839278926e-06,0.8,3.88,16.89,2.84000000000003,4.47000000000003,"quad"
72,1,0.133333333333333,0.0333333333333333,0.00324481230740936,0.0113031718485896,0.16,4.14999999999998,14.74,3.71000000000004,4.06999999999994,"quad"
73,1,0.453333333333333,0.12,0.00414120823724251,1.06750215334017e-07,0.72,4.05000000000007,14.98,2.17999999999995,3.89999999999998,"quad"
74,1,0.266666666666667,0.893333333333333,0.000212397436798462,6.74177453313662e-05,0.18,3.95000000000005,32.83,7.94999999999993,4.17000000000007,"quad"
75,1,0.84,0.613333333333333,0.0101696848549544,3.09181712451201e-05,0.46,4.29999999999995,20.47,3.40999999999997,4.84000000000003,"quad"
76,1,0.56,0.313333333333333,0.0610785307028991,0.0379720138358051,0.72,4.18999999999994,20.61,6.43000000000006,4.34999999999991,"quad"
77,1,0.546666666666667,0.6,0.00836964314070165,0.000552796219469354,0.62,4,17.41,2.61000000000001,4.27999999999997,"quad"
78,1,0.86,0.8,0.0122192526727485,0.0300552252882805,0.02,4.13999999999999,16.5600000000001,2.6099999999999,3.88,"quad"
79,1,0.973333333333333,0.446666666666667,0.126938744102458,0.00486367840943336,0.82,3.95999999999992,10.7,2.23000000000002,3.82999999999993,"quad"
80,1,0.16,0.466666666666667,0.00744766882497272,0.000231720968231319,0.86,3.92000000000007,12.34,3.13999999999999,3.56999999999994,"quad"
81,1,0.54,0.593333333333333,0.0431111040951264,0.0049383159993942,0.46,3.5,10.9200000000001,2.24000000000001,3.13999999999999,"quad"
82,1,0.393333333333333,0.513333333333333,2.42487456558749e-06,1.70196260829147e-06,0.84,3.43999999999994,15.37,2.30000000000007,3.39999999999998,"quad"
83,1,0.746666666666667,0.406666666666667,0.15420926972978,0.00191262360992617,0.98,3.29999999999995,8.15999999999997,2.09000000000015,4.1099999999999,"quad"
84,1,0.0266666666666667,0.96,0.00585540006818874,0.00139068945596899,0.74,3.3599999999999,10.75,2.48000000000002,3.40000000000009,"quad"
85,1,0.0733333333333333,0.00666666666666667,0.0133443675092995,0.00282113739931245,0.4,3.3599999999999,8.5,1.92000000000007,3.79999999999995,"quad"
86,1,0.3,0.233333333333333,0.027525516666095,0.00492062497670798,0.78,3.42000000000007,8.99000000000001,2.75999999999999,4.49000000000001,"quad"
87,1,0.42,0.253333333333333,0.0717189532452505,0.372855729712485,0.5,4.20000000000005,13.6900000000001,2.1099999999999,4.22000000000003,"quad"
88,1,0.0666666666666667,0.613333333333333,0.0116442300256945,0.0116521118335433,0.66,3.97000000000003,14.22,2.32999999999993,3.15000000000009,"quad"
89,1,0.646666666666667,0.646666666666667,0.299128209153095,0.127533484465994,0.86,3.43999999999983,9.06000000000017,3.44999999999982,2.82000000000016,"quad"
90,1,0.593333333333333,0.946666666666667,0.000665871100648419,0.0699444806953592,0.46,4.91999999999996,19.35,4.25,4.47000000000003,"quad"
91,1,0.02,0.86,0.222964929779786,0.210640213287023,0.32,4,17.9299999999999,2.93000000000006,4.44999999999993,"quad"
92,1,0.173333333333333,0.0666666666666667,0.00982713564397497,0.0923610168065155,0.44,4.54999999999995,19.39,4.56000000000006,4.42999999999995,"quad"
93,1,0.7,0.546666666666667,0.00248291623459629,0.00837001919040059,0.1,4.25,17.53,2.09000000000003,3.40999999999997,"quad"
94,1,0.98,0.413333333333333,0.014661302233993,0.00102934835140356,0.74,4.00999999999999,13.3000000000001,2.19999999999993,3.86000000000001,"quad"
95,1,0.926666666666667,0.6,0.0127303531035321,0.00226253631752427,0.94,4.61000000000001,15.8100000000001,6.03999999999996,4.55999999999995,"quad"
96,1,0.593333333333333,0.96,0.0115568807030459,0.015460717958712,0.48,4.19000000000005,20.28,3.31000000000006,4.57999999999993,"quad"
97,1,0.08,0.233333333333333,0.00627497209105332,0.00135468177219189,0.88,5.42000000000007,15.3299999999999,2.72000000000003,4.08000000000004,"quad"
98,1,0.246666666666667,0.693333333333333,0.0467138235896338,0.000301351830943153,0.18,4.00999999999999,13.42,3,4.53000000000009,"quad"
99,1,0.0133333333333333,0.14,0.000138642566729574,0.00248565153259428,0.34,4.3599999999999,19.0200000000001,3.25,4.63999999999999,"quad"
100,1,0.78,0.653333333333333,0.0577400954007929,0.28818877064776,0.92,4.21000000000004,12.6799999999999,2.30999999999995,4.84000000000003,"quad"
101,1,0.14,0.293333333333333,0.189973589334966,0.0807608131994093,0.6,4.29000000000008,16.8499999999999,3.5100000000001,5,"quad"
102,1,0.593333333333333,0.3,0.0114046746211116,0.0067340973094927,0.2,4.03999999999996,14.14,3.32000000000005,4,"quad"
103,1,0.933333333333333,0.446666666666667,1,0.0841825641995692,0.38,3.63999999999999,9.84000000000003,3,3.38,"quad"
104,1,0.253333333333333,0.773333333333333,0.000194513727832968,0.00907399269634679,0.58,3.37,11.2399999999999,1.55000000000007,3.48000000000002,"quad"
105,1,0.74,0.406666666666667,0.0193649148484112,0.00195616006417854,0.94,3.37,13.5899999999999,2.1400000000001,3.97000000000003,"quad"
106,1,0.226666666666667,0.673333333333333,0.0458912222997663,0.365132489223388,0.92,3.65999999999985,12.6500000000001,1.92000000000007,3.31999999999994,"quad"
107,1,0.106666666666667,0.0533333333333333,0.00765591505194396,0.0438062702129156,0.7,3.42000000000007,10.8099999999999,1.67000000000007,3.74000000000001,"quad"
108,1,0.96,0.826666666666667,0.224468460627979,0.00254809580820736,0.4,3.38999999999987,8.21000000000004,1.77999999999997,4.58999999999992,"quad"
109,1,0.826666666666667,0.686666666666667,0.526140646629192,0.207411916084543,0.22,4.33999999999992,12.25,2.22000000000003,4.30999999999995,"quad"
110,1,0.92,0.433333333333333,0.0211881927097253,0.0156588282027941,0.5,4.05999999999995,12.4100000000001,2.36999999999989,3.69000000000005,"quad"
111,1,0.253333333333333,0.0866666666666667,0.0232291305539098,0.0366795949793636,0.64,3.62000000000012,8.81999999999994,1.77999999999997,3.08999999999992,"quad"
112,1,0.933333333333333,0.686666666666667,0.00367199646746408,2.8946905689109e-06,0.16,5.23000000000002,21.59,5.18999999999994,4.67000000000007,"quad"
113,1,0.00666666666666667,0.38,0.0657798971631127,0.0567939463678179,0.28,4.63999999999999,33.64,7.40999999999997,6.36000000000001,"quad"
114,1,0.553333333333333,0.113333333333333,0.0999878571505746,0.034984097536491,0.46,4.63999999999999,14.88,2.65000000000009,5.99000000000001,"quad"
115,1,0.453333333333333,0.366666666666667,0.000160555508250892,1.02209799477393e-05,0.04,3.74000000000001,20.1999999999999,3.40999999999997,4.92000000000007,"quad"
116,1,0.573333333333333,0.58,0.00148026243335742,0.00028297125429988,0.3,4.73000000000002,17.4599999999999,3.75,4.37,"quad"
117,1,0.446666666666667,0.38,0.0638872732097866,0.0202275493316204,0.54,3.97000000000003,14.09,2.76999999999998,6.76999999999998,"quad"
118,1,0.526666666666667,0.593333333333333,0.0073655513410964,0.00611642355945607,0.02,4.27999999999997,17.9200000000001,3.82999999999993,6.46000000000004,"quad"
119,1,0.733333333333333,0.52,0.00865110600711372,4.95500779562619e-06,0.88,4.91999999999996,14.8100000000001,2.38999999999999,4.70000000000005,"quad"
120,1,0.726666666666667,0.82,0.00573087619767398,0.00797868815446956,0.8,4.40999999999997,19.89,2.88,5.36000000000001,"quad"
121,1,0.993333333333333,0.826666666666667,0.00352763287314417,0.000904751090456846,0.92,4.55999999999995,13.6500000000001,2.65999999999997,4.75,"quad"
122,1,0.226666666666667,0.373333333333333,0.0315587492416418,0.0135458877329572,0.42,4.04999999999995,18.84,3.36000000000001,4.59000000000003,"quad"
123,1,0.4,0.166666666666667,0.100379311716714,0.234487794740666,0.42,4.16999999999996,11.49,1.46000000000004,3.26999999999998,"quad"
124,1,0.0333333333333333,0.02,0.272680615833628,0.106030731336356,0.22,3.75,7.70000000000005,1.36000000000001,4.18999999999994,"quad"
125,1,0.133333333333333,0.133333333333333,0.0162916360715133,0.00732927433489805,0.16,3.38999999999999,8.81000000000006,2.07999999999993,3.48000000000002,"quad"
126,1,0.113333333333333,0.113333333333333,0.0616147175435426,0.0130503119681313,0.16,3.36000000000001,10.34,1.80999999999995,3.40999999999997,"quad"
127,1,0.18,0.186666666666667,0.559350345694655,0.00978741507392589,0.76,3.33000000000015,10.6699999999998,2.6400000000001,3.82999999999993,"quad"
128,1,0.36,0.253333333333333,0.00647223970394384,0.00365597065188694,0.28,3.36000000000013,8.52999999999997,1.69000000000005,3.2199999999998,"quad"
129,1,0.34,0.48,0.0400312592387588,0.137850229096343,0.58,3.27000000000021,10.0899999999999,2.08999999999992,4.1400000000001,"quad"
130,1,1,0.973333333333333,0.030406134505955,0.0021350925343272,0.8,3.48000000000002,12.4300000000001,3.31999999999994,5.01999999999998,"quad"
131,1,0.98,0.6,0.0418825902669138,0.00949363796671709,0.26,4.30999999999995,9.78999999999996,2.16000000000008,4.17000000000007,"quad"
132,1,0.0333333333333333,0.0466666666666667,0.130929919778594,0.00586593164640303,0.62,3.72000000000003,12.9399999999998,2.02999999999997,3.41000000000008,"quad"
133,1,0.226666666666667,0.06,0.0020900884798849,0.015138360233019,0.76,3.33999999999992,9.22000000000003,1.94000000000005,2.8900000000001,"quad"
134,1,0.64,0.373333333333333,0.0544470070699097,0.0632440234005863,0.02,4.72000000000003,16.1999999999999,3.02999999999997,4.42000000000007,"quad"
135,1,0.0133333333333333,0.12,0.000247680467686973,0.0197041791440706,0.76,4.34000000000003,16.13,3.79999999999995,3.95000000000005,"quad"
136,1,0.406666666666667,0.353333333333333,0.151700770927951,0.173501298246535,0.64,4.21999999999991,20.0400000000001,3.35000000000002,4.39999999999998,"quad"
137,1,0.813333333333333,0.473333333333333,0.0299003141943888,0.000297178679631527,0.88,4,18.3199999999999,2.97000000000003,4,"quad"
138,1,0.08,0.673333333333333,0.00353804378458467,0.000349429709444848,0.72,3.67000000000007,15.9599999999999,5.02999999999997,4.25,"quad"
139,1,0.7,0.98,0.00263227089947571,0.000726617744592928,0.76,4.17999999999995,15.53,2.61000000000001,4.66999999999996,"quad"
140,1,0.333333333333333,0.693333333333333,0.000696531572393466,0.00127037121134532,0.78,4.46999999999991,19.6900000000001,3.41999999999996,4.63,"quad"
141,1,0.466666666666667,0.653333333333333,0.00587365073064716,0.000264918974444139,0.68,4.69000000000005,13.87,2.42999999999995,4.38999999999999,"quad"
142,1,0.96,0.72,0.268382369601982,0.648551197647662,1,4.53000000000009,13.5599999999999,2.72000000000003,5.82999999999993,"quad"
143,1,0.3,0.433333333333333,0.00208040964732104,4.70673937352784e-05,0.56,4.27999999999997,17.7099999999999,4.78000000000009,4.25,"quad"
144,1,0.12,0.06,0.0221670404278955,0.0317742585234029,0.06,3.97000000000003,15.0699999999999,2.77999999999997,4.29000000000008,"quad"
145,1,0.0133333333333333,0.3,0.0350111646269935,0.000123676611445189,0.42,4.44999999999993,13.3900000000001,2.88999999999999,4,"quad"
146,1,0.986666666666667,0.826666666666667,0.0106138854494373,0.00103994007668962,0.5,4.09999999999991,13.2800000000001,5.5,4.57999999999993,"quad"
147,1,0.886666666666667,0.7,0.137921953890267,0.0405508698207243,0.62,3.84000000000003,12.78,2.36000000000001,4.13999999999999,"quad"
148,1,0.226666666666667,0.36,0.00039510815264987,0.0188094763666402,0.76,3.54000000000008,7.81999999999994,1.22000000000003,3.41999999999996,"quad"
149,1,0.02,0.586666666666667,0.174573660538076,0.0882081235576259,0.26,3.43999999999994,8.13999999999999,1.38999999999999,3.25,"quad"
150,1,0.473333333333333,0.666666666666667,0.031755787821232,0.000288053702878766,0.08,3.38999999999999,13.4399999999999,3.83000000000015,4.20000000000005,"quad"
151,1,0.00666666666666667,0.12,0.0945391441455468,0.0273037518016581,0.42,3.40999999999985,8.98000000000002,1.71000000000004,3.25,"quad"
152,1,0.813333333333333,0.98,0.120162978631829,0.351794645391667,0.7,3.52999999999997,8.77999999999997,1.86000000000013,3.07999999999993,"quad"
153,1,0.453333333333333,0.126666666666667,0.293585289550174,0.313630960938719,0.64,3.45000000000005,11.5799999999999,3.05999999999995,4.13000000000011,"quad"
154,1,0.84,0.766666666666667,0.00734041622632264,0.0426580932790271,0.38,4.48000000000002,10.8899999999999,2.16000000000008,4.56999999999994,"quad"
155,1,0.233333333333333,0.0333333333333333,0.0021623180723902,0.0168173016812905,0.32,3.86000000000013,14.8799999999999,3.34000000000015,3.57999999999993,"quad"
156,1,0.593333333333333,0.66,0.00287306530396614,0.0412413350160671,0.3,5.55999999999995,19.5,2.94000000000005,4.95000000000005,"quad"
157,1,0.453333333333333,0.553333333333333,0.000118685253715389,0.000180248529461635,0.7,4.43999999999994,17.77,3.29000000000008,5.29999999999995,"quad"
158,1,0.273333333333333,0.146666666666667,0.131595938303984,0.501699247094599,0.36,4.69000000000005,15.7199999999999,2.67000000000007,6.13999999999999,"quad"
159,1,0.553333333333333,0.94,0.0654076614393666,0.0019288986524717,0.78,4.30999999999995,15.1500000000001,3.49000000000001,3.44999999999993,"quad"
160,1,0.44,0.433333333333333,0.100624017200352,0.0658218348732519,0.42,3.74000000000001,13.67,2.25,4.33000000000004,"quad"
161,1,0.0333333333333333,0.0733333333333333,3.44348349641255e-05,9.67803402729395e-06,0.08,4.49000000000001,19.79,2.8900000000001,4.56999999999994,"quad"
162,1,0.353333333333333,0.62,0.0116579381027422,0.0146803373546178,0.62,4.82000000000005,14.75,2.71999999999991,4.91000000000008,"quad"
163,1,0.933333333333333,0.6,0.0296043593097495,0.000194171493094752,0.8,5.32999999999993,14.0200000000001,2.80999999999995,5,"quad"
164,1,0.706666666666667,1,0.105811128034148,0.178791402455378,0.98,4.27999999999997,15.1900000000001,5.23000000000002,4.40999999999997,"quad"
165,1,0.52,0.52,0.0178403194892047,0.339209538510158,0.24,4.31000000000006,16.6999999999999,3.49000000000001,6,"quad"
166,1,0.126666666666667,0.18,0.00130215698277558,0.000205411157957025,0.04,4.31000000000006,22.04,3.96000000000004,4.78999999999996,"quad"
167,1,0.5,0.1,0.126877587588581,0.0067099446959612,0.24,4.45000000000005,13.05,3.48000000000002,4.32999999999993,"quad"
168,1,0.88,0.453333333333333,7.52046259537842e-05,1.43713109811427e-05,0.12,4.42000000000007,15.1999999999999,2.35000000000002,3.39999999999998,"quad"
169,1,0.4,0.693333333333333,0.0470966333859206,0.0178346399810383,0.96,3.53000000000009,10.4599999999999,1.67000000000007,3.54999999999995,"quad"
170,1,0.44,0.3,0.0537199088237243,0.0350660502230435,0.94,3.66999999999996,6.92000000000007,1.32999999999993,3.54000000000008,"quad"
171,1,0.493333333333333,0.08,0.00213412487694042,0.000229834379486205,0.18,3.31999999999994,8.43000000000006,1.92999999999995,3.22000000000003,"quad"
172,1,0.246666666666667,0.22,0.10626666713621,0.0419529144773176,0.14,3.46000000000004,7.51999999999998,1.47000000000003,3.25,"quad"
173,1,0.146666666666667,0.6,0.0118360536417326,0.00458245655843692,0.86,3.50999999999999,8.90999999999985,2.08000000000015,4.33999999999992,"quad"
174,1,0.14,0.46,0.00858051833453821,0.0205395050395952,0.12,3.35000000000014,9.58999999999992,2.19000000000005,3.28999999999996,"quad"
175,1,0.04,0.0666666666666667,0.119333835244645,0.0165433165645474,0.3,3.31999999999994,11.04,2.79999999999995,4.42000000000007,"quad"
176,1,0.473333333333333,0.213333333333333,0.0230112587879174,0.00651549829751707,0.58,4.30999999999995,14.73,2.57000000000016,4.00999999999999,"quad"
177,1,0.36,0.16,0.00709971055753611,0.0285983629942098,0.12,3.90999999999985,8.45000000000005,1.66000000000008,3.63999999999987,"quad"
178,1,0.333333333333333,0.873333333333333,0.315976255496938,0.0675347907621133,0.66,3.48000000000002,9.10000000000014,1.52999999999997,2.98000000000002,"quad"
179,1,0.533333333333333,0.973333333333333,0.00411200091464559,0.00429524382274815,0.8,4.97000000000003,14.14,2.75,4.63,"quad"
180,1,0.2,0.166666666666667,0.000646115705692063,9.41380227237332e-06,0.22,4.25999999999999,19.2,3.01999999999998,5.29999999999995,"quad"
181,1,0.293333333333333,0.353333333333333,0.00167462687343245,0.0344091163521785,0.32,4.5,13.6700000000001,3.46999999999991,4.54000000000008,"quad"
182,1,0.753333333333333,0.746666666666667,0.0138654537826026,0.0566893720860987,0.34,4.14999999999998,14.29,3.24000000000001,4.88999999999999,"quad"
183,1,0.833333333333333,0.74,0.000264388768403512,0.00229556933349939,0.46,4.1400000000001,12.77,2.61000000000001,4.39999999999998,"quad"
184,1,0.806666666666667,0.273333333333333,0.00126959072312105,0.0547860906765487,0.84,4.81999999999994,14.98,2.67000000000007,5.21999999999991,"quad"
185,1,0.0266666666666667,0.12,0.0171657177845495,0.00796360251577466,0.18,4.2600000000001,15,2.71999999999991,3.80000000000007,"quad"
186,1,0.166666666666667,0.0133333333333333,0.013087624320399,0.41474249385952,0.24,4.52999999999997,13.91,3.17000000000007,5.07999999999993,"quad"
187,1,0.906666666666667,0.373333333333333,0.0344713849531693,0.0787329475064414,0.38,4.7700000000001,12.0899999999999,2.35000000000002,3.96000000000004,"quad"
188,1,0.7,0.393333333333333,0.00276684876017863,0.00500800928379885,0.28,4.18999999999994,15.5,3.72000000000003,4.13999999999999,"quad"
189,1,0.04,0.206666666666667,0.000865147960482426,0.000589163038832607,0.12,4.22000000000003,19.36,2.45000000000005,3.90999999999997,"quad"
190,1,0.673333333333333,0.653333333333333,0.117193030073612,0.000403670520184085,0.22,4.25,16.22,3.08999999999992,4.11000000000001,"quad"
191,1,0.08,0.153333333333333,0.400011121752451,0.0701972011693972,0.82,3.95000000000005,12.52,2.52999999999997,4.25,"quad"
192,1,0.773333333333333,0.833333333333333,0.00846108751696084,0.000718895059510616,1,4.0100000000001,10.4599999999999,2.32000000000005,4.14999999999998,"quad"
193,1,0.98,0.826666666666667,0.00313690521910504,6.56302623214255e-06,0.72,3.83000000000004,10.73,2.07999999999993,3.38999999999999,"quad"
194,1,0.0866666666666667,0.226666666666667,0.000440434787706723,2.19678277443291e-05,0.78,3.5,15.61,2.58000000000004,3.88999999999999,"quad"
195,1,0.806666666666667,0.706666666666667,0.218718115526164,0.000741606943460704,0.68,3.31000000000006,8.63999999999999,2.05999999999995,3.21999999999991,"quad"
196,1,0.04,0.22,0.00962059466704335,0.106679474856214,0.88,3.34000000000015,10.5999999999999,2.22000000000003,3.06999999999994,"quad"
197,1,0.26,0.286666666666667,0.0129542787101884,0.0281711303853713,0.84,3.41000000000008,8.1400000000001,1.4699999999998,2.94000000000005,"quad"
198,1,0.153333333333333,0.173333333333333,0.0195772069511537,0.0471670505945867,0.04,3.35000000000014,10.0599999999999,2.08999999999992,3.6400000000001,"quad"
199,1,0.853333333333333,0.593333333333333,0.000198966306991677,0.000740124143897902,0.22,3.37999999999988,21.0800000000002,3.50999999999999,4.62999999999988,"quad"
200,1,0.546666666666667,0.506666666666667,0.000521197659496986,3.35564354081441e-10,0.7,4.03999999999996,15.46,4.36000000000013,3.83999999999992,"quad"
1,1.5,0.713333333333333,0.94,9.79249831445372e-07,1.75253077605575e-08,0.26,3.34999999999991,23.3600000000001,3.14999999999986,4.38000000000011,"quad"
2,1.5,0.333333333333333,0.606666666666667,3.35919990335221e-06,0.000189265804802274,0.54,3.84999999999991,14.6200000000001,2.04999999999995,3.26999999999998,"quad"
3,1.5,0.0266666666666667,1,0.00160475360437196,0.000137429322482396,0.24,3.71000000000004,19.22,2.8599999999999,3.97000000000003,"quad"
4,1.5,0.746666666666667,0.913333333333333,4.4198305355625e-06,0.0001754052126266,0.66,3.47000000000003,11.1199999999999,2.11000000000013,3.44000000000005,"quad"
5,1.5,0.22,0.92,4.34414249184112e-05,0.00115921982756062,0.78,3.37999999999988,8.77999999999997,1.67000000000007,3.27999999999997,"quad"
6,1.5,0.00666666666666667,0.306666666666667,0.00343169215619099,0.0366636282745972,0.38,3.32999999999993,9.80000000000018,1.86999999999989,3.17000000000007,"quad"
7,1.5,0.226666666666667,0.193333333333333,4.47965248717708e-06,3.35390485606268e-05,0.72,3.23000000000002,9.04999999999995,1.44000000000005,3.27999999999997,"quad"
8,1.5,0.886666666666667,0.266666666666667,0.000479138865085549,0.00112179694587489,1,3.39999999999986,9.88000000000011,1.86999999999989,4.05000000000018,"quad"
9,1.5,0.92,0.646666666666667,0.000820224707610784,8.37918433416185e-07,0.22,3.28999999999996,10.0699999999999,3.22000000000003,2.96000000000004,"quad"
10,1.5,0.92,0.386666666666667,0.00157314900285588,0.0029090516634902,0.82,3.3599999999999,9.77999999999997,1.72000000000003,2.94000000000005,"quad"
11,1.5,0.166666666666667,0.613333333333333,9.94763426493961e-05,2.98208816174039e-06,0.48,3.32999999999993,11.3000000000002,2.02999999999997,3.75,"quad"
12,1.5,0.733333333333333,0.926666666666667,0.000145717720933192,1.13519614539648e-05,0.28,3.37999999999988,11.5,3.80999999999995,3.52000000000021,"quad"
13,1.5,0.713333333333333,0.48,3.15605083400783e-07,1.58401003425013e-09,0.02,3.55999999999995,12.46,2.39999999999986,3.61000000000013,"quad"
14,1.5,0.513333333333333,0.653333333333333,0.000203912416772756,2.798565877149e-06,0.7,3.71000000000004,11.04,2,3.22000000000003,"quad"
15,1.5,0.226666666666667,0.0466666666666667,0.000224151460641142,0.00130792338293129,0.08,3.44999999999982,12.52,1.97000000000003,3.30000000000018,"quad"
16,1.5,0.0733333333333333,0.833333333333333,1.49668550553095e-06,1.49957422479474e-07,0.24,3.81999999999994,12.47,2.26999999999998,3.45000000000005,"quad"
17,1.5,0.5,0.346666666666667,0.000103870749007529,1.18618579418861e-05,0.68,3.53999999999996,11.1900000000001,2,3,"quad"
18,1.5,0.133333333333333,0.96,0.00173950760289987,0.000348216174920091,0.56,3.51999999999998,19.47,1.95999999999981,3,"quad"
19,1.5,0.713333333333333,0.746666666666667,0.00875032941770626,0.00029552742293748,0.28,3.47000000000003,19.78,4.5,3.42000000000007,"quad"
20,1.5,0.266666666666667,0.42,0.000104005704330667,0.000323645042028531,0.14,3.80999999999995,9.25,1.85000000000014,3.32999999999993,"quad"
21,1.5,0.153333333333333,0.273333333333333,1.34334137591452e-07,2.71299561371841e-07,0.14,3.47000000000003,12.78,3.28999999999996,4.13000000000011,"quad"
22,1.5,0.0533333333333333,0.313333333333333,0.000819880826913089,1.95012839210307e-08,0.28,3.44000000000005,15.0599999999999,3.16999999999985,3.16000000000008,"quad"
23,1.5,0.88,0.413333333333333,2.72219351200587e-05,1.13325869561809e-05,0.38,3.62999999999988,19,2.98000000000002,4.18000000000006,"quad"
24,1.5,0.413333333333333,0.313333333333333,0.000839876729066935,1.54338508973062e-07,0.22,4.19000000000005,10.95,2.52999999999997,3.66999999999985,"quad"
25,1.5,0.406666666666667,0.253333333333333,1.16213846315105e-05,5.97345098883872e-05,0.7,3.63000000000011,8.93000000000006,1.6099999999999,3.29999999999995,"quad"
26,1.5,0.34,0.98,2.13167250258106e-05,0.000290983289476077,0.28,4,8.80000000000018,2.07999999999993,3.83999999999992,"quad"
27,1.5,0.506666666666667,0.106666666666667,3.16398587429934e-05,7.85137196190888e-06,0.74,3.56000000000017,9.1099999999999,2.07999999999993,3.69000000000005,"quad"
28,1.5,0.486666666666667,0.426666666666667,0.00967191035958348,1.64447711569204e-05,0.74,3.47000000000003,7.05999999999995,1.68000000000006,3.28999999999996,"quad"
29,1.5,0.953333333333333,0.58,0.000927074423560104,0.000266103009784802,0.28,3.33000000000015,9.75,2,3.20999999999981,"quad"
30,1.5,0.5,0.5,0.0104288087494553,0.000284126082264913,0.24,3.33000000000015,7.71000000000004,1.31999999999994,2.87999999999988,"quad"
31,1.5,0.96,0.7,0.000672792082987206,0.00722271038246114,0.96,3.25999999999999,13.21,2.25999999999999,3.1400000000001,"quad"
32,1.5,0.346666666666667,0.12,1.49819982702137e-05,0.000806563854916065,0.88,3.38999999999987,9.56000000000017,1.97000000000003,3.40999999999985,"quad"
33,1.5,0.146666666666667,0.06,0.000163605111974219,5.63991859037216e-06,0.08,3.33000000000015,11.3899999999999,2.51999999999998,3.30999999999995,"quad"
34,1.5,0.113333333333333,0.0733333333333333,0.00357062805929931,6.2846195896249e-06,0.5,3.3599999999999,8.58999999999992,1.75,3.50999999999999,"quad"
35,1.5,0.733333333333333,0.88,8.21457990518581e-09,3.65113050904142e-10,0.12,3.38000000000011,14.3099999999999,5.00999999999999,3.43000000000006,"quad"
36,1.5,0.173333333333333,0.0733333333333333,7.3996214828842e-06,3.99237941595132e-08,0.06,3.58999999999992,12.8100000000002,2.15999999999985,3.27999999999997,"quad"
37,1.5,0.0866666666666667,0.0133333333333333,4.97854080117044e-06,0.000275418049601184,0.48,3.61000000000013,16.2,2.32999999999993,3.29999999999995,"quad"
38,1.5,0.633333333333333,0.866666666666667,7.40892915374047e-06,5.19533305265441e-11,0.12,3.53999999999996,18.1100000000001,2.63999999999987,3.18000000000006,"quad"
39,1.5,0.406666666666667,0.08,6.60727084629276e-05,3.93681162214055e-06,0.38,3.51999999999998,18.9300000000001,3.96000000000004,3.41999999999985,"quad"
40,1.5,0.353333333333333,0.82,0.00230572736938517,0.000186350636759203,0.82,3.59000000000015,13.02,2.75999999999999,3.57999999999993,"quad"
41,1.5,0.06,0.106666666666667,6.58578306245161e-05,3.34778130328672e-07,0.02,3.92000000000007,11.3599999999999,4.33000000000015,3.53999999999996,"quad"
42,1.5,0.613333333333333,0.9,0.000167601147462504,0.000175217581592668,0.48,3.62999999999988,11.9200000000001,2.66000000000008,3.58999999999992,"quad"
43,1.5,0.726666666666667,0.573333333333333,0.00184863040200356,0.000237860288014868,0.5,3.43000000000006,14.1599999999999,2.77000000000021,3.1099999999999,"quad"
44,1.5,0.26,0.573333333333333,1.31754131160733e-06,8.79202710635241e-10,0.86,3.48000000000002,11.5,2.42000000000007,3.19999999999982,"quad"
45,1.5,0.02,0.246666666666667,7.83578222751657e-07,0.000693161499667916,0.44,3.5,13.21,1.73000000000002,3.69000000000005,"quad"
46,1.5,0.333333333333333,0.72,3.47962347126973e-05,4.82161667214598e-06,1,4.00999999999999,13.9400000000001,2.82999999999993,4.95000000000005,"quad"
47,1.5,0.593333333333333,0.606666666666667,0.000491516517458601,8.98880321054119e-06,0.76,4,16.05,5.00999999999999,3.69000000000005,"quad"
48,1.5,0.693333333333333,0.746666666666667,4.64860497622066e-05,2.8121054596042e-08,0.8,3.6099999999999,13.51,2.26999999999998,3.47000000000003,"quad"
49,1.5,0.526666666666667,0.286666666666667,1.37022113655405e-08,5.92510759234166e-07,0.18,3.57000000000016,21.9299999999998,3.60000000000014,3.68999999999983,"quad"
50,1.5,0.613333333333333,0.473333333333333,0.000215733546426122,1.60127149284595e-06,0.02,3.3900000000001,17.1400000000001,3.30999999999995,3.46000000000004,"quad"
51,1.5,0.173333333333333,0.26,5.39682611711001e-07,2.71249612993074e-07,0.64,3.3599999999999,12.8399999999999,2.69000000000005,3.11000000000013,"quad"
52,1.5,0.286666666666667,0.306666666666667,1.13927502896072e-05,5.87646640641815e-05,0.24,3.50999999999999,11.9099999999999,2.41000000000008,3.45000000000005,"quad"
53,1.5,0.686666666666667,0.8,3.21208910802895e-07,3.97949474928438e-07,0.58,3.30999999999995,12.6300000000001,1.97999999999979,3.92000000000007,"quad"
54,1.5,0.293333333333333,0.746666666666667,2.41247099341813e-06,1.08545979982111e-08,0.38,3.32999999999993,13.25,2.30000000000018,3.13999999999987,"quad"
55,1.5,0.2,0.146666666666667,3.26624165247758e-06,4.09498113196349e-09,0.76,3.45000000000005,11.72,2.82999999999993,3.47000000000003,"quad"
56,1.5,0.433333333333333,0.906666666666667,0.000276110684814368,1.2086683243151e-07,0.78,3.70000000000005,11.9400000000001,3.30999999999995,3.27999999999997,"quad"
57,1.5,0.926666666666667,0.82,0.00179844796634865,8.58712201461387e-05,0.16,3.51999999999998,16.48,4.52999999999997,3.16000000000008,"quad"
58,1.5,0.0666666666666667,0.913333333333333,4.95592764138131e-05,0.000369784003357521,0.62,3.59999999999991,10.6200000000001,1.99000000000001,3.08999999999992,"quad"
59,1.5,0.713333333333333,0.833333333333333,0.000978432684022978,6.03853458766013e-05,0.42,3.5,9.50999999999999,1.99000000000001,3.40000000000009,"quad"
60,1.5,0.506666666666667,0.446666666666667,8.12477311946669e-05,7.35221164338551e-06,0.16,3.52999999999997,10.1900000000001,2.61999999999989,3.24000000000001,"quad"
61,1.5,0.78,0.84,0.000175953975149135,1.43634228213507e-05,0.54,3.87000000000012,14.3,4.75,3.23000000000002,"quad"
62,1.5,0.166666666666667,0.26,3.41534332481963e-06,2.08291183745324e-07,0.16,3.75,11.95,2.05999999999995,3.39999999999986,"quad"
63,1.5,0.793333333333333,0.24,0.00397343986900855,0.0653933038098204,0.48,3.65000000000009,13.8599999999999,2.02000000000021,3.28999999999996,"quad"
64,1.5,0.3,0.66,7.28204493638529e-06,1.12744470059933e-06,0.34,3.58999999999992,18.28,3.13000000000011,3.32999999999993,"quad"
65,1.5,0.853333333333333,0.666666666666667,0.000132525525229577,0.00787032703130197,0.28,3.70000000000005,10.4400000000001,1.98000000000002,3.20999999999981,"quad"
66,1.5,0.393333333333333,0.0933333333333333,0.00463691998445714,0.000199544139474317,0.42,3.58000000000015,16.0799999999999,1.78999999999996,3.32000000000016,"quad"
67,1.5,0.126666666666667,0.0733333333333333,5.36758185898378e-06,2.10796380972766e-06,0.84,3.30999999999995,9.83999999999992,1.60000000000014,3.1099999999999,"quad"
68,1.5,0.786666666666667,0.446666666666667,0.000622612592767302,0.0135806450225688,0.34,3.43999999999983,23.2800000000002,3.8599999999999,4.45000000000005,"quad"
69,1.5,0.88,0.886666666666667,2.92281561664609e-06,5.31420196736576e-09,0.38,3.91000000000008,14.25,2.88999999999987,3.47000000000003,"quad"
70,1.5,0.5,0.166666666666667,1.42643434952738e-06,2.1018084717106e-08,0.76,3.67000000000007,15.1199999999999,4.71000000000004,3.53999999999996,"quad"
71,1.5,0.0666666666666667,0.14,4.37558061956445e-05,1.81232189532254e-05,0.5,3.47000000000003,13.04,2.07000000000016,3.53999999999996,"quad"
72,1.5,0.66,0.386666666666667,0.000160145522106303,6.72347574774967e-05,0.04,3.25,12.72,2.75,3.01999999999998,"quad"
73,1.5,0.0866666666666667,0.04,2.9059547690391e-06,0.000610588761960296,0.36,3.34999999999991,9.18000000000006,1.38999999999987,2.63000000000011,"quad"
74,1.5,0.34,0.14,2.71663934825472e-05,8.46522986863718e-06,0.06,3.30999999999995,15.3099999999999,1.90000000000009,3.40000000000009,"quad"
75,1.5,0.846666666666667,0.373333333333333,0.000257465487611297,7.96660377555547e-07,0.44,3.36999999999989,8.88000000000011,1.83999999999992,3.22000000000003,"quad"
76,1.5,0.473333333333333,0.153333333333333,0.0011525536964001,0.000400347711874138,0.52,3.28999999999996,7.30999999999995,1.47000000000003,3.66000000000008,"quad"
77,1.5,0.433333333333333,0.906666666666667,1.42387421120382e-06,8.98844321195469e-09,0.92,3.34999999999991,12.6000000000001,1.95000000000005,4.8599999999999,"quad"
78,1.5,0.626666666666667,0.18,1.71702101425808e-08,1.26452544668698e-06,0.72,3.44999999999982,14.03,2.86000000000013,3.69000000000005,"quad"
79,1.5,0.506666666666667,0.193333333333333,0.00428008010462522,0.00558884770561585,0.74,3.52999999999997,12.04,2.80999999999995,3.40000000000009,"quad"
80,1.5,1,0.84,9.79619492762485e-05,8.47694928873821e-06,0.7,3.54999999999995,10.47,2.07999999999993,3.42000000000007,"quad"
81,1.5,0.16,0.5,3.51199342072395e-05,2.20000271713428e-05,0.52,3.59999999999991,8.33000000000015,1.65999999999985,3.31000000000017,"quad"
82,1.5,0.606666666666667,0.28,0.000221188832496333,0.000156240735783908,0.92,3.63999999999987,11.5599999999999,2.74000000000001,3.25999999999999,"quad"
83,1.5,0.973333333333333,0.986666666666667,0.000274969372947576,6.01144235390372e-07,0.24,3.60000000000014,14.45,4.93999999999983,3.58000000000015,"quad"
84,1.5,0.9,0.633333333333333,3.17516370751392e-07,8.03074370825385e-06,0.48,3.47000000000003,10.8399999999999,1.69000000000005,3.30999999999995,"quad"
85,1.5,0.793333333333333,0.86,0.00073391338615858,3.1514429597812e-05,0.82,3.63999999999987,9.36000000000013,2.07999999999993,3.73000000000002,"quad"
86,1.5,0.18,0.1,8.67679150751144e-09,2.52733323158338e-09,0.96,3.47000000000003,17.53,2.28999999999996,3.30000000000018,"quad"
87,1.5,0.453333333333333,0.386666666666667,2.10375297360343e-06,5.05767580100125e-05,0.72,3.44999999999982,12.8100000000002,2.76999999999998,3.55999999999995,"quad"
88,1.5,0.426666666666667,0.3,0.000748198641375541,1.31189776708673e-07,0.62,3.47000000000003,10.8399999999999,2.29999999999995,3.08000000000015,"quad"
89,1.5,0.14,0.633333333333333,0.000184272055747225,0.000133641520399519,0.88,3.70000000000005,17.52,2.73000000000002,2.90999999999985,"quad"
90,1.5,0.00666666666666667,0.00666666666666667,0.000171192570625589,1.84806619794031e-05,0.6,3.50999999999999,16.6299999999999,3.19000000000005,4.62000000000012,"quad"
91,1.5,0.7,1,5.50617498706885e-07,9.94141125199022e-07,0.34,4.13999999999987,24.03,4.51999999999998,3.54000000000019,"quad"
92,1.5,0.52,0.92,6.78675149965446e-05,0.0132015156255206,0.5,3.73000000000002,9.27999999999997,2.02999999999997,3.54999999999995,"quad"
93,1.5,0.453333333333333,0.68,9.40158276414582e-05,0.000446888197437878,0.88,3.88000000000011,8.77999999999997,1.53999999999996,3.32999999999993,"quad"
94,1.5,0.886666666666667,0.593333333333333,0.000255666356093309,6.01859229100166e-05,0.16,3.42000000000007,11.1299999999999,1.84000000000015,3.11999999999989,"quad"
95,1.5,0.493333333333333,0.0933333333333333,1.56310232390933e-05,2.45833879641832e-06,0.76,3.27999999999997,13.25,2.34000000000015,3.28999999999996,"quad"
96,1.5,0.0266666666666667,0.02,1.46757785501883e-06,1.54253556572392e-06,0.56,3.26999999999998,26.6500000000001,6.99000000000001,3.16999999999985,"quad"
97,1.5,0.933333333333333,0.786666666666667,0.00273065891621926,0.000441076658078243,0.46,3.29000000000019,9.18999999999983,1.94000000000005,3.22000000000003,"quad"
98,1.5,0.9,0.54,5.41676039134131e-07,6.31000645843205e-05,0.28,3.3599999999999,15.8100000000002,1.81999999999994,3.1400000000001,"quad"
99,1.5,0.893333333333333,0.633333333333333,6.01307602832168e-05,7.53766626893082e-09,0.2,3.32999999999993,15.53,2.8900000000001,3.27999999999997,"quad"
100,1.5,0.68,0.313333333333333,2.76661122151634e-05,1.46303984482898e-08,0.52,3.52999999999997,15.2,1.90999999999985,3.27999999999997,"quad"
101,1.5,0.88,0.466666666666667,0.00208178361129452,0.000372928804316053,0.9,3.63000000000011,10.4300000000001,2.12999999999988,4.19000000000005,"quad"
102,1.5,0.613333333333333,0.52,0.000236395919372523,1.43017042653071e-09,0.28,3.45000000000005,12.72,2.21000000000004,3.41999999999985,"quad"
103,1.5,0.24,0.0466666666666667,0.000109849014677144,0.000175022752677001,0.26,3.69000000000005,11.45,1.72000000000003,3.63999999999987,"quad"
104,1.5,0.04,0.166666666666667,1.56496673886508e-06,1.12449559552807e-06,0.92,3.49000000000001,11.05,3.0300000000002,3.91999999999985,"quad"
105,1.5,0.473333333333333,0.96,0.000592433392297531,0.0113407779629747,0.62,3.51999999999998,10.7,1.63000000000011,3.39999999999986,"quad"
106,1.5,0.413333333333333,0.886666666666667,0.000530414206470153,6.25271113108283e-07,0.92,3.59000000000015,15.24,3.43999999999983,3.60000000000014,"quad"
107,1.5,0.193333333333333,0.373333333333333,1.44615505948131e-06,3.00052016566354e-09,0.26,3.57999999999993,10.3,1.65000000000009,3.26999999999998,"quad"
108,1.5,0.486666666666667,0.0933333333333333,2.26393128377467e-06,9.0906364754062e-05,0.62,3.45000000000005,10.3899999999999,1.5,3.5,"quad"
109,1.5,0.346666666666667,0.2,2.62657846294978e-06,8.69968057515269e-06,0.76,3.5,9.66000000000008,1.33999999999992,3.08000000000015,"quad"
110,1.5,0.653333333333333,0.44,0.00154353971001586,4.9352164616101e-06,0.1,3.54999999999995,13.5999999999999,2.09000000000015,3.07999999999993,"quad"
111,1.5,0.46,0.56,0.00338889246125484,0.00184778267445229,0.06,3.62000000000012,7.95999999999981,1.21000000000004,3.53999999999996,"quad"
112,1.5,0.246666666666667,0.7,3.29428375711593e-06,1.12665225371344e-07,0.28,3.38999999999987,15.6000000000001,2.94000000000005,4.31999999999994,"quad"
113,1.5,0.88,0.56,0.000109846056048024,0.00506506045125532,0.4,4.25,15.1199999999999,2.16000000000008,3.55999999999995,"quad"
114,1.5,0.0666666666666667,0.42,0.00251163822438416,8.15042737367655e-06,0.4,3.75,12.03,3.66000000000008,3.80999999999995,"quad"
115,1.5,0.28,0.0733333333333333,0.0128217488940303,0.00100470400153441,0.16,3.47000000000003,10.5900000000001,2.04999999999995,3.55999999999995,"quad"
116,1.5,0.0666666666666667,0.353333333333333,0.00198401745724408,0.00124544094768375,0.24,3.37000000000012,10.6999999999998,1.82000000000016,3.13999999999987,"quad"
117,1.5,0.566666666666667,0.96,2.53716561955386e-05,4.22321402293591e-08,0.08,3.34000000000015,12.3599999999999,4.45000000000005,3.06999999999994,"quad"
118,1.5,0.353333333333333,0.286666666666667,0.000952318836616506,0.14384928171483,0.7,3.40000000000009,8.99000000000001,1.63999999999987,2.84000000000015,"quad"
119,1.5,0.253333333333333,0.106666666666667,0.00186778212121119,5.77762820253014e-07,0.26,3.27999999999997,11.6599999999999,1.91000000000008,2.83999999999992,"quad"
120,1.5,0.0266666666666667,0.0466666666666667,1.49837801899366e-06,7.41485581601253e-05,0.54,3.51999999999998,15.5500000000002,1.94999999999982,2.98000000000002,"quad"
121,1.5,0.946666666666667,0.866666666666667,0.000403258153783614,2.32860347166852e-05,0.56,3.51999999999998,10.6300000000001,1.75999999999999,3.22000000000003,"quad"
122,1.5,0.313333333333333,0.713333333333333,0.00320349726206515,0.00361262670283724,0.2,3.33999999999992,15.1600000000001,3,3.42000000000007,"quad"
123,1.5,0.433333333333333,0.313333333333333,0.000736682379815834,0.000304165234693898,0.92,3.52999999999997,16.8999999999999,2.74000000000001,3.30000000000018,"quad"
124,1.5,0.02,0.8,0.00380648500138459,0.000788957159104542,0.02,3.54999999999995,14.73,3.82999999999993,3.42000000000007,"quad"
125,1.5,0.02,0.00666666666666667,4.89364534006498e-07,3.12258098267293e-08,0.12,3.61999999999989,10.9100000000001,2.36999999999989,3.35000000000014,"quad"
126,1.5,0.22,0.246666666666667,8.17356629045918e-07,3.78919182397741e-06,0.72,3.5,9.75,2.33999999999992,3.10000000000014,"quad"
127,1.5,0.16,0.42,6.25630289308177e-06,0.00168324544079301,0.38,3.6099999999999,12.3299999999999,2.23000000000002,3.79999999999995,"quad"
128,1.5,0.333333333333333,0.106666666666667,0.000132241606661365,1.22647025568856e-06,1,3.47000000000003,13.5,3.50999999999999,3.19000000000005,"quad"
129,1.5,0.393333333333333,0.353333333333333,3.40276651744631e-07,2.24653906588657e-09,0.88,3.55999999999995,16.1600000000001,4.40000000000009,3.07999999999993,"quad"
130,1.5,0.266666666666667,0.726666666666667,0.000112399555436626,0.000804098856918789,0.3,3.67000000000007,11.1899999999998,3.2800000000002,3.25,"quad"
131,1.5,0.146666666666667,0.26,0.000571851339432161,0.000114247770746312,0.06,3.75,13.1299999999999,2.08999999999992,3.2800000000002,"quad"
132,1.5,0.0333333333333333,0.16,3.03365069709294e-06,3.85257531941852e-05,0.04,3.63999999999987,16.8099999999999,2.26999999999998,3.25,"quad"
133,1.5,0.633333333333333,0.486666666666667,0.0061291538673669,4.28813474284695e-07,0.14,3.47000000000003,12.28,2.52000000000021,3.50999999999999,"quad"
134,1.5,0.0333333333333333,0.133333333333333,0.00010313448528998,0.000105359916813486,0.26,3.48000000000002,14.4199999999998,2.68000000000006,4.65000000000009,"quad"
135,1.5,0.373333333333333,0.466666666666667,0.00400978405450902,0.00119657723335354,0.62,4.19999999999982,15.1700000000001,4.16000000000008,3.94000000000005,"quad"
136,1.5,0.78,0.68,2.25788435881391e-06,3.48827380314276e-08,0.7,3.57999999999993,11.3099999999999,2.3900000000001,3.37999999999988,"quad"
137,1.5,0.873333333333333,0.626666666666667,0.000296392647366028,4.49237172458483e-05,0.7,3.79999999999995,8.55000000000018,1.58999999999992,3.25,"quad"
138,1.5,0.88,0.92,0.000247192058156154,3.49120270282111e-06,0.82,3.48000000000002,16.99,3.06999999999994,3.24000000000001,"quad"
139,1.5,0.193333333333333,0.126666666666667,0.0027108821540669,9.73385363943757e-05,0.5,3.65000000000009,11.04,3.3900000000001,3.27999999999997,"quad"
140,1.5,0.76,0.6,5.63175048817754e-08,3.02712464328447e-06,0.92,3.30999999999995,13.02,4.80999999999995,2.97000000000003,"quad"
141,1.5,0.933333333333333,0.973333333333333,5.69661037008728e-07,1.02930677314816e-08,0.56,3.3900000000001,8.5,1.75,3.67999999999984,"quad"
142,1.5,0.94,0.94,0.0092988792074753,0.00139152785753993,0.62,3.35000000000014,11.4199999999998,1.56000000000017,3.72000000000003,"quad"
143,1.5,0.94,0.953333333333333,1.95914714780088e-05,2.44277393098846e-05,0.9,3.42999999999984,10.21,1.8900000000001,3.33999999999992,"quad"
144,1.5,0.98,0.873333333333333,4.2846225729587e-06,2.95548534157142e-06,0.12,3.37000000000012,12.8,1.95000000000005,3.22000000000003,"quad"
145,1.5,0.413333333333333,0.506666666666667,0.000836291809906742,0.000196574409391026,0.54,3.57999999999993,11.6600000000001,1.89999999999986,3.36000000000013,"quad"
146,1.5,0.886666666666667,0.706666666666667,0.00079653322321338,0.0048297535400762,0.2,3.57999999999993,10.95,1.74000000000001,3.33999999999992,"quad"
147,1.5,0.34,0.606666666666667,0.00031809597724175,5.27733497424077e-06,0.24,3.55999999999995,12.47,3.19000000000005,3.45000000000005,"quad"
148,1.5,0.04,0.0133333333333333,2.42610231904195e-08,1.03406548224161e-06,0.18,3.84999999999991,13.0900000000001,2.04999999999995,3.52999999999997,"quad"
149,1.5,0.793333333333333,0.633333333333333,2.48684827175438e-07,3.19372972488186e-05,0.76,3.52999999999997,13.5799999999999,2.00999999999999,3.69000000000005,"quad"
150,1.5,0.0933333333333333,0.273333333333333,1.66796735745489e-05,5.75959031158257e-05,0.08,3.54999999999995,10.72,2.08000000000015,3.25,"quad"
151,1.5,0.24,0.36,5.63197262870574e-06,7.78144516933033e-07,0.34,3.67999999999984,14.27,3,3.27999999999997,"quad"
152,1.5,0.94,0.466666666666667,2.86096350452514e-05,0.00349611717375875,0.16,3.50999999999999,14.6399999999999,3.27999999999997,3.25,"quad"
153,1.5,0.473333333333333,0.0533333333333333,0.000346634332194729,0.000200778226269849,0.5,3.60000000000014,12.3099999999999,3.45000000000005,3.5,"quad"
154,1.5,0.633333333333333,0.9,9.07416446649378e-06,2.05423307808594e-07,0.56,3.62999999999988,12.3300000000002,2.67999999999984,3.41000000000008,"quad"
155,1.5,0.573333333333333,0.166666666666667,2.04758645816483e-06,0.000339452877046065,0.82,3.71000000000004,11.8299999999999,2.01999999999998,3.78999999999996,"quad"
156,1.5,0.566666666666667,0.213333333333333,2.9437937571597e-05,2.1920109672946e-06,0.04,3.46000000000004,17.4299999999998,2.66000000000008,4.88999999999987,"quad"
157,1.5,0.306666666666667,0.04,4.55365531584206e-05,0.00149806123563656,0.82,4.20999999999981,21.6300000000001,4.02999999999997,3.83999999999992,"quad"
158,1.5,0.02,0.193333333333333,0.0225402873587699,0.00284233816446,0.34,3.66000000000008,10.77,1.77999999999997,3.48000000000002,"quad"
159,1.5,0.14,0.02,0.000138777742908269,9.13400682256427e-06,0.04,3.8900000000001,12.75,2.33999999999992,3.27999999999997,"quad"
160,1.5,0.686666666666667,0.946666666666667,4.62681938007137e-06,1.0975051327744e-06,0.3,3.44000000000005,16.24,2.90000000000009,2.79999999999995,"quad"
161,1.5,0.48,0.586666666666667,7.38906689901064e-06,1.66835117088038e-06,0.66,3.29999999999995,15.28,3.78999999999996,3.1400000000001,"quad"
162,1.5,0.22,0.653333333333333,0.000549366770861814,0.00337162625786491,0.5,3.25,11.98,2.43000000000006,3.28999999999996,"quad"
163,1.5,0.393333333333333,0.68,4.76883167888076e-06,6.14134571030878e-06,0.88,3.41999999999985,10.7700000000002,2.20999999999981,3.5,"quad"
164,1.5,0.366666666666667,0.126666666666667,0.000736953441559329,1.07813306050586e-05,0.94,3.38000000000011,8.52999999999997,2.25,2.67000000000007,"quad"
165,1.5,0.753333333333333,0.46,0.000101049198726777,0.00128581379923565,0.5,3.30999999999995,19.0899999999999,2.63000000000011,3.08999999999992,"quad"
166,1.5,0.373333333333333,0.0866666666666667,0.00063242290123422,0.000579631496753774,0.92,3.52999999999997,16.49,2.6400000000001,3.20000000000005,"quad"
167,1.5,0.886666666666667,0.6,6.67200686121916e-06,0.00136544146722961,0.36,3.45000000000005,10.1699999999998,2.76999999999998,3.37000000000012,"quad"
168,1.5,0.533333333333333,0.793333333333333,2.80574279545309e-05,1.94157624044955e-06,0.96,3.49000000000001,14.6699999999998,2.20000000000005,3.18000000000006,"quad"
169,1.5,0.826666666666667,0.406666666666667,3.25359984008067e-05,0.00273545473742698,0.24,3.47000000000003,11.25,1.73000000000002,3.88999999999987,"quad"
170,1.5,0.993333333333333,0.626666666666667,0.00115645866142189,0.00012426941395749,0.12,3.55000000000018,8.38999999999987,1.6400000000001,3.87999999999988,"quad"
171,1.5,0.106666666666667,0.00666666666666667,0.000186816072774709,0.00138625641720325,0.06,3.63000000000011,14.1499999999999,2.66000000000008,3.32999999999993,"quad"
172,1.5,0.706666666666667,0.486666666666667,1.09046467149376e-05,2.79656409141182e-10,0.5,3.6400000000001,11.1199999999999,2.93000000000006,3.45000000000005,"quad"
173,1.5,0.733333333333333,0.506666666666667,0.000211505605611562,3.46575498764157e-05,0.38,3.6099999999999,13.53,4,3.98000000000002,"quad"
174,1.5,0.166666666666667,0.113333333333333,2.0686535837644e-06,1.66551309221941e-05,0.14,3.51999999999998,13.7800000000002,3.18999999999983,3.25,"quad"
175,1.5,0.98,0.993333333333333,0.000254239693885827,0.00119089601786171,0.3,3.47000000000003,17.6400000000001,2.53999999999996,3.23000000000002,"quad"
176,1.5,0.52,0.546666666666667,7.2192701394691e-07,2.39068616492144e-06,0.12,3.5,22.3599999999999,3.55000000000018,3,"quad"
177,1.5,0.173333333333333,0.0133333333333333,6.83734717643603e-06,8.90948105292111e-08,0.7,3.2199999999998,12.5200000000002,3.78999999999996,2.74000000000001,"quad"
178,1.5,0.113333333333333,0.22,0.00251489125091098,0.000333016787977258,0.26,3.25,7.18999999999983,1.63000000000011,3.15000000000009,"quad"
179,1.5,0.3,0.04,1.17245465411919e-05,2.36959822874638e-08,0.06,3.50999999999999,12.97,4.35000000000014,4.78999999999996,"quad"
180,1.5,0.206666666666667,0.926666666666667,0.000267095042505883,0.000238121865892116,0.72,4.01999999999998,13.98,4.47000000000003,3.47000000000003,"quad"
181,1.5,0.113333333333333,0.233333333333333,0.00600978308172717,0.00231638000398859,0.76,3.63999999999987,10.4100000000001,2.51999999999998,3.31999999999994,"quad"
182,1.5,0.08,0.993333333333333,0.00804119360114375,0.000117095223609698,0.42,3.55000000000018,10.3099999999999,1.97000000000003,4.03999999999996,"quad"
183,1.5,0.906666666666667,0.9,0.00595987382422081,0.000430898875664942,0.68,3.55999999999995,10.5599999999999,1.86000000000013,3.13999999999987,"quad"
184,1.5,0.233333333333333,0.226666666666667,0.000229544195999409,3.22455308726655e-05,0.02,3.35000000000014,9.27999999999997,2.01999999999998,3.28999999999996,"quad"
185,1.5,0.28,0.206666666666667,7.29199458571195e-05,1.21733717591832e-05,0.28,3.29999999999995,12.45,4.74000000000001,2.77999999999997,"quad"
186,1.5,0.326666666666667,0.266666666666667,0.00104103281433887,1.56584380018865e-05,0.32,3.44000000000005,9.22000000000003,4.11999999999989,3.15000000000009,"quad"
187,1.5,0.52,0.506666666666667,0.000638952522366676,9.53812066994963e-07,0.14,3.36999999999989,11.9200000000001,2.75,3.02999999999997,"quad"
188,1.5,0.72,0.3,0.000110676293592959,0.00708583997397139,0.1,3.33000000000015,9.89999999999986,1.41000000000008,3.05999999999995,"quad"
189,1.5,0.00666666666666667,0.16,0.00480141668254608,0.00973599401871539,0.5,3.47000000000003,9.3900000000001,1.55999999999995,3.16000000000008,"quad"
190,1.5,0.366666666666667,0.313333333333333,3.13407464616056e-05,9.56687092429354e-05,0.22,3.61999999999989,12.74,2.31999999999994,4,"quad"
191,1.5,0.753333333333333,0.266666666666667,3.32220987599996e-05,0.00040693419022142,0.54,3.48000000000002,21.96,4.43000000000006,3.22000000000003,"quad"
192,1.5,0.213333333333333,0.113333333333333,8.14003198179591e-08,5.42545675052963e-10,0.68,3.55999999999995,23.3399999999999,5.66000000000008,3.41000000000008,"quad"
193,1.5,0.753333333333333,0.24,0.000425371643724581,4.90811480832187e-05,0.14,3.5,18.3699999999999,3.22000000000003,3.30999999999995,"quad"
194,1.5,0.886666666666667,0.933333333333333,0.00211456107862373,0.00437218167756304,0.14,3.62000000000012,10.55,2.1099999999999,3.42000000000007,"quad"
195,1.5,0.106666666666667,0.0333333333333333,9.66932236945439e-07,0.000337752324538476,0.86,3.54999999999995,12.9100000000001,1.78999999999996,3.46000000000004,"quad"
196,1.5,0.413333333333333,0.426666666666667,5.97478935806528e-05,0.000339556804751284,0.2,3.5,11.28,1.62000000000012,3.54999999999995,"quad"
197,1.5,0.0933333333333333,0.86,0.00367223403804862,0.00476580761556511,0.7,3.56999999999994,10.23,1.91000000000008,3.1099999999999,"quad"
198,1.5,0.82,0.96,0.000196290259791176,4.36049839125374e-07,0.54,3.52999999999997,13.04,2.47000000000003,4.08000000000015,"quad"
199,1.5,0.633333333333333,0.553333333333333,0.00572937423128272,0.000264994034804178,0.7,3.4699999999998,11.1700000000001,1.91000000000008,3.66999999999985,"quad"
200,1.5,0.186666666666667,0.1,0.000609801157864576,2.79551856108284e-08,0.22,3.52000000000021,8.42999999999984,1.94000000000005,4.01999999999998,"quad"
1,0.5,0.18,0.206666666666667,1,0.161192317110615,0.92,3.44000000000005,11.1399999999999,2.83000000000015,3.03999999999996,"quad"
2,0.5,0.233333333333333,0.56,0.444076710366226,0.00420083226709733,0.96,3.44000000000005,11.0899999999999,1.76999999999998,3.71000000000004,"quad"
3,0.5,0.193333333333333,0.14,0.414557321286188,0.769596417226483,0.86,3.5,8.96000000000004,1.64999999999986,4.04999999999995,"quad"
4,0.5,0.5,0.58,0.0832127635578515,0.00565334570598186,0.56,3.45999999999981,10.0500000000002,2.18999999999983,3.34000000000015,"quad"
5,0.5,0.56,0.186666666666667,0.20664757473543,0.406969177524788,0.12,3.68999999999983,11.3800000000001,1.84999999999991,3.61000000000013,"quad"
6,0.5,0.96,0.833333333333333,0.421975208567737,0.871660457509123,0.48,3.49000000000001,7.45000000000005,1.57999999999993,4.44000000000005,"quad"
7,0.5,0.373333333333333,0.726666666666667,0.907142135563844,0.15206038378661,0.92,3.47000000000003,12,3.42999999999984,3.24000000000001,"quad"
8,0.5,0.933333333333333,0.66,0.187183158033839,0.095831848927287,0.38,3.5,7.97000000000003,1.61000000000013,3.63999999999987,"quad"
9,0.5,0.86,0.94,0.326540597925022,0.0111490214869462,0.42,3.63000000000011,7.69999999999982,2.11000000000013,3.67000000000007,"quad"
10,0.5,0.52,0.726666666666667,1,0.767628020809187,0.3,3.64999999999986,10.03,2.10000000000014,4.36999999999989,"quad"
11,0.5,0.5,0.253333333333333,0.186674041501999,0.0949581352611415,0.56,3.69000000000005,7.30999999999995,1.6400000000001,3.25,"quad"
12,0.5,0.26,0.1,0.116941447432583,0.000436140176469646,0.78,3.5,9.1099999999999,2.56000000000017,3.02999999999997,"quad"
13,0.5,0.92,0.686666666666667,0.630076196419573,0.127187099138363,0.08,3.26999999999998,8.02999999999997,1.58999999999992,3.66000000000008,"quad"
14,0.5,0.366666666666667,0.726666666666667,0.10311968417,0.0281821296925696,0.9,3.47000000000003,9.50999999999999,2.53999999999996,3.21000000000004,"quad"
15,0.5,0.02,0.00666666666666667,0.197795980168012,0.165596437537325,0.34,3.27999999999997,8.3900000000001,1.62999999999988,2.90000000000009,"quad"
16,0.5,0.0533333333333333,0.0666666666666667,0.0146846448675035,0.00173355793538477,0.92,3.37999999999988,13.3600000000001,2.67999999999984,3.05000000000018,"quad"
17,0.5,0.86,0.633333333333333,0.409136123522126,0.401894637806435,0.7,3.52999999999997,8.54999999999995,1.8599999999999,2.97000000000003,"quad"
18,0.5,0.713333333333333,0.733333333333333,0.513798107269082,0.553410169148914,0.96,3.40000000000009,7.6099999999999,1.27000000000021,3.32999999999993,"quad"
19,0.5,0.58,0.153333333333333,0.621442220114248,0.68046290584916,0.5,3.48000000000002,7.38999999999987,1.57999999999993,4.05000000000018,"quad"
20,0.5,0.0333333333333333,0.253333333333333,0.17674304704232,0.41165779740959,0.88,3.42999999999984,10.04,1.80999999999995,3.92000000000007,"quad"
21,0.5,0.26,0.32,0.408206853749621,0.0473737053531251,0.76,3.57999999999993,7.70000000000027,1.17000000000007,3,"quad"
22,0.5,0.646666666666667,0.446666666666667,0.5399177420685,0.0690496144881844,0.02,3.35999999999967,9.51999999999998,1.51000000000022,3.40999999999985,"quad"
23,0.5,0.606666666666667,0.6,0.477912636830732,0.55850672945943,0.74,3.29999999999995,8.5,1.72000000000003,3.50999999999999,"quad"
24,0.5,0.133333333333333,0.366666666666667,0.506697308013927,0.462083197897374,0.44,3.62000000000012,6.38999999999987,1.1400000000001,3.77999999999997,"quad"
25,0.5,0.353333333333333,0.0333333333333333,0.185019355963226,0.125818275855885,0.24,3.6099999999999,11.22,2.17000000000007,3.37999999999988,"quad"
26,0.5,0.466666666666667,0.56,0.169152593431788,0.229008328526684,0.7,3.55000000000018,9.75999999999999,2.18999999999983,3.36000000000013,"quad"
27,0.5,0.0266666666666667,0.44,0.329547172522046,0.747277946323191,0.3,3.48000000000002,9.59999999999991,1.90000000000009,3.34999999999991,"quad"
28,0.5,0.286666666666667,0.46,0.372743848547277,0.142034300749521,0.74,3.48000000000002,8.3900000000001,1.59999999999991,3.31999999999994,"quad"
29,0.5,0.866666666666667,0.84,0.803470835846511,0.210099018898596,0.68,3.5,7.29999999999995,1.58000000000015,3.25,"quad"
30,0.5,0.24,0.0533333333333333,0.4614731557078,0.181244155318853,0.42,3.48000000000002,6.88999999999987,1.36000000000013,3.91999999999985,"quad"
31,0.5,0.0733333333333333,0.0466666666666667,0.0695031050176349,0.0183328942597673,0.52,3.44000000000005,10.3900000000001,1.91999999999985,3.24000000000001,"quad"
32,0.5,0.913333333333333,0.973333333333333,0.0717049122660716,0.0154799327264783,0.66,3.44000000000005,16.6700000000001,4.39999999999986,3.66000000000008,"quad"
33,0.5,0.56,0.333333333333333,0.72425837082902,0.119773425167264,0.58,3.5,6.81999999999994,1.51999999999998,3.30000000000018,"quad"
34,0.5,0.646666666666667,0.993333333333333,0.0251999802068972,0.0160201813525157,0.68,3.50999999999999,8.09999999999991,1.43000000000006,2.84999999999991,"quad"
35,0.5,0.72,0.753333333333333,0.506886050725044,0.0253591292483331,0.34,3.36000000000013,10.3599999999999,2.8900000000001,3.33999999999992,"quad"
36,0.5,0.78,0.446666666666667,0.180759032662302,0.117519247099039,0.1,3.38000000000011,10.6099999999999,2.00999999999999,4.02999999999997,"quad"
37,0.5,0.46,0.673333333333333,0.925176014412335,0.595916412287783,0.92,3.30999999999995,7.51999999999998,1.48000000000002,3.55000000000018,"quad"
38,0.5,0.32,0.526666666666667,1,0.207863467885603,0.66,3.3599999999999,9.76999999999998,1.52999999999997,3.36000000000013,"quad"
39,0.5,1,0.993333333333333,0.385169482625287,0.562967585508553,0.84,3.27999999999997,7.15999999999985,1.44000000000005,4.34000000000015,"quad"
40,0.5,0.893333333333333,0.84,0.397809935870044,0.193008911722242,0.9,3.39999999999986,6.85000000000014,1.53999999999996,3.15999999999985,"quad"
41,0.5,0.353333333333333,0.133333333333333,0.0193161727683704,0.148149862008056,0.82,3.45999999999981,8.51999999999998,1.34000000000015,3.42999999999984,"quad"
42,0.5,0.86,0.906666666666667,1,0.69672964974764,0.32,3.45000000000027,9.94999999999982,1.97000000000025,3.27999999999975,"quad"
43,0.5,0.66,0.626666666666667,0.571772437623131,0.0402950846485504,0.7,3.38999999999987,8.59000000000015,1.63000000000011,3.2199999999998,"quad"
44,0.5,0.686666666666667,0.366666666666667,0.376847877030568,0.217527937925847,0.3,3.30999999999995,7.2800000000002,1.44000000000005,3.27999999999975,"quad"
45,0.5,0.7,0.52,0.9343505147709,0.940444704026775,0.74,3.55000000000018,8.59000000000015,1.17000000000007,3,"quad"
46,0.5,0.426666666666667,0.966666666666667,0.409761968617672,0.000963373270463252,0.58,3.32999999999993,9.41000000000008,3.33999999999992,3.36000000000013,"quad"
47,0.5,0.253333333333333,0.0666666666666667,0.491331779824611,0.156397616232153,0.7,3.41999999999985,8.16000000000008,1.94000000000005,3.14999999999986,"quad"
48,0.5,0.666666666666667,0.38,0.524699196545702,0.519291304525438,0.22,3.51999999999998,11.98,2.1400000000001,3.6099999999999,"quad"
49,0.5,0.206666666666667,0.273333333333333,0.219008978851201,0.41495556441506,0.7,3.53999999999996,13.21,1.83000000000015,3.38999999999987,"quad"
50,0.5,0.746666666666667,0.393333333333333,0.823333591082236,3.75557666842941e-06,0.88,3.52999999999997,11.1400000000001,3.40999999999985,3.44000000000005,"quad"
51,0.5,0.08,0.0266666666666667,0.0480878721309839,0.00979310609234574,0.88,3.5,13.3300000000002,1.69999999999982,3.20000000000005,"quad"
52,0.5,0.253333333333333,0.0933333333333333,0.780195705949047,0.201202579203927,0.58,3.94000000000005,6.75,1.73000000000002,3.65999999999985,"quad"
53,0.5,0.0466666666666667,0.2,0.485079586655636,0.100552133922972,0.58,3.69000000000005,7.75999999999999,1.66000000000008,3.29999999999995,"quad"
54,0.5,0.446666666666667,0.826666666666667,0.258012345191601,0.0422290608208308,0.44,3.52999999999997,7.47000000000003,1.27999999999997,3.5,"quad"
55,0.5,0.253333333333333,0.926666666666667,0.375539207881577,0.226234142733508,0.58,3.5,7.57000000000016,1.55999999999995,4.04999999999995,"quad"
56,0.5,1,0.98,0.625790856689331,0.489968546485484,0.08,3.66000000000008,8.52999999999997,1.3599999999999,3.42000000000007,"quad"
57,0.5,0.426666666666667,0.333333333333333,0.359832841753874,0.44578323156385,0.4,3.70000000000005,9.58999999999992,2.44000000000005,3.20000000000005,"quad"
58,0.5,0.426666666666667,0.106666666666667,0.576641616456253,0.125121372578798,0.76,3.32999999999993,7.45000000000005,1.47000000000003,4.25,"quad"
59,0.5,0.153333333333333,0.08,0.337126801986729,0.0438591060879546,0.54,3.31999999999994,7.68000000000006,1.74000000000001,3.55999999999995,"quad"
60,0.5,0.306666666666667,0.12,0.011154135323064,0.0958881979988122,0.52,3.41000000000008,9.55999999999995,1.73000000000002,3.65999999999985,"quad"
61,0.5,0.566666666666667,0.266666666666667,0.487629125160489,0.318497016704956,0.44,3.36999999999989,7.02999999999997,2.46000000000004,3.58999999999992,"quad"
62,0.5,0.42,0.253333333333333,0.292291664895739,0.0480576709037284,0.78,3.29000000000019,8.5,2.55999999999995,3.64999999999986,"quad"
63,0.5,0.653333333333333,0.12,0.00311184064699455,0.00323437939243743,0.8,3.43000000000006,7.88000000000011,1.63999999999987,4.25,"quad"
64,0.5,0.606666666666667,0.973333333333333,0.395496836904433,0.0464865551992413,0.62,3.60000000000014,7.52999999999975,1.30000000000018,3.25,"quad"
65,0.5,0.22,0.946666666666667,0.153375229697119,0.147436454952533,0.08,3.59000000000015,7.17000000000007,1.76999999999998,3.30999999999995,"quad"
66,0.5,0.653333333333333,0.806666666666667,0.233878757375822,0.0418026593265971,0.22,3.44000000000005,7,1.61999999999989,3.27999999999975,"quad"
67,0.5,0.653333333333333,0.673333333333333,0.152229292968893,0.728342703972519,0.22,3.36000000000013,9.0300000000002,1.60999999999967,3.44000000000005,"quad"
68,0.5,0.193333333333333,0.273333333333333,0.683538968727277,0.0114492324931773,0.18,3.27999999999997,15.4200000000001,1.84999999999991,3.08999999999992,"quad"
69,0.5,0.473333333333333,0.5,0.572755303500548,0.125746243428361,0.5,3.46000000000004,7.08000000000015,1.70999999999981,3.30000000000018,"quad"
70,0.5,0.426666666666667,0.06,0.224544498294346,0.0658955756767223,0.66,3.44999999999982,11.3300000000002,1.77999999999997,3.21000000000004,"quad"
71,0.5,0.02,0.213333333333333,0.235757026156933,0.217762564529006,0.46,3.43999999999983,12.25,1.69000000000005,3.95000000000005,"quad"
72,0.5,0.526666666666667,0.48,0.232266375446545,0.0824506378890485,0.08,3.70000000000005,7.18000000000006,2.13999999999987,4.36000000000013,"quad"
73,0.5,0.113333333333333,0.14,0.769767440075669,0.637820387493751,0.64,3.64999999999986,8.55999999999995,1.80000000000018,3.51999999999998,"quad"
74,0.5,0.42,0.153333333333333,0.0158327318146885,0.00988607786356299,0.88,3.57999999999993,10.8800000000001,2.41999999999985,3.25,"quad"
75,0.5,0.04,0.0666666666666667,0.351508792494242,0.412302466100068,0.84,3.58000000000015,7.7199999999998,1.31000000000017,3.22000000000003,"quad"
76,0.5,0.76,0.94,0.169149603149102,0.00327893467025986,0.28,3.52999999999997,8.8599999999999,1.92000000000007,4.18000000000006,"quad"
77,0.5,0.92,0.72,0.277335415808833,0.104077032585588,0.62,3.44999999999982,9.46000000000004,1.72000000000003,3.56999999999994,"quad"
78,0.5,0.4,0.473333333333333,0.459970144149587,0.484336911618736,0.38,3.49000000000001,8.11000000000013,1.20000000000005,3.55999999999995,"quad"
79,0.5,0.593333333333333,0.96,0.888101006360931,0.136784419904902,0.9,3.27999999999997,6.80999999999995,1.36000000000013,3.37999999999988,"quad"
80,0.5,0.0266666666666667,0.113333333333333,0.206813657901663,0.130676415563783,0.06,3.36000000000013,7.83999999999992,1.49000000000001,3.61999999999989,"quad"
81,0.5,0.566666666666667,0.853333333333333,1,0.246813978513648,0.24,3.31999999999994,9.32999999999993,1.49000000000001,3.20000000000005,"quad"
82,0.5,0.433333333333333,0.72,0.140705049267873,0.155266760475086,0.8,3.52999999999997,9.67000000000007,1.76999999999998,3.16999999999985,"quad"
83,0.5,0.353333333333333,0.4,0.0787880004101518,0.021261867096418,0.02,3.50999999999999,7.15999999999985,1.36000000000013,3.89999999999986,"quad"
84,0.5,0.0666666666666667,0.02,0.0264375715466285,0.0271667044869824,0.86,3.33000000000015,6.90999999999985,1.62000000000012,3.59999999999991,"quad"
85,0.5,0.746666666666667,0.386666666666667,0.431774264903736,0.459289669433637,0.3,3.97000000000003,6.75999999999999,1.6400000000001,3.41999999999985,"quad"
86,0.5,0.14,0.88,0.764678178431113,0.00518111932584775,0.46,3.5,8.75000000000023,2.17999999999984,3.53999999999996,"quad"
87,0.5,0.633333333333333,0.633333333333333,0.596514534795258,0.225178511998747,0.38,3.38000000000011,9.19999999999982,1.88000000000011,3.42999999999984,"quad"
88,0.5,0.666666666666667,0.48,0.0271489733935053,0.00865379599984517,0.92,3.42000000000007,10.96,2,5.5300000000002,"quad"
89,0.5,0.506666666666667,0.386666666666667,0.98815165501762,0.806561117197042,0.48,3.28999999999996,11.46,2.26999999999998,2.7800000000002,"quad"
90,0.5,0.953333333333333,0.64,0.103787980890447,0.249163422044425,0.86,3.29999999999995,9.6400000000001,1.5,3.79999999999995,"quad"
91,0.5,0.473333333333333,0.2,0.0726645676564104,0.0179466258820916,0.48,3.40999999999985,11.25,1.7800000000002,3.33999999999992,"quad"
92,0.5,0.44,0.473333333333333,0.503435907392504,0.0564634934061701,0.52,3.48000000000002,8.46000000000004,1.97000000000003,3.83999999999992,"quad"
93,0.5,0.446666666666667,0.58,0.321079748157576,0.509700457196073,0.68,3.44000000000005,9.22000000000003,1.41999999999985,3.22000000000003,"quad"
94,0.5,0.54,0.446666666666667,0.290807778968904,0.0204429822845721,0.02,3.43000000000006,7.28999999999996,1.55999999999995,3.92000000000007,"quad"
95,0.5,0.226666666666667,0.333333333333333,0.186407133384871,0.0578774039459878,0.32,3.46000000000004,10.3599999999999,1.68000000000006,3.48000000000002,"quad"
96,0.5,0.0533333333333333,0.146666666666667,0.283839497404149,0.00379391279258878,0.76,3.52999999999997,7.77999999999997,1.6400000000001,3.18999999999983,"quad"
97,0.5,0.86,0.686666666666667,0.236760628806295,0.108474048045225,0.58,3.47000000000003,8.16000000000008,1.53999999999996,3.21000000000004,"quad"
98,0.5,0.7,0.44,0.0479837193274728,0.0754526706118333,0.04,3.46000000000004,11.05,2.02999999999997,3.25,"quad"
99,0.5,0.32,0.76,0.607807700307562,0.24788252097301,0.48,3.46000000000004,12.1400000000001,2.14999999999986,3.31999999999994,"quad"
100,0.5,0.466666666666667,0.926666666666667,0.458965935914343,0.296528592612808,0.14,3.50999999999999,10.22,2.48000000000002,3.74000000000001,"quad"
101,0.5,0.366666666666667,0.586666666666667,0.204604039967933,0.00613814830476356,0.6,3.58000000000015,8.1099999999999,1.41000000000008,3.14999999999986,"quad"
102,0.5,0.2,0.306666666666667,0.724932913123344,0.267897031229965,0.36,3.28999999999996,8.31000000000017,1.5,3.25,"quad"
103,0.5,0.193333333333333,0.82,0.0559136524868482,0.0351880245438875,0.2,3.32999999999993,11.2,2.24000000000001,3.23000000000002,"quad"
104,0.5,0.453333333333333,0.533333333333333,0.0542447952944967,0.0598327521566036,0.72,3.29999999999995,9.47000000000003,1.66999999999985,3.44000000000005,"quad"
105,0.5,0.18,0.06,0.0409608695977401,0.00302574477964002,0.18,3.29999999999995,9.04000000000019,2.02999999999997,3.46000000000004,"quad"
106,0.5,0.486666666666667,0.56,0.101583440987126,0.029345475236606,0.8,3.27999999999997,10.1099999999999,3.22000000000003,3.00999999999999,"quad"
107,0.5,0.28,0.34,0.252063827673231,0.00288127067009147,0.18,3.38000000000011,7.27999999999997,1.77999999999997,3.55999999999995,"quad"
108,0.5,0.28,0.313333333333333,0.185875962564932,0.211013695489405,0.86,3.45000000000005,10.7199999999998,1.97000000000025,3.88000000000011,"quad"
109,0.5,0.0266666666666667,0.506666666666667,0.897865603605906,0.163713747791895,0.82,3.5300000000002,7.23999999999978,1.97000000000025,3.2199999999998,"quad"
110,0.5,0.686666666666667,0.186666666666667,0.623163442435765,0.302244567361813,0.02,3.34000000000015,7.83999999999969,1.46000000000004,3.65000000000009,"quad"
111,0.5,0.9,0.6,1,0.219581782086397,0.8,3.32999999999993,8.38000000000011,1.73000000000002,3.23000000000002,"quad"
112,0.5,0.5,0.16,0.219040011514007,0.241897021493561,0.56,3.33999999999992,7.68000000000006,3.15000000000009,3.82999999999993,"quad"
113,0.5,0.426666666666667,0.313333333333333,0.380292862280325,0.216044171193281,0.04,3.3599999999999,6.62000000000012,1.26999999999998,3.41000000000008,"quad"
114,0.5,0.553333333333333,0.386666666666667,0.192749598057481,0.152296737024934,0.12,3.51999999999998,6.53999999999996,1.44000000000005,3.7199999999998,"quad"
115,0.5,0.686666666666667,0.9,0.498266995863475,0.156750581013786,0.08,3.61000000000013,10.4100000000001,1.78999999999996,3.71000000000004,"quad"
116,0.5,0.953333333333333,0.886666666666667,0.0755629040869625,0.0167765037778875,0.96,3.52999999999997,8.50999999999999,1.6099999999999,3.75,"quad"
117,0.5,0.253333333333333,0.746666666666667,1,0.517283342660754,0.9,3.5,6.94000000000005,1.40000000000009,3.93999999999983,"quad"
118,0.5,0.826666666666667,0.5,0.378579663351328,0.900282588032763,0.26,3.45000000000005,8.61000000000013,1.65999999999985,3.62000000000012,"quad"
119,0.5,0.54,0.64,0.505528079097314,0.402858143218089,0.46,3.5,11.1099999999999,1.91000000000008,3.89999999999986,"quad"
120,0.5,0.946666666666667,0.6,0.0906741392102377,0.0380419302679325,0.76,3.44000000000005,10.1200000000001,1.49000000000001,3.33999999999992,"quad"
121,0.5,0.9,0.493333333333333,0.18960971396168,0.212615900770041,0.9,3.55999999999995,8.6400000000001,1.5,4.44000000000005,"quad"
122,0.5,0.26,0.326666666666667,0.417212385247547,0.131307715136845,0.3,3.4699999999998,11.4100000000001,2.06999999999994,3.22000000000003,"quad"
123,0.5,0.886666666666667,0.573333333333333,1,0.581960738743701,0.94,3.38000000000011,7.16999999999985,1.59000000000015,3.21000000000004,"quad"
124,0.5,0.08,0.0133333333333333,1,0.0851135387360409,0.32,3.27999999999997,10.8899999999999,2.98000000000002,3.96000000000004,"quad"
125,0.5,0.633333333333333,0.173333333333333,0.376507689213911,0.149015760665915,0.06,3.40000000000009,10.24,1.82999999999993,3.71000000000004,"quad"
126,0.5,0.466666666666667,0.0866666666666667,0.101243476012831,0.0218886463084711,0.26,3.37999999999988,7.6400000000001,1.55999999999995,3.04999999999995,"quad"
127,0.5,0.0333333333333333,0.18,0.66502720208821,0.649439026585072,0.72,3.35000000000014,8.66999999999985,1.45000000000005,3.5,"quad"
128,0.5,0.04,0.0133333333333333,0.541664216389552,0.00978998415448007,0.18,3.33000000000015,12.53,1.84999999999991,4.06999999999994,"quad"
129,0.5,0.546666666666667,0.96,0.0952085608365096,0.0330742716683329,0.16,3.49000000000001,7.83000000000015,1.52999999999997,3.5,"quad"
130,0.5,0.0266666666666667,0.333333333333333,0.0252345851468152,0.220699166478472,0.64,3.38999999999987,8.43000000000029,1.73000000000002,3.57999999999993,"quad"
131,0.5,0.0333333333333333,0.0933333333333333,0.0983630725899047,0.0585347302834041,0.56,3.5,9.38000000000011,2.05999999999995,3.26999999999998,"quad"
132,0.5,0.746666666666667,0.44,0.132986324846238,0.00125132888161017,0.22,3.38999999999987,10.04,1.61999999999989,3.36000000000013,"quad"
133,0.5,0.5,0.813333333333333,0.460897066352969,0.592007650902143,0.28,3.26999999999998,9.26000000000022,1.83999999999969,3.46000000000004,"quad"
134,0.5,0.66,0.886666666666667,0.619996151520864,0.027937578644348,0.9,3.3599999999999,6.86000000000013,1.19999999999982,4.04000000000019,"quad"
135,0.5,0.733333333333333,0.386666666666667,0.551328351292093,0.305759275315223,0.66,3.5,6.55999999999995,1.20000000000005,7.76999999999998,"quad"
136,0.5,0.353333333333333,0.373333333333333,0.205433032662997,0.00265533343330548,0.18,3.55999999999995,10.3099999999999,1.80999999999995,4.08000000000015,"quad"
137,0.5,0.426666666666667,0.826666666666667,0.74846187748661,0.296862068286236,0.42,3.63999999999987,8.45000000000005,1.76999999999998,3.27999999999997,"quad"
138,0.5,0.18,0.366666666666667,0.500085532882203,0.489270518762705,0.54,3.47000000000003,10.3099999999999,2.13000000000011,3.83999999999992,"quad"
139,0.5,0.0266666666666667,0.02,0.0947227531210262,0.126396295089645,0.32,3.48000000000002,9.16000000000008,2.11999999999989,4.01999999999998,"quad"
140,0.5,0.14,0.546666666666667,0.248562852719182,0.244384866126587,0.06,3.61999999999989,9.6099999999999,2.02000000000021,3.14999999999986,"quad"
141,0.5,0.106666666666667,0.08,0.115996305897937,0.395793303815691,0.16,3.77999999999997,8.98000000000002,1.8900000000001,3.72000000000003,"quad"
142,0.5,0.626666666666667,0.833333333333333,0.768135939923985,0.19704871254789,0.16,3.52999999999997,11.24,2.13999999999987,3.31000000000017,"quad"
143,0.5,0.473333333333333,0.58,0.443812640270926,0.715697697630531,0.62,3.66999999999985,8.54999999999995,1.81000000000017,3.84999999999991,"quad"
144,0.5,0.54,0.74,0.0158887193182915,0.0162595969178801,0.12,3.58999999999992,8.86000000000013,1.77999999999997,3.07999999999993,"quad"
145,0.5,0.0266666666666667,0.00666666666666667,0.0631728341597826,0.0562047947620009,0.78,3.34000000000015,7.75,1.54999999999995,3.5,"quad"
146,0.5,0.94,0.62,0.318057136559869,0.111107335866311,0.8,3.27999999999997,9.3900000000001,1.41999999999985,3.69000000000005,"quad"
147,0.5,0.486666666666667,0.673333333333333,0.228866600962368,0.0419098467176338,0.84,3.33999999999992,8.25,1.88000000000011,3.46000000000004,"quad"
148,0.5,0.24,0.686666666666667,0.290646777492009,0.392534310053426,0.98,3.38999999999987,8.45000000000005,2.38000000000011,3.22000000000003,"quad"
149,0.5,0.926666666666667,0.706666666666667,0.101995519929206,0.105635107068337,0.98,3.77999999999997,7.29999999999995,1.34999999999991,3.16000000000008,"quad"
150,0.5,0.793333333333333,0.733333333333333,0.33680799635015,0.128113186677026,0.16,3.5,6.37000000000012,1.40999999999985,4.8900000000001,"quad"
151,0.5,0.346666666666667,0.0466666666666667,0.515644313269444,0.126105345990413,0.18,4.04999999999995,7.95000000000005,1.68000000000006,3.52999999999997,"quad"
152,0.5,0.193333333333333,0.48,0.117143589631163,0.00760866413605277,0.22,3.57999999999993,9.19999999999982,4.45000000000027,3.69000000000005,"quad"
153,0.5,0.546666666666667,0.206666666666667,0.035122942313071,0.0280295961029723,0.92,3.65999999999985,15.0999999999999,3.57000000000016,3.48000000000002,"quad"
154,0.5,0.633333333333333,0.473333333333333,0.191033456946187,0.0162148897474725,0.12,3.51999999999998,7.40000000000009,1.29999999999973,3.98000000000002,"quad"
155,0.5,0.786666666666667,0.886666666666667,0.090436233699291,0.18131756945569,0.1,3.39000000000033,10.1399999999999,1.9699999999998,3,"quad"
156,0.5,0.893333333333333,0.993333333333333,0.939476161462378,0.321123667211384,0.14,3.25999999999999,8.47000000000003,2.29999999999995,3.25,"quad"
157,0.5,0.146666666666667,0.2,0.357982718355874,0.314393496630362,0.34,3.34999999999991,7.66000000000008,1.66000000000008,3.33999999999992,"quad"
158,0.5,0.0733333333333333,0.52,0.830062614491453,0.277042109346617,0.58,3.5,8.93000000000006,1.78999999999996,3.61999999999989,"quad"
159,0.5,0.846666666666667,0.413333333333333,0.0977046333014837,0.0418271783345159,0.68,3.50999999999999,9.38999999999987,2.19000000000005,3.19000000000005,"quad"
160,0.5,0.76,0.486666666666667,0.419541623104813,0.164965865798804,0.68,3.47000000000003,12.3699999999999,2.5,3.49000000000001,"quad"
161,0.5,0.926666666666667,0.326666666666667,0.246942467551436,0.506680756225159,0.4,3.43000000000006,8.87999999999988,1.40000000000009,3.31999999999994,"quad"
162,0.5,0.546666666666667,0.246666666666667,0.167482268856864,0.0468922857803595,0.16,3.6400000000001,8.1099999999999,1.94000000000005,3.30999999999995,"quad"
163,0.5,0.966666666666667,0.833333333333333,0.257328933885545,0.0828208016306565,0.04,3.50999999999999,8.66000000000008,1.80999999999995,2.99000000000001,"quad"
164,0.5,0.0266666666666667,0.0133333333333333,0.658725428345327,0.379133520648529,0.14,3.5,8.77999999999997,2.02999999999997,3.22000000000003,"quad"
165,0.5,0.14,0.286666666666667,0.0919928417921276,0.234781475825132,0.02,3.45000000000005,9.72000000000003,2.17000000000007,5.84999999999991,"quad"
166,0.5,0.293333333333333,0.546666666666667,0.10805002343545,0.156962169853877,0.64,3.66000000000008,9.27999999999997,1.69000000000005,3,"quad"
167,0.5,0.413333333333333,0.18,0.393190232160691,0.513441516049575,0.64,3.30999999999995,8.54999999999995,1.71000000000004,3.03999999999996,"quad"
168,0.5,0.826666666666667,0.28,0.550364631325237,0.0608609381584737,0.3,3.40000000000009,6.1099999999999,1.32999999999993,3.42000000000007,"quad"
169,0.5,0.833333333333333,0.726666666666667,0.63412549971757,0.148938048948602,0.72,3.41000000000008,8.82999999999993,1.75,3.23000000000002,"quad"
170,0.5,0.0133333333333333,0.00666666666666667,0.222140560105877,0.175975735648273,0.26,3.46000000000004,9.81999999999994,1.81999999999994,3.32000000000016,"quad"
171,0.5,0.76,0.3,0.860083963142132,0.315498745816611,0.8,3.38999999999987,7.6400000000001,1.61999999999989,3.36000000000013,"quad"
172,0.5,0.9,0.733333333333333,0.060833403170292,0.104359289778483,0.44,3.33999999999992,8.01999999999998,1.5,2.8900000000001,"quad"
173,0.5,0.94,0.62,0.209540282625148,0.0105161423356459,0.4,3.31999999999994,8.37000000000012,1.44999999999982,2.79000000000019,"quad"
174,0.5,0.766666666666667,0.986666666666667,0.617680743712278,0.193600194996495,0.44,3.33999999999992,7.86999999999989,1.55000000000018,3.80999999999995,"quad"
175,0.5,0.766666666666667,0.613333333333333,0.115904827798888,0.0072585581927026,0.52,3.36000000000013,9.44999999999982,2.40999999999985,3.62000000000035,"quad"
176,0.5,0.966666666666667,0.893333333333333,1,0.0890816209927867,0.54,3.40999999999985,9.15000000000009,1.52999999999975,3.35000000000036,"quad"
177,0.5,0.28,0.513333333333333,0.399582377533295,0.134851401841295,0.62,3.33999999999969,8.51999999999998,1.37000000000035,3.13999999999987,"quad"
178,0.5,0.36,0.0533333333333333,0.20595336400298,0.00457899980972398,0.46,3.25,8.63999999999987,1.48000000000002,3,"quad"
179,0.5,0.206666666666667,0.293333333333333,0.287427579773689,0.212702004601868,0.06,3.33000000000015,8.51999999999998,1.25999999999999,4.12999999999988,"quad"
180,0.5,0.0333333333333333,0.713333333333333,0.213817013010265,0.00502800836481998,0.58,3.36000000000013,9.5,1.8599999999999,3.08000000000015,"quad"
181,0.5,0.813333333333333,0.306666666666667,0.29642800093252,0.0845684328808622,0.22,3.5,10.9599999999998,2.51999999999998,3.73000000000002,"quad"
182,0.5,0.5,0.2,0.0152199435918701,0.00245335879877384,0.02,3.44000000000005,12.72,2.38000000000011,3.41999999999985,"quad"
183,0.5,0.746666666666667,0.3,0.934258662234671,0.22070674564805,0.74,3.48000000000002,7.71000000000004,1.43000000000006,3.84999999999991,"quad"
184,0.5,0.46,0.173333333333333,1,0.438458314500896,0.44,3.52999999999997,8.36000000000013,1.51999999999998,3.00999999999999,"quad"
185,0.5,0.133333333333333,0.306666666666667,0.105942729125641,0.240547767094789,0.7,3.5,10.6199999999999,2.43000000000006,3.25,"quad"
186,0.5,0.06,0.0533333333333333,0.385699829517253,0.00477396210598902,0.08,3.66000000000008,6.97000000000003,1.44999999999982,4.5,"quad"
187,0.5,0.433333333333333,0.173333333333333,0.555746664671719,0.31925413681148,0.02,3.42999999999984,14.3,2.16000000000008,3.37000000000012,"quad"
188,0.5,0.386666666666667,0.966666666666667,1,0.447316170994471,0.9,3.4699999999998,7.77000000000021,1.5,4.13999999999987,"quad"
189,0.5,0.293333333333333,0.286666666666667,0.356660343064885,0.00121144981341703,0.44,3.47000000000003,10.21,2.22000000000003,3.15999999999985,"quad"
190,0.5,0.646666666666667,0.506666666666667,1,0.727138096765478,0.78,3.42000000000007,8.20000000000005,1.71000000000004,4.07999999999993,"quad"
191,0.5,0.926666666666667,0.82,0.710710065850028,0.901896216465014,0.24,3.43000000000006,7.13999999999987,1.47000000000003,4.05999999999995,"quad"
192,0.5,0.953333333333333,0.8,0.331251089127875,0.476094606026803,0.46,3.32000000000016,7.88999999999987,1.50999999999999,3.32000000000016,"quad"
193,0.5,0.78,0.466666666666667,0.0171943211621046,0.00882788938330947,0.36,3.34999999999991,8.55999999999995,2.1400000000001,3.25,"quad"
194,0.5,0.2,0.153333333333333,0.360936037684109,0.273538940264453,0.84,3.45000000000005,8.41999999999985,1.66000000000008,3.26999999999998,"quad"
195,0.5,0.486666666666667,0.44,0.0696357876418789,0.00426605475616326,0.94,3.24000000000001,8.3900000000001,2.28999999999996,7.06999999999994,"quad"
196,0.5,0.606666666666667,0.673333333333333,0.667418176953623,0.282951298647822,0.6,3.33999999999992,8.92000000000007,1.49000000000001,3.23000000000002,"quad"
197,0.5,0.473333333333333,0.4,0.735566359266149,0.073682468911353,0.98,3.36000000000013,7.13999999999987,1.65999999999985,4.17000000000007,"quad"
198,0.5,0.28,0.926666666666667,0.933478328900502,0.0354383085080369,0.14,3.57999999999993,8.53999999999996,1.33000000000038,3.30999999999995,"quad"
199,0.5,0.426666666666667,0.58,0.180350437685034,0.0752458204221836,0.28,3.38999999999987,8.69999999999982,1.80000000000018,2.90999999999985,"quad"
200,0.5,0.386666666666667,0.08,0.400223817432014,0.701775667844213,0.12,3.30999999999995,8.82999999999993,1.74000000000024,3.19999999999982,"quad"
1,1.5,0.686666666666667,0.5,0.357639097496899,0.140799777837275,0.42,3.36999999999989,14.3600000000001,2.61000000000013,3.55999999999995,"cubic"
2,1.5,0.133333333333333,0.54,0.536889016417049,0.555984784192902,0.08,3.36000000000013,16.25,4.15999999999985,3.63999999999987,"cubic"
3,1.5,0.613333333333333,0.253333333333333,1,0.755250917762035,0.78,3.38000000000011,13.5700000000002,1.96000000000004,3.80999999999995,"cubic"
4,1.5,0.193333333333333,0.113333333333333,0.0749615644372981,0.0146944124619367,0.52,3.65000000000009,20.4499999999998,2.40000000000009,3.30000000000018,"cubic"
5,1.5,0.533333333333333,0.26,1,0.146233480292338,0.96,3.48000000000002,18.7199999999998,4.69000000000005,3.69000000000005,"cubic"
6,1.5,0.946666666666667,0.533333333333333,0.373423225530797,0.0265348934824424,0.14,3.48999999999978,14.79,5.80000000000018,3.40999999999985,"cubic"
7,1.5,0.753333333333333,0.733333333333333,0.387144423110982,0.125848376967832,0.92,3.46000000000004,15.8000000000002,3.85999999999967,3.36000000000013,"cubic"
8,1.5,0.633333333333333,0.0933333333333333,0.426589392762598,0.659503996483623,0.22,3.61000000000013,31.5799999999999,4.13999999999987,3.20000000000027,"cubic"
9,1.5,0.06,0.32,0.851639677168871,0.234120353957133,0.54,3.48999999999978,24.96,4.26999999999998,3.23000000000002,"cubic"
10,1.5,0.266666666666667,0.713333333333333,0.312063474902177,0.00778157243821032,0.46,3.44999999999982,19.02,3.19000000000005,3.55999999999995,"cubic"
11,1.5,0.406666666666667,0.673333333333333,0.957896864433693,0.0792173608700979,0.22,3.76000000000022,12.3200000000002,1.60999999999967,3.20000000000027,"cubic"
12,1.5,0.72,0.826666666666667,0.617457876464609,0.261119356811104,0.02,3.69999999999982,21.0999999999999,2.32000000000016,3.57000000000016,"cubic"
13,1.5,0.02,0.1,0.674628482243307,0.773300864642304,0.26,3.46000000000004,23.1500000000001,4.29999999999973,3.19000000000005,"cubic"
14,1.5,0.76,0.966666666666667,0.87266805751871,0.571776939251337,0.74,3.76000000000022,10.7999999999997,3.08000000000038,3.69999999999982,"cubic"
15,1.5,0.353333333333333,0.833333333333333,0.165109066132068,0.255177285728384,0.3,3.75,13.48,2.7800000000002,4.83999999999969,"cubic"
16,1.5,0.213333333333333,0.126666666666667,0.97045062636898,0.376271643732906,0.82,4.09000000000015,20.04,3.94999999999982,3.75,"cubic"
17,1.5,0.726666666666667,0.8,0.689444891070597,0.396009548702662,0.02,3.84000000000015,23.3099999999999,5.01999999999998,4.42000000000007,"cubic"
18,1.5,0.426666666666667,0.633333333333333,1,0.784272119643038,0.1,4.13999999999987,18.8500000000004,5.80999999999995,4.60999999999967,"cubic"
19,1.5,0.02,0.546666666666667,1,0.774868034394523,0.8,4.05000000000018,14.8400000000001,2.7199999999998,3.20000000000027,"cubic"
20,1.5,0.42,0.833333333333333,1,0.953616162907993,0.8,3.54999999999973,24.73,6.05000000000018,3.79999999999973,"cubic"
21,1.5,0.4,0.826666666666667,1,0.861016883889816,0.1,3.7199999999998,32.6600000000003,7.94999999999982,4.4699999999998,"cubic"
22,1.5,0.48,0.253333333333333,1,0.28625585873499,0.74,4.19000000000005,18.9699999999998,3.92000000000007,4.15999999999985,"cubic"
23,1.5,0.866666666666667,0.24,0.232995840681877,7.62676929844108e-06,0.08,3.40000000000009,18.0500000000002,3.33999999999969,3.41000000000031,"cubic"
24,1.5,0.34,0.493333333333333,0.200251257282124,0.470150075654114,0.36,3.27999999999975,26,6.32999999999993,3.05999999999995,"cubic"
25,1.5,0.74,0.773333333333333,0.502622452697594,0.174686676320246,0.62,3.48999999999978,23.1700000000001,3.44000000000005,2.98000000000002,"cubic"
26,1.5,0.98,0.986666666666667,0.771364104630984,0.962739735062597,0.28,3.48000000000002,17.3600000000001,2.94999999999982,3.30000000000018,"cubic"
27,1.5,0.286666666666667,0.273333333333333,0.54222501935659,0.0563658669665178,0.42,3.48999999999978,19.98,5.48000000000002,3.19000000000005,"cubic"
28,1.5,0.546666666666667,0.1,0.259800132411313,0.433679943332015,0.76,3.48000000000002,16.4700000000003,3.5,3.40999999999985,"cubic"
29,1.5,0.08,0.746666666666667,0.633118672999889,0.00434168502223409,0.24,3.4699999999998,20.8400000000001,3.98000000000002,3.36000000000013,"cubic"
30,1.5,0.28,0.166666666666667,0.547583265604821,0.345588377321378,0.08,3.51999999999998,14.9099999999999,3.55999999999995,3.34000000000015,"cubic"
31,1.5,0.286666666666667,0.526666666666667,1,0.230704752672982,0.12,3.52999999999975,20.1600000000003,6.44000000000005,3.03999999999996,"cubic"
32,1.5,0.793333333333333,0.78,1,0.5184084400956,0.82,3.50999999999976,20.25,4.32000000000016,3.2199999999998,"cubic"
33,1.5,0.0266666666666667,0.28,1,0.395843604880786,0.8,3.48000000000002,30.3800000000001,6.46000000000004,3.32000000000016,"cubic"
34,1.5,0.14,0.593333333333333,0.0220870430217219,0.193754199456197,0.06,3.75,29.5,5.63000000000011,3.75,"cubic"
35,1.5,0.566666666666667,0.42,0.497603227608312,0.471811314915446,0.28,3.67999999999984,18.3600000000001,3.59999999999991,4.11999999999989,"cubic"
36,1.5,0.56,0.926666666666667,0.474742285880501,0.299632168471841,0.28,4.19000000000005,26.8600000000001,4.7800000000002,4.02999999999975,"cubic"
37,1.5,0.546666666666667,0.933333333333333,0.388488223200842,0.255671255358739,0.62,3.92000000000007,26.5,3.34999999999991,4.47000000000025,"cubic"
38,1.5,0.46,0.513333333333333,0.0867581540312643,0.0032129986123548,0.72,4.19000000000005,18.1199999999999,5.41000000000031,4.4699999999998,"cubic"
39,1.5,0.4,0.226666666666667,0.404882589403005,0.201337113531316,0.46,4,24.6199999999999,3.94000000000005,4.49000000000024,"cubic"
40,1.5,0.08,0.24,0.339128319225857,0.09756748010303,0.6,4.11000000000013,20.9400000000001,3.75999999999976,3.90000000000009,"cubic"
41,1.5,0.906666666666667,0.76,0.362809873364726,0.0204830391415037,0.74,3.73000000000002,23.8400000000001,6.82999999999993,4.84999999999991,"cubic"
42,1.5,0.74,0.7,1,0.136408296516321,0.58,4.09000000000015,21.3099999999999,3.04999999999973,3.92000000000007,"cubic"
43,1.5,0.673333333333333,0.306666666666667,0.235934858586457,0.241073599642012,0.6,3.7800000000002,15.2799999999997,4.35000000000036,3.10999999999967,"cubic"
44,1.5,0.866666666666667,0.68,0.284591784419677,0.248142293052488,0.56,3.39000000000033,22.48,4.80999999999995,2.60999999999967,"cubic"
45,1.5,0.546666666666667,0.913333333333333,0.21236443511833,0.401619227505808,0.9,3.0300000000002,14.98,1.96000000000004,3,"cubic"
46,1.5,0.02,0.246666666666667,0.475853643278932,0.390869167478582,0.4,3.38999999999987,23.1400000000003,2.44000000000005,3.05999999999995,"cubic"
47,1.5,0.513333333333333,0.513333333333333,0.615147309466729,0.0159928309722107,0.96,3.38999999999987,14.1399999999999,3.17000000000007,3.49000000000024,"cubic"
48,1.5,0.0533333333333333,0.22,0.368867409089243,0.0223344112100134,0.52,3.41999999999962,14.1100000000001,3.5300000000002,3.10999999999967,"cubic"
49,1.5,0.866666666666667,0.813333333333333,0.098137472302037,0.43284559849381,0.6,3.48000000000002,28.02,4.58000000000038,3.25,"cubic"
50,1.5,0.606666666666667,0.346666666666667,1,0.028562491340914,0.68,3.44999999999982,13.5900000000001,2.7199999999998,3.21000000000004,"cubic"
51,1.5,0.32,0.713333333333333,1,0.556801802145393,0.9,3.61000000000013,21.5299999999997,3.23000000000002,3.32999999999993,"cubic"
52,1.5,0.133333333333333,0.00666666666666667,0.340399602271641,0.346029124498603,0.46,3.51999999999998,23.8600000000001,5.44999999999982,3.05000000000018,"cubic"
53,1.5,0.673333333333333,0.6,0.93155123331981,0.0979272168549578,1,3.44999999999982,17.8899999999999,2.68000000000029,3.67000000000007,"cubic"
54,1.5,0.186666666666667,0.666666666666667,0.414322503153108,0.354638121793399,0.38,3.61000000000013,23.7199999999998,3.26999999999998,3.26000000000022,"cubic"
55,1.5,0.946666666666667,0.68,0.320898438103819,0.0498290940648612,0.66,3.5,17.25,3.96000000000004,4.05999999999995,"cubic"
56,1.5,0.04,0.686666666666667,0.448992880698526,0.412689207974354,0.66,3.5300000000002,29.8800000000001,4.77999999999975,3.19000000000005,"cubic"
57,1.5,0.286666666666667,0.546666666666667,0.708338072346896,0.0115760744164614,0.02,3.59000000000015,21.8299999999999,2.76999999999998,3.28999999999996,"cubic"
58,1.5,0.306666666666667,0.113333333333333,0.372017090502516,0.062506318228233,0.82,3.67000000000007,22.2800000000002,2.87999999999965,3.86000000000013,"cubic"
59,1.5,0.153333333333333,0.486666666666667,0.949573003040511,0.343680416977479,0.2,3.65000000000009,35.2799999999997,11.2400000000002,3.67000000000007,"cubic"
60,1.5,0.98,0.973333333333333,0.738443132786289,0.459278694421316,0.78,3.83999999999969,20.77,3.66000000000031,3.88999999999987,"cubic"
61,1.5,0.633333333333333,0.7,0.463498172317404,0.0624232895614381,0.7,4.19999999999982,21.7199999999998,2.75,4.43000000000029,"cubic"
62,1.5,0.926666666666667,0.533333333333333,0.225328178916114,0.393129673784124,0.76,4.09999999999991,15.5799999999999,3.86000000000013,3.38000000000011,"cubic"
63,1.5,0.533333333333333,0.813333333333333,0.0652632663177979,0.0184731804925926,0.22,3.71000000000004,36.73,5.76999999999998,4.13999999999987,"cubic"
64,1.5,0.873333333333333,0.98,0.520364162193997,0.0308533310307092,0.96,3.7199999999998,26.9100000000003,4.50999999999976,4.99000000000024,"cubic"
65,1.5,0.16,0.113333333333333,0.0720638578405524,0.302110960639918,0.52,4.07999999999993,18.3699999999999,2.30999999999995,4.40999999999985,"cubic"
66,1.5,0.386666666666667,0.22,0.755293120362212,0.558333746118396,0.32,3.86000000000013,17.5300000000002,2.33999999999969,3.19000000000005,"cubic"
67,1.5,0.18,0.0866666666666667,0.464297480260224,0.0161359698843033,0.94,3.40000000000009,11.7800000000002,1.82999999999993,3.32999999999993,"cubic"
68,1.5,0.146666666666667,0.306666666666667,0.324227097944724,0.133714346415668,0.02,3.38999999999987,17.2799999999997,3.75,3.15000000000009,"cubic"
69,1.5,0.04,0.24,0.902617516097272,0.0395102318829346,0.08,3.26999999999998,19.8000000000002,4.17999999999984,3.16000000000031,"cubic"
70,1.5,0.726666666666667,0.5,0.576224058305025,0.258624128978721,0.18,3.41999999999962,16.1900000000001,4.11000000000013,3.2800000000002,"cubic"
71,1.5,0.933333333333333,0.666666666666667,0.386886686811641,0.00862354279785349,0.88,3.48000000000002,22.3799999999997,3.03999999999996,3.25,"cubic"
72,1.5,0.14,0.686666666666667,0.705825767338238,0.966195421583209,0.56,3.55000000000018,20.4499999999998,4.62000000000035,3.19000000000005,"cubic"
73,1.5,0.253333333333333,0.113333333333333,1,0.0650126764614,0.06,3.58999999999969,12.8000000000002,4.55999999999995,3.25,"cubic"
74,1.5,0.0933333333333333,0.526666666666667,0.168748912900934,0.338107403778974,0.58,3.36999999999989,16.8000000000002,3.78999999999996,3.11000000000013,"cubic"
75,1.5,0.42,0.16,0.0418428103734889,0.00760779084438379,0.5,3.59999999999991,19.5599999999999,4.36999999999989,3.26999999999998,"cubic"
76,1.5,0.8,0.26,1,0.085125982116927,0.08,3.47000000000025,16.6399999999999,6.26999999999998,3.26000000000022,"cubic"
77,1.5,0.213333333333333,0.793333333333333,0.763311499349278,0.792557554947079,0.7,3.39999999999964,25.8900000000003,7.15999999999985,3.4699999999998,"cubic"
78,1.5,0.953333333333333,1,0.335523043179982,0.0717573654493886,0.66,3.5300000000002,20.7199999999998,3.83000000000038,3.80999999999995,"cubic"
79,1.5,0.68,0.82,1,0.45905730594455,0.56,3.53999999999996,17.71,3.59999999999991,3.55000000000018,"cubic"
80,1.5,0.12,0.166666666666667,0.0957426897294287,0.0934446545752283,0.3,3.71000000000004,36.1799999999998,5.89000000000033,3.39999999999964,"cubic"
81,1.5,0.393333333333333,0.706666666666667,1,0.236283088843135,0.68,3.46000000000004,32.04,4.94000000000005,3.92000000000007,"cubic"
82,1.5,0.76,0.573333333333333,0.983811742006065,0.667225414386839,0.44,3.84999999999991,13.7800000000002,3.80999999999995,4.17000000000007,"cubic"
83,1.5,0.206666666666667,0.113333333333333,0.495080870669701,0.726411021254017,0.94,4.04999999999973,33.73,10.27,4.34000000000015,"cubic"
84,1.5,0.373333333333333,0.62,0.290765531231824,0.261850505564338,0.28,4.23000000000002,17.8299999999999,3.86000000000013,3.67000000000007,"cubic"
85,1.5,0.16,0.913333333333333,1,0.625078539438672,1,3.61000000000013,25.7599999999998,6.63000000000011,5.05999999999995,"cubic"
86,1.5,0.04,0.113333333333333,0.109789401134235,0.19329776368831,0.34,3.80000000000018,25.6799999999998,4.92999999999984,4.23000000000002,"cubic"
87,1.5,0.446666666666667,0.72,0.0936872453204713,0.527185199643362,0.5,4.11000000000013,21.6700000000001,3.75,3.73999999999978,"cubic"
88,1.5,0.92,0.366666666666667,0.922752016367107,0.522452456208314,0.54,3.76999999999998,19.3699999999999,2.82999999999993,3.22000000000025,"cubic"
89,1.5,0.213333333333333,0.173333333333333,0.209020356588003,0.0552815536462286,0.8,3.19999999999982,19.2400000000002,2.16999999999962,2.72000000000025,"cubic"
90,1.5,0.913333333333333,0.673333333333333,0.545461415190289,0.0421794361412171,0.44,3.38999999999987,18.2400000000002,2.40000000000009,3.03999999999996,"cubic"
91,1.5,0.493333333333333,0.513333333333333,0.269537683224087,0.298225197571859,0.92,3.34999999999991,11.27,2.63999999999987,3.59000000000015,"cubic"
92,1.5,0.18,0.24,1,0.248383807996954,0.6,3.42999999999984,15.1800000000003,3.81999999999971,3.65000000000009,"cubic"
93,1.5,0.426666666666667,0.64,0.97841581684479,0.636258727900559,0.98,3.49000000000024,22.6799999999998,4.17999999999984,3.12000000000035,"cubic"
94,1.5,0.853333333333333,0.72,1,0.781570157659796,0.1,3.41999999999962,14.3000000000002,4,3.59000000000015,"cubic"
95,1.5,0.666666666666667,0.986666666666667,0.233160497675755,0.0323660098375858,0.2,3.5,22.5599999999999,4.26999999999998,3.07999999999993,"cubic"
96,1.5,0.32,0.886666666666667,0.414021784264239,0.0493817013241293,0.18,3.52999999999975,17.3000000000002,1.9699999999998,3.36000000000013,"cubic"
97,1.5,0.466666666666667,0.853333333333333,1,0.279371849505012,0.16,3.42000000000007,14.2799999999997,2.67000000000007,2.96000000000004,"cubic"
98,1.5,0.0266666666666667,0.0133333333333333,0.463126215830896,0.278776254148801,0.18,3.67000000000007,21.2799999999997,3.7800000000002,3.25,"cubic"
99,1.5,0.48,0.273333333333333,0.648404024305576,0.012678021349225,0.04,3.7199999999998,17.1900000000001,2.86000000000013,3.0300000000002,"cubic"
100,1.5,0.786666666666667,0.606666666666667,0.146000681906498,0.342593113543295,0.22,3.57000000000016,15.3199999999997,3.33000000000038,3.79999999999973,"cubic"
101,1.5,0.586666666666667,0.886666666666667,0.479558461711692,0.0617687153169365,0.36,3.55999999999995,21.25,4.70000000000027,3.60999999999967,"cubic"
102,1.5,0.953333333333333,0.893333333333333,0.542954403538039,0.326216437622473,0.9,3.47000000000025,18.3499999999999,4.5300000000002,3.32999999999993,"cubic"
103,1.5,0.426666666666667,0.266666666666667,1,0.0555949046752324,0.14,3.80999999999995,17.9400000000001,6.95000000000027,3.54999999999973,"cubic"
104,1.5,0.206666666666667,0.0933333333333333,0.567888531032756,0.469052725216155,0.36,3.73000000000002,29.3400000000001,5.23999999999978,4.12000000000035,"cubic"
105,1.5,0.326666666666667,0.42,0.320295227394855,0.320090421181775,0.26,4.25,26.7399999999998,8.32999999999993,4.17000000000007,"cubic"
106,1.5,0.133333333333333,0.74,1,0.177503794728171,0.44,4.07999999999993,15.5900000000001,2.7800000000002,4.63999999999987,"cubic"
107,1.5,0.793333333333333,0.666666666666667,0.43152396392591,0.164513623005938,0.6,4.19999999999982,12.9700000000003,2.2199999999998,4.61000000000013,"cubic"
108,1.5,0.646666666666667,0.466666666666667,0.24616635502809,0.172345859183134,0.36,4.05000000000018,17.7199999999998,6.55000000000018,3.73000000000002,"cubic"
109,1.5,0.613333333333333,0.34,0.34447442190411,0.211010198323557,0.44,3.88999999999987,25.3700000000003,4.60999999999967,3.91000000000031,"cubic"
110,1.5,0.613333333333333,0.993333333333333,1,0.687793551418277,0.38,3.67000000000007,21.71,5.05999999999995,4.15999999999985,"cubic"
111,1.5,0.553333333333333,0.846666666666667,0.700277012558228,0.414162357021306,0.84,4.17000000000007,27.29,6.42000000000007,3.73000000000002,"cubic"
112,1.5,0.0533333333333333,0.08,0.199823234489933,0.0995651372644117,0.1,3.34000000000015,15.3099999999999,1.7199999999998,3.08000000000038,"cubic"
113,1.5,0.0666666666666667,0.0933333333333333,0.437269541916738,0.0232046905773075,0.22,3.38999999999987,16.3899999999999,3.22000000000025,3.41999999999962,"cubic"
114,1.5,0.953333333333333,0.426666666666667,0.980801340690514,0.410050300147078,0.24,3.47000000000025,14.8800000000001,5.23000000000002,3.4399999999996,"cubic"
115,1.5,0.2,0.173333333333333,0.608300851463376,0.0136235679833508,0.52,3.42999999999984,19.0100000000002,3.48999999999978,3.32000000000016,"cubic"
116,1.5,0.293333333333333,0.06,0.570588966018083,0.819334453689555,0.22,3.38999999999987,18.6900000000001,2.24000000000024,3.25,"cubic"
117,1.5,0.36,0.06,0.991693224740069,0.443679213581292,0.84,3.55999999999995,17.1100000000001,6.2199999999998,3.35000000000036,"cubic"
118,1.5,0.213333333333333,0.213333333333333,1,0.636962137079623,0.96,3.42999999999984,35.29,8.17000000000007,3.25,"cubic"
119,1.5,0.86,0.88,0.0581816081845872,0.0596263069350081,0.1,3.48000000000002,27.4099999999999,4.98000000000002,3.46000000000004,"cubic"
120,1.5,0.393333333333333,0.62,0.826269621709237,0.646811572226091,0.86,3.5,19.8899999999999,4.20000000000027,3.44999999999982,"cubic"
121,1.5,0.68,0.28,0.281134368910897,0.136986154558396,0.04,3.47000000000025,19.9399999999996,5.45000000000027,3.51999999999998,"cubic"
122,1.5,0.866666666666667,0.886666666666667,0.0610241443896429,0.0305529901423969,0.84,3.65000000000009,23.6099999999997,5.24000000000024,3.32999999999993,"cubic"
123,1.5,0.466666666666667,0.593333333333333,0.189377609635386,0.425002998450426,0.5,3.78999999999996,14.8099999999999,3.18000000000029,3.19999999999982,"cubic"
124,1.5,0.0466666666666667,0.0933333333333333,0.201670579112167,0.226975128126095,0.84,3.55999999999995,18.5999999999999,3.93000000000029,3.4699999999998,"cubic"
125,1.5,0.973333333333333,0.966666666666667,0.647745674399333,0.167505947121012,0.34,3.57999999999993,28.6700000000001,8.19000000000005,3.67000000000007,"cubic"
126,1.5,0.26,0.3,0.338560909770345,0.615660366593113,0.76,3.75999999999976,25.8300000000004,4.55999999999995,5.10999999999967,"cubic"
127,1.5,0.02,0.0133333333333333,0.494494984884866,0.000260388734297234,0.54,4.44000000000005,24.1400000000003,6.02999999999975,4.42000000000007,"cubic"
128,1.5,0.273333333333333,0.886666666666667,0.628453038855055,0.0120447142782625,0.62,4.26999999999998,16.5,3.96000000000004,3.34999999999991,"cubic"
129,1.5,0.313333333333333,0.106666666666667,0.501172981758643,0.819777464436003,0.5,3.73000000000002,20.4900000000002,3.66999999999962,4.19000000000005,"cubic"
130,1.5,0.353333333333333,0.773333333333333,0.183398419227169,0.642825970740053,0.76,3.94000000000005,20.2799999999997,3.01999999999998,4.21000000000004,"cubic"
131,1.5,0.313333333333333,0.513333333333333,0.0336724608289145,0.26813579995366,0.94,4.07999999999993,18.7200000000003,3.65999999999985,4.11000000000013,"cubic"
132,1.5,0.00666666666666667,0.0333333333333333,0.200641907447623,0.0702458060756758,0.42,4.00999999999976,27.6400000000003,6.34999999999991,3.11000000000013,"cubic"
133,1.5,0.653333333333333,0.6,0.179254646757618,0.0668631477141002,0.08,3.31999999999971,23.4300000000003,6.23000000000002,2.87999999999965,"cubic"
134,1.5,0.813333333333333,0.873333333333333,0.938684238474677,0.166082950724798,0.98,3.37999999999965,20.7600000000002,3,2.94999999999982,"cubic"
135,1.5,0.0666666666666667,0.28,0.229013732078388,0.576306060270724,0.28,3.51999999999998,31.9200000000001,4.49000000000024,3.25,"cubic"
136,1.5,0.38,0.666666666666667,1,0.33148135836649,0.76,3.71000000000004,14.25,2.42000000000007,3.84000000000015,"cubic"
137,1.5,0.933333333333333,0.82,0.227049028435205,0.0203634312385406,0.94,3.48999999999978,15.5900000000001,3,3.00999999999976,"cubic"
138,1.5,0.973333333333333,0.64,0.987628433840284,0.474909501528999,0.62,3.49000000000024,26.3599999999997,7.5300000000002,3.80999999999995,"cubic"
139,1.5,0.773333333333333,0.626666666666667,0.067283449621,0.0988279974242865,0.66,3.5,23.02,5.09000000000015,3.19999999999982,"cubic"
140,1.5,0.586666666666667,0.32,1,0.149270528849189,0.32,3.5,22.4700000000003,8.38999999999987,3.59000000000015,"cubic"
141,1.5,0.94,0.573333333333333,1,0.224343669237058,0.2,3.48999999999978,20.54,2.76999999999998,3.84000000000015,"cubic"
142,1.5,0.04,0.693333333333333,0.283298333174886,0.0174505774118293,0.08,3.51999999999998,19.8200000000002,8.23999999999978,3.55999999999995,"cubic"
143,1.5,0.7,0.213333333333333,1,0.644826279424748,0.72,3.55999999999995,27.4200000000001,3.98000000000002,3.46000000000004,"cubic"
144,1.5,0.126666666666667,0.513333333333333,1,0.19677256771154,0.54,3.54999999999973,16.8800000000001,2.36999999999989,3.5,"cubic"
145,1.5,0.78,0.686666666666667,0.574808120396589,0.00336563891884323,0.08,3.67000000000007,19.2200000000003,2.82999999999993,4.11999999999989,"cubic"
146,1.5,0.593333333333333,0.533333333333333,0.428644219252797,0.0411910991133329,0.88,3.82000000000016,19.8899999999999,4.03999999999996,4.73999999999978,"cubic"
147,1.5,0.753333333333333,0.633333333333333,1,0.0183647105537088,0.24,4.12000000000035,16.8299999999999,4.02999999999975,3.71000000000004,"cubic"
148,1.5,0.353333333333333,0.453333333333333,0.0263942018840928,0.00739216797398623,0.12,4.04999999999973,19.5600000000004,4.4399999999996,4.40000000000009,"cubic"
149,1.5,0.12,0.113333333333333,1,0.249692980757426,0.84,4.23000000000002,20.8000000000002,3.52999999999975,4.55000000000018,"cubic"
150,1.5,0.98,0.666666666666667,0.254966422033668,0.289017659917713,0.96,4.13999999999987,22.2200000000003,2.27999999999975,4.11000000000013,"cubic"
151,1.5,0.88,0.593333333333333,1,0.227433502400469,0.46,3.59000000000015,26.6199999999999,3.96000000000004,3.52999999999975,"cubic"
152,1.5,0.613333333333333,0.766666666666667,0.407262231080906,0.532706219711817,0.42,3.76999999999998,20.5599999999999,3.75,4.13000000000011,"cubic"
153,1.5,0.213333333333333,0.0666666666666667,1,0.480726187235124,0.6,3.98000000000002,37.9699999999998,4.55999999999995,4.51999999999998,"cubic"
154,1.5,0.446666666666667,0.58,0.761252991574738,0.749577127778549,0.32,3.59000000000015,20.77,3.67000000000007,3.09000000000015,"cubic"
155,1.5,0.426666666666667,0.92,0.823669893505654,0.0830204388579586,0.2,3.42999999999984,19.6500000000001,5.36000000000013,2.82999999999993,"cubic"
156,1.5,0.806666666666667,0.426666666666667,0.315752631274327,0.248033748513213,0.66,3.41999999999962,11.8100000000004,2.15999999999985,3.90000000000009,"cubic"
157,1.5,0.893333333333333,0.693333333333333,0.21624560999279,0.332053224838595,0.54,3.32999999999993,18.5299999999997,4.20000000000027,3.73999999999978,"cubic"
158,1.5,0.966666666666667,0.64,0.812351169807781,0.434765799136346,0.96,3.43000000000029,13.52,3.30999999999995,3.77999999999975,"cubic"
159,1.5,0.626666666666667,0.633333333333333,0.291365268165165,0.565555707427461,0.5,3.58000000000038,19.6999999999998,3.44000000000005,3.19999999999982,"cubic"
160,1.5,0.74,0.713333333333333,0.417641867888017,0.961987949777307,0.66,3.57999999999993,13.9700000000003,2.86000000000013,3.31999999999971,"cubic"
161,1.5,0.82,0.56,0.363826936778286,0.0339435501072545,0.32,3.5,15.77,2.42000000000007,3.69000000000005,"cubic"
162,1.5,0.353333333333333,0.493333333333333,0.348123241968506,0.18740725263843,0.96,3.40000000000009,23.1700000000001,5.38999999999987,3.42999999999984,"cubic"
163,1.5,0.62,0.713333333333333,0.249495356599646,0.325694098304648,0.06,3.45000000000027,20.48,6.19000000000005,3.13999999999987,"cubic"
164,1.5,0.5,0.54,0.718626406152518,0.140345703033681,0.56,3.4699999999998,20,2.11000000000013,3.5,"cubic"
165,1.5,0.613333333333333,0.706666666666667,1,0.45867815256666,0.32,3.48000000000002,17.3600000000001,4.25,3.02999999999975,"cubic"
166,1.5,0.54,0.126666666666667,1,0.104505731360569,0.56,3.44000000000005,15.7600000000002,1.98999999999978,3.42000000000007,"cubic"
167,1.5,0.253333333333333,0.3,0.410425032009655,0.336352781167657,0.9,3.51000000000022,18.6299999999997,3.09000000000015,3.44999999999982,"cubic"
168,1.5,0.693333333333333,0.613333333333333,0.635010718148909,0.874053323688619,0.04,3.5,16.5800000000004,5.4699999999998,3.34000000000015,"cubic"
169,1.5,0.546666666666667,0.433333333333333,0.0475951294348715,0.0171623319222329,0.28,3.63999999999987,16.1700000000001,2.38000000000011,3.64999999999964,"cubic"
170,1.5,0.74,0.373333333333333,0.286796427059596,0.171156797272299,0.88,3.7800000000002,25.4699999999998,5.65000000000009,4.47000000000025,"cubic"
171,1.5,0.0866666666666667,0.686666666666667,0.383372344821875,0.383206981567473,0.64,4.2199999999998,26.2800000000002,3.57999999999993,3.9699999999998,"cubic"
172,1.5,0.34,0.813333333333333,0.998634217943825,0.858483249540865,0.74,3.91000000000031,24.1099999999997,5.03999999999996,4.2800000000002,"cubic"
173,1.5,0.553333333333333,0.553333333333333,1,0.450413738383076,0.78,4.13999999999987,24.0599999999999,8.08000000000038,3.26999999999998,"cubic"
174,1.5,0.64,0.386666666666667,0.549501208091747,0.55727135553346,0.6,3.65999999999985,16.6500000000001,2.34999999999991,4.05000000000018,"cubic"
175,1.5,0.84,0.446666666666667,0.198271740085892,0.670636008236477,0.02,4.26000000000022,18.5,4.44999999999982,3.88999999999987,"cubic"
176,1.5,0.66,0.713333333333333,1,0.952303927531522,0.22,3.75,20.8000000000002,2.80999999999995,4.05000000000018,"cubic"
177,1.5,0.186666666666667,0.346666666666667,0.278297048657295,0.0822182395472409,0.36,4.00999999999976,14.9200000000001,3.25,4.11000000000013,"cubic"
178,1.5,0.233333333333333,0.0333333333333333,0.909105741169469,0.103124630004179,0.84,3.94999999999982,34.6300000000001,4.36000000000013,3.19999999999982,"cubic"
179,1.5,0.633333333333333,0.666666666666667,0.723002773208905,0.656856007257177,0.58,3.39000000000033,9.90999999999985,2.26999999999998,3.21000000000004,"cubic"
180,1.5,0.246666666666667,0.0866666666666667,0.0236137523155109,0.00713357530929082,0.22,3.51999999999998,15.8600000000001,2.75,3.15999999999985,"cubic"
181,1.5,0.22,0.286666666666667,0.261406338554886,0.00452805280443058,0.46,3.51999999999998,19.2199999999998,5.34999999999991,3.51999999999998,"cubic"
182,1.5,0.0266666666666667,0.78,0.751765526614177,0.164087197722268,0.42,3.42000000000007,30.3699999999999,5.08000000000038,3.40999999999985,"cubic"
183,1.5,0.02,0.393333333333333,1,0.661412120106503,0.68,3.39000000000033,25.1900000000001,4.02999999999975,3.22000000000025,"cubic"
184,1.5,0.126666666666667,0.646666666666667,0.841600051492863,0.444002700522373,0.04,3.48000000000002,20.02,5.42999999999984,3.38000000000011,"cubic"
185,1.5,0.84,0.86,0.690482485977691,0.482519853223332,0.96,3.44000000000005,21.0999999999999,5.43000000000029,3.54999999999973,"cubic"
186,1.5,0.0133333333333333,0.246666666666667,0.0438261108160598,0.135404864144949,0.14,3.48000000000002,22.4100000000003,3.29999999999973,3.92000000000007,"cubic"
187,1.5,0.673333333333333,0.586666666666667,0.979297157492514,0.139053074716109,0.08,3.51000000000022,23.8799999999997,5.39000000000033,3.38999999999987,"cubic"
188,1.5,0.106666666666667,0.0333333333333333,0.235113410813371,0.524351147344244,0.24,3.59000000000015,16.1299999999997,2.30999999999995,3.47000000000025,"cubic"
189,1.5,0.406666666666667,0.486666666666667,0.680319375168505,0.58142572072803,0.34,3.75999999999976,27.9100000000003,7.04999999999973,3.39000000000033,"cubic"
190,1.5,0.82,0.593333333333333,0.881146076167035,0.416524006844948,0.04,3.66999999999962,32.1900000000001,6.09000000000015,3.69999999999982,"cubic"
191,1.5,0.693333333333333,0.666666666666667,0.878238443269554,0.125583606107397,0.04,3.71000000000004,20.3200000000002,2.9699999999998,4.22000000000025,"cubic"
192,1.5,0.52,0.553333333333333,0.224344780634138,0.258353258201041,0.86,4.2199999999998,21.79,4.58000000000038,4.12999999999965,"cubic"
193,1.5,0.853333333333333,0.373333333333333,0.397327274956335,0.361978010102824,0.84,4.30999999999995,19.7399999999998,4.73000000000002,4.69000000000005,"cubic"
194,1.5,0.813333333333333,0.286666666666667,0.506950040931668,0.678154221228095,0.5,4.13000000000011,31.8099999999999,3,3.38999999999987,"cubic"
195,1.5,0.166666666666667,0.38,0.639759117956265,0.285956538027428,0.94,3.51999999999998,11.5500000000002,2.44999999999982,3.59000000000015,"cubic"
196,1.5,0.02,0.00666666666666667,0.110716781802678,0.017106111520643,0.76,4.07999999999993,23.6700000000001,3.04999999999973,3.82999999999993,"cubic"
197,1.5,0.813333333333333,0.466666666666667,0.403111543642027,0.260658707587545,0.02,3.82000000000016,15,4.03999999999996,4.06999999999971,"cubic"
198,1.5,0.42,0.313333333333333,0.214404584908915,0.322437547924735,0.72,4.15999999999985,21.7800000000002,5.63999999999987,3.9699999999998,"cubic"
199,1.5,0.173333333333333,0.913333333333333,0.792334679191379,0.29457859899099,0.82,3.9699999999998,18.8800000000001,4.5300000000002,3.25,"cubic"
200,1.5,0.44,0.4,0.632633634528567,0.648491174948678,0.76,3.32999999999993,16.7799999999997,3.7800000000002,3.11000000000013,"cubic"
1,1,0.86,0.466666666666667,0.172522765814391,0.0877085363050969,0.14,3.28999999999996,14.54,1.99000000000024,3.23000000000002,"cubic"
2,1,0.426666666666667,0.646666666666667,0.739959551952962,0.69631400138609,0.34,3.39999999999964,13.8500000000004,2.7199999999998,3.78999999999996,"cubic"
3,1,0.886666666666667,0.7,0.0757624765532121,0.395704539371187,0.84,3.36000000000013,16.5,2.73000000000002,3.19000000000005,"cubic"
4,1,0.24,0.986666666666667,0.421668968444964,0.56021272157922,0.62,3.35999999999967,14.0300000000002,3.30999999999995,3.42000000000007,"cubic"
5,1,0.713333333333333,0.973333333333333,0.450588600844462,0.454618405812351,0.56,3.51999999999998,16.4000000000001,1.9699999999998,3.14000000000033,"cubic"
6,1,0.306666666666667,0.666666666666667,0.57881655884649,0.00263058110702641,0.96,3.36999999999989,10.6100000000001,2.29999999999973,3.55999999999995,"cubic"
7,1,0.56,0.413333333333333,0.917533109794255,0.449368202712412,0.18,3.42000000000007,12.6599999999999,2.83000000000038,3.13999999999987,"cubic"
8,1,0.246666666666667,0.286666666666667,0.705294705182282,0.734715084628614,0.92,3.42000000000007,10.2599999999998,3.15000000000009,3.17000000000007,"cubic"
9,1,0.0533333333333333,0.466666666666667,0.107805874544966,0.439877966716107,0.28,3.40000000000009,10.6799999999998,2.28999999999996,3.13999999999987,"cubic"
10,1,0.22,0.253333333333333,0.057085106524007,0.0121044440508419,0.36,3.39000000000033,14.02,3.44999999999982,3.19000000000005,"cubic"
11,1,0.233333333333333,0.673333333333333,0.219367569348426,0.000935451066332194,0.44,3.44999999999982,17.7400000000002,2.25999999999976,2.94000000000005,"cubic"
12,1,0.00666666666666667,0.573333333333333,1,0.183993631813036,0.76,3.34000000000015,19.5799999999999,2.21000000000004,3,"cubic"
13,1,0.186666666666667,0.0266666666666667,0.0405852230350841,0.333830748409996,0.32,3.21000000000004,11.3800000000001,1.54999999999973,3.09000000000015,"cubic"
14,1,0.533333333333333,0.96,0.379658869041581,0.0635981925471232,0.6,3.32000000000016,10,2.26999999999998,3.19999999999982,"cubic"
15,1,0.38,0.213333333333333,0.607143607243959,0.730438615069194,0.62,3.42000000000007,13.0900000000001,2.21000000000004,3.41999999999962,"cubic"
16,1,0.386666666666667,0.486666666666667,0.222453872145568,0.0367895259553508,0.24,3.44000000000005,11.9499999999998,2.82000000000016,3.32999999999993,"cubic"
17,1,0.546666666666667,0.153333333333333,0.30052829138486,0.378391642767009,0.12,3.37999999999965,18.1500000000001,3.13999999999987,3.41000000000031,"cubic"
18,1,0.02,0.853333333333333,0.730710734333635,0.689563618484019,0.46,3.40999999999985,21.8899999999999,5.03999999999996,3.17000000000007,"cubic"
19,1,0.0533333333333333,0.00666666666666667,0.286008921888534,0.144186957924996,0.48,3.46000000000004,11.9500000000003,2.04999999999973,3.11000000000013,"cubic"
20,1,0.0933333333333333,0.0133333333333333,0.406241019811648,0.506255413730959,0.92,3.38000000000011,9.20000000000027,1.90999999999985,3.48000000000002,"cubic"
21,1,0.433333333333333,0.0333333333333333,0.543106198545291,0.0669873326239484,0.72,3.38000000000011,16.7199999999998,2.5,3.38999999999987,"cubic"
22,1,0.966666666666667,0.646666666666667,1,0.908604742408136,0.18,3.40000000000009,12.9200000000001,2.44000000000005,3.19999999999982,"cubic"
23,1,0.673333333333333,0.613333333333333,0.35074944560905,0.00248203878742381,1,3.30000000000018,11.3299999999999,2.30999999999995,3.61000000000013,"cubic"
24,1,0.513333333333333,0.653333333333333,1,0.442990217442825,0.38,3.44999999999982,18.4200000000001,2.48999999999978,3.46000000000004,"cubic"
25,1,0.82,0.753333333333333,1,0.796497940986316,0.9,3.41000000000031,21.8199999999997,3.53999999999996,3.05999999999995,"cubic"
26,1,0.0733333333333333,0.746666666666667,1,0.337399252491231,0.68,3.46000000000004,8.92000000000007,1.75999999999976,3.5,"cubic"
27,1,0.306666666666667,0.0666666666666667,0.478189743120752,0.311693095922935,0.94,3.39000000000033,15.4699999999998,3.7800000000002,3.6899999999996,"cubic"
28,1,0.813333333333333,0.893333333333333,0.62512202864393,0.411644868024632,0.2,3.55000000000018,11.8099999999999,2.44000000000005,3.38999999999987,"cubic"
29,1,0.213333333333333,0.126666666666667,0.642325477532312,0.622681812344047,0.06,3.73000000000002,10.0900000000001,2.34999999999991,3.75,"cubic"
30,1,0.126666666666667,0.34,0.900216350710043,0.104165828367743,0.68,3.52999999999975,11.4700000000003,2.15999999999985,3.0300000000002,"cubic"
31,1,0.213333333333333,0.84,0.515519519522141,0.0678959689221988,0.16,3.38999999999987,20.4200000000001,4.38999999999987,3.59999999999991,"cubic"
32,1,0.446666666666667,0.406666666666667,1,0.641209651342512,1,3.51000000000022,15.0999999999999,7.07999999999993,3.36999999999989,"cubic"
33,1,0.753333333333333,0.353333333333333,0.291903040423895,0.0472828044227097,0.2,3.32999999999993,13.73,1.88000000000011,2.92000000000007,"cubic"
34,1,0.753333333333333,0.733333333333333,0.791392002051663,0.0377190008870911,0.94,3.34000000000015,10.6799999999998,2.36999999999989,3.22000000000025,"cubic"
35,1,0.773333333333333,0.753333333333333,0.115381835287464,0.184669199089576,0.36,3.36999999999989,23.4699999999998,5.82000000000016,3.09999999999991,"cubic"
36,1,0.08,0.826666666666667,1,0.3184972308001,0.28,3.51999999999998,18.4400000000001,6.86000000000013,3.32999999999993,"cubic"
37,1,0.433333333333333,0.56,0.229497262769674,0.061298026326838,0.58,3.36999999999989,14.0799999999999,2.48000000000002,3.66000000000031,"cubic"
38,1,0.473333333333333,0.306666666666667,0.831015442883704,0.0407186278090039,0.32,3.44999999999982,20.0999999999999,4.25,2.92000000000007,"cubic"
39,1,0.566666666666667,0.953333333333333,0.508643057346001,0.460761476471791,0.26,3.46000000000004,14.7599999999998,2.7800000000002,3.26999999999998,"cubic"
40,1,0.533333333333333,0.0666666666666667,0.96470842580248,0.251015447640116,0.46,3.35999999999967,12.4200000000001,3.66000000000031,3.60999999999967,"cubic"
41,1,0.166666666666667,0.793333333333333,0.611516170909221,0.527921378326711,0.56,3.48999999999978,11.7600000000002,1.9699999999998,3.32999999999993,"cubic"
42,1,0.0533333333333333,0.0133333333333333,0.253776831663483,0.0136271608651978,0.88,3.38999999999987,11.7200000000003,4.10999999999967,3.30000000000018,"cubic"
43,1,0.593333333333333,0.806666666666667,0.690633353844303,0.493379853767505,0.68,3.36999999999989,10.9100000000003,1.83999999999969,3.17000000000007,"cubic"
44,1,0.0266666666666667,0.333333333333333,0.0527038739677406,0.345491952439785,0.12,3.19000000000005,19.6199999999999,4.36000000000013,2.55000000000018,"cubic"
45,1,0.0333333333333333,0.986666666666667,0.275560228314269,0.0226632595971954,0.48,3.01999999999998,10.8599999999997,3.09000000000015,3.2800000000002,"cubic"
46,1,0.413333333333333,0.213333333333333,0.762789160381365,0.171325117008017,0.22,3.37000000000035,8.7199999999998,2.13000000000011,3.5,"cubic"
47,1,0.573333333333333,0.413333333333333,0.805141678639707,0.97579747930885,0.2,3.5300000000002,13.5500000000002,2.40999999999985,4.28999999999996,"cubic"
48,1,0.06,0.02,0.942905560076954,0.560710557876596,0.26,3.57000000000016,12.5799999999999,2.06999999999971,3.08000000000038,"cubic"
49,1,0.493333333333333,0.526666666666667,0.174346781086329,0.111482901682318,0.68,3.51999999999998,13.6699999999996,1.86000000000013,3.11000000000013,"cubic"
50,1,0.42,0.946666666666667,0.717194121323915,0.110770076856338,0.46,3.41000000000031,16.6099999999997,5.97000000000025,3.23000000000002,"cubic"
51,1,0.72,0.86,0.163646849784817,0.278184097463119,0.62,3.42000000000007,10.8699999999999,3.07999999999993,3.96000000000004,"cubic"
52,1,0.34,0.706666666666667,0.924633434864865,0.564234351538889,0.6,3.44999999999982,12.5700000000002,3.80999999999995,3.25,"cubic"
53,1,0.953333333333333,0.986666666666667,0.392921436408465,0.0652750556484404,0.4,3.48000000000002,25.1299999999997,3.7800000000002,3.63999999999987,"cubic"
54,1,0.52,0.946666666666667,0.313997115776889,0.0358568560754658,0.36,3.42000000000007,15.4200000000001,1.90000000000009,3.03999999999996,"cubic"
55,1,0.793333333333333,0.846666666666667,0.308038223402773,0.0122586999676207,0.56,3.42000000000007,17.0299999999997,5.17000000000007,3.0300000000002,"cubic"
56,1,0.566666666666667,0.786666666666667,0.407106537158328,0.665241403569664,0.94,3.48000000000002,15.9699999999998,2.15999999999985,3.14000000000033,"cubic"
57,1,0.8,0.226666666666667,0.0737828338414523,0.0020781310161927,0.58,3.25999999999976,20.0500000000002,3.02999999999975,3.25,"cubic"
58,1,0.94,0.986666666666667,0.538129586167995,0.220681475805454,0.86,3.42999999999984,14.04,2.91000000000031,3.73000000000002,"cubic"
59,1,0.166666666666667,0.446666666666667,0.86959582116547,0.555980833612847,0.22,3.54999999999973,15.2000000000003,1.88999999999987,3.78999999999996,"cubic"
60,1,0.7,0.66,0.434348915308879,0.436930886901871,0.78,3.44999999999982,20.0900000000001,2.46000000000004,3.44999999999982,"cubic"
61,1,0.186666666666667,0.2,0.279003625425983,0.0242089189787261,0.06,3.55000000000018,14.1100000000001,2.48000000000002,3.4699999999998,"cubic"
62,1,0.16,0.0866666666666667,1,0.809031701850619,0.06,3.42000000000007,10.7199999999998,2.44000000000005,3.30999999999995,"cubic"
63,1,0.553333333333333,0.186666666666667,1,0.301505825494163,0.36,3.40999999999985,19.9100000000003,6.73000000000002,3.29999999999973,"cubic"
64,1,0.553333333333333,0.853333333333333,0.115850342506431,0.0272404145554159,0.48,3.55999999999995,13.2000000000003,1.82999999999993,3.29999999999973,"cubic"
65,1,0.286666666666667,0.493333333333333,0.847847152844857,0.645099992133068,0.16,3.41000000000031,18.9299999999998,4.84999999999991,3.14000000000033,"cubic"
66,1,0.6,0.58,1,0.607508617229236,0.72,3.38000000000011,16.23,3.73999999999978,3.0300000000002,"cubic"
67,1,0.686666666666667,0.62,0.378137522967198,0.104247000165995,0.4,3.07999999999993,10.0700000000002,1.48999999999978,2.73000000000002,"cubic"
68,1,0.986666666666667,1,0.621703332779394,0.133916547583246,0.38,3.33000000000038,11.8599999999997,3.25,3.26999999999998,"cubic"
69,1,0.666666666666667,0.973333333333333,0.081934501559884,0.011849334144563,0.82,3.39000000000033,13.9499999999998,3.94999999999982,3.96000000000004,"cubic"
70,1,0.06,0.0266666666666667,0.942875093210433,0.157061991195629,0.18,3.5,12.0599999999999,2.97000000000025,3.11999999999989,"cubic"
71,1,0.233333333333333,0.4,0.370194940850054,0.204305786842198,0.68,3.38000000000011,14.1100000000001,2.25,3.08999999999969,"cubic"
72,1,0.0733333333333333,0.446666666666667,0.0706835768636087,0.502999403754141,0.02,3.45000000000027,23.6399999999999,2.28999999999996,3.17999999999984,"cubic"
73,1,0.6,0.213333333333333,0.351821209662049,0.203376338874374,0.56,3.45000000000027,10.8299999999999,1.2800000000002,3.5,"cubic"
74,1,0.826666666666667,0.946666666666667,0.267624152523729,0.234734899263634,0.56,3.37999999999965,14.4300000000003,2.96000000000004,3.61999999999989,"cubic"
75,1,0.14,0.36,0.116679354856046,0.30419434667985,0.88,3.36999999999989,12.27,3.95000000000027,3.29999999999973,"cubic"
76,1,0.813333333333333,0.7,0.763159923839439,0.695195003227254,0.42,3.5,13.0300000000002,2.10999999999967,3.33000000000038,"cubic"
77,1,0.953333333333333,0.56,1,0.798053877133946,0.98,3.41999999999962,9.64000000000033,2.2199999999998,3.38999999999987,"cubic"
78,1,0.213333333333333,0.666666666666667,0.827613844636625,0.467241520264568,0.48,3.42000000000007,12.3600000000001,2.26999999999998,3.19999999999982,"cubic"
79,1,0.92,0.233333333333333,0.661850967684455,0.0324445853737575,0.02,3.37000000000035,11.0799999999999,2.34999999999991,3,"cubic"
80,1,0.1,0.26,0.375154365543919,0.233060979695109,0.14,3.16999999999962,10.5700000000002,2.09000000000015,3.15999999999985,"cubic"
81,1,0.12,0.666666666666667,0.979810893894126,0.540583574680277,0.36,3.26000000000022,10.1099999999997,2.7800000000002,3.19000000000005,"cubic"
82,1,0.56,0.86,0.436892426733388,0.14885006867836,0.88,3.36999999999989,12.04,2.84999999999991,3.38000000000011,"cubic"
83,1,0.0533333333333333,0.2,0.0245284982432565,0.0408708110225492,0.28,3.38999999999987,8.86000000000013,1.92999999999984,3.17000000000007,"cubic"
84,1,0.606666666666667,0.793333333333333,0.776110770991554,0.893421010836106,0.8,3.39000000000033,12.8799999999997,2.01000000000022,2.9699999999998,"cubic"
85,1,0.826666666666667,0.886666666666667,0.798119923125576,0.303565673635574,0.44,3.39000000000033,19.5599999999999,4.69000000000005,3.02999999999975,"cubic"
86,1,0.26,0.62,0.260474159957978,0.333700229616241,0.88,3.42000000000007,12.5300000000002,2.60999999999967,3.63000000000011,"cubic"
87,1,0.853333333333333,0.733333333333333,0.632652616273648,0.416222431945978,0.7,3.38999999999987,10.0900000000001,1.80999999999995,3.22000000000025,"cubic"
88,1,0.0133333333333333,0.0866666666666667,1,0.803370820540924,0.56,3.41999999999962,10.7200000000003,2.36999999999989,3.30000000000018,"cubic"
89,1,0.0266666666666667,0.76,0.428029034767466,0.0036310123724973,0.5,3.40999999999985,13.0300000000002,2.66999999999962,3.76000000000022,"cubic"
90,1,0.526666666666667,0.64,0.771374426756646,0.0485084549116752,0.52,3.42000000000007,13.0500000000002,5.32999999999993,3.17999999999984,"cubic"
91,1,0.186666666666667,0.833333333333333,0.0562771126120178,0.0106504508516639,0.48,3.48000000000002,9.24000000000024,2.19999999999982,3.5,"cubic"
92,1,0.293333333333333,0.826666666666667,0.66840383997139,0.834908628362911,0.78,3.53999999999996,13.4100000000003,3.35999999999967,3.23000000000002,"cubic"
93,1,0.133333333333333,0.24,0.176704633894807,0.1116069167514,0.06,3.43000000000029,17.5599999999999,4.25999999999976,3.30000000000018,"cubic"
94,1,0.926666666666667,0.82,0.595482199065344,0.0138353430530849,0.84,3.36999999999989,14.1100000000001,3.0300000000002,3.13999999999987,"cubic"
95,1,0.753333333333333,0.753333333333333,1,0.438236291744151,0.04,3.46000000000004,25.5899999999997,4.3100000000004,3.4699999999998,"cubic"
96,1,0.286666666666667,0.793333333333333,0.59501346187054,0.635153588926287,0.02,3.36000000000013,12.98,2.25,3.07999999999993,"cubic"
97,1,0.733333333333333,0.113333333333333,0.669525729053258,0.0691175700695591,0.7,3.5,18.0900000000001,3.75,3.25,"cubic"
98,1,0.173333333333333,0.633333333333333,1,0.641753120584256,0.24,3.41999999999962,17.1100000000001,1.86000000000013,3.19000000000005,"cubic"
99,1,0.493333333333333,0.72,0.169110971012679,0.0561849438800625,0.82,3.57999999999993,9.55999999999995,2.05000000000018,3.5,"cubic"
100,1,0.853333333333333,0.526666666666667,0.207756059580565,0.125189371446058,0.18,3.30999999999995,21.7999999999997,2.12000000000035,3.09999999999991,"cubic"
101,1,0.22,0.333333333333333,0.72212808580496,0.845145173639441,0.6,3.2800000000002,10.1100000000001,2.04999999999973,3.11999999999989,"cubic"
102,1,0.9,0.806666666666667,0.310643830363879,0.464529461824262,0.58,3.3100000000004,11.1099999999997,1.55000000000018,3.25,"cubic"
103,1,0.62,0.34,0.132106987266422,0.0713176657850061,0.8,3.48000000000002,15.2199999999998,4,3.05999999999995,"cubic"
104,1,0.993333333333333,0.7,1,0.0325005097943739,0.8,3.44000000000005,10.2000000000003,2.19000000000005,3.27999999999975,"cubic"
105,1,0.02,0.246666666666667,0.469896857002352,0.0340503815847126,0.7,3.40999999999985,11.0100000000002,3.07999999999993,3.17000000000007,"cubic"
106,1,0.706666666666667,0.8,0.782711618391399,0.474105768289366,0.22,3.42000000000007,15.6700000000001,2.51999999999998,3.38999999999987,"cubic"
107,1,0.36,0.72,0.168352866068476,0.692722457847676,0.86,3.48000000000002,12.8600000000001,2.28999999999996,3.25999999999976,"cubic"
108,1,0.866666666666667,0.633333333333333,0.896757024422308,0.781802546932129,0.26,3.42000000000007,14.3000000000002,1.85999999999967,3.73000000000002,"cubic"
109,1,0.873333333333333,0.526666666666667,1,0.593994049408773,0.78,3.5,12.6300000000001,2.65000000000009,3.86000000000013,"cubic"
110,1,0.273333333333333,0.24,0.833126735332462,0.0674194811898448,0.74,3.36999999999989,20.9899999999998,4.3100000000004,3.35999999999967,"cubic"
111,1,0.713333333333333,0.986666666666667,0.296375889660263,0.107606112956359,0.1,3.36000000000013,9.23000000000002,4.42999999999984,2.87000000000035,"cubic"
112,1,0.326666666666667,0.52,0.799342508209932,0.242960331554385,0.56,3.46000000000004,12.5299999999997,2.01000000000022,3.32000000000016,"cubic"
113,1,0.24,0.62,0.75343144821625,0.575009131014703,0.6,3.39999999999964,9,2.38000000000011,4.53999999999996,"cubic"
114,1,0.34,0.826666666666667,0.326007792571482,0.940328825810524,0.26,3.47000000000025,12.4699999999998,2.36000000000013,3.26999999999998,"cubic"
115,1,0.78,0.44,0.0423026141394101,0.0107199165972458,0.38,3.38000000000011,12.5900000000001,1.94000000000005,3.15999999999985,"cubic"
116,1,0.873333333333333,0.526666666666667,0.294787844686941,0.440915467419056,0.6,3.38999999999987,11,1.61000000000013,3.88999999999987,"cubic"
117,1,0.0266666666666667,0.64,0.727375156126284,0.497978820096414,0.04,3.40000000000009,10.02,2.05999999999995,3.88999999999987,"cubic"
118,1,0.64,0.58,0.889607714932325,0.296107965315461,0.84,3.38999999999987,12.9200000000001,2.91000000000031,2.94999999999982,"cubic"
119,1,0.606666666666667,0.82,0.173806881334051,0.111735733756689,0.76,3.40999999999985,16.5300000000002,3.50999999999976,3.17000000000007,"cubic"
120,1,0.46,0.406666666666667,0.157428941728067,0.00348132849940264,0.38,3.41000000000031,14.6699999999996,2.64000000000033,3.15999999999985,"cubic"
121,1,0.64,0.993333333333333,0.579758252482687,0.954652185112258,0.58,3.36999999999989,16.3800000000001,2.30999999999995,3.65000000000009,"cubic"
122,1,0.02,0.806666666666667,0.0932537632588879,0.000141177428509609,0.02,3.38999999999987,11.8000000000002,4.11000000000013,3.05999999999995,"cubic"
123,1,0.366666666666667,0.36,1,0.569153959728132,0.26,3.33999999999969,14.77,4.5,3.5600000000004,"cubic"
124,1,0.793333333333333,0.34,0.186665622229872,0.123991429779956,0.62,3.27999999999975,23.6100000000001,2.52999999999975,3.2800000000002,"cubic"
125,1,0.573333333333333,0.793333333333333,0.871629124692765,0.108962321634702,1,3.30000000000018,18.8699999999999,3.04999999999973,3.8100000000004,"cubic"
126,1,0.186666666666667,0.533333333333333,0.27531763717818,0.0162251654094578,0.06,3.36999999999989,11.0499999999997,2.33000000000038,3.28999999999996,"cubic"
127,1,0.506666666666667,0.293333333333333,0.151265867914198,0.402640494096557,0.9,3.37999999999965,12.8700000000003,1.90999999999985,3.05000000000018,"cubic"
128,1,0.9,0.9,0.141681554886335,0.401616153824129,0.14,3.42000000000007,13.0700000000002,2.10999999999967,3.32000000000016,"cubic"
129,1,0.78,0.76,0.462211009706331,0.72682500047436,0.28,3.34999999999991,10.8600000000001,1.80999999999995,4,"cubic"
130,1,0.126666666666667,0.0133333333333333,1,0.905179844081677,0.18,3.4699999999998,16.0500000000002,2.32000000000016,3.25,"cubic"
131,1,0.533333333333333,0.166666666666667,1,0.419467383062902,0.46,3.44999999999982,9.7800000000002,1.63999999999987,3.32999999999993,"cubic"
132,1,0.973333333333333,0.68,0.642070229604244,0.0115399340370523,0.56,3.76000000000022,16.21,3.80999999999995,3.55999999999995,"cubic"
133,1,0.886666666666667,0.713333333333333,1,0.439562050326681,0.06,3.30999999999995,19.27,5.88999999999987,3.05999999999995,"cubic"
134,1,0.273333333333333,0.38,0.344668536435799,0.0779016489821592,0.74,3.36999999999989,10.1399999999999,2.33000000000038,3.6899999999996,"cubic"
135,1,0.0533333333333333,0.206666666666667,0.481937921231266,0.587878546964498,0.84,3.45000000000027,8.79999999999973,1.97000000000025,2.98000000000002,"cubic"
136,1,0.58,0.206666666666667,0.167169430490675,0.490670987498873,0.38,3.44999999999982,9.94000000000005,1.97000000000025,3,"cubic"
137,1,0.44,0.246666666666667,0.445085671804694,0.454580979851068,0.24,3.4399999999996,17.3700000000003,5.77999999999975,3.25,"cubic"
138,1,0.32,0.953333333333333,0.225249410046627,0.165730804466721,0.54,3.5,12.4500000000003,3.54999999999973,3.44000000000005,"cubic"
139,1,0.62,0.686666666666667,0.406608438426367,0.560368703870506,0.44,3.5300000000002,10.5499999999997,1.86000000000013,3.42000000000007,"cubic"
140,1,0.78,0.426666666666667,0.700466565181366,0.971281615703513,0.04,3.42000000000007,13.4200000000001,2.25,3.40999999999985,"cubic"
141,1,0.00666666666666667,0.806666666666667,0.576599502853568,0.204288869085297,0.18,3.61000000000013,14.8599999999997,2.05999999999995,3.30000000000018,"cubic"
142,1,0.313333333333333,0.826666666666667,0.343400124508055,0.0456147967343445,0.36,3.5300000000002,28.8099999999999,6.08999999999969,3.30000000000018,"cubic"
143,1,0.713333333333333,0.22,0.0213501528323046,0.425326802611311,0.72,3.42000000000007,13.5299999999997,2.97000000000025,3.63000000000011,"cubic"
144,1,0.433333333333333,0.573333333333333,0.678113854617228,0.100531044826038,0.96,3.35999999999967,11.6200000000003,1.85999999999967,3.41000000000031,"cubic"
145,1,0.14,0.226666666666667,0.937793576880451,0.101547977902394,0.9,3.33999999999969,11.1600000000003,2.5,3.27999999999975,"cubic"
146,1,0.753333333333333,0.553333333333333,0.000793168567740699,0.0633027151268732,0.04,3.34000000000015,8.51999999999998,1.42999999999984,2.97000000000025,"cubic"
147,1,0.06,0.0933333333333333,0.693697590467575,0.110901108210502,0.06,3.4699999999998,17.4700000000003,5.35999999999967,3.48000000000002,"cubic"
148,1,0.36,0.693333333333333,0.709511611392728,0.324102268891508,0.52,3.51999999999998,16.5700000000002,3.48999999999978,3.12000000000035,"cubic"
149,1,0.0466666666666667,0.02,0.213050393537268,0.504453238075201,0.6,3.40999999999985,10.6700000000001,2.67999999999984,3.28999999999996,"cubic"
150,1,0.313333333333333,0.386666666666667,1,0.879765258577618,0.8,3.38999999999987,15.6599999999999,3.65000000000009,3.32000000000016,"cubic"
151,1,0.306666666666667,0.486666666666667,0.709522391512273,0.184120877267312,0.04,3.46000000000004,10.1700000000001,1.65000000000009,3.36000000000013,"cubic"
152,1,0.166666666666667,0.646666666666667,0.346837560322391,0.406268459120092,0.52,3.42999999999984,17.25,1.76000000000022,3.60999999999967,"cubic"
153,1,0.26,0.173333333333333,0.463893442242196,0.1355879904436,0.42,3.45000000000027,15.0499999999997,1.93000000000029,3.56999999999971,"cubic"
154,1,0.393333333333333,0.953333333333333,0.528178910063913,0.640029821341028,0.78,3.43000000000029,26.0299999999997,6.86000000000013,3.19000000000005,"cubic"
155,1,0.906666666666667,0.813333333333333,0.499430924348415,0.0861188205160531,0.12,3.38000000000011,11.4199999999996,1.90000000000009,2.96000000000004,"cubic"
156,1,0.226666666666667,0.486666666666667,1,0.0488558843239686,0.56,3.30000000000018,11.1599999999999,1.89000000000033,3.30999999999995,"cubic"
157,1,0.573333333333333,0.153333333333333,0.275503435293613,0.12458812475644,0.26,3.40999999999985,14.8099999999999,2.98000000000002,3.5300000000002,"cubic"
158,1,0.54,0.373333333333333,0.365407472535961,0.736839918736912,0.42,3.48999999999978,9.19000000000005,1.40000000000009,3,"cubic"
159,1,0.6,0.946666666666667,0.0230986173532179,0.0098258778567144,0.86,3.42000000000007,23.6099999999997,3.30000000000018,3.2199999999998,"cubic"
160,1,0.146666666666667,0.6,0.976692140684316,0.708658023721348,0.82,3.38000000000011,9.82999999999993,1.86000000000013,3.2199999999998,"cubic"
161,1,0.526666666666667,0.62,0.110371762411651,0.873911351802964,0.4,3.40999999999985,17.6100000000001,5.5,3.25999999999976,"cubic"
162,1,0.526666666666667,0.946666666666667,0.34639140724608,0.263865647110927,0.82,3.42000000000007,10.8499999999999,1.67000000000007,3.69000000000005,"cubic"
163,1,0.946666666666667,0.726666666666667,0.56168992738167,0.486901866665048,0.76,3.49000000000024,10.9699999999998,2.55999999999995,3.14000000000033,"cubic"
164,1,0.106666666666667,0.193333333333333,0.806399753127472,0.420353259112062,0.94,3.42000000000007,10.6599999999999,1.69999999999982,3.09000000000015,"cubic"
165,1,0.993333333333333,0.84,0.368876828873195,0.422851501472169,0.28,3.38999999999987,14.4300000000003,2.14999999999964,3.17000000000007,"cubic"
166,1,0.466666666666667,0.24,1,0.851776986173811,0.5,3.53999999999996,10.0700000000002,2.73999999999978,3.44000000000005,"cubic"
167,1,0.106666666666667,0.02,1,0.0257231985918426,0.26,3.30999999999995,9.67000000000007,2.19000000000005,2.82999999999993,"cubic"
168,1,0.233333333333333,0.906666666666667,1,0.380751226986788,0.82,3.27999999999975,14.6400000000003,3.01999999999998,3.2199999999998,"cubic"
169,1,0.26,0.833333333333333,0.057204948067499,0.511443825923723,0.52,3.2199999999998,17.2400000000002,2.56999999999971,3.15000000000009,"cubic"
170,1,0.873333333333333,0.853333333333333,0.2165175173081,0.665250635914977,0.28,3.36999999999989,20.73,2.65000000000009,3.19999999999982,"cubic"
171,1,0.246666666666667,0.0933333333333333,1,0.815164024962912,0.98,3.38000000000011,10.7999999999997,1.55999999999995,3.36000000000013,"cubic"
172,1,0.88,0.953333333333333,0.919857293930247,0.550131346486634,0.08,3.36999999999989,15.9400000000001,2.11000000000013,3.23000000000002,"cubic"
173,1,0.393333333333333,0.886666666666667,0.13418920279217,0.0814732110641724,0.28,3.53999999999996,23.98,3.34000000000015,3.01999999999998,"cubic"
174,1,0.72,0.66,0.299998317966575,0.832153830637264,0.56,3.57999999999993,15.23,2.02999999999975,3.42000000000007,"cubic"
175,1,0.3,0.38,0.213202563223035,0.253642855414683,0.32,3.38000000000011,22.77,3.69999999999982,3.14000000000033,"cubic"
176,1,0.713333333333333,0.466666666666667,0.834858207813414,0.664256445462295,0.1,3.38999999999987,13.98,2.32999999999993,3.30999999999995,"cubic"
177,1,0.32,0.706666666666667,0.100929481106856,0.265553742165597,0.2,3.32999999999993,17.4500000000003,2.80999999999995,3.01999999999998,"cubic"
178,1,0.753333333333333,0.6,0.151591180765136,0.182492356065141,0.56,3.05999999999995,8.36000000000013,2.30999999999995,2.61999999999989,"cubic"
179,1,0.04,0.0266666666666667,1,0.36074237668105,0.38,3.35999999999967,9.37000000000035,2.17999999999984,4.01000000000022,"cubic"
180,1,0.986666666666667,0.94,0.527280787415763,0.213196536881496,0.92,3.58999999999969,14.9500000000003,4.37999999999965,3.70000000000027,"cubic"
181,1,0.993333333333333,0.88,0.284209078942541,0.380445720844716,0.56,3.44999999999982,24.52,5.16000000000031,3.5,"cubic"
182,1,0.146666666666667,0.953333333333333,0.269464513208159,0.395928153021765,0.72,3.46000000000004,12.6700000000001,2.15000000000009,3.77999999999975,"cubic"
183,1,0.266666666666667,0.253333333333333,0.283527805401628,0.144133657596263,0.1,3.44000000000005,22.7000000000003,5.10999999999967,3.16000000000031,"cubic"
184,1,0.693333333333333,0.8,1,0.559348079027908,0.14,3.4699999999998,7.23000000000002,1.40999999999985,4.95000000000027,"cubic"
185,1,0.14,0.313333333333333,0.541980727317751,0.588862513733966,0.82,3.38000000000011,11.23,1.55000000000018,3.16999999999962,"cubic"
186,1,0.833333333333333,0.86,0.727506824360948,0.862323309825563,0.58,3.39000000000033,9.85999999999967,1.88000000000011,3.25,"cubic"
187,1,0.846666666666667,0.706666666666667,0.720219783875527,7.23499760956203e-05,0.66,3.51000000000022,10.8299999999999,4.26999999999998,3.59000000000015,"cubic"
188,1,0.886666666666667,0.46,1,0.249374461310752,0.32,3.42999999999984,27.6799999999998,7.89000000000033,3,"cubic"
189,1,0.893333333333333,0.96,1,0.962247288635984,0.7,3.30999999999995,16.2200000000003,4.35999999999967,3.10000000000036,"cubic"
190,1,0.453333333333333,0.866666666666667,0.603831828998146,0.0305316329588265,0.54,3.27999999999975,11.8400000000001,2.01999999999998,3.86000000000013,"cubic"
191,1,0.593333333333333,0.5,0.423254412330062,0.182295357487831,0.96,3.5,7.80999999999995,2.40000000000009,4.05999999999995,"cubic"
192,1,0.0666666666666667,0.24,1,0.220526331618897,0.92,3.51000000000022,9.63999999999987,1.63000000000011,3.79999999999973,"cubic"
193,1,0.646666666666667,0.653333333333333,1,0.721071709651606,0.44,3.39000000000033,13.6399999999999,2.25,3.34000000000015,"cubic"
194,1,0.44,0.16,0.0529644500248752,0.000482403502452211,0.44,3.48999999999978,14.3200000000002,1.7199999999998,4.47000000000025,"cubic"
195,1,0.7,0.613333333333333,0.242978055541803,0.479418465874918,0.88,3.40999999999985,15.8600000000001,2.35999999999967,3.37000000000035,"cubic"
196,1,0.373333333333333,0.973333333333333,0.680562060451795,0.220812553220138,0.3,3.4699999999998,9.67999999999984,2,3.51999999999998,"cubic"
197,1,0.226666666666667,0.546666666666667,0.606767834176282,0.605729462611029,0.64,3.40999999999985,10.9100000000003,1.98000000000002,3.90999999999985,"cubic"
198,1,0.173333333333333,0.0466666666666667,1,0.154571862483602,0.38,3.53999999999996,10.5,1.94000000000005,3.34999999999991,"cubic"
199,1,0.166666666666667,0.553333333333333,0.549059764745952,0.83252203600918,0.78,3.55999999999995,14.4500000000003,2.16999999999962,3.30000000000018,"cubic"
200,1,0.0733333333333333,0.646666666666667,0.239672679857046,0.183006194687805,0.72,3.61999999999989,13.0500000000002,2.42000000000007,4.15999999999985,"cubic"
