"panel","lambda","block","seed","dec149","edge149","dec499","edge499"
"A",137,"T23",1001,0.94,0.886666666666667,0.922,0.866
"A",137,"T23",1002,0.78,0.846666666666667,0.818,0.862
"A",137,"T23",1003,0.38,0.166666666666667,0.378,0.158
"A",137,"T23",1004,0.0666666666666667,0.2,0.05,0.198
"A",137,"T23",1005,0.8,0.88,0.8,0.846
"A",137,"T23",1006,0.373333333333333,0.193333333333333,0.336,0.212
"A",137,"T23",1007,0.566666666666667,0.626666666666667,0.574,0.63
"A",137,"T23",1008,0.886666666666667,0.913333333333333,0.9,0.89
"A",137,"T23",1009,0.0733333333333333,0.36,0.072,0.382
"A",137,"T23",1010,0.813333333333333,0.893333333333333,0.82,0.924
"A",137,"T23",1011,0.466666666666667,0.546666666666667,0.446,0.536
"A",137,"T23",1012,0.953333333333333,0.706666666666667,0.976,0.74
"A",137,"T23",1013,0.406666666666667,0.806666666666667,0.44,0.78
"A",137,"T23",1014,0.953333333333333,0.813333333333333,0.938,0.818
"A",137,"T23",1015,0.413333333333333,0.68,0.414,0.654
"A",137,"T23",1016,0.693333333333333,0.8,0.65,0.764
"A",137,"T23",1017,0.126666666666667,0.0466666666666667,0.158,0.042
"A",137,"T23",1018,0.353333333333333,0.06,0.306,0.044
"A",137,"T23",1019,0.546666666666667,0.26,0.56,0.27
"A",137,"T23",1020,0.813333333333333,0.833333333333333,0.86,0.856
"A",137,"T23",1021,0.0933333333333333,0.0466666666666667,0.116,0.076
"A",137,"T23",1022,0.0933333333333333,0.66,0.056,0.632
"A",137,"T23",1023,0.273333333333333,0.633333333333333,0.238,0.634
"A",137,"T23",1024,0.00666666666666667,0.133333333333333,0.002,0.082
"A",137,"T23",1025,0.513333333333333,0.766666666666667,0.51,0.734
"A",137,"T23",1026,0.766666666666667,0.566666666666667,0.732,0.54
"A",137,"T23",1027,0.0266666666666667,0.08,0.028,0.094
"A",137,"T23",1028,0.546666666666667,0.353333333333333,0.536,0.324
"A",137,"T23",1029,0.0666666666666667,0.653333333333333,0.084,0.664
"A",137,"T23",1030,0.38,0.466666666666667,0.406,0.506
"A",137,"T23",1031,0.78,0.54,0.806,0.568
"A",137,"T23",1032,0.866666666666667,0.606666666666667,0.796,0.524
"A",137,"T23",1033,0.293333333333333,0.553333333333333,0.28,0.554
"A",137,"T23",1034,0.986666666666667,0.76,0.962,0.71
"A",137,"T23",1035,0.713333333333333,0.886666666666667,0.726,0.872
"A",137,"T23",1036,0.82,0.566666666666667,0.824,0.55
"A",137,"T23",1037,0.213333333333333,0.633333333333333,0.202,0.542
"A",137,"T23",1038,0.633333333333333,0.733333333333333,0.666,0.734
"A",137,"T23",1039,0.826666666666667,0.653333333333333,0.868,0.628
"A",137,"T23",1040,0.28,0.713333333333333,0.276,0.724
"A",137,"T23",1041,0.74,0.626666666666667,0.75,0.624
"A",137,"T23",1042,0.86,0.66,0.886,0.68
"A",137,"T23",1043,0.686666666666667,0.2,0.702,0.23
"A",137,"T23",1044,0.373333333333333,0.233333333333333,0.416,0.27
"A",137,"T23",1045,0.9,0.513333333333333,0.91,0.54
"A",137,"T23",1046,0.786666666666667,0.18,0.794,0.178
"A",137,"T23",1047,0.42,0.64,0.368,0.602
"A",137,"T23",1048,0.646666666666667,0.566666666666667,0.646,0.548
"A",137,"T23",1049,0.72,0.833333333333333,0.724,0.832
"A",137,"T23",1050,0.36,0.6,0.336,0.648
"A",137,"T23",1051,0.906666666666667,0.96,0.9,0.948
"A",137,"T23",1052,0.246666666666667,0.773333333333333,0.246,0.796
"A",137,"T23",1053,0.3,0.726666666666667,0.276,0.668
"A",137,"T23",1054,0.586666666666667,0.506666666666667,0.554,0.512
"A",137,"T23",1055,0.786666666666667,1,0.806,0.998
"A",137,"T23",1056,0.5,0.133333333333333,0.482,0.116
"A",137,"T23",1057,0.193333333333333,0.72,0.192,0.676
"A",137,"T23",1058,0.593333333333333,0.506666666666667,0.588,0.46
"A",137,"T23",1059,0.853333333333333,0.72,0.88,0.75
"A",137,"T23",1060,0.646666666666667,0.726666666666667,0.666,0.71
"A",137,"T23",1061,0.133333333333333,0.14,0.118,0.104
"A",137,"T23",1062,0.826666666666667,0.546666666666667,0.8,0.528
"A",137,"T23",1063,0.186666666666667,0.473333333333333,0.236,0.472
"A",137,"T23",1064,0.366666666666667,0.36,0.34,0.39
"A",137,"T23",1065,0.973333333333333,0.98,0.952,0.992
"A",137,"T23",1066,0.646666666666667,0.586666666666667,0.656,0.608
"A",137,"T23",1067,0.673333333333333,0.353333333333333,0.676,0.362
"A",137,"T23",1068,0.246666666666667,0.14,0.216,0.142
"A",137,"T23",1069,0.313333333333333,0.42,0.322,0.442
"A",137,"T23",1070,0.366666666666667,0.3,0.324,0.306
"A",137,"T23",1071,0.66,0.52,0.63,0.486
"A",137,"T23",1072,0.826666666666667,0.186666666666667,0.864,0.192
"A",137,"T23",1073,0.62,0.873333333333333,0.622,0.87
"A",137,"T23",1074,0.853333333333333,0.966666666666667,0.898,0.948
"A",137,"T23",1075,0.153333333333333,0.0533333333333333,0.164,0.064
"A",137,"T23",1076,0.793333333333333,0.406666666666667,0.746,0.426
"A",137,"T23",1077,0.466666666666667,0.313333333333333,0.474,0.356
"A",137,"T23",1078,0.273333333333333,0.513333333333333,0.254,0.434
"A",137,"T23",1079,0.206666666666667,0.866666666666667,0.16,0.84
"A",137,"T23",1080,0.14,0.353333333333333,0.156,0.322
"A",137,"T23",1081,0.76,0.833333333333333,0.772,0.844
"A",137,"T23",1082,0.04,0.226666666666667,0.036,0.252
"A",137,"T23",1083,0.44,0.893333333333333,0.414,0.888
"A",137,"T23",1084,0.566666666666667,0.0866666666666667,0.582,0.086
"A",137,"T23",1085,0.706666666666667,0.493333333333333,0.748,0.526
"A",137,"T23",1086,0.713333333333333,0.313333333333333,0.722,0.348
"A",137,"T23",1087,0.413333333333333,0.5,0.346,0.474
"A",137,"T23",1088,0.126666666666667,0.0133333333333333,0.118,0.016
"A",137,"T23",1089,0.94,0.42,0.952,0.444
"A",137,"T23",1090,0.866666666666667,0.913333333333333,0.856,0.866
"A",137,"T23",1091,0.106666666666667,0.713333333333333,0.116,0.682
"A",137,"T23",1092,0.433333333333333,0.38,0.444,0.382
"A",137,"T23",1093,0.92,0.233333333333333,0.91,0.254
"A",137,"T23",1094,0.426666666666667,0.4,0.394,0.418
"A",137,"T23",1095,0.186666666666667,0.566666666666667,0.162,0.576
"A",137,"T23",1096,0.98,0.54,0.966,0.534
"A",137,"T23",1097,0.133333333333333,0.406666666666667,0.142,0.414
"A",137,"T23",1098,0.253333333333333,0.326666666666667,0.248,0.308
"A",137,"T23",1099,0.306666666666667,0.513333333333333,0.284,0.5
"A",137,"T23",1100,0.153333333333333,0.966666666666667,0.186,0.932
"A",137,"T23",1101,0.44,0.553333333333333,0.404,0.544
"A",137,"T23",1102,0.753333333333333,0.46,0.768,0.444
"A",137,"T23",1103,0.0133333333333333,0.786666666666667,0.014,0.77
"A",137,"T23",1104,0.173333333333333,0.5,0.208,0.512
"A",137,"T23",1105,0.78,0.58,0.79,0.55
"A",137,"T23",1106,0.466666666666667,0.413333333333333,0.468,0.426
"A",137,"T23",1107,1,0.8,1,0.814
"A",137,"T23",1108,0.173333333333333,0.2,0.172,0.192
"A",137,"T23",1109,0.3,0.573333333333333,0.372,0.588
"A",137,"T23",1110,0.46,0.426666666666667,0.4,0.39
"A",137,"T23",1111,0.82,0.78,0.788,0.822
"A",137,"T23",1112,0.833333333333333,0.98,0.796,0.968
"A",137,"T23",1113,0.773333333333333,0.606666666666667,0.762,0.648
"A",137,"T23",1114,0.52,0.726666666666667,0.522,0.716
"A",137,"T23",1115,0.486666666666667,0.993333333333333,0.434,0.996
"A",137,"T23",1116,1,0.926666666666667,0.998,0.944
"A",137,"T23",1117,0.373333333333333,0.846666666666667,0.4,0.844
"A",137,"T23",1118,0.153333333333333,0.32,0.162,0.344
"A",137,"T23",1119,0.22,0.773333333333333,0.242,0.732
"A",137,"T23",1120,0.753333333333333,0.806666666666667,0.736,0.84
"A",137,"T23",1121,0.926666666666667,0.673333333333333,0.926,0.688
"A",137,"T23",1122,0.333333333333333,0.246666666666667,0.324,0.266
"A",137,"T23",1123,0.62,0.453333333333333,0.568,0.376
"A",137,"T23",1124,0.106666666666667,0.6,0.074,0.578
"A",137,"T23",1125,0.426666666666667,0.62,0.378,0.624
"A",137,"T23",1126,0.533333333333333,0.5,0.52,0.53
"A",137,"T23",1127,0.866666666666667,0.386666666666667,0.894,0.45
"A",137,"T23",1128,0.713333333333333,0.513333333333333,0.684,0.482
"A",137,"T23",1129,0.613333333333333,0.32,0.596,0.28
"A",137,"T23",1130,0.686666666666667,0.72,0.66,0.736
"A",137,"T23",1131,0.546666666666667,0.42,0.516,0.424
"A",137,"T23",1132,0.773333333333333,0.293333333333333,0.742,0.26
"A",137,"T23",1133,0.586666666666667,0.32,0.612,0.262
"A",137,"T23",1134,0.0866666666666667,0.106666666666667,0.084,0.082
"A",137,"T23",1135,0.06,0.0266666666666667,0.05,0.01
"A",137,"T23",1136,0.3,0.206666666666667,0.29,0.194
"A",137,"T23",1137,0.6,0.32,0.6,0.314
"A",137,"T23",1138,0.373333333333333,0.806666666666667,0.368,0.798
"A",137,"T23",1139,0.173333333333333,0.0266666666666667,0.202,0.016
"A",137,"T23",1140,0.0733333333333333,0.0466666666666667,0.104,0.036
"A",137,"T23",1141,0.273333333333333,0.32,0.304,0.354
"A",137,"T23",1142,0.873333333333333,0.553333333333333,0.896,0.604
"A",137,"T23",1143,0.633333333333333,0.933333333333333,0.566,0.926
"A",137,"T23",1144,0.58,0.386666666666667,0.576,0.41
"A",137,"T23",1145,0.486666666666667,0.913333333333333,0.444,0.856
"A",137,"T23",1146,0.913333333333333,0.773333333333333,0.908,0.79
"A",137,"T23",1147,0.533333333333333,0.16,0.5,0.176
"A",137,"T23",1148,0.04,0.00666666666666667,0.03,0.002
"A",137,"T23",1149,0.373333333333333,0.46,0.374,0.51
"A",137,"T23",1150,0.2,0.0866666666666667,0.156,0.084
"A",137,"T23",1151,0.906666666666667,0.486666666666667,0.88,0.558
"A",137,"T23",1152,0.88,0.986666666666667,0.856,0.974
"A",137,"T23",1153,0.873333333333333,0.486666666666667,0.878,0.484
"A",137,"T23",1154,0.253333333333333,0.193333333333333,0.242,0.156
"A",137,"T23",1155,0.9,0.98,0.898,0.946
"A",137,"T23",1156,0.04,0.926666666666667,0.02,0.936
"A",137,"T23",1157,0.413333333333333,0.48,0.43,0.454
"A",137,"T23",1158,0.913333333333333,0.253333333333333,0.894,0.242
"A",137,"T23",1159,0.986666666666667,0.573333333333333,0.958,0.522
"A",137,"T23",1160,0.666666666666667,0.466666666666667,0.654,0.46
"A",137,"T23",1161,0.74,0.326666666666667,0.7,0.336
"A",137,"T23",1162,0.0466666666666667,0.273333333333333,0.05,0.326
"A",137,"T23",1163,0.666666666666667,0.333333333333333,0.648,0.294
"A",137,"T23",1164,0.293333333333333,0.78,0.29,0.834
"A",137,"T23",1165,0.573333333333333,0.273333333333333,0.564,0.276
"A",137,"T23",1166,0.946666666666667,0.786666666666667,0.93,0.804
"A",137,"T23",1167,0.46,0.46,0.484,0.492
"A",137,"T23",1168,1,0.866666666666667,0.988,0.88
"A",137,"T23",1169,0.166666666666667,0.88,0.162,0.876
"A",137,"T23",1170,0.54,0.16,0.526,0.154
"A",137,"T23",1171,0.206666666666667,0.0266666666666667,0.222,0.01
"A",137,"T23",1172,0.613333333333333,0.5,0.558,0.48
"A",137,"T23",1173,0.133333333333333,0.02,0.096,0.02
"A",137,"T23",1174,0.266666666666667,0.946666666666667,0.244,0.938
"A",137,"T23",1175,0.26,0.106666666666667,0.268,0.084
"A",137,"T23",1176,0.753333333333333,0.406666666666667,0.732,0.442
"A",137,"T23",1177,0.573333333333333,0.106666666666667,0.554,0.1
"A",137,"T23",1178,0.533333333333333,0.466666666666667,0.546,0.486
"A",137,"T23",1179,0.186666666666667,0.3,0.176,0.266
"A",137,"T23",1180,0.653333333333333,1,0.654,0.998
"A",137,"T23",1181,0.22,0.64,0.204,0.614
"A",137,"T23",1182,0.706666666666667,0.52,0.728,0.504
"A",137,"T23",1183,0.133333333333333,0.666666666666667,0.138,0.64
"A",137,"T23",1184,0.933333333333333,0.96,0.914,0.964
"A",137,"T23",1185,0.0333333333333333,0.0666666666666667,0.032,0.052
"A",137,"T23",1186,0.873333333333333,0.886666666666667,0.842,0.866
"A",137,"T23",1187,0.88,0.76,0.888,0.768
"A",137,"T23",1188,0.04,0.0133333333333333,0.04,0.006
"A",137,"T23",1189,0.553333333333333,0.246666666666667,0.52,0.252
"A",137,"T23",1190,0.0533333333333333,0.58,0.074,0.6
"A",137,"T23",1191,0.733333333333333,0.52,0.7,0.516
"A",137,"T23",1192,0.786666666666667,0.42,0.772,0.402
"A",137,"T23",1193,0.42,0.18,0.42,0.168
"A",137,"T23",1194,0.48,0.793333333333333,0.522,0.814
"A",137,"T23",1195,0.0866666666666667,0.5,0.084,0.508
"A",137,"T23",1196,0.98,0.366666666666667,0.988,0.386
"A",137,"T23",1197,0.233333333333333,0.293333333333333,0.248,0.26
"A",137,"T23",1198,0.306666666666667,0.273333333333333,0.262,0.3
"A",137,"T23",1199,0.266666666666667,0.5,0.27,0.474
"A",137,"T23",1200,0.86,0.733333333333333,0.874,0.736
"A",137,"T23",1201,0.82,0.6,0.806,0.636
"A",137,"T23",1202,0.246666666666667,0.5,0.244,0.496
"A",137,"T23",1203,0.4,0.606666666666667,0.438,0.664
"A",137,"T23",1204,0.16,0.613333333333333,0.152,0.622
"A",137,"T23",1205,0.9,0.533333333333333,0.884,0.514
"A",137,"T23",1206,0.773333333333333,0.6,0.798,0.618
"A",137,"T23",1207,0.66,0.473333333333333,0.626,0.46
"A",137,"T23",1208,0.473333333333333,0.153333333333333,0.432,0.124
"A",137,"T23",1209,0.113333333333333,0.993333333333333,0.13,0.996
"A",137,"T23",1210,0.0466666666666667,0.0666666666666667,0.032,0.046
"A",137,"T23",1211,0.2,0.6,0.172,0.642
"A",137,"T23",1212,0.113333333333333,0.0133333333333333,0.098,0.03
"A",137,"T23",1213,0.546666666666667,0.66,0.544,0.638
"A",137,"T23",1214,0.68,0.186666666666667,0.682,0.212
"A",137,"T23",1215,0.1,0.46,0.086,0.43
"A",137,"T23",1216,0.473333333333333,0.84,0.5,0.826
"A",137,"T23",1217,0.313333333333333,0.906666666666667,0.302,0.898
"A",137,"T23",1218,0.98,0.693333333333333,0.952,0.708
"A",137,"T23",1219,0.426666666666667,0.953333333333333,0.454,0.892
"A",137,"T23",1220,0.906666666666667,0.36,0.878,0.33
"A",137,"T23",1221,0.886666666666667,0.94,0.892,0.946
"A",137,"T23",1222,0.553333333333333,0.646666666666667,0.508,0.578
"A",137,"T23",1223,0.3,0.0466666666666667,0.316,0.05
"A",137,"T23",1224,0.626666666666667,0.72,0.632,0.71
"A",137,"T23",1225,0.573333333333333,0.406666666666667,0.492,0.414
"A",137,"T23",1226,1,0.613333333333333,0.998,0.606
"A",137,"T23",1227,0.1,0.58,0.092,0.564
"A",137,"T23",1228,0.666666666666667,0.726666666666667,0.714,0.784
"A",137,"T23",1229,0.973333333333333,0.913333333333333,0.978,0.868
"A",137,"T23",1230,0.426666666666667,0.713333333333333,0.432,0.71
"A",137,"T23",1231,0.0666666666666667,0.0533333333333333,0.068,0.058
"A",137,"T23",1232,0.466666666666667,0.106666666666667,0.476,0.116
"A",137,"T23",1233,0.526666666666667,0.886666666666667,0.484,0.906
"A",137,"T23",1234,0.08,0.666666666666667,0.066,0.648
"A",137,"T23",1235,0.386666666666667,0.36,0.372,0.354
"A",137,"T23",1236,0.666666666666667,0.846666666666667,0.692,0.776
"A",137,"T23",1237,0.106666666666667,0.686666666666667,0.066,0.58
"A",137,"T23",1238,0.493333333333333,0.14,0.448,0.136
"A",137,"T23",1239,0.24,0.58,0.284,0.576
"A",137,"T23",1240,0.0733333333333333,0.173333333333333,0.14,0.168
"A",137,"T23",1241,0.713333333333333,0.333333333333333,0.746,0.304
"A",137,"T23",1242,0.313333333333333,0.233333333333333,0.28,0.204
"A",137,"T23",1243,0.806666666666667,0.44,0.834,0.498
"A",137,"T23",1244,0.24,0.793333333333333,0.268,0.756
"A",137,"T23",1245,0.826666666666667,0.733333333333333,0.798,0.714
"A",137,"T23",1246,0.08,0.793333333333333,0.044,0.818
"A",137,"T23",1247,0.98,0.846666666666667,0.966,0.798
"A",137,"T23",1248,0.0466666666666667,0.366666666666667,0.026,0.338
"A",137,"T23",1249,0.986666666666667,0.953333333333333,0.986,0.93
"A",137,"T23",1250,0.0666666666666667,0.346666666666667,0.084,0.348
"A",137,"T23",1251,0.633333333333333,0.66,0.584,0.708
"A",137,"T23",1252,0.233333333333333,0.04,0.266,0.06
"A",137,"T23",1253,0.64,0.493333333333333,0.642,0.524
"A",137,"T23",1254,0.846666666666667,0.426666666666667,0.822,0.366
"A",137,"T23",1255,0.853333333333333,0.12,0.864,0.168
"A",137,"T23",1256,0.52,0.286666666666667,0.53,0.244
"A",137,"T23",1257,0.0933333333333333,0.186666666666667,0.114,0.192
"A",137,"T23",1258,0.826666666666667,0.58,0.832,0.584
"A",137,"T23",1259,0.44,0.346666666666667,0.45,0.35
"A",137,"T23",1260,0.413333333333333,0.813333333333333,0.42,0.836
"A",137,"T23",1261,0.92,0.666666666666667,0.912,0.66
"A",137,"T23",1262,0.913333333333333,0.266666666666667,0.93,0.292
"A",137,"T23",1263,0.38,0.633333333333333,0.382,0.594
"A",137,"T23",1264,0.446666666666667,0.126666666666667,0.442,0.126
"A",137,"T23",1265,0.426666666666667,0.18,0.418,0.176
"A",137,"T23",1266,0.72,0.653333333333333,0.724,0.642
"A",137,"T23",1267,0.0866666666666667,0.106666666666667,0.08,0.126
"A",137,"T23",1268,0.133333333333333,0.24,0.158,0.234
"A",137,"T23",1269,0.76,0.113333333333333,0.738,0.126
"A",137,"T23",1270,0.426666666666667,0.986666666666667,0.398,0.992
"A",137,"T23",1271,0.613333333333333,0.72,0.634,0.746
"A",137,"T23",1272,0.68,0.726666666666667,0.696,0.714
"A",137,"T23",1273,0.386666666666667,0.693333333333333,0.34,0.698
"A",137,"T23",1274,0.84,0.966666666666667,0.884,0.972
"A",137,"T23",1275,0.48,0.966666666666667,0.542,0.982
"A",137,"T23",1276,0.00666666666666667,0.966666666666667,0.002,0.964
"A",137,"T23",1277,0.16,0.513333333333333,0.13,0.512
"A",137,"T23",1278,0.0733333333333333,0.186666666666667,0.048,0.166
"A",137,"T23",1279,0.266666666666667,0.566666666666667,0.222,0.586
"A",137,"T23",1280,0.44,0.64,0.406,0.648
"A",137,"T23",1281,0.666666666666667,0.686666666666667,0.664,0.672
"A",137,"T23",1282,0.1,0.926666666666667,0.076,0.912
"A",137,"T23",1283,0.406666666666667,0.126666666666667,0.454,0.148
"A",137,"T23",1284,0.886666666666667,0.88,0.876,0.872
"A",137,"T23",1285,0.0333333333333333,0.193333333333333,0.028,0.134
"A",137,"T23",1286,0.88,0.686666666666667,0.902,0.666
"A",137,"T23",1287,0.84,0.226666666666667,0.812,0.214
"A",137,"T23",1288,0.273333333333333,0.54,0.262,0.548
"A",137,"T23",1289,0.32,0.0266666666666667,0.292,0.02
"A",137,"T23",1290,0.0466666666666667,0.873333333333333,0.064,0.866
"A",137,"T23",1291,0.673333333333333,0.546666666666667,0.702,0.562
"A",137,"T23",1292,0.773333333333333,0.253333333333333,0.77,0.25
"A",137,"T23",1293,0.326666666666667,0.966666666666667,0.334,0.976
"A",137,"T23",1294,0.06,0.493333333333333,0.06,0.47
"A",137,"T23",1295,0.226666666666667,0.773333333333333,0.246,0.72
"A",137,"T23",1296,0.64,0.933333333333333,0.726,0.934
"A",137,"T23",1297,0.493333333333333,0.68,0.516,0.752
"A",137,"T23",1298,0.94,0.9,0.93,0.888
"A",137,"T23",1299,0.946666666666667,0.38,0.916,0.382
"A",137,"T23",1300,0.526666666666667,0.566666666666667,0.556,0.564
"A",137,"T23",1301,0.793333333333333,0.986666666666667,0.804,0.982
"A",137,"T23",1302,0.26,0.473333333333333,0.31,0.5
"A",137,"T23",1303,0.146666666666667,0.566666666666667,0.136,0.572
"A",137,"T23",1304,0.72,0.473333333333333,0.724,0.456
"A",137,"T23",1305,0.86,0.586666666666667,0.84,0.616
"A",137,"T23",1306,0.3,0.806666666666667,0.364,0.846
"A",137,"T23",1307,0.986666666666667,0.873333333333333,0.988,0.902
"A",137,"T23",1308,0.0466666666666667,0.493333333333333,0.046,0.472
"A",137,"T23",1309,0.72,0.48,0.682,0.488
"A",137,"T23",1310,0.406666666666667,0.94,0.378,0.964
"A",137,"T23",1311,0.96,0.666666666666667,0.964,0.624
"A",137,"T23",1312,0.886666666666667,1,0.89,1
"A",137,"T23",1313,0.826666666666667,0.946666666666667,0.828,0.912
"A",137,"T23",1314,0.14,0.48,0.164,0.448
"A",137,"T23",1315,0.366666666666667,0.12,0.342,0.108
"A",137,"T23",1316,0.58,0.986666666666667,0.61,0.958
"A",137,"T23",1317,0.726666666666667,0.373333333333333,0.746,0.354
"A",137,"T23",1318,0.46,0.773333333333333,0.456,0.768
"A",137,"T23",1319,0.0733333333333333,0.933333333333333,0.086,0.942
"A",137,"T23",1320,0.513333333333333,0.753333333333333,0.538,0.798
"A",137,"T23",1321,0.14,0.0133333333333333,0.134,0.004
"A",137,"T23",1322,0.966666666666667,0.953333333333333,0.954,0.948
"A",137,"T23",1323,0.686666666666667,0.213333333333333,0.678,0.248
"A",137,"T23",1324,0.466666666666667,0.353333333333333,0.472,0.38
"A",137,"T23",1325,0.5,0.986666666666667,0.484,0.982
"A",137,"T23",1326,0.38,0.793333333333333,0.352,0.804
"A",137,"T23",1327,0.02,0.24,0.022,0.252
"A",137,"T23",1328,0.306666666666667,0.393333333333333,0.288,0.36
"A",137,"T23",1329,0.713333333333333,0.76,0.75,0.792
"A",137,"T23",1330,0.253333333333333,0.653333333333333,0.266,0.676
"A",137,"T23",1331,0.866666666666667,0.546666666666667,0.916,0.58
"A",137,"T23",1332,0.346666666666667,0.153333333333333,0.334,0.156
"A",137,"T23",1333,0.646666666666667,0.32,0.638,0.29
"A",137,"T23",1334,0.573333333333333,0.206666666666667,0.546,0.19
"A",137,"T23",1335,0.993333333333333,0.673333333333333,0.992,0.644
"A",137,"T23",1336,0.626666666666667,0.886666666666667,0.596,0.86
"A",137,"T23",1337,0.593333333333333,0.62,0.58,0.65
"A",137,"T23",1338,0.526666666666667,0.213333333333333,0.56,0.26
"A",137,"T23",1339,0.553333333333333,0.526666666666667,0.536,0.478
"A",137,"T23",1340,0.986666666666667,0.96,0.97,0.968
"A",137,"T23",1341,0.866666666666667,0.546666666666667,0.854,0.54
"A",137,"T23",1342,0.873333333333333,0.56,0.85,0.53
"A",137,"T23",1343,0.733333333333333,0.94,0.698,0.952
"A",137,"T23",1344,0.58,0.153333333333333,0.584,0.126
"A",137,"T23",1345,0.746666666666667,0.213333333333333,0.748,0.208
"A",137,"T23",1346,0.62,0.206666666666667,0.622,0.224
"A",137,"T23",1347,0.3,0.0533333333333333,0.306,0.042
"A",137,"T23",1348,0.0266666666666667,0.0533333333333333,0.022,0.072
"A",137,"T23",1349,0.0533333333333333,0.353333333333333,0.054,0.386
"A",137,"T23",1350,0.186666666666667,0.526666666666667,0.192,0.518
"A",137,"T23",1351,0.306666666666667,0.853333333333333,0.352,0.836
"A",137,"T23",1352,0.586666666666667,0.173333333333333,0.644,0.182
"A",137,"T23",1353,0.406666666666667,0.273333333333333,0.468,0.298
"A",137,"T23",1354,0.706666666666667,0.873333333333333,0.682,0.804
"A",137,"T23",1355,0.166666666666667,0.373333333333333,0.158,0.354
"A",137,"T23",1356,0.713333333333333,0.813333333333333,0.712,0.844
"A",137,"T23",1357,0.106666666666667,0.1,0.122,0.118
"A",137,"T23",1358,0.88,0.406666666666667,0.864,0.45
"A",137,"T23",1359,0.426666666666667,0.62,0.394,0.596
"A",137,"T23",1360,0.726666666666667,0.653333333333333,0.766,0.676
"A",137,"T23",1361,0.92,0.946666666666667,0.936,0.952
"A",137,"T23",1362,0.426666666666667,0.113333333333333,0.438,0.104
"A",137,"T23",1363,0.546666666666667,0.86,0.524,0.882
"A",137,"T23",1364,0.373333333333333,0.533333333333333,0.336,0.54
"A",137,"T23",1365,0.32,0.0933333333333333,0.354,0.074
"A",137,"T23",1366,0.98,0.96,0.988,0.938
"A",137,"T23",1367,0.846666666666667,0.406666666666667,0.838,0.348
"A",137,"T23",1368,0.6,0.493333333333333,0.634,0.496
"A",137,"T23",1369,0.793333333333333,0.606666666666667,0.796,0.618
"A",137,"T23",1370,0.86,0.82,0.882,0.836
"A",137,"T23",1371,0.486666666666667,0.826666666666667,0.494,0.864
"A",137,"T23",1372,0.346666666666667,0.113333333333333,0.336,0.088
"A",137,"T23",1373,1,0.986666666666667,0.988,0.994
"A",137,"T23",1374,0.853333333333333,0.16,0.832,0.122
"A",137,"T23",1375,0.42,0.24,0.48,0.262
"A",137,"T23",1376,0.733333333333333,0.246666666666667,0.754,0.216
"A",137,"T23",1377,0.733333333333333,0.353333333333333,0.754,0.404
"A",137,"T23",1378,0.26,0.92,0.27,0.93
"A",137,"T23",1379,0.946666666666667,0.606666666666667,0.956,0.65
"A",137,"T23",1380,0.926666666666667,0.853333333333333,0.938,0.862
"A",137,"T23",1381,0.82,0.826666666666667,0.846,0.85
"A",137,"T23",1382,0.44,0.0933333333333333,0.394,0.084
"A",137,"T23",1383,0.993333333333333,0.793333333333333,0.986,0.772
"A",137,"T23",1384,0.913333333333333,0.973333333333333,0.922,0.984
"A",137,"T23",1385,0.213333333333333,0.366666666666667,0.182,0.362
"A",137,"T23",1386,0.666666666666667,0.26,0.72,0.238
"A",137,"T23",1387,0.16,0.22,0.136,0.186
"A",137,"T23",1388,0.233333333333333,0.04,0.262,0.066
"A",137,"T23",1389,0.106666666666667,0.00666666666666667,0.096,0.004
"A",137,"T23",1390,0.906666666666667,0.813333333333333,0.914,0.802
"A",137,"T23",1391,0.513333333333333,0.68,0.462,0.702
"A",137,"T23",1392,0.233333333333333,0.1,0.186,0.084
"A",137,"T23",1393,0.186666666666667,0.153333333333333,0.202,0.16
"A",137,"T23",1394,0.28,0.5,0.246,0.522
"A",137,"T23",1395,0.466666666666667,0.9,0.466,0.874
"A",137,"T23",1396,0.226666666666667,0.3,0.232,0.242
"A",137,"T23",1397,0.946666666666667,0.693333333333333,0.938,0.694
"A",137,"T23",1398,0.0333333333333333,0.02,0.052,0.046
"A",137,"T23",1399,0.153333333333333,0.36,0.146,0.388
"A",137,"T23",1400,0.766666666666667,0.873333333333333,0.702,0.836
"A",137,"T23",1401,0.64,0.546666666666667,0.62,0.56
"A",137,"T23",1402,0.0266666666666667,0.94,0.016,0.936
"A",137,"T23",1403,0.426666666666667,0.32,0.412,0.318
"A",137,"T23",1404,0.24,0.986666666666667,0.218,0.986
"A",137,"T23",1405,0.766666666666667,0.866666666666667,0.78,0.83
"A",137,"T23",1406,0.466666666666667,0.906666666666667,0.45,0.906
"A",137,"T23",1407,0.646666666666667,0.42,0.662,0.364
"A",137,"T23",1408,0.133333333333333,0.986666666666667,0.178,0.994
"A",137,"T23",1409,0.873333333333333,0.693333333333333,0.852,0.648
"A",137,"T23",1410,0.1,0.126666666666667,0.092,0.096
"A",137,"T23",1411,0.626666666666667,0.92,0.588,0.928
"A",137,"T23",1412,0.666666666666667,0.513333333333333,0.622,0.492
"A",137,"T23",1413,0.2,0.44,0.204,0.456
"A",137,"T23",1414,0.08,0.833333333333333,0.07,0.798
"A",137,"T23",1415,0.52,0.753333333333333,0.518,0.692
"A",137,"T23",1416,0.66,0.54,0.662,0.532
"A",137,"T23",1417,0.366666666666667,0.233333333333333,0.346,0.278
"A",137,"T23",1418,0.6,0.933333333333333,0.566,0.93
"A",137,"T23",1419,0.813333333333333,0.886666666666667,0.828,0.898
"A",137,"T23",1420,0.613333333333333,0.533333333333333,0.642,0.516
"A",137,"T23",1421,0.886666666666667,0.9,0.874,0.912
"A",137,"T23",1422,0.08,0.286666666666667,0.05,0.298
"A",137,"T23",1423,0.126666666666667,0.8,0.146,0.784
"A",137,"T23",1424,0.693333333333333,0.766666666666667,0.722,0.79
"A",137,"T23",1425,0.0933333333333333,0.36,0.116,0.434
"A",137,"T23",1426,0.893333333333333,0.66,0.886,0.648
"A",137,"T23",1427,0.48,0.326666666666667,0.418,0.294
"A",137,"T23",1428,0.186666666666667,0.94,0.254,0.946
"A",137,"T23",1429,0.1,0.133333333333333,0.108,0.096
"A",137,"T23",1430,1,0.653333333333333,0.996,0.626
"A",137,"T23",1431,0.693333333333333,0.366666666666667,0.66,0.346
"A",137,"T23",1432,0.826666666666667,0.593333333333333,0.818,0.638
"A",137,"T23",1433,0.726666666666667,0.953333333333333,0.774,0.926
"A",137,"T23",1434,0.00666666666666667,0.02,0.01,0.02
"A",137,"T23",1435,0.773333333333333,0.573333333333333,0.746,0.514
"A",137,"T23",1436,0.706666666666667,0.373333333333333,0.764,0.348
"A",137,"T23",1437,0.366666666666667,0.0533333333333333,0.356,0.038
"A",137,"T23",1438,1,0.986666666666667,1,0.976
"A",137,"T23",1439,0.926666666666667,0.666666666666667,0.934,0.674
"A",137,"T23",1440,0.06,0.26,0.046,0.246
"A",137,"T23",1441,0.0466666666666667,0.666666666666667,0.088,0.666
"A",137,"T23",1442,0.453333333333333,0.546666666666667,0.538,0.548
"A",137,"T23",1443,0.966666666666667,0.92,0.94,0.946
"A",137,"T23",1444,0.293333333333333,0.333333333333333,0.262,0.36
"A",137,"T23",1445,0.753333333333333,0.986666666666667,0.744,0.992
"A",137,"T23",1446,0.853333333333333,0.613333333333333,0.856,0.644
"A",137,"T23",1447,0.646666666666667,0.833333333333333,0.646,0.84
"A",137,"T23",1448,0.76,0.606666666666667,0.748,0.59
"A",137,"T23",1449,0.493333333333333,0.273333333333333,0.498,0.284
"A",137,"T23",1450,0.56,0.96,0.568,0.948
"A",137,"T23",1451,0.646666666666667,0.76,0.608,0.78
"A",137,"T23",1452,0.753333333333333,0.733333333333333,0.752,0.726
"A",137,"T23",1453,0.486666666666667,0.226666666666667,0.47,0.196
"A",137,"T23",1454,0.26,0.06,0.236,0.058
"A",137,"T23",1455,0.96,0.72,0.916,0.65
"A",137,"T23",1456,0.633333333333333,0.98,0.576,0.988
"A",137,"T23",1457,0.713333333333333,0.306666666666667,0.708,0.398
"A",137,"T23",1458,0.96,0.726666666666667,0.966,0.754
"A",137,"T23",1459,0.08,0.766666666666667,0.06,0.786
"A",137,"T23",1460,0.586666666666667,0.693333333333333,0.564,0.724
"A",137,"T23",1461,0.366666666666667,0.0266666666666667,0.356,0.014
"A",137,"T23",1462,0.28,0.4,0.298,0.358
"A",137,"T23",1463,0.0933333333333333,0.966666666666667,0.072,0.958
"A",137,"T23",1464,0.706666666666667,0.94,0.76,0.95
"A",137,"T23",1465,0.0866666666666667,0.0133333333333333,0.056,0.004
"A",137,"T23",1466,0.653333333333333,0.493333333333333,0.686,0.488
"A",137,"T23",1467,0.286666666666667,0.22,0.264,0.186
"A",137,"T23",1468,0.306666666666667,0.973333333333333,0.288,0.958
"A",137,"T23",1469,0.826666666666667,0.48,0.81,0.472
"A",137,"T23",1470,0.34,0.726666666666667,0.358,0.738
"A",137,"T23",1471,0.16,0.58,0.14,0.546
"A",137,"T23",1472,0.106666666666667,0.573333333333333,0.142,0.568
"A",137,"T23",1473,0.0733333333333333,0.513333333333333,0.036,0.522
"A",137,"T23",1474,0.613333333333333,0.306666666666667,0.606,0.274
"A",137,"T23",1475,0.54,0.786666666666667,0.53,0.782
"A",137,"T23",1476,0.586666666666667,0.06,0.606,0.074
"A",137,"T23",1477,0.393333333333333,0.14,0.398,0.144
"A",137,"T23",1478,0.133333333333333,0.0333333333333333,0.162,0.046
"A",137,"T23",1479,0.366666666666667,0.613333333333333,0.372,0.644
"A",137,"T23",1480,0.66,0.826666666666667,0.6,0.806
"A",137,"T23",1481,0.986666666666667,0.886666666666667,0.986,0.89
"A",137,"T23",1482,0.18,0.0133333333333333,0.152,0.02
"A",137,"T23",1483,0.306666666666667,0.613333333333333,0.336,0.598
"A",137,"T23",1484,0.78,0.94,0.774,0.92
"A",137,"T23",1485,0.14,0.833333333333333,0.166,0.836
"A",137,"T23",1486,0.26,0.173333333333333,0.262,0.156
"A",137,"T23",1487,0.973333333333333,0.74,0.96,0.726
"A",137,"T23",1488,0.513333333333333,0.166666666666667,0.48,0.178
"A",137,"T23",1489,0.82,0.946666666666667,0.858,0.946
"A",137,"T23",1490,0.64,0.48,0.67,0.476
"A",137,"T23",1491,0.76,0.733333333333333,0.766,0.724
"A",137,"T23",1492,0.766666666666667,0.566666666666667,0.758,0.576
"A",137,"T23",1493,0.96,0.84,0.964,0.834
"A",137,"T23",1494,0.293333333333333,0.166666666666667,0.296,0.13
"A",137,"T23",1495,0.913333333333333,0.813333333333333,0.864,0.8
"A",137,"T23",1496,0.846666666666667,0.886666666666667,0.87,0.9
"A",137,"T23",1497,0.12,0.513333333333333,0.134,0.44
"A",137,"T23",1498,0.78,0.493333333333333,0.754,0.452
"A",137,"T23",1499,0.933333333333333,0.96,0.904,0.93
"A",137,"T23",1500,0.62,0.726666666666667,0.642,0.704
"A",137,"T23",1501,0.646666666666667,0.886666666666667,0.614,0.896
"A",137,"T23",1502,0.446666666666667,0.113333333333333,0.436,0.092
"A",137,"T23",1503,0.22,0.846666666666667,0.184,0.854
"A",137,"T23",1504,0.566666666666667,0.333333333333333,0.54,0.352
"A",137,"T23",1505,0.3,0.486666666666667,0.332,0.46
"A",137,"T23",1506,0.166666666666667,0.493333333333333,0.196,0.492
"A",137,"T23",1507,0.06,0.06,0.08,0.076
"A",137,"T23",1508,0.833333333333333,0.706666666666667,0.786,0.678
"A",137,"T23",1509,0.0333333333333333,0.846666666666667,0.026,0.87
"A",137,"T23",1510,0.546666666666667,0.946666666666667,0.522,0.936
"A",137,"T23",1511,0.06,0.206666666666667,0.076,0.198
"A",137,"T23",1512,0.68,0.34,0.686,0.336
"A",137,"T23",1513,0.26,0.28,0.258,0.276
"A",137,"T23",1514,0.94,0.513333333333333,0.94,0.524
"A",137,"T23",1515,0.853333333333333,0.746666666666667,0.818,0.734
"A",137,"T23",1516,0.0266666666666667,0.913333333333333,0.024,0.902
"A",137,"T23",1517,0.426666666666667,0.32,0.382,0.316
"A",137,"T23",1518,0.426666666666667,0.313333333333333,0.408,0.29
"A",137,"T23",1519,0.84,0.413333333333333,0.828,0.468
"A",137,"T23",1520,0.686666666666667,0.653333333333333,0.69,0.64
"A",137,"T23",1521,0.76,0.486666666666667,0.744,0.478
"A",137,"T23",1522,0.546666666666667,0.813333333333333,0.47,0.822
"A",137,"T23",1523,0.526666666666667,0.32,0.548,0.334
"A",137,"T23",1524,0.74,0.34,0.756,0.312
"A",137,"T23",1525,0.8,0.966666666666667,0.838,0.966
"A",137,"T23",1526,0.586666666666667,0.146666666666667,0.518,0.114
"A",137,"T23",1527,0.646666666666667,0.553333333333333,0.634,0.526
"A",137,"T23",1528,0.713333333333333,0.826666666666667,0.74,0.79
"A",137,"T23",1529,0.02,0.02,0.016,0.008
"A",137,"T23",1530,0.78,0.86,0.76,0.88
"A",137,"T23",1531,0.113333333333333,0.113333333333333,0.102,0.134
"A",137,"T23",1532,0.273333333333333,0.546666666666667,0.262,0.472
"A",137,"T23",1533,0.826666666666667,0.34,0.796,0.36
"A",137,"T23",1534,0.62,0.793333333333333,0.55,0.772
"A",137,"T23",1535,0.0733333333333333,0.06,0.054,0.088
"A",137,"T23",1536,0.566666666666667,0.546666666666667,0.492,0.566
"A",137,"T23",1537,0.946666666666667,0.62,0.946,0.606
"A",137,"T23",1538,0.3,0.0933333333333333,0.242,0.07
"A",137,"T23",1539,0.873333333333333,0.86,0.872,0.866
"A",137,"T23",1540,0.12,0.0266666666666667,0.136,0.02
"A",137,"T23",1541,0.686666666666667,0.833333333333333,0.656,0.866
"A",137,"T23",1542,0.28,0.186666666666667,0.322,0.214
"A",137,"T23",1543,0.146666666666667,0.7,0.138,0.648
"A",137,"T23",1544,0.633333333333333,0.366666666666667,0.656,0.382
"A",137,"T23",1545,0.393333333333333,0.166666666666667,0.384,0.136
"A",137,"T23",1546,0.513333333333333,0.193333333333333,0.454,0.154
"A",137,"T23",1547,0.593333333333333,0.54,0.566,0.478
"A",137,"T23",1548,0.353333333333333,0.626666666666667,0.388,0.6
"A",137,"T23",1549,0.04,0.06,0.038,0.058
"A",137,"T23",1550,0.6,0.126666666666667,0.588,0.094
"A",137,"T23",1551,0.846666666666667,0.686666666666667,0.836,0.64
"A",137,"T23",1552,0.226666666666667,0.293333333333333,0.234,0.324
"A",137,"T23",1553,0.64,0.78,0.65,0.812
"A",137,"T23",1554,0.113333333333333,0.986666666666667,0.14,0.992
"A",137,"T23",1555,0.34,0.266666666666667,0.326,0.25
"A",137,"T23",1556,0.466666666666667,0.666666666666667,0.506,0.7
"A",137,"T23",1557,0.213333333333333,0.12,0.244,0.12
"A",137,"T23",1558,0.573333333333333,0.453333333333333,0.598,0.48
"A",137,"T23",1559,0.0933333333333333,0.74,0.082,0.73
"A",137,"T23",1560,0.886666666666667,0.706666666666667,0.882,0.712
"A",137,"T23",1561,0.88,0.713333333333333,0.89,0.716
"A",137,"T23",1562,0.653333333333333,0.853333333333333,0.66,0.836
"A",137,"T23",1563,0.913333333333333,0.72,0.89,0.71
"A",137,"T23",1564,0.1,0.2,0.118,0.206
"A",137,"T23",1565,0.406666666666667,0.386666666666667,0.42,0.452
"A",137,"T23",1566,0.24,0.753333333333333,0.234,0.736
"A",137,"T23",1567,0.78,0.466666666666667,0.764,0.464
"A",137,"T23",1568,0.986666666666667,0.613333333333333,0.978,0.616
"A",137,"T23",1569,0.793333333333333,0.766666666666667,0.826,0.752
"A",137,"T23",1570,0.566666666666667,0.546666666666667,0.51,0.526
"A",137,"T23",1571,0.646666666666667,0.266666666666667,0.692,0.272
"A",137,"T23",1572,0.513333333333333,0.14,0.476,0.116
"A",137,"T23",1573,0.2,0.0666666666666667,0.178,0.054
"A",137,"T23",1574,1,0.886666666666667,1,0.918
"A",137,"T23",1575,0.7,0.686666666666667,0.7,0.706
"A",137,"T23",1576,0.193333333333333,0.22,0.178,0.256
"A",137,"T23",1577,0.633333333333333,0.86,0.614,0.882
"A",137,"T23",1578,0.206666666666667,0.706666666666667,0.212,0.71
"A",137,"T23",1579,0.806666666666667,0.333333333333333,0.776,0.32
"A",137,"T23",1580,0.473333333333333,0.366666666666667,0.458,0.372
"A",137,"T23",1581,0.8,0.306666666666667,0.816,0.306
"A",137,"T23",1582,0.906666666666667,0.34,0.91,0.266
"A",137,"T23",1583,0.88,0.586666666666667,0.88,0.618
"A",137,"T23",1584,0.0266666666666667,0.986666666666667,0.056,0.95
"A",137,"T23",1585,0.58,0.173333333333333,0.546,0.186
"A",137,"T23",1586,0.753333333333333,0.5,0.77,0.564
"A",137,"T23",1587,0.466666666666667,0.846666666666667,0.486,0.85
"A",137,"T23",1588,0.693333333333333,0.806666666666667,0.628,0.786
"A",137,"T23",1589,0.4,0.88,0.4,0.834
"A",137,"T23",1590,0.353333333333333,0.06,0.334,0.052
"A",137,"T23",1591,0.8,0.46,0.764,0.478
"A",137,"T23",1592,0.466666666666667,0.08,0.418,0.06
"A",137,"T23",1593,0.453333333333333,0.54,0.402,0.564
"A",137,"T23",1594,0.986666666666667,0.773333333333333,0.994,0.828
"A",137,"T23",1595,0.786666666666667,0.333333333333333,0.82,0.376
"A",137,"T23",1596,0.173333333333333,0.593333333333333,0.148,0.624
"A",137,"T23",1597,0.206666666666667,0.24,0.22,0.252
"A",137,"T23",1598,0.0933333333333333,0.653333333333333,0.084,0.664
"A",137,"T23",1599,0.646666666666667,0.186666666666667,0.632,0.17
"A",137,"T23",1600,0.446666666666667,0.533333333333333,0.45,0.594
"A",137,"T23",1601,0.313333333333333,0.22,0.408,0.218
"A",137,"T23",1602,0.9,0.586666666666667,0.87,0.56
"A",137,"T23",1603,0.06,0.12,0.072,0.098
"A",137,"T23",1604,0.6,0.613333333333333,0.606,0.652
"A",137,"T23",1605,0.313333333333333,0.94,0.344,0.95
"A",137,"T23",1606,0.273333333333333,0.42,0.25,0.394
"A",137,"T23",1607,0.153333333333333,0.953333333333333,0.124,0.93
"A",137,"T23",1608,0.173333333333333,0.0533333333333333,0.13,0.034
"A",137,"T23",1609,0.24,0.986666666666667,0.206,0.972
"A",137,"T23",1610,0.973333333333333,0.733333333333333,0.976,0.698
"A",137,"T23",1611,0.9,0.886666666666667,0.9,0.892
"A",137,"T23",1612,0.42,0.346666666666667,0.396,0.356
"A",137,"T23",1613,0.46,0.62,0.47,0.616
"A",137,"T23",1614,0.346666666666667,0.353333333333333,0.346,0.334
"A",137,"T23",1615,0.0533333333333333,0.966666666666667,0.07,0.972
"A",137,"T23",1616,0.453333333333333,0.786666666666667,0.432,0.754
"A",137,"T23",1617,0.286666666666667,0.233333333333333,0.282,0.232
"A",137,"T23",1618,0.98,0.906666666666667,0.978,0.928
"A",137,"T23",1619,0.126666666666667,0.113333333333333,0.114,0.164
"A",137,"T23",1620,0.506666666666667,0.773333333333333,0.458,0.794
"A",137,"T23",1621,0.106666666666667,0.173333333333333,0.086,0.156
"A",137,"T23",1622,0.2,0.56,0.164,0.46
"A",137,"T23",1623,0.84,0.166666666666667,0.816,0.198
"A",137,"T23",1624,0.44,0.913333333333333,0.52,0.892
"A",137,"T23",1625,0.126666666666667,0.36,0.156,0.324
"A",137,"T23",1626,0.666666666666667,0.473333333333333,0.66,0.456
"A",137,"T23",1627,0.593333333333333,0.333333333333333,0.624,0.312
"A",137,"T23",1628,0.786666666666667,0.846666666666667,0.824,0.852
"A",137,"T23",1629,0.846666666666667,0.573333333333333,0.784,0.52
"A",137,"T23",1630,0.16,0.04,0.14,0.05
"A",137,"T23",1631,0.16,0.173333333333333,0.188,0.19
"A",137,"T23",1632,0.553333333333333,0.593333333333333,0.55,0.618
"A",137,"T23",1633,0.26,0.246666666666667,0.202,0.238
"A",137,"T23",1634,0.793333333333333,0.753333333333333,0.782,0.706
"A",137,"T23",1635,0.153333333333333,0.86,0.182,0.83
"A",137,"T23",1636,0.96,0.56,0.96,0.628
"A",137,"T23",1637,0.0733333333333333,0.00666666666666667,0.058,0.002
"A",137,"T23",1638,0.326666666666667,0.353333333333333,0.268,0.31
"A",137,"T23",1639,0.926666666666667,0.66,0.93,0.682
"A",137,"T23",1640,0.106666666666667,0.24,0.1,0.244
"A",137,"T23",1641,0.633333333333333,0.393333333333333,0.606,0.406
"A",137,"T23",1642,0.593333333333333,0.246666666666667,0.558,0.228
"A",137,"T23",1643,0.0933333333333333,0.453333333333333,0.066,0.45
"A",137,"T23",1644,0.493333333333333,0.8,0.484,0.84
"A",137,"T23",1645,0.126666666666667,0.466666666666667,0.142,0.48
"A",137,"T23",1646,0.48,0.933333333333333,0.476,0.926
"A",137,"T23",1647,0.846666666666667,0.573333333333333,0.856,0.554
"A",137,"T23",1648,0.58,0.346666666666667,0.574,0.358
"A",137,"T23",1649,0.226666666666667,0.773333333333333,0.226,0.78
"A",137,"T23",1650,0.246666666666667,0.513333333333333,0.238,0.53
"A",137,"T23",1651,0.02,0.00666666666666667,0.008,0.002
"A",137,"T23",1652,0.78,0.74,0.772,0.726
"A",137,"T23",1653,0.846666666666667,0.633333333333333,0.878,0.628
"A",137,"T23",1654,0.233333333333333,0.52,0.232,0.538
"A",137,"T23",1655,0.62,0.853333333333333,0.602,0.882
"A",137,"T23",1656,0.266666666666667,0.226666666666667,0.312,0.212
"A",137,"T23",1657,0.88,0.92,0.892,0.934
"A",137,"T23",1658,0.806666666666667,0.426666666666667,0.81,0.494
"A",137,"T23",1659,0.513333333333333,0.86,0.49,0.82
"A",137,"T23",1660,0.32,0.88,0.268,0.864
"A",137,"T23",1661,0.213333333333333,0.106666666666667,0.234,0.1
"A",137,"T23",1662,0.706666666666667,0.5,0.698,0.512
"A",137,"T23",1663,0.786666666666667,0.6,0.792,0.596
"A",137,"T23",1664,0.593333333333333,0.0533333333333333,0.6,0.046
"A",137,"T23",1665,0.593333333333333,0.233333333333333,0.552,0.222
"A",137,"T23",1666,0.586666666666667,0.353333333333333,0.588,0.342
"A",137,"T23",1667,0.54,0.233333333333333,0.49,0.226
"A",137,"T23",1668,1,0.893333333333333,1,0.924
"A",137,"T23",1669,0.72,0.913333333333333,0.722,0.912
"A",137,"T23",1670,0.546666666666667,0.146666666666667,0.504,0.116
"A",137,"T23",1671,0.5,0.44,0.49,0.392
"A",137,"T23",1672,0.426666666666667,0.0266666666666667,0.466,0.054
"A",137,"T23",1673,0.86,0.88,0.842,0.856
"A",137,"T23",1674,0.726666666666667,0.46,0.706,0.454
"A",137,"T23",1675,0.506666666666667,0.293333333333333,0.502,0.306
"A",137,"T23",1676,0.646666666666667,0.66,0.64,0.67
"A",137,"T23",1677,0.553333333333333,0.353333333333333,0.618,0.388
"A",137,"T23",1678,0.226666666666667,0.44,0.18,0.454
"A",137,"T23",1679,0.473333333333333,0.58,0.516,0.63
"A",137,"T23",1680,0.253333333333333,0.133333333333333,0.27,0.146
"A",137,"T23",1681,0.706666666666667,0.653333333333333,0.676,0.684
"A",137,"T23",1682,0.886666666666667,0.553333333333333,0.944,0.568
"A",137,"T23",1683,0.58,0.1,0.564,0.126
"A",137,"T23",1684,0.453333333333333,0.406666666666667,0.476,0.402
"A",137,"T23",1685,0.92,0.66,0.93,0.636
"A",137,"T23",1686,0.346666666666667,0.3,0.352,0.296
"A",137,"T23",1687,0.04,0.00666666666666667,0.04,0.002
"A",137,"T23",1688,0.32,0.713333333333333,0.242,0.662
"A",137,"T23",1689,0.193333333333333,0.226666666666667,0.17,0.274
"A",137,"T23",1690,0.506666666666667,0.26,0.472,0.222
"A",137,"T23",1691,0.72,0.54,0.764,0.57
"A",137,"T23",1692,0.42,0.453333333333333,0.432,0.46
"A",137,"T23",1693,0.0266666666666667,0.313333333333333,0.036,0.332
"A",137,"T23",1694,0.66,0.946666666666667,0.686,0.952
"A",137,"T23",1695,0.693333333333333,0.386666666666667,0.662,0.388
"A",137,"T23",1696,0.0533333333333333,0.0333333333333333,0.028,0.024
"A",137,"T23",1697,0.333333333333333,0.873333333333333,0.342,0.904
"A",137,"T23",1698,0.62,0.98,0.566,0.978
"A",137,"T23",1699,0.1,0.846666666666667,0.074,0.856
"A",137,"T23",1700,0.8,0.78,0.77,0.762
"A",137,"T23",1701,0.78,0.813333333333333,0.796,0.826
"A",137,"T23",1702,0.88,0.373333333333333,0.862,0.3
"A",137,"T23",1703,0.2,0.733333333333333,0.176,0.68
"A",137,"T23",1704,0.94,0.773333333333333,0.93,0.788
"A",137,"T23",1705,0.84,0.333333333333333,0.822,0.356
"A",137,"T23",1706,0.1,1,0.098,0.996
"A",137,"T23",1707,0.9,0.7,0.91,0.754
"A",137,"T23",1708,0.246666666666667,0.58,0.212,0.6
"A",137,"T23",1709,0.113333333333333,0.446666666666667,0.108,0.508
"A",137,"T23",1710,0.633333333333333,0.46,0.642,0.442
"A",137,"T23",1711,0.826666666666667,0.64,0.86,0.652
"A",137,"T23",1712,0.513333333333333,0.526666666666667,0.482,0.516
"A",137,"T23",1713,0.633333333333333,0.193333333333333,0.602,0.17
"A",137,"T23",1714,0.0933333333333333,0.313333333333333,0.05,0.35
"A",137,"T23",1715,0.973333333333333,0.9,0.974,0.922
"A",137,"T23",1716,0.0666666666666667,0.833333333333333,0.106,0.818
"A",137,"T23",1717,0.306666666666667,0.126666666666667,0.288,0.142
"A",137,"T23",1718,0.406666666666667,0.793333333333333,0.314,0.84
"A",137,"T23",1719,0.293333333333333,0.82,0.3,0.816
"A",137,"T23",1720,0.346666666666667,0.7,0.274,0.722
"A",137,"T23",1721,0.6,0.986666666666667,0.566,0.984
"A",137,"T23",1722,0.946666666666667,0.866666666666667,0.968,0.874
"A",137,"T23",1723,0.513333333333333,0.533333333333333,0.482,0.484
"A",137,"T23",1724,0.526666666666667,0.76,0.484,0.796
"A",137,"T23",1725,0.7,0.88,0.742,0.88
"A",137,"T23",1726,0.84,0.713333333333333,0.852,0.734
"A",137,"T23",1727,0.853333333333333,1,0.844,1
"A",137,"T23",1728,0.78,0.58,0.77,0.562
"A",137,"T23",1729,0.126666666666667,0.926666666666667,0.162,0.908
"A",137,"T23",1730,0.94,0.533333333333333,0.96,0.54
"A",137,"T23",1731,0.186666666666667,0.126666666666667,0.156,0.132
"A",137,"T23",1732,0.16,0.54,0.142,0.558
"A",137,"T23",1733,1,0.986666666666667,0.996,0.99
"A",137,"T23",1734,0.0733333333333333,0.56,0.07,0.522
"A",137,"T23",1735,0.16,0.9,0.156,0.908
"A",137,"T23",1736,0.606666666666667,0.513333333333333,0.598,0.522
"A",137,"T23",1737,0.846666666666667,0.6,0.83,0.612
"A",137,"T23",1738,0.766666666666667,0.913333333333333,0.714,0.922
"A",137,"T23",1739,0.146666666666667,0.04,0.15,0.046
"A",137,"T23",1740,0.313333333333333,0.473333333333333,0.328,0.448
"A",137,"T23",1741,0.62,0.0666666666666667,0.586,0.066
"A",137,"T23",1742,0.22,0.12,0.202,0.142
"A",137,"T23",1743,0.593333333333333,0.166666666666667,0.576,0.178
"A",137,"T23",1744,0.34,0.7,0.386,0.7
"A",137,"T23",1745,0.32,0.686666666666667,0.302,0.652
"A",137,"T23",1746,0.413333333333333,0.64,0.436,0.628
"A",137,"T23",1747,0.92,0.993333333333333,0.89,0.996
"A",137,"T23",1748,0.76,0.366666666666667,0.756,0.364
"A",137,"T23",1749,0.353333333333333,0.0466666666666667,0.356,0.046
"A",137,"T23",1750,0.96,0.706666666666667,0.986,0.658
"A",137,"T23",1751,0.0733333333333333,0.02,0.048,0.022
"A",137,"T23",1752,0.54,0.506666666666667,0.616,0.544
"A",137,"T23",1753,0.24,0.193333333333333,0.204,0.18
"A",137,"T23",1754,0.593333333333333,0.52,0.634,0.542
"A",137,"T23",1755,0.48,0.16,0.508,0.206
"A",137,"T23",1756,0.826666666666667,0.533333333333333,0.844,0.536
"A",137,"T23",1757,0.82,0.586666666666667,0.826,0.532
"A",137,"T23",1758,0.853333333333333,0.986666666666667,0.84,0.964
"A",137,"T23",1759,0.793333333333333,0.153333333333333,0.734,0.152
"A",137,"T23",1760,0.0133333333333333,0.88,0.01,0.876
"A",137,"T23",1761,0.173333333333333,0.973333333333333,0.214,0.958
"A",137,"T23",1762,0.906666666666667,0.673333333333333,0.908,0.706
"A",137,"T23",1763,0.2,0.02,0.206,0.028
"A",137,"T23",1764,0.126666666666667,0.286666666666667,0.118,0.346
"A",137,"T23",1765,0.426666666666667,0.346666666666667,0.358,0.364
"A",137,"T23",1766,0.293333333333333,0.326666666666667,0.286,0.328
"A",137,"T23",1767,0.913333333333333,0.573333333333333,0.918,0.57
"A",137,"T23",1768,0.4,0.586666666666667,0.438,0.614
"A",137,"T23",1769,0.166666666666667,0.566666666666667,0.16,0.528
"A",137,"T23",1770,0.753333333333333,0.813333333333333,0.708,0.796
"A",137,"T23",1771,0.366666666666667,0.806666666666667,0.384,0.806
"A",137,"T23",1772,0.686666666666667,0.873333333333333,0.714,0.9
"A",137,"T23",1773,0.846666666666667,0.98,0.84,0.97
"A",137,"T23",1774,0.5,0.453333333333333,0.45,0.416
"A",137,"T23",1775,0.426666666666667,0.386666666666667,0.428,0.388
"A",137,"T23",1776,0.653333333333333,0.706666666666667,0.616,0.7
"A",137,"T23",1777,0.56,0.96,0.614,0.96
"A",137,"T23",1778,0.333333333333333,0.113333333333333,0.364,0.134
"A",137,"T23",1779,0.0333333333333333,0.753333333333333,0.034,0.714
"A",137,"T23",1780,0.953333333333333,0.786666666666667,0.932,0.744
"A",137,"T23",1781,0.766666666666667,0.973333333333333,0.752,0.986
"A",137,"T23",1782,0.3,0.526666666666667,0.36,0.494
"A",137,"T23",1783,0.26,0.06,0.268,0.076
"A",137,"T23",1784,0.826666666666667,0.2,0.84,0.266
"A",137,"T23",1785,0.8,0.44,0.75,0.38
"A",137,"T23",1786,0.353333333333333,0.233333333333333,0.308,0.234
"A",137,"T23",1787,0.96,0.6,0.984,0.632
"A",137,"T23",1788,0.166666666666667,0.773333333333333,0.156,0.74
"A",137,"T23",1789,0.873333333333333,0.433333333333333,0.832,0.444
"A",137,"T23",1790,0.24,0.98,0.274,0.98
"A",137,"T23",1791,0.746666666666667,0.213333333333333,0.738,0.184
"A",137,"T23",1792,0.226666666666667,0.08,0.228,0.054
"A",137,"T23",1793,0.433333333333333,0.793333333333333,0.46,0.75
"A",137,"T23",1794,0.873333333333333,0.726666666666667,0.836,0.66
"A",137,"T23",1795,0.52,0.86,0.534,0.85
"A",137,"T23",1796,0.08,0.74,0.06,0.734
"A",137,"T23",1797,0.533333333333333,0.44,0.536,0.352
"A",137,"T23",1798,0.106666666666667,0.133333333333333,0.124,0.154
"A",137,"T23",1799,0.56,0.906666666666667,0.592,0.922
"A",137,"T23",1800,0.493333333333333,0.0933333333333333,0.524,0.12
"A",137,"T23",1801,0.08,0.126666666666667,0.07,0.096
"A",137,"T23",1802,0.646666666666667,0.353333333333333,0.692,0.304
"A",137,"T23",1803,0.646666666666667,0.213333333333333,0.61,0.196
"A",137,"T23",1804,0.12,0.98,0.11,0.972
"A",137,"T23",1805,0.726666666666667,0.493333333333333,0.73,0.506
"A",137,"T23",1806,0.973333333333333,0.393333333333333,0.962,0.43
"A",137,"T23",1807,0.266666666666667,0.626666666666667,0.242,0.63
"A",137,"T23",1808,0.126666666666667,0.106666666666667,0.14,0.11
"A",137,"T23",1809,0.606666666666667,0.52,0.62,0.556
"A",137,"T23",1810,0.213333333333333,0.646666666666667,0.208,0.642
"A",137,"T23",1811,0.0866666666666667,0.0533333333333333,0.122,0.07
"A",137,"T23",1812,0.0466666666666667,0.473333333333333,0.038,0.498
"A",137,"T23",1813,0.0466666666666667,0.206666666666667,0.036,0.154
"A",137,"T23",1814,0.96,0.98,0.972,0.97
"A",137,"T23",1815,0.3,0.933333333333333,0.338,0.91
"A",137,"T23",1816,0.713333333333333,0.16,0.73,0.176
"A",137,"T23",1817,0.213333333333333,0.906666666666667,0.212,0.908
"A",137,"T23",1818,0.786666666666667,0.726666666666667,0.78,0.67
"A",137,"T23",1819,0.813333333333333,0.506666666666667,0.788,0.492
"A",137,"T23",1820,0.513333333333333,0.313333333333333,0.484,0.342
"A",137,"T23",1821,0.7,0.92,0.7,0.918
"A",137,"T23",1822,0.966666666666667,0.94,0.952,0.918
"A",137,"T23",1823,0.0466666666666667,0.0733333333333333,0.032,0.038
"A",137,"T23",1824,0.813333333333333,0.713333333333333,0.75,0.688
"A",137,"T23",1825,0.66,0.933333333333333,0.646,0.944
"A",137,"T23",1826,0.666666666666667,0.46,0.614,0.402
"A",137,"T23",1827,0.273333333333333,0.373333333333333,0.19,0.358
"A",137,"T23",1828,0.546666666666667,0.106666666666667,0.59,0.132
"A",137,"T23",1829,0.2,0.133333333333333,0.174,0.172
"A",137,"T23",1830,0.0666666666666667,0.413333333333333,0.092,0.39
"A",137,"T23",1831,0.626666666666667,0.32,0.65,0.364
"A",137,"T23",1832,0.773333333333333,0.42,0.764,0.394
"A",137,"T23",1833,0.0266666666666667,0.00666666666666667,0.014,0.002
"A",137,"T23",1834,0.26,0.666666666666667,0.28,0.666
"A",137,"T23",1835,0.24,0.72,0.226,0.692
"A",137,"T23",1836,0.3,0.173333333333333,0.356,0.204
"A",137,"T23",1837,0.533333333333333,0.653333333333333,0.566,0.716
"A",137,"T23",1838,0.16,0.0333333333333333,0.14,0.042
"A",137,"T23",1839,0.4,0.193333333333333,0.398,0.14
"A",137,"T23",1840,0.82,0.693333333333333,0.83,0.7
"A",137,"T23",1841,0.8,0.633333333333333,0.79,0.604
"A",137,"T23",1842,0.68,0.633333333333333,0.636,0.69
"A",137,"T23",1843,0.0333333333333333,0.0266666666666667,0.014,0.008
"A",137,"T23",1844,0.94,0.633333333333333,0.934,0.61
"A",137,"T23",1845,0.913333333333333,0.826666666666667,0.922,0.832
"A",137,"T23",1846,0.0933333333333333,0.433333333333333,0.09,0.46
"A",137,"T23",1847,0.713333333333333,0.533333333333333,0.632,0.472
"A",137,"T23",1848,0.166666666666667,0.353333333333333,0.21,0.352
"A",137,"T23",1849,0.96,0.826666666666667,0.96,0.806
"A",137,"T23",1850,0.8,0.706666666666667,0.822,0.702
"A",137,"T23",1851,0.48,0.413333333333333,0.454,0.41
"A",137,"T23",1852,0.08,0.313333333333333,0.074,0.286
"A",137,"T23",1853,0.786666666666667,0.393333333333333,0.804,0.406
"A",137,"T23",1854,0.0133333333333333,0.00666666666666667,0.004,0.004
"A",137,"T23",1855,0.893333333333333,0.953333333333333,0.882,0.932
"A",137,"T23",1856,0.1,0.22,0.088,0.194
"A",137,"T23",1857,0.713333333333333,0.566666666666667,0.694,0.606
"A",137,"T23",1858,0.693333333333333,0.34,0.7,0.354
"A",137,"T23",1859,0.84,0.733333333333333,0.822,0.76
"A",137,"T23",1860,0.573333333333333,0.0533333333333333,0.528,0.062
"A",137,"T23",1861,0.466666666666667,0.826666666666667,0.452,0.854
"A",137,"T23",1862,0.593333333333333,0.233333333333333,0.6,0.244
"A",137,"T23",1863,0.62,0.233333333333333,0.602,0.21
"A",137,"T23",1864,0.56,0.866666666666667,0.578,0.896
"A",137,"T23",1865,0.0533333333333333,0.06,0.08,0.062
"A",137,"T23",1866,0.273333333333333,0.98,0.256,0.962
"A",137,"T23",1867,0.28,0.553333333333333,0.276,0.534
"A",137,"T23",1868,0.16,0.0666666666666667,0.162,0.064
"A",137,"T23",1869,0.873333333333333,0.866666666666667,0.838,0.862
"A",137,"T23",1870,0.273333333333333,0.473333333333333,0.262,0.468
"A",137,"T23",1871,0.633333333333333,0.56,0.622,0.51
"A",137,"T23",1872,0.68,0.88,0.674,0.872
"A",137,"T23",1873,0.28,0.1,0.342,0.12
"A",137,"T23",1874,0.173333333333333,0.4,0.134,0.368
"A",137,"T23",1875,0.98,0.78,0.99,0.77
"A",137,"T23",1876,0.966666666666667,0.833333333333333,0.95,0.784
"A",137,"T23",1877,0.313333333333333,0.36,0.298,0.316
"A",137,"T23",1878,0.38,0.786666666666667,0.406,0.768
"A",137,"T23",1879,0.466666666666667,0.413333333333333,0.482,0.358
"A",137,"T23",1880,0.953333333333333,0.626666666666667,0.956,0.57
"A",137,"T23",1881,0.646666666666667,0.473333333333333,0.676,0.522
"A",137,"T23",1882,0.946666666666667,0.633333333333333,0.92,0.628
"A",137,"T23",1883,0.886666666666667,0.426666666666667,0.912,0.438
"A",137,"T23",1884,0.906666666666667,0.833333333333333,0.908,0.816
"A",137,"T23",1885,0.24,0.186666666666667,0.264,0.18
"A",137,"T23",1886,0.5,0.146666666666667,0.466,0.158
"A",137,"T23",1887,0.646666666666667,0.76,0.706,0.758
"A",137,"T23",1888,0.753333333333333,0.173333333333333,0.76,0.224
"A",137,"T23",1889,0.173333333333333,0.0466666666666667,0.144,0.038
"A",137,"T23",1890,0.7,0.32,0.688,0.338
"A",137,"T23",1891,0.64,0.553333333333333,0.734,0.554
"A",137,"T23",1892,0.886666666666667,0.94,0.894,0.936
"A",137,"T23",1893,0.966666666666667,0.653333333333333,0.96,0.688
"A",137,"T23",1894,0.1,0.08,0.104,0.118
"A",137,"T23",1895,0.686666666666667,0.52,0.71,0.586
"A",137,"T23",1896,0.753333333333333,0.246666666666667,0.76,0.27
"A",137,"T23",1897,0.966666666666667,0.56,0.954,0.558
"A",137,"T23",1898,0.78,0.946666666666667,0.818,0.942
"A",137,"T23",1899,0.0733333333333333,0.0666666666666667,0.072,0.07
"A",137,"T23",1900,0.0666666666666667,0.826666666666667,0.066,0.78
"A",137,"T23",1901,0.586666666666667,0.186666666666667,0.574,0.196
"A",137,"T23",1902,0.353333333333333,0.293333333333333,0.32,0.264
"A",137,"T23",1903,0.666666666666667,0.826666666666667,0.69,0.816
"A",137,"T23",1904,0.706666666666667,0.166666666666667,0.694,0.174
"A",137,"T23",1905,0.366666666666667,0.846666666666667,0.352,0.806
"A",137,"T23",1906,0.706666666666667,0.486666666666667,0.724,0.472
"A",137,"T23",1907,0.586666666666667,0.493333333333333,0.548,0.502
"A",137,"T23",1908,0.28,0.386666666666667,0.256,0.408
"A",137,"T23",1909,0.406666666666667,0.0533333333333333,0.374,0.046
"A",137,"T23",1910,0.966666666666667,0.92,0.95,0.926
"A",137,"T23",1911,0.406666666666667,0.573333333333333,0.394,0.562
"A",137,"T23",1912,0.706666666666667,0.346666666666667,0.654,0.29
"A",137,"T23",1913,0.713333333333333,0.306666666666667,0.756,0.268
"A",137,"T23",1914,0.393333333333333,0.146666666666667,0.374,0.136
"A",137,"T23",1915,0.413333333333333,0.893333333333333,0.372,0.874
"A",137,"T23",1916,0.993333333333333,0.98,0.994,0.962
"A",137,"T23",1917,0.4,0.08,0.376,0.038
"A",137,"T23",1918,0.766666666666667,0.433333333333333,0.744,0.39
"A",137,"T23",1919,0.873333333333333,0.573333333333333,0.838,0.51
"A",137,"T23",1920,0.433333333333333,0.52,0.43,0.486
"A",137,"T23",1921,0.733333333333333,0.7,0.738,0.7
"A",137,"T23",1922,0.713333333333333,0.233333333333333,0.72,0.218
"A",137,"T23",1923,0.653333333333333,0.84,0.648,0.828
"A",137,"T23",1924,0.986666666666667,0.9,0.988,0.866
"A",137,"T23",1925,0.02,0.0266666666666667,0.02,0.014
"A",137,"T23",1926,0.113333333333333,0.32,0.126,0.302
"A",137,"T23",1927,0.293333333333333,0.166666666666667,0.37,0.184
"A",137,"T23",1928,0.613333333333333,0.813333333333333,0.634,0.822
"A",137,"T23",1929,0.966666666666667,0.686666666666667,0.976,0.704
"A",137,"T23",1930,0.513333333333333,0.733333333333333,0.504,0.674
"A",137,"T23",1931,0.726666666666667,0.886666666666667,0.77,0.892
"A",137,"T23",1932,0.0866666666666667,0.28,0.086,0.24
"A",137,"T23",1933,0.946666666666667,0.386666666666667,0.948,0.386
"A",137,"T23",1934,0.153333333333333,0.173333333333333,0.122,0.17
"A",137,"T23",1935,0.966666666666667,0.913333333333333,0.972,0.922
"A",137,"T23",1936,0.4,0.873333333333333,0.364,0.87
"A",137,"T23",1937,0.606666666666667,0.853333333333333,0.638,0.908
"A",137,"T23",1938,0.333333333333333,0.52,0.332,0.502
"A",137,"T23",1939,0.366666666666667,0.166666666666667,0.36,0.178
"A",137,"T23",1940,0.886666666666667,0.633333333333333,0.882,0.618
"A",137,"T23",1941,0.913333333333333,0.546666666666667,0.912,0.56
"A",137,"T23",1942,0.386666666666667,0.473333333333333,0.376,0.528
"A",137,"T23",1943,0.333333333333333,0.293333333333333,0.304,0.23
"A",137,"T23",1944,0.946666666666667,0.6,0.938,0.616
"A",137,"T23",1945,0.353333333333333,0.133333333333333,0.35,0.148
"A",137,"T23",1946,0.0666666666666667,0.52,0.058,0.53
"A",137,"T23",1947,0.206666666666667,0.84,0.168,0.848
"A",137,"T23",1948,0.54,0.533333333333333,0.518,0.564
"A",137,"T23",1949,0.42,0.853333333333333,0.444,0.8
"A",137,"T23",1950,0.74,0.58,0.718,0.526
"A",137,"T23",1951,0.64,0.806666666666667,0.658,0.792
"A",137,"T23",1952,0.393333333333333,0.82,0.454,0.844
"A",137,"T23",1953,0.686666666666667,0.2,0.718,0.23
"A",137,"T23",1954,0.986666666666667,0.926666666666667,0.996,0.938
"A",137,"T23",1955,0.3,0.113333333333333,0.272,0.11
"A",137,"T23",1956,0.893333333333333,0.373333333333333,0.906,0.412
"A",137,"T23",1957,0.786666666666667,0.826666666666667,0.784,0.844
"A",137,"T23",1958,0.16,0.0333333333333333,0.184,0.042
"A",137,"T23",1959,0.133333333333333,0.0133333333333333,0.162,0.006
"A",137,"T23",1960,0.886666666666667,0.76,0.848,0.752
"A",137,"T23",1961,0.393333333333333,0.76,0.422,0.79
"A",137,"T23",1962,0.186666666666667,0.2,0.244,0.234
"A",137,"T23",1963,0.9,0.9,0.904,0.906
"A",137,"T23",1964,0.633333333333333,0.1,0.63,0.108
"A",137,"T23",1965,0.353333333333333,0.666666666666667,0.334,0.7
"A",137,"T23",1966,0.0666666666666667,0.206666666666667,0.066,0.182
"A",137,"T23",1967,0.766666666666667,0.8,0.768,0.8
"A",137,"T23",1968,0.78,0.22,0.786,0.222
"A",137,"T23",1969,0.0133333333333333,0.726666666666667,0.028,0.724
"A",137,"T23",1970,0.206666666666667,0.146666666666667,0.214,0.094
"A",137,"T23",1971,0.986666666666667,0.806666666666667,0.988,0.832
"A",137,"T23",1972,0.326666666666667,0.706666666666667,0.302,0.712
"A",137,"T23",1973,0.92,0.906666666666667,0.896,0.906
"A",137,"T23",1974,0.78,0.253333333333333,0.794,0.294
"A",137,"T23",1975,0.253333333333333,0.12,0.238,0.166
"A",137,"T23",1976,0.293333333333333,0.0333333333333333,0.284,0.016
"A",137,"T23",1977,0.56,0.186666666666667,0.57,0.24
"A",137,"T23",1978,0.0266666666666667,0.126666666666667,0.016,0.108
"A",137,"T23",1979,0.82,0.8,0.788,0.782
"A",137,"T23",1980,0.666666666666667,0.626666666666667,0.702,0.604
"A",137,"T23",1981,0.96,0.74,0.956,0.708
"A",137,"T23",1982,0.206666666666667,0.313333333333333,0.22,0.346
"A",137,"T23",1983,0.846666666666667,0.506666666666667,0.842,0.51
"A",137,"T23",1984,0.793333333333333,0.406666666666667,0.81,0.392
"A",137,"T23",1985,0.373333333333333,0.753333333333333,0.376,0.734
"A",137,"T23",1986,0.133333333333333,0.553333333333333,0.164,0.552
"A",137,"T23",1987,0.16,0.68,0.132,0.652
"A",137,"T23",1988,0.413333333333333,0.153333333333333,0.408,0.134
"A",137,"T23",1989,0.826666666666667,0.433333333333333,0.812,0.428
"A",137,"T23",1990,0.113333333333333,0.173333333333333,0.064,0.128
"A",137,"T23",1991,0.726666666666667,0.613333333333333,0.7,0.632
"A",137,"T23",1992,0.6,0.16,0.576,0.128
"A",137,"T23",1993,0.526666666666667,0.426666666666667,0.54,0.41
"A",137,"T23",1994,0.34,0.34,0.354,0.306
"A",137,"T23",1995,0.72,0.72,0.712,0.678
"A",137,"T23",1996,0.0333333333333333,0.0666666666666667,0.026,0.076
"A",137,"T23",1997,0.26,0.833333333333333,0.274,0.874
"A",137,"T23",1998,1,0.553333333333333,0.99,0.536
"A",137,"T23",1999,0.306666666666667,0.106666666666667,0.288,0.104
"A",137,"T23",2000,0.553333333333333,0.253333333333333,0.574,0.27
"A",137,"T23",2001,0.846666666666667,0.306666666666667,0.786,0.32
"A",137,"T23",2002,0.08,0.766666666666667,0.104,0.816
"A",137,"T23",2003,0.4,0.286666666666667,0.376,0.292
"A",137,"T23",2004,0.653333333333333,0.98,0.74,0.982
"A",137,"T23",2005,0.0866666666666667,0.893333333333333,0.058,0.89
"A",137,"T23",2006,0.0133333333333333,0.02,0.008,0.018
"A",137,"T23",2007,0.0533333333333333,0.38,0.044,0.362
"A",137,"T23",2008,0.2,0.186666666666667,0.206,0.202
"A",137,"T23",2009,0.126666666666667,0.173333333333333,0.124,0.132
"A",137,"T23",2010,0.226666666666667,0.04,0.232,0.05
"A",137,"T23",2011,0.506666666666667,0.68,0.468,0.714
"A",137,"T23",2012,0.946666666666667,0.86,0.974,0.826
"A",137,"T23",2013,0.766666666666667,0.566666666666667,0.758,0.608
"A",137,"T23",2014,0.806666666666667,0.78,0.796,0.744
"A",137,"T23",2015,0.84,0.433333333333333,0.872,0.478
"A",137,"T23",2016,0.34,0.553333333333333,0.356,0.574
"A",137,"T23",2017,0.48,0.133333333333333,0.57,0.198
"A",137,"T23",2018,0.0266666666666667,0.0733333333333333,0.034,0.08
"A",137,"T23",2019,0.266666666666667,0.22,0.266,0.25
"A",137,"T23",2020,0.16,0.806666666666667,0.116,0.812
"A",137,"T23",2021,0.3,0.48,0.266,0.492
"A",137,"T23",2022,0.213333333333333,0.1,0.2,0.096
"A",137,"T23",2023,0.606666666666667,0.253333333333333,0.568,0.234
"A",137,"T23",2024,0.953333333333333,0.813333333333333,0.918,0.762
"A",137,"T23",2025,0.613333333333333,0.366666666666667,0.66,0.442
"A",137,"T23",2026,0.526666666666667,0.186666666666667,0.476,0.196
"A",137,"T23",2027,0.693333333333333,0.233333333333333,0.672,0.244
"A",137,"T23",2028,0.713333333333333,0.44,0.686,0.458
"A",137,"T23",2029,0.86,0.96,0.848,0.958
"A",137,"T23",2030,1,0.96,1,0.968
"A",137,"T23",2031,0.46,0.82,0.422,0.852
"A",137,"T23",2032,0.146666666666667,0.12,0.106,0.09
"A",137,"T23",2033,0.793333333333333,0.173333333333333,0.83,0.222
"A",137,"T23",2034,0.9,0.933333333333333,0.876,0.948
"A",137,"T23",2035,0.98,0.946666666666667,0.992,0.926
"A",137,"T23",2036,0.66,0.793333333333333,0.658,0.826
"A",137,"T23",2037,0.326666666666667,0.18,0.324,0.206
"A",137,"T23",2038,0.533333333333333,0.886666666666667,0.488,0.898
"A",137,"T23",2039,0.293333333333333,0.166666666666667,0.348,0.142
"A",137,"T23",2040,0.14,0.893333333333333,0.158,0.932
"A",137,"T23",2041,0.42,0.606666666666667,0.456,0.63
"A",137,"T23",2042,0.34,0.66,0.37,0.694
"A",137,"T23",2043,0.846666666666667,0.766666666666667,0.822,0.742
"A",137,"T23",2044,0.433333333333333,0.366666666666667,0.402,0.356
"A",137,"T23",2045,0.5,0.24,0.442,0.216
"A",137,"T23",2046,0.0933333333333333,0.686666666666667,0.062,0.666
"A",137,"T23",2047,0.18,0.82,0.178,0.788
"A",137,"T23",2048,0.886666666666667,0.646666666666667,0.908,0.636
"A",137,"T23",2049,0.14,0.0133333333333333,0.176,0.016
"A",137,"T23",2050,0.246666666666667,0.113333333333333,0.248,0.144
"A",137,"T23",2051,0.173333333333333,0.526666666666667,0.196,0.564
"A",137,"T23",2052,0.82,0.38,0.774,0.354
"A",137,"T23",2053,0.00666666666666667,0.16,0.002,0.13
"A",137,"T23",2054,0.606666666666667,0.166666666666667,0.578,0.136
"A",137,"T23",2055,0.22,0.88,0.168,0.872
"A",137,"T23",2056,0.233333333333333,0.04,0.222,0.04
"A",137,"T23",2057,0.24,1,0.218,1
"A",137,"T23",2058,0.88,0.726666666666667,0.858,0.682
"A",137,"T23",2059,0.606666666666667,0.566666666666667,0.59,0.568
"A",137,"T23",2060,0.16,0.433333333333333,0.14,0.416
"A",137,"T23",2061,0.153333333333333,0.453333333333333,0.124,0.438
"A",137,"T23",2062,0.966666666666667,0.62,0.962,0.63
"A",137,"T23",2063,0.533333333333333,0.26,0.592,0.28
"A",137,"T23",2064,0.52,0.506666666666667,0.54,0.534
"A",137,"T23",2065,0.693333333333333,0.413333333333333,0.62,0.366
"A",137,"T23",2066,0.546666666666667,0.426666666666667,0.6,0.418
"A",137,"T23",2067,0.72,0.473333333333333,0.748,0.406
"A",137,"T23",2068,0.22,0.0666666666666667,0.23,0.052
"A",137,"T23",2069,0.593333333333333,0.866666666666667,0.616,0.866
"A",137,"T23",2070,0.913333333333333,0.62,0.908,0.65
"A",137,"T23",2071,0.293333333333333,0.04,0.326,0.032
"A",137,"T23",2072,0.273333333333333,0.913333333333333,0.252,0.906
"A",137,"T23",2073,0.793333333333333,0.813333333333333,0.786,0.816
"A",137,"T23",2074,0.786666666666667,0.273333333333333,0.804,0.28
"A",137,"T23",2075,0.44,0.906666666666667,0.436,0.908
"A",137,"T23",2076,0.533333333333333,0.08,0.52,0.064
"A",137,"T23",2077,0.14,0.573333333333333,0.146,0.52
"A",137,"T23",2078,0.0133333333333333,0.00666666666666667,0.006,0.002
"A",137,"T23",2079,0.28,0.34,0.31,0.35
"A",137,"T23",2080,0.34,0.186666666666667,0.344,0.168
"A",137,"T23",2081,0.793333333333333,0.433333333333333,0.764,0.388
"A",137,"T23",2082,0.333333333333333,0.486666666666667,0.37,0.446
"A",137,"T23",2083,0.58,0.746666666666667,0.618,0.756
"A",137,"T23",2084,0.313333333333333,0.746666666666667,0.338,0.778
"A",137,"T23",2085,0.373333333333333,0.353333333333333,0.378,0.348
"A",137,"T23",2086,0.673333333333333,0.88,0.758,0.898
"A",137,"T23",2087,0.56,0.153333333333333,0.568,0.148
"A",137,"T23",2088,0.846666666666667,0.54,0.874,0.476
"A",137,"T23",2089,0.44,0.46,0.44,0.492
"A",137,"T23",2090,0.74,0.26,0.782,0.246
"A",137,"T23",2091,0.653333333333333,0.72,0.654,0.742
"A",137,"T23",2092,0.773333333333333,0.346666666666667,0.75,0.308
"A",137,"T23",2093,0.286666666666667,0.0933333333333333,0.272,0.102
"A",137,"T23",2094,0.08,0.18,0.066,0.162
"A",137,"T23",2095,0.24,0.773333333333333,0.232,0.804
"A",137,"T23",2096,0.5,0.666666666666667,0.52,0.672
"A",137,"T23",2097,0.46,0.533333333333333,0.5,0.534
"A",137,"T23",2098,0.193333333333333,0.32,0.226,0.32
"A",137,"T23",2099,0.286666666666667,0.146666666666667,0.244,0.14
"A",137,"T23",2100,0.4,0.14,0.428,0.152
"A",137,"T23",2101,0.14,0.2,0.15,0.146
"A",137,"T23",2102,0.786666666666667,0.413333333333333,0.822,0.528
"A",137,"T23",2103,0.366666666666667,0.84,0.302,0.82
"A",137,"T23",2104,0.546666666666667,0.946666666666667,0.556,0.962
"A",137,"T23",2105,0.06,0.0133333333333333,0.034,0.01
"A",137,"T23",2106,0.773333333333333,0.886666666666667,0.794,0.906
"A",137,"T23",2107,0.293333333333333,0.313333333333333,0.292,0.28
"A",137,"T23",2108,0.886666666666667,0.706666666666667,0.886,0.706
"A",137,"T23",2109,0.02,0.0266666666666667,0.012,0.026
"A",137,"T23",2110,0.74,0.446666666666667,0.722,0.414
"A",137,"T23",2111,0.16,0.22,0.148,0.214
"A",137,"T23",2112,0.32,0.133333333333333,0.332,0.116
"A",137,"T23",2113,0.48,0.626666666666667,0.55,0.638
"A",137,"T23",2114,0.866666666666667,0.653333333333333,0.858,0.636
"A",137,"T23",2115,0.7,0.613333333333333,0.702,0.59
"A",137,"T23",2116,0.0866666666666667,0.113333333333333,0.11,0.084
"A",137,"T23",2117,0.66,0.6,0.64,0.622
"A",137,"T23",2118,0.426666666666667,0.593333333333333,0.412,0.666
"A",137,"T23",2119,0.913333333333333,0.78,0.926,0.818
"A",137,"T23",2120,0.726666666666667,0.746666666666667,0.75,0.784
"A",137,"T23",2121,0.213333333333333,0.0333333333333333,0.164,0.026
"A",137,"T23",2122,0.746666666666667,0.806666666666667,0.706,0.822
"A",137,"T23",2123,1,0.94,0.996,0.952
"A",137,"T23",2124,0.4,0.193333333333333,0.356,0.186
"A",137,"T23",2125,0.566666666666667,0.42,0.546,0.42
"A",137,"T23",2126,0.613333333333333,0.26,0.618,0.29
"A",137,"T23",2127,0.04,0.733333333333333,0.036,0.73
"A",137,"T23",2128,0.413333333333333,0.986666666666667,0.404,0.976
"A",137,"T23",2129,0.98,0.46,0.972,0.478
"A",137,"T23",2130,0.94,0.9,0.958,0.856
"A",137,"T23",2131,0.46,0.293333333333333,0.416,0.318
"A",137,"T23",2132,0.86,0.886666666666667,0.88,0.894
"A",137,"T23",2133,0.04,0.746666666666667,0.068,0.712
"A",137,"T23",2134,0.42,0.26,0.368,0.22
"A",137,"T23",2135,0.366666666666667,0.54,0.356,0.522
"A",137,"T23",2136,0.726666666666667,0.773333333333333,0.718,0.79
"A",137,"T23",2137,0.66,0.94,0.696,0.942
"A",137,"T23",2138,0.82,0.466666666666667,0.842,0.492
"A",137,"T23",2139,0.473333333333333,0.213333333333333,0.384,0.208
"A",137,"T23",2140,0.486666666666667,0.393333333333333,0.5,0.414
"A",137,"T23",2141,0.326666666666667,0.573333333333333,0.27,0.592
"A",137,"T23",2142,0.16,0.0133333333333333,0.158,0.018
"A",137,"T23",2143,0.606666666666667,0.44,0.606,0.398
"A",137,"T23",2144,0.08,0.706666666666667,0.1,0.706
"A",137,"T23",2145,0.54,0.14,0.58,0.154
"A",137,"T23",2146,0.62,0.806666666666667,0.632,0.778
"A",137,"T23",2147,0.606666666666667,0.653333333333333,0.64,0.666
"A",137,"T23",2148,0.926666666666667,0.806666666666667,0.936,0.736
"A",137,"T23",2149,0.26,0.54,0.264,0.552
"A",137,"T23",2150,0.273333333333333,0.28,0.22,0.298
"A",137,"T23",2151,0.986666666666667,0.5,0.978,0.54
"A",137,"T23",2152,0.913333333333333,0.493333333333333,0.922,0.448
"A",137,"T23",2153,0.846666666666667,0.953333333333333,0.862,0.95
"A",137,"T23",2154,0.853333333333333,0.993333333333333,0.862,0.996
"A",137,"T23",2155,0.84,0.506666666666667,0.856,0.442
"A",137,"T23",2156,0.666666666666667,0.593333333333333,0.714,0.532
"A",137,"T23",2157,0.393333333333333,0.32,0.38,0.332
"A",137,"T23",2158,0.893333333333333,0.32,0.896,0.3
"A",137,"T23",2159,0.673333333333333,0.186666666666667,0.64,0.164
"A",137,"T23",2160,0.433333333333333,0.513333333333333,0.41,0.514
"A",137,"T23",2161,0.266666666666667,0.746666666666667,0.198,0.744
"A",137,"T23",2162,0.46,0.4,0.506,0.434
"A",137,"T23",2163,0.346666666666667,0.453333333333333,0.316,0.404
"A",137,"T23",2164,0.48,0.773333333333333,0.362,0.74
"A",137,"T23",2165,0.853333333333333,0.806666666666667,0.862,0.832
"A",137,"T23",2166,0.813333333333333,0.993333333333333,0.82,0.996
"A",137,"T23",2167,0.833333333333333,0.153333333333333,0.818,0.162
"A",137,"T23",2168,0.16,0.326666666666667,0.214,0.346
"A",137,"T23",2169,0.713333333333333,0.726666666666667,0.686,0.774
"A",137,"T23",2170,0.746666666666667,0.46,0.738,0.438
"A",137,"T23",2171,0.86,0.32,0.812,0.274
"A",137,"T23",2172,0.133333333333333,0.926666666666667,0.106,0.924
"A",137,"T23",2173,0.62,0.826666666666667,0.628,0.828
"A",137,"T23",2174,0.48,0.946666666666667,0.514,0.934
"A",137,"T23",2175,0.26,0.4,0.246,0.334
"A",137,"T23",2176,0.966666666666667,0.733333333333333,0.972,0.702
"A",137,"T23",2177,0.0933333333333333,0.68,0.1,0.672
"A",137,"T23",2178,0.0333333333333333,0.626666666666667,0.046,0.606
"A",137,"T23",2179,0.34,0.92,0.312,0.938
"A",137,"T23",2180,0.1,0.14,0.084,0.122
"A",137,"T23",2181,0.473333333333333,0.14,0.458,0.15
"A",137,"T23",2182,0.273333333333333,0.08,0.278,0.078
"A",137,"T23",2183,0.646666666666667,0.24,0.658,0.256
"A",137,"T23",2184,0.653333333333333,0.186666666666667,0.652,0.212
"A",137,"T23",2185,0.893333333333333,0.813333333333333,0.904,0.828
"A",137,"T23",2186,0.32,0.0533333333333333,0.308,0.036
"A",137,"T23",2187,0.933333333333333,0.92,0.934,0.894
"A",137,"T23",2188,0.553333333333333,0.16,0.542,0.174
"A",137,"T23",2189,0.726666666666667,0.393333333333333,0.778,0.36
"A",137,"T23",2190,0.58,0.193333333333333,0.552,0.168
"A",137,"T23",2191,0.22,0.92,0.22,0.924
"A",137,"T23",2192,0.746666666666667,0.653333333333333,0.76,0.7
"A",137,"T23",2193,0.106666666666667,0.413333333333333,0.086,0.464
"A",137,"T23",2194,0.453333333333333,0.82,0.486,0.832
"A",137,"T23",2195,0.313333333333333,0.786666666666667,0.322,0.82
"A",137,"T23",2196,0.806666666666667,0.853333333333333,0.81,0.86
"A",137,"T23",2197,0.0933333333333333,0.58,0.08,0.578
"A",137,"T23",2198,0.986666666666667,0.56,0.988,0.52
"A",137,"T23",2199,0.46,0.906666666666667,0.458,0.916
"A",137,"T23",2200,0.213333333333333,0.846666666666667,0.174,0.876
"A",137,"T23",2201,0.413333333333333,0.873333333333333,0.396,0.89
"A",137,"T23",2202,0.04,0.0133333333333333,0.04,0.01
"A",137,"T23",2203,0.36,0.46,0.324,0.408
"A",137,"T23",2204,0.446666666666667,0.52,0.456,0.488
"A",137,"T23",2205,0.566666666666667,0.973333333333333,0.612,0.982
"A",137,"T23",2206,0.38,0.693333333333333,0.368,0.702
"A",137,"T23",2207,0.24,0.206666666666667,0.23,0.214
"A",137,"T23",2208,0.746666666666667,0.146666666666667,0.75,0.172
"A",137,"T23",2209,0.366666666666667,0.313333333333333,0.382,0.26
"A",137,"T23",2210,0.286666666666667,0.0466666666666667,0.334,0.032
"A",137,"T23",2211,0.746666666666667,0.76,0.788,0.738
"A",137,"T23",2212,0.64,0.153333333333333,0.676,0.128
"A",137,"T23",2213,0.6,0.966666666666667,0.62,0.972
"A",137,"T23",2214,0.393333333333333,0.0866666666666667,0.376,0.094
"A",137,"T23",2215,0.433333333333333,0.9,0.454,0.902
"A",137,"T23",2216,0.133333333333333,0.846666666666667,0.138,0.862
"A",137,"T23",2217,0.46,0.82,0.48,0.832
"A",137,"T23",2218,0.366666666666667,0.613333333333333,0.322,0.602
"A",137,"T23",2219,0.593333333333333,0.353333333333333,0.582,0.362
"A",137,"T23",2220,0.306666666666667,0.5,0.352,0.528
"A",137,"T23",2221,0.66,0.633333333333333,0.696,0.654
"A",137,"T23",2222,0.186666666666667,0.706666666666667,0.236,0.726
"A",137,"T23",2223,0.553333333333333,0.373333333333333,0.556,0.356
"A",137,"T23",2224,0.386666666666667,0.113333333333333,0.384,0.082
"A",137,"T23",2225,0.386666666666667,0.746666666666667,0.408,0.778
"A",137,"T23",2226,0.786666666666667,0.26,0.78,0.208
"A",137,"T23",2227,0.166666666666667,0.933333333333333,0.168,0.938
"A",137,"T23",2228,0.9,0.86,0.918,0.826
"A",137,"T23",2229,1,0.9,1,0.91
"A",137,"T23",2230,0.513333333333333,0.52,0.508,0.574
"A",137,"T23",2231,0.626666666666667,0.333333333333333,0.61,0.286
"A",137,"T23",2232,0.98,0.68,0.974,0.702
"A",137,"T23",2233,0.793333333333333,0.686666666666667,0.784,0.664
"A",137,"T23",2234,0.0866666666666667,0.2,0.13,0.196
"A",137,"T23",2235,0.713333333333333,0.36,0.68,0.342
"A",137,"T23",2236,0.04,0.553333333333333,0.046,0.622
"A",137,"T23",2237,0.68,0.52,0.648,0.56
"A",137,"T23",2238,0.906666666666667,0.94,0.908,0.936
"A",137,"T23",2239,0.113333333333333,0.22,0.084,0.182
"A",137,"T23",2240,0.86,0.526666666666667,0.836,0.538
"A",137,"T23",2241,0.233333333333333,0.56,0.228,0.522
"A",137,"T23",2242,0.513333333333333,0.953333333333333,0.594,0.938
"A",137,"T23",2243,0.386666666666667,0.9,0.432,0.892
"A",137,"T23",2244,0.4,0.2,0.496,0.228
"A",137,"T23",2245,0.48,0.7,0.48,0.696
"A",137,"T23",2246,0.726666666666667,0.76,0.732,0.714
"A",137,"T23",2247,0.153333333333333,0.0866666666666667,0.14,0.106
"A",137,"T23",2248,0.426666666666667,0.08,0.42,0.058
"A",137,"T23",2249,0.0533333333333333,0.133333333333333,0.048,0.12
"A",137,"T23",2250,0.846666666666667,0.893333333333333,0.84,0.886
"A",137,"T23",2251,0.08,0.786666666666667,0.086,0.826
"A",137,"T23",2252,0.973333333333333,0.38,0.972,0.36
"A",137,"T23",2253,0.253333333333333,0.446666666666667,0.258,0.47
"A",137,"T23",2254,0.68,0.973333333333333,0.692,0.974
"A",137,"T23",2255,0.84,0.713333333333333,0.836,0.706
"A",137,"T23",2256,0.733333333333333,0.6,0.68,0.554
"A",137,"T23",2257,0.52,0.106666666666667,0.464,0.08
"A",137,"T23",2258,0.526666666666667,0.62,0.544,0.556
"A",137,"T23",2259,0.0933333333333333,0.973333333333333,0.078,0.958
"A",137,"T23",2260,0.366666666666667,0.233333333333333,0.358,0.22
"A",137,"T23",2261,0.106666666666667,0.0266666666666667,0.128,0.028
"A",137,"T23",2262,0.933333333333333,0.886666666666667,0.912,0.904
"A",137,"T23",2263,0.266666666666667,0.36,0.294,0.366
"A",137,"T23",2264,0.74,0.766666666666667,0.712,0.766
"A",137,"T23",2265,0.633333333333333,0.28,0.638,0.284
"A",137,"T23",2266,0.206666666666667,0.0266666666666667,0.148,0.032
"A",137,"T23",2267,0.826666666666667,0.946666666666667,0.822,0.96
"A",137,"T23",2268,0.56,0.826666666666667,0.592,0.81
"A",137,"T23",2269,0.893333333333333,0.3,0.876,0.316
"A",137,"T23",2270,0.0666666666666667,0.226666666666667,0.126,0.238
"A",137,"T23",2271,0.16,0.406666666666667,0.188,0.426
"A",137,"T23",2272,0.473333333333333,0.286666666666667,0.458,0.246
"A",137,"T23",2273,0.366666666666667,0.146666666666667,0.384,0.18
"A",137,"T23",2274,0.833333333333333,0.226666666666667,0.842,0.234
"A",137,"T23",2275,0.133333333333333,0.02,0.174,0.032
"A",137,"T23",2276,0.0333333333333333,0.226666666666667,0.024,0.23
"A",137,"T23",2277,0.04,0.886666666666667,0.044,0.908
"A",137,"T23",2278,0.446666666666667,0.413333333333333,0.44,0.398
"A",137,"T23",2279,0.94,0.56,0.932,0.494
"A",137,"T23",2280,0.766666666666667,0.973333333333333,0.784,0.964
"A",137,"T23",2281,0.633333333333333,0.673333333333333,0.636,0.696
"A",137,"T23",2282,0.853333333333333,0.653333333333333,0.878,0.652
"A",137,"T23",2283,0.0666666666666667,0.94,0.068,0.922
"A",137,"T23",2284,0.66,0.06,0.62,0.074
"A",137,"T23",2285,0.973333333333333,0.56,0.964,0.558
"A",137,"T23",2286,0.173333333333333,0.286666666666667,0.128,0.308
"A",137,"T23",2287,0.64,0.333333333333333,0.68,0.376
"A",137,"T23",2288,0.72,0.266666666666667,0.7,0.28
"A",137,"T23",2289,0.553333333333333,0.713333333333333,0.526,0.678
"A",137,"T23",2290,0.393333333333333,0.873333333333333,0.35,0.878
"A",137,"T23",2291,0.96,0.986666666666667,0.95,0.984
"A",137,"T23",2292,0.846666666666667,0.986666666666667,0.878,0.988
"A",137,"T23",2293,0.733333333333333,0.733333333333333,0.724,0.74
"A",137,"T23",2294,0.726666666666667,0.326666666666667,0.672,0.346
"A",137,"T23",2295,0.82,0.986666666666667,0.86,0.986
"A",137,"T23",2296,0.926666666666667,0.753333333333333,0.922,0.776
"A",137,"T23",2297,0.24,0.166666666666667,0.186,0.158
"A",137,"T23",2298,0.533333333333333,0.633333333333333,0.566,0.68
"A",137,"T23",2299,0.726666666666667,0.56,0.762,0.532
"A",137,"T23",2300,0.846666666666667,0.56,0.89,0.616
"A",137,"T23",2301,0.04,0.0533333333333333,0.058,0.036
"A",137,"T23",2302,0.833333333333333,0.7,0.826,0.714
"A",137,"T23",2303,0.253333333333333,0.393333333333333,0.216,0.44
"A",137,"T23",2304,0.966666666666667,0.666666666666667,0.952,0.694
"A",137,"T23",2305,0.52,0.806666666666667,0.528,0.838
"A",137,"T23",2306,0.286666666666667,0.54,0.296,0.556
"A",137,"T23",2307,0.173333333333333,0.553333333333333,0.172,0.486
"A",137,"T23",2308,0.666666666666667,0.233333333333333,0.676,0.256
"A",137,"T23",2309,0.48,0.5,0.43,0.466
"A",137,"T23",2310,0.886666666666667,0.733333333333333,0.84,0.724
"A",137,"T23",2311,0.446666666666667,0.16,0.388,0.122
"A",137,"T23",2312,0.486666666666667,0.666666666666667,0.518,0.682
"A",137,"T23",2313,0.0133333333333333,0.02,0.016,0.006
"A",137,"T23",2314,0.273333333333333,0.72,0.266,0.758
"A",137,"T23",2315,0.166666666666667,0.393333333333333,0.15,0.352
"A",137,"T23",2316,0.866666666666667,0.646666666666667,0.842,0.632
"A",137,"T23",2317,0.0866666666666667,0.133333333333333,0.064,0.124
"A",137,"T23",2318,0.0733333333333333,0.26,0.068,0.26
"A",137,"T23",2319,0.346666666666667,0.1,0.39,0.098
"A",137,"T23",2320,0.673333333333333,0.7,0.676,0.68
"A",137,"T23",2321,0.14,0.04,0.108,0.022
"A",137,"T23",2322,0.26,0.22,0.232,0.202
"A",137,"T23",2323,0.573333333333333,0.453333333333333,0.572,0.422
"A",137,"T23",2324,0.326666666666667,0.24,0.378,0.234
"A",137,"T23",2325,0.14,0.6,0.13,0.584
"A",137,"T23",2326,0.8,0.58,0.796,0.574
"A",137,"T23",2327,0.56,0.373333333333333,0.584,0.358
"A",137,"T23",2328,0.373333333333333,0.526666666666667,0.402,0.564
"A",137,"T23",2329,0.626666666666667,0.12,0.622,0.124
"A",137,"T23",2330,0.706666666666667,0.24,0.71,0.232
"A",137,"T23",2331,0.893333333333333,0.6,0.89,0.6
"A",137,"T23",2332,0.28,0.48,0.266,0.454
"A",137,"T23",2333,0.0466666666666667,0.04,0.042,0.032
"A",137,"T23",2334,0.66,0.773333333333333,0.736,0.79
"A",137,"T23",2335,0.946666666666667,0.54,0.94,0.502
"A",137,"T23",2336,0.633333333333333,0.273333333333333,0.66,0.244
"A",137,"T23",2337,0.733333333333333,0.473333333333333,0.688,0.478
"A",137,"T23",2338,0.98,0.946666666666667,0.974,0.938
"A",137,"T23",2339,0.413333333333333,0.18,0.42,0.204
"A",137,"T23",2340,0.42,0.773333333333333,0.436,0.718
"A",137,"T23",2341,0.7,0.46,0.66,0.424
"A",137,"T23",2342,0.546666666666667,0.266666666666667,0.484,0.238
"A",137,"T23",2343,0.68,0.966666666666667,0.652,0.964
"A",137,"T23",2344,0.833333333333333,0.526666666666667,0.868,0.514
"A",137,"T23",2345,0.366666666666667,0.14,0.36,0.118
"A",137,"T23",2346,0.846666666666667,0.753333333333333,0.834,0.736
"A",137,"T23",2347,0.56,0.12,0.53,0.098
"A",137,"T23",2348,0.74,0.753333333333333,0.758,0.75
"A",137,"T23",2349,0.906666666666667,1,0.908,1
"A",137,"T23",2350,0.926666666666667,0.52,0.906,0.558
"A",137,"T23",2351,0.313333333333333,0.266666666666667,0.25,0.268
"A",137,"T23",2352,0.993333333333333,0.733333333333333,0.996,0.744
"A",137,"T23",2353,0.0533333333333333,0.0933333333333333,0.046,0.078
"A",137,"T23",2354,0.2,0.08,0.184,0.084
"A",137,"T23",2355,0.413333333333333,0.626666666666667,0.468,0.658
"A",137,"T23",2356,0.0933333333333333,0.453333333333333,0.098,0.474
"A",137,"T23",2357,0.586666666666667,0.706666666666667,0.56,0.676
"A",137,"T23",2358,0.366666666666667,0.306666666666667,0.384,0.268
"A",137,"T23",2359,0.6,0.186666666666667,0.624,0.152
"A",137,"T23",2360,0.72,0.633333333333333,0.712,0.628
"A",137,"T23",2361,0.346666666666667,0.02,0.376,0.046
"A",137,"T23",2362,0.313333333333333,0.173333333333333,0.292,0.206
"A",137,"T23",2363,0.786666666666667,0.74,0.78,0.744
"A",137,"T23",2364,0.0466666666666667,0.0266666666666667,0.054,0.018
"A",137,"T23",2365,0.0866666666666667,0.08,0.078,0.108
"A",137,"T23",2366,0.873333333333333,0.36,0.886,0.366
"A",137,"T23",2367,0.406666666666667,0.986666666666667,0.442,0.974
"A",137,"T23",2368,0.453333333333333,0.493333333333333,0.438,0.464
"A",137,"T23",2369,0.166666666666667,0.633333333333333,0.148,0.642
"A",137,"T23",2370,0.06,0.446666666666667,0.034,0.442
"A",137,"T23",2371,0.313333333333333,0.34,0.296,0.352
"A",137,"T23",2372,0.673333333333333,0.173333333333333,0.638,0.168
"A",137,"T23",2373,0.86,0.68,0.87,0.704
"A",137,"T23",2374,0.94,0.873333333333333,0.962,0.88
"A",137,"T23",2375,0.833333333333333,0.233333333333333,0.834,0.238
"A",137,"T23",2376,0.433333333333333,0.0666666666666667,0.468,0.072
"A",137,"T23",2377,0.266666666666667,0.56,0.268,0.522
"A",137,"T23",2378,0.0666666666666667,0.0666666666666667,0.052,0.07
"A",137,"T23",2379,0.446666666666667,0.373333333333333,0.44,0.36
"A",137,"T23",2380,0.226666666666667,0.686666666666667,0.268,0.668
"A",137,"T23",2381,0.0666666666666667,0.113333333333333,0.062,0.094
"A",137,"T23",2382,0.493333333333333,0.18,0.482,0.15
"A",137,"T23",2383,0.246666666666667,0.406666666666667,0.248,0.44
"A",137,"T23",2384,0.506666666666667,0.706666666666667,0.562,0.678
"A",137,"T23",2385,0.513333333333333,0.473333333333333,0.496,0.506
"A",137,"T23",2386,0.0133333333333333,0.606666666666667,0.012,0.592
"A",137,"T23",2387,0.126666666666667,0.793333333333333,0.174,0.832
"A",137,"T23",2388,0.553333333333333,0.686666666666667,0.546,0.668
"A",137,"T23",2389,0.206666666666667,0.24,0.172,0.252
"A",137,"T23",2390,0.386666666666667,0.146666666666667,0.344,0.142
"A",137,"T23",2391,0.0866666666666667,0.14,0.082,0.11
"A",137,"T23",2392,0.966666666666667,0.386666666666667,0.97,0.38
"A",137,"T23",2393,0.853333333333333,0.373333333333333,0.818,0.36
"A",137,"T23",2394,0.44,0.906666666666667,0.41,0.912
"A",137,"T23",2395,0.953333333333333,0.5,0.96,0.484
"A",137,"T23",2396,0.986666666666667,0.406666666666667,0.96,0.404
"A",137,"T23",2397,0.333333333333333,0.393333333333333,0.356,0.444
"A",137,"T23",2398,0.62,0.28,0.692,0.282
"A",137,"T23",2399,0.48,0.5,0.516,0.524
"A",137,"T23",2400,0.586666666666667,0.866666666666667,0.572,0.882
"A",137,"T23",2401,0.646666666666667,0.48,0.634,0.492
"A",137,"T23",2402,0.593333333333333,0.626666666666667,0.586,0.606
"A",137,"T23",2403,0.606666666666667,0.946666666666667,0.628,0.932
"A",137,"T23",2404,0.96,0.753333333333333,0.936,0.792
"A",137,"T23",2405,0.0933333333333333,0.0266666666666667,0.132,0.032
"A",137,"T23",2406,0.253333333333333,0.826666666666667,0.254,0.82
"A",137,"T23",2407,0.426666666666667,0.44,0.44,0.434
"A",137,"T23",2408,0.546666666666667,0.393333333333333,0.5,0.34
"A",137,"T23",2409,0.473333333333333,0.8,0.508,0.79
"A",137,"T23",2410,0.86,0.873333333333333,0.902,0.884
"A",137,"T23",2411,0.0333333333333333,0.0133333333333333,0.032,0.004
"A",137,"T23",2412,0.206666666666667,0.286666666666667,0.17,0.264
"A",137,"T23",2413,0.86,0.793333333333333,0.894,0.746
"A",137,"T23",2414,0.32,0.626666666666667,0.388,0.662
"A",137,"T23",2415,0.906666666666667,0.686666666666667,0.886,0.648
"A",137,"T23",2416,0.286666666666667,0.133333333333333,0.244,0.106
"A",137,"T23",2417,0.513333333333333,0.333333333333333,0.504,0.368
"A",137,"T23",2418,0.706666666666667,0.893333333333333,0.676,0.866
"A",137,"T23",2419,0.346666666666667,0.253333333333333,0.32,0.272
"A",137,"T23",2420,0.806666666666667,0.84,0.796,0.844
"A",137,"T23",2421,0.626666666666667,0.3,0.596,0.238
"A",137,"T23",2422,0.406666666666667,0.946666666666667,0.418,0.962
"A",137,"T23",2423,0.946666666666667,0.433333333333333,0.93,0.458
"A",137,"T23",2424,0.0533333333333333,0.0866666666666667,0.042,0.082
"A",137,"T23",2425,0.58,0.593333333333333,0.568,0.578
"A",137,"T23",2426,0.766666666666667,0.693333333333333,0.768,0.758
"A",137,"T23",2427,0.4,0.66,0.402,0.638
"A",137,"T23",2428,0.52,0.433333333333333,0.538,0.434
"A",137,"T23",2429,0.12,0.0133333333333333,0.14,0.026
"A",137,"T23",2430,0.36,0.106666666666667,0.384,0.104
"A",137,"T23",2431,0.466666666666667,0.233333333333333,0.432,0.182
"A",137,"T23",2432,0.36,0.0666666666666667,0.36,0.052
"A",137,"T23",2433,0.1,0.746666666666667,0.122,0.736
"A",137,"T23",2434,0.286666666666667,0.586666666666667,0.264,0.6
"A",137,"T23",2435,0.826666666666667,0.846666666666667,0.854,0.8
"A",137,"T23",2436,0.126666666666667,0.0933333333333333,0.162,0.102
"A",137,"T23",2437,0.7,0.853333333333333,0.674,0.868
"A",137,"T23",2438,0.0666666666666667,0.906666666666667,0.066,0.89
"A",137,"T23",2439,0.106666666666667,0.44,0.096,0.404
"A",137,"T23",2440,0.12,0.46,0.12,0.434
"A",137,"T23",2441,0.773333333333333,0.94,0.78,0.938
"A",137,"T23",2442,0.766666666666667,0.846666666666667,0.766,0.888
"A",137,"T23",2443,0.566666666666667,0.113333333333333,0.552,0.132
"A",137,"T23",2444,0.86,0.993333333333333,0.838,0.996
"A",137,"T23",2445,0.613333333333333,0.626666666666667,0.584,0.688
"A",137,"T23",2446,0.426666666666667,0.186666666666667,0.498,0.198
"A",137,"T23",2447,0.753333333333333,0.633333333333333,0.782,0.602
"A",137,"T23",2448,0.853333333333333,0.72,0.89,0.73
"A",137,"T23",2449,0.0533333333333333,0.0266666666666667,0.07,0.018
"A",137,"T23",2450,0.173333333333333,0.58,0.124,0.568
"A",137,"T23",2451,0.46,0.673333333333333,0.448,0.678
"A",137,"T23",2452,0.486666666666667,0.04,0.47,0.058
"A",137,"T23",2453,0.246666666666667,0.0466666666666667,0.228,0.044
"A",137,"T23",2454,0.946666666666667,0.92,0.958,0.926
"A",137,"T23",2455,0.7,0.973333333333333,0.69,0.964
"A",137,"T23",2456,0.66,0.646666666666667,0.662,0.674
"A",137,"T23",2457,0.493333333333333,0.46,0.48,0.434
"A",137,"T23",2458,0.866666666666667,0.586666666666667,0.878,0.612
"A",137,"T23",2459,0.0666666666666667,0.26,0.06,0.3
"A",137,"T23",2460,0.3,0.346666666666667,0.324,0.36
"A",137,"T23",2461,0.02,0.246666666666667,0.038,0.292
"A",137,"T23",2462,0.353333333333333,0.5,0.386,0.49
"A",137,"T23",2463,0.7,0.866666666666667,0.718,0.896
"A",137,"T23",2464,0.0866666666666667,0.706666666666667,0.102,0.678
"A",137,"T23",2465,0.0666666666666667,0.0133333333333333,0.062,0.014
"A",137,"T23",2466,0.553333333333333,0.653333333333333,0.568,0.668
"A",137,"T23",2467,0.0133333333333333,0.593333333333333,0.018,0.554
"A",137,"T23",2468,0.593333333333333,0.913333333333333,0.586,0.876
"A",137,"T23",2469,0.96,0.586666666666667,0.966,0.59
"A",137,"T23",2470,0.08,0.0466666666666667,0.07,0.042
"A",137,"T23",2471,0.253333333333333,0.693333333333333,0.246,0.704
"A",137,"T23",2472,0.98,0.553333333333333,0.972,0.59
"A",137,"T23",2473,0.793333333333333,0.393333333333333,0.738,0.39
"A",137,"T23",2474,0.2,0.26,0.2,0.27
"A",137,"T23",2475,0.646666666666667,0.68,0.652,0.676
"A",137,"T23",2476,0.846666666666667,0.733333333333333,0.84,0.782
"A",137,"T23",2477,0.746666666666667,0.2,0.778,0.242
"A",137,"T23",2478,0.913333333333333,0.8,0.876,0.806
"A",137,"T23",2479,0.206666666666667,0.293333333333333,0.21,0.308
"A",137,"T23",2480,0.493333333333333,0.153333333333333,0.542,0.162
"A",137,"T23",2481,0.86,0.806666666666667,0.826,0.836
"A",137,"T23",2482,0.653333333333333,0.166666666666667,0.664,0.216
"A",137,"T23",2483,0.266666666666667,0.326666666666667,0.268,0.314
"A",137,"T23",2484,0.826666666666667,0.866666666666667,0.84,0.84
"A",137,"T23",2485,0.153333333333333,0.72,0.164,0.698
"A",137,"T23",2486,0.606666666666667,0.12,0.562,0.11
"A",137,"T23",2487,0.0333333333333333,0.113333333333333,0.028,0.122
"A",137,"T23",2488,0.406666666666667,0.526666666666667,0.398,0.522
"A",137,"T23",2489,0.873333333333333,0.633333333333333,0.856,0.634
"A",137,"T23",2490,0.32,0.233333333333333,0.356,0.228
"A",137,"T23",2491,0.233333333333333,0.0466666666666667,0.244,0.032
"A",137,"T23",2492,0.44,0.0266666666666667,0.37,0.04
"A",137,"T23",2493,0.546666666666667,0.173333333333333,0.544,0.182
"A",137,"T23",2494,0.606666666666667,0.72,0.658,0.754
"A",137,"T23",2495,0.02,0.146666666666667,0.026,0.208
"A",137,"T23",2496,0.673333333333333,0.826666666666667,0.702,0.788
"A",137,"T23",2497,0.973333333333333,0.54,0.974,0.552
"A",137,"T23",2498,0.24,0.46,0.206,0.466
"A",137,"T23",2499,0.373333333333333,0.56,0.414,0.638
"A",137,"T23",2500,0.88,0.906666666666667,0.922,0.92
"A",137,"T23",2501,0.0266666666666667,0.0133333333333333,0.024,0.006
"A",137,"T23",2502,0.806666666666667,0.246666666666667,0.806,0.218
"A",137,"T23",2503,0.373333333333333,0.24,0.364,0.214
"A",137,"T23",2504,0.08,0.386666666666667,0.1,0.416
"A",137,"T23",2505,0.0266666666666667,0.00666666666666667,0.022,0.008
"A",137,"T23",2506,0.3,0.286666666666667,0.288,0.26
"A",137,"T23",2507,0.72,0.6,0.734,0.572
"A",137,"T23",2508,0.12,0.08,0.118,0.116
"A",137,"T23",2509,0.713333333333333,0.453333333333333,0.71,0.482
"A",137,"T23",2510,0.56,0.646666666666667,0.544,0.638
"A",137,"T23",2511,0.133333333333333,0.28,0.118,0.246
"A",137,"T23",2512,0.886666666666667,0.44,0.868,0.45
"A",137,"T23",2513,0.246666666666667,0.526666666666667,0.176,0.504
"A",137,"T23",2514,0.393333333333333,0.386666666666667,0.39,0.378
"A",137,"T23",2515,0.62,0.646666666666667,0.592,0.606
"A",137,"T23",2516,0.08,0.666666666666667,0.078,0.62
"A",137,"T23",2517,0.44,0.28,0.488,0.246
"A",137,"T23",2518,0.273333333333333,0.113333333333333,0.254,0.082
"A",137,"T23",2519,0.413333333333333,0.82,0.406,0.828
"A",137,"T23",2520,0.446666666666667,0.993333333333333,0.494,0.984
"A",137,"T23",2521,0.446666666666667,0.78,0.416,0.774
"A",137,"T23",2522,0.0333333333333333,0.346666666666667,0.036,0.346
"A",137,"T23",2523,0.36,0.76,0.382,0.794
"A",137,"T23",2524,0.0466666666666667,0.0466666666666667,0.052,0.042
"A",137,"T23",2525,0.906666666666667,0.88,0.906,0.906
"A",137,"T23",2526,0.92,0.873333333333333,0.91,0.864
"A",137,"T23",2527,0.433333333333333,0.113333333333333,0.38,0.08
"A",137,"T23",2528,0.913333333333333,0.92,0.896,0.92
"A",137,"T23",2529,0.0266666666666667,0.393333333333333,0.03,0.472
"A",137,"T23",2530,0.00666666666666667,0.32,0.004,0.33
"A",137,"T23",2531,0.186666666666667,0.446666666666667,0.138,0.402
"A",137,"T23",2532,0.993333333333333,0.926666666666667,0.996,0.938
"A",137,"T23",2533,0.0466666666666667,0.706666666666667,0.02,0.706
"A",137,"T23",2534,0.18,0.24,0.19,0.254
"A",137,"T23",2535,0.866666666666667,0.273333333333333,0.864,0.244
"A",137,"T23",2536,0.346666666666667,0.766666666666667,0.398,0.782
"A",137,"T23",2537,0.766666666666667,0.72,0.712,0.68
"A",137,"T23",2538,0.52,0.573333333333333,0.468,0.56
"A",137,"T23",2539,0.106666666666667,0.173333333333333,0.124,0.204
"A",137,"T23",2540,0.893333333333333,0.56,0.882,0.512
"A",137,"T23",2541,0.46,0.873333333333333,0.498,0.9
"A",137,"T23",2542,0.573333333333333,0.506666666666667,0.61,0.546
"A",137,"T23",2543,0.586666666666667,0.826666666666667,0.588,0.866
"A",137,"T23",2544,0.366666666666667,0.18,0.372,0.234
"A",137,"T23",2545,1,0.626666666666667,0.998,0.588
"A",137,"T23",2546,0.446666666666667,0.253333333333333,0.39,0.248
"A",137,"T23",2547,0.46,0.126666666666667,0.372,0.1
"A",137,"T23",2548,0.406666666666667,0.586666666666667,0.392,0.586
"A",137,"T23",2549,0.966666666666667,0.573333333333333,0.962,0.536
"A",137,"T23",2550,0.153333333333333,0.186666666666667,0.146,0.176
"A",137,"T23",2551,0.42,0.366666666666667,0.394,0.342
"A",137,"T23",2552,0.646666666666667,0.253333333333333,0.598,0.26
"A",137,"T23",2553,0.42,0.186666666666667,0.42,0.15
"A",137,"T23",2554,0.533333333333333,0.42,0.482,0.374
"A",137,"T23",2555,0.213333333333333,0.766666666666667,0.226,0.78
"A",137,"T23",2556,0.74,0.7,0.744,0.722
"A",137,"T23",2557,0.126666666666667,0.493333333333333,0.144,0.532
"A",137,"T23",2558,0.286666666666667,0.506666666666667,0.336,0.538
"A",137,"T23",2559,0.46,0.56,0.486,0.59
"A",137,"T23",2560,0.0333333333333333,0.00666666666666667,0.038,0.008
"A",137,"T23",2561,0.0266666666666667,0.0533333333333333,0.022,0.062
"A",137,"T23",2562,0.36,0.393333333333333,0.344,0.364
"A",137,"T23",2563,0.82,1,0.808,1
"A",137,"T23",2564,0.22,0.1,0.198,0.168
"A",137,"T23",2565,0.313333333333333,0.94,0.268,0.936
"A",137,"T23",2566,0.346666666666667,0.453333333333333,0.372,0.496
"A",137,"T23",2567,0.74,0.973333333333333,0.752,0.972
"A",137,"T23",2568,0.213333333333333,0.08,0.238,0.072
"A",137,"T23",2569,0.94,0.986666666666667,0.974,0.996
"A",137,"T23",2570,0.32,0.52,0.274,0.512
"A",137,"T23",2571,0.573333333333333,0.306666666666667,0.516,0.326
"A",137,"T23",2572,0.726666666666667,0.36,0.738,0.396
"A",137,"T23",2573,0.826666666666667,0.213333333333333,0.84,0.21
"A",137,"T23",2574,0.64,0.546666666666667,0.602,0.498
"A",137,"T23",2575,0.72,0.993333333333333,0.728,0.992
"A",137,"T23",2576,0.52,0.353333333333333,0.534,0.354
"A",137,"T23",2577,0.8,0.173333333333333,0.796,0.232
"A",137,"T23",2578,0.593333333333333,0.906666666666667,0.666,0.93
"A",137,"T23",2579,0.726666666666667,0.333333333333333,0.732,0.368
"A",137,"T23",2580,0.806666666666667,0.433333333333333,0.794,0.426
"A",137,"T23",2581,0.98,0.54,0.972,0.498
"A",137,"T23",2582,0.34,0.413333333333333,0.272,0.416
"A",137,"T23",2583,0.946666666666667,0.76,0.924,0.702
"A",137,"T23",2584,0.74,0.76,0.732,0.752
"A",137,"T23",2585,0.193333333333333,0.173333333333333,0.202,0.164
"A",137,"T23",2586,0.94,0.926666666666667,0.95,0.908
"A",137,"T23",2587,0.72,0.606666666666667,0.712,0.572
"A",137,"T23",2588,0.46,0.506666666666667,0.428,0.502
"A",137,"T23",2589,0.653333333333333,0.493333333333333,0.686,0.524
"A",137,"T23",2590,0.186666666666667,0.18,0.152,0.146
"A",137,"T23",2591,0.993333333333333,0.986666666666667,0.992,0.958
"A",137,"T23",2592,0.66,0.36,0.668,0.398
"A",137,"T23",2593,0.54,0.8,0.508,0.734
"A",137,"T23",2594,0.0533333333333333,0.06,0.032,0.06
"A",137,"T23",2595,0.32,0.213333333333333,0.272,0.222
"A",137,"T23",2596,0.313333333333333,0.12,0.372,0.128
"A",137,"T23",2597,0.253333333333333,0.06,0.282,0.054
"A",137,"T23",2598,0.0666666666666667,0.786666666666667,0.112,0.774
"A",137,"T23",2599,0.533333333333333,0.346666666666667,0.572,0.32
"A",137,"T23",2600,0.64,0.76,0.604,0.704
"A",137,"T23",2601,0.913333333333333,0.773333333333333,0.918,0.8
"A",137,"T23",2602,0.46,0.406666666666667,0.478,0.426
"A",137,"T23",2603,0.466666666666667,0.173333333333333,0.416,0.108
"A",137,"T23",2604,0.446666666666667,0.58,0.478,0.572
"A",137,"T23",2605,0.346666666666667,0.106666666666667,0.32,0.11
"A",137,"T23",2606,0.926666666666667,0.52,0.936,0.472
"A",137,"T23",2607,0.88,0.786666666666667,0.826,0.754
"A",137,"T23",2608,0.02,0.806666666666667,0.018,0.828
"A",137,"T23",2609,0.0533333333333333,0.293333333333333,0.094,0.34
"A",137,"T23",2610,0.18,0.04,0.172,0.024
"A",137,"T23",2611,0.98,0.893333333333333,0.976,0.872
"A",137,"T23",2612,0.453333333333333,0.973333333333333,0.476,0.976
"A",137,"T23",2613,0.78,0.34,0.776,0.306
"A",137,"T23",2614,0.726666666666667,0.593333333333333,0.75,0.576
"A",137,"T23",2615,0.306666666666667,0.146666666666667,0.322,0.13
"A",137,"T23",2616,0.186666666666667,0.0933333333333333,0.21,0.096
"A",137,"T23",2617,0.913333333333333,0.746666666666667,0.926,0.766
"A",137,"T23",2618,0.446666666666667,0.38,0.402,0.382
"A",137,"T23",2619,0.5,0.353333333333333,0.522,0.29
"A",137,"T23",2620,0.346666666666667,0.473333333333333,0.322,0.484
"A",137,"T23",2621,0.806666666666667,0.493333333333333,0.772,0.46
"A",137,"T23",2622,0.793333333333333,0.66,0.762,0.668
"A",137,"T23",2623,0.48,0.733333333333333,0.424,0.696
"A",137,"T23",2624,0.08,0.26,0.106,0.268
"A",137,"T23",2625,0.406666666666667,0.826666666666667,0.414,0.848
"A",137,"T23",2626,0.68,0.406666666666667,0.726,0.404
"A",137,"T23",2627,0.713333333333333,0.68,0.788,0.706
"A",137,"T23",2628,0.84,0.853333333333333,0.844,0.874
"A",137,"T23",2629,0.0866666666666667,0.04,0.064,0.022
"A",137,"T23",2630,0.5,0.1,0.462,0.11
"A",137,"T23",2631,0.02,0.326666666666667,0.024,0.36
"A",137,"T23",2632,0.153333333333333,0.00666666666666667,0.178,0.006
"A",137,"T23",2633,0.513333333333333,0.78,0.496,0.776
"A",137,"T23",2634,0.58,0.52,0.564,0.472
"A",137,"T23",2635,0.826666666666667,0.513333333333333,0.866,0.592
"A",137,"T23",2636,0.0333333333333333,0.746666666666667,0.016,0.778
"A",137,"T23",2637,0.08,0.00666666666666667,0.068,0.008
"A",137,"T23",2638,0.206666666666667,0.386666666666667,0.24,0.408
"A",137,"T23",2639,0.88,0.7,0.858,0.674
"A",137,"T23",2640,0.906666666666667,0.68,0.878,0.68
"A",137,"T23",2641,0.553333333333333,0.0666666666666667,0.534,0.066
"A",137,"T23",2642,0.153333333333333,0.82,0.142,0.762
"A",137,"T23",2643,0.22,0.74,0.176,0.748
"A",137,"T23",2644,0.486666666666667,0.56,0.472,0.548
"A",137,"T23",2645,0.373333333333333,0.453333333333333,0.378,0.444
"A",137,"T23",2646,0.153333333333333,0.153333333333333,0.156,0.18
"A",137,"T23",2647,0.4,0.7,0.4,0.714
"A",137,"T23",2648,0.526666666666667,0.22,0.5,0.206
"A",137,"T23",2649,0.326666666666667,0.946666666666667,0.292,0.956
"A",137,"T23",2650,0.793333333333333,0.22,0.834,0.23
"A",137,"T23",2651,0.8,0.813333333333333,0.806,0.824
"A",137,"T23",2652,0.866666666666667,0.613333333333333,0.848,0.622
"A",137,"T23",2653,0.346666666666667,0.193333333333333,0.346,0.236
"A",137,"T23",2654,0.173333333333333,0.653333333333333,0.166,0.63
"A",137,"T23",2655,0.413333333333333,0.746666666666667,0.42,0.792
"A",137,"T23",2656,0.813333333333333,0.213333333333333,0.806,0.206
"A",137,"T23",2657,0.673333333333333,0.213333333333333,0.676,0.21
"A",137,"T23",2658,0.626666666666667,0.406666666666667,0.66,0.356
"A",137,"T23",2659,0.506666666666667,0.8,0.504,0.786
"A",137,"T23",2660,0.893333333333333,0.593333333333333,0.87,0.578
"A",137,"T23",2661,0.833333333333333,0.846666666666667,0.846,0.834
"A",137,"T23",2662,0.14,0.0333333333333333,0.148,0.018
"A",137,"T23",2663,0.38,0.606666666666667,0.406,0.598
"A",137,"T23",2664,0.76,0.44,0.73,0.426
"A",137,"T23",2665,0.02,0.133333333333333,0.024,0.126
"A",137,"T23",2666,0.833333333333333,0.34,0.87,0.374
"A",137,"T23",2667,0.14,0.02,0.134,0.008
"A",137,"T23",2668,0.52,0.746666666666667,0.498,0.714
"A",137,"T23",2669,0.286666666666667,0.8,0.272,0.766
"A",137,"T23",2670,0.546666666666667,0.433333333333333,0.52,0.406
"A",137,"T23",2671,0.906666666666667,0.82,0.908,0.776
"A",137,"T23",2672,0.48,0.173333333333333,0.458,0.166
"A",137,"T23",2673,0.36,0.913333333333333,0.412,0.922
"A",137,"T23",2674,1,0.926666666666667,0.996,0.94
"A",137,"T23",2675,0.653333333333333,0.64,0.662,0.636
"A",137,"T23",2676,0.0866666666666667,0.0533333333333333,0.074,0.028
"A",137,"T23",2677,0.786666666666667,0.94,0.788,0.936
"A",137,"T23",2678,0.38,0.146666666666667,0.36,0.158
"A",137,"T23",2679,0.586666666666667,0.286666666666667,0.544,0.258
"A",137,"T23",2680,0.48,0.306666666666667,0.4,0.332
"A",137,"T23",2681,0.233333333333333,0.28,0.192,0.258
"A",137,"T23",2682,0.0733333333333333,0.446666666666667,0.078,0.386
"A",137,"T23",2683,0.853333333333333,0.98,0.812,0.986
"A",137,"T23",2684,0.526666666666667,0.106666666666667,0.498,0.09
"A",137,"T23",2685,0.113333333333333,0.0266666666666667,0.112,0.03
"A",137,"T23",2686,0.0933333333333333,0.0666666666666667,0.116,0.07
"A",137,"T23",2687,0.74,0.746666666666667,0.768,0.734
"A",137,"T23",2688,0.00666666666666667,0.82,0.002,0.79
"A",137,"T23",2689,0.406666666666667,0.0933333333333333,0.394,0.08
"A",137,"T23",2690,0.0333333333333333,0.28,0.036,0.262
"A",137,"T23",2691,0.913333333333333,0.333333333333333,0.944,0.368
"A",137,"T23",2692,0.673333333333333,0.193333333333333,0.67,0.19
"A",137,"T23",2693,0.173333333333333,0.293333333333333,0.172,0.276
"A",137,"T23",2694,0.393333333333333,0.333333333333333,0.382,0.346
"A",137,"T23",2695,0.62,0.38,0.62,0.388
"A",137,"T23",2696,0.96,0.746666666666667,0.962,0.788
"A",137,"T23",2697,0.306666666666667,0.693333333333333,0.32,0.75
"A",137,"T23",2698,0.00666666666666667,0.286666666666667,0.012,0.268
"A",137,"T23",2699,0.993333333333333,0.786666666666667,0.98,0.794
"A",137,"T23",2700,0.286666666666667,0.186666666666667,0.268,0.142
"A",137,"T23",2701,0.0133333333333333,0.506666666666667,0.01,0.556
"A",137,"T23",2702,0.493333333333333,0.466666666666667,0.454,0.428
"A",137,"T23",2703,0.36,0.62,0.394,0.658
"A",137,"T23",2704,0.733333333333333,0.926666666666667,0.796,0.928
"A",137,"T23",2705,0.933333333333333,0.88,0.93,0.866
"A",137,"T23",2706,0.38,0.333333333333333,0.418,0.374
"A",137,"T23",2707,0.233333333333333,0.306666666666667,0.224,0.31
"A",137,"T23",2708,0.213333333333333,0.14,0.196,0.126
"A",137,"T23",2709,0.0266666666666667,0.26,0.012,0.258
"A",137,"T23",2710,0.533333333333333,0.506666666666667,0.542,0.518
"A",137,"T23",2711,0.246666666666667,0.08,0.212,0.054
"A",137,"T23",2712,0.0466666666666667,0.0933333333333333,0.054,0.078
"A",137,"T23",2713,0.993333333333333,0.993333333333333,0.996,0.99
"A",137,"T23",2714,0.673333333333333,0.286666666666667,0.654,0.258
"A",137,"T23",2715,0.366666666666667,0.753333333333333,0.348,0.724
"A",137,"T23",2716,0.866666666666667,0.726666666666667,0.852,0.716
"A",137,"T23",2717,0.593333333333333,0.373333333333333,0.578,0.352
"A",137,"T23",2718,0.313333333333333,0.64,0.258,0.598
"A",137,"T23",2719,0.626666666666667,0.82,0.586,0.82
"A",137,"T23",2720,0.0266666666666667,0.0266666666666667,0.026,0.012
"A",137,"T23",2721,0.993333333333333,0.933333333333333,0.984,0.932
"A",137,"T23",2722,0.113333333333333,0.02,0.072,0.01
"A",137,"T23",2723,0.726666666666667,0.913333333333333,0.724,0.894
"A",137,"T23",2724,0.42,0.253333333333333,0.392,0.278
"A",137,"T23",2725,0.933333333333333,0.886666666666667,0.928,0.836
"A",137,"T23",2726,0.0733333333333333,0.0933333333333333,0.09,0.108
"A",137,"T23",2727,0.52,0.82,0.518,0.8
"A",137,"T23",2728,0.233333333333333,0.0466666666666667,0.224,0.064
"A",137,"T23",2729,0.16,0.473333333333333,0.162,0.498
"A",137,"T23",2730,0.42,0.993333333333333,0.322,0.988
"A",137,"T23",2731,0.32,0.606666666666667,0.308,0.606
"A",137,"T23",2732,0.48,0.5,0.478,0.538
"A",137,"T23",2733,0.546666666666667,0.913333333333333,0.574,0.906
"A",137,"T23",2734,0.18,0.206666666666667,0.15,0.18
"A",137,"T23",2735,0.286666666666667,0.306666666666667,0.264,0.266
"A",137,"T23",2736,0.72,0.713333333333333,0.696,0.684
"A",137,"T23",2737,0.373333333333333,0.68,0.402,0.714
"A",137,"T23",2738,0.0133333333333333,0.666666666666667,0.006,0.7
"A",137,"T23",2739,0.326666666666667,0.666666666666667,0.342,0.646
"A",137,"T23",2740,0.38,0.206666666666667,0.41,0.184
"A",137,"T23",2741,0.946666666666667,0.826666666666667,0.93,0.834
"A",137,"T23",2742,0.94,0.82,0.92,0.8
"A",137,"T23",2743,0.76,0.746666666666667,0.724,0.734
"A",137,"T23",2744,0.333333333333333,0.52,0.308,0.506
"A",137,"T23",2745,0.393333333333333,0.993333333333333,0.406,0.994
"A",137,"T23",2746,0.76,0.56,0.704,0.598
"A",137,"T23",2747,0.16,0.0466666666666667,0.182,0.05
"A",137,"T23",2748,0.48,0.846666666666667,0.44,0.886
"A",137,"T23",2749,0.386666666666667,0.86,0.314,0.848
"A",137,"T23",2750,0.453333333333333,0.393333333333333,0.42,0.366
"A",137,"T23",2751,0.146666666666667,0.98,0.174,0.988
"A",137,"T23",2752,0.333333333333333,0.08,0.356,0.116
"A",137,"T23",2753,0.54,0.926666666666667,0.528,0.912
"A",137,"T23",2754,0.126666666666667,0.0666666666666667,0.116,0.056
"A",137,"T23",2755,0.346666666666667,0.0333333333333333,0.378,0.02
"A",137,"T23",2756,0.126666666666667,0.0333333333333333,0.098,0.048
"A",137,"T23",2757,0.126666666666667,0.333333333333333,0.118,0.314
"A",137,"T23",2758,0.313333333333333,0.52,0.276,0.504
"A",137,"T23",2759,0.553333333333333,0.92,0.58,0.918
"A",137,"T23",2760,0.28,0.12,0.266,0.092
"A",137,"T23",2761,0.706666666666667,0.22,0.728,0.238
"A",137,"T23",2762,0.233333333333333,0.1,0.246,0.104
"A",137,"T23",2763,0.82,0.473333333333333,0.836,0.494
"A",137,"T23",2764,0.46,0.673333333333333,0.462,0.65
"A",137,"T23",2765,0.92,0.42,0.934,0.394
"A",137,"T23",2766,0.386666666666667,0.52,0.368,0.536
"A",137,"T23",2767,0.206666666666667,0.653333333333333,0.212,0.584
"A",137,"T23",2768,0.313333333333333,0.806666666666667,0.36,0.802
"A",137,"T23",2769,0.126666666666667,0.393333333333333,0.128,0.438
"A",137,"T23",2770,0.166666666666667,0.146666666666667,0.132,0.134
"A",137,"T23",2771,0.44,0.733333333333333,0.468,0.734
"A",137,"T23",2772,0.44,0.786666666666667,0.486,0.776
"A",137,"T23",2773,0.9,0.76,0.872,0.816
"A",137,"T23",2774,0.433333333333333,0.833333333333333,0.424,0.846
"A",137,"T23",2775,0.16,0.08,0.164,0.08
"A",137,"T23",2776,0.5,0.833333333333333,0.542,0.838
"A",137,"T23",2777,0.04,1,0.034,0.996
"A",137,"T23",2778,0.466666666666667,0.04,0.51,0.042
"A",137,"T23",2779,0.566666666666667,0.1,0.546,0.082
"A",137,"T23",2780,0.393333333333333,0.42,0.398,0.38
"A",137,"T23",2781,0.326666666666667,0.313333333333333,0.374,0.354
"A",137,"T23",2782,0.08,0.0866666666666667,0.066,0.108
"A",137,"T23",2783,0.0666666666666667,0.64,0.068,0.616
"A",137,"T23",2784,0.453333333333333,0.88,0.422,0.858
"A",137,"T23",2785,0.406666666666667,0.52,0.376,0.504
"A",137,"T23",2786,0.173333333333333,0.2,0.16,0.194
"A",137,"T23",2787,0.946666666666667,0.473333333333333,0.932,0.47
"A",137,"T23",2788,0.966666666666667,0.473333333333333,0.946,0.47
"A",137,"T23",2789,0.52,0.06,0.54,0.064
"A",137,"T23",2790,0.72,0.84,0.7,0.79
"A",137,"T23",2791,0.02,0.0266666666666667,0.022,0.01
"A",137,"T23",2792,0.146666666666667,0.04,0.158,0.04
"A",137,"T23",2793,0.58,0.54,0.608,0.58
"A",137,"T23",2794,0.56,0.806666666666667,0.584,0.754
"A",137,"T23",2795,0.266666666666667,0.166666666666667,0.264,0.188
"A",137,"T23",2796,0.693333333333333,0.706666666666667,0.68,0.724
"A",137,"T23",2797,0.646666666666667,0.52,0.67,0.454
"A",137,"T23",2798,0.906666666666667,0.453333333333333,0.904,0.456
"A",137,"T23",2799,0.42,0.693333333333333,0.424,0.694
"A",137,"T23",2800,1,0.886666666666667,1,0.916
"A",137,"T23",2801,0.78,0.566666666666667,0.756,0.544
"A",137,"T23",2802,0.626666666666667,0.153333333333333,0.634,0.144
"A",137,"T23",2803,0.913333333333333,0.826666666666667,0.928,0.8
"A",137,"T23",2804,0.206666666666667,0.0533333333333333,0.242,0.092
"A",137,"T23",2805,0.68,0.373333333333333,0.67,0.368
"A",137,"T23",2806,0.113333333333333,0.0133333333333333,0.114,0.012
"A",137,"T23",2807,0.793333333333333,0.6,0.778,0.596
"A",137,"T23",2808,0.466666666666667,0.3,0.496,0.248
"A",137,"T23",2809,0.406666666666667,0.68,0.414,0.646
"A",137,"T23",2810,0.153333333333333,0.286666666666667,0.168,0.304
"A",137,"T23",2811,0.146666666666667,0.866666666666667,0.162,0.84
"A",137,"T23",2812,0.973333333333333,0.96,0.964,0.944
"A",137,"T23",2813,0.526666666666667,0.206666666666667,0.504,0.21
"A",137,"T23",2814,0.58,0.706666666666667,0.572,0.66
"A",137,"T23",2815,0.253333333333333,0.28,0.256,0.3
"A",137,"T23",2816,0.173333333333333,0.206666666666667,0.19,0.186
"A",137,"T23",2817,0.733333333333333,0.546666666666667,0.788,0.53
"A",137,"T23",2818,0.646666666666667,0.753333333333333,0.65,0.792
"A",137,"T23",2819,0.446666666666667,0.5,0.494,0.466
"A",137,"T23",2820,0.98,0.773333333333333,0.986,0.836
"A",137,"T23",2821,0.54,0.64,0.53,0.64
"A",137,"T23",2822,0.593333333333333,0.253333333333333,0.638,0.222
"A",137,"T23",2823,0.626666666666667,0.126666666666667,0.606,0.124
"A",137,"T23",2824,0.313333333333333,0.413333333333333,0.304,0.436
"A",137,"T23",2825,0.313333333333333,0.34,0.372,0.338
"A",137,"T23",2826,0.36,0.266666666666667,0.376,0.282
"A",137,"T23",2827,0.44,0.306666666666667,0.47,0.28
"A",137,"T23",2828,0.813333333333333,0.373333333333333,0.822,0.36
"A",137,"T23",2829,0.413333333333333,0.386666666666667,0.386,0.346
"A",137,"T23",2830,0.646666666666667,0.886666666666667,0.604,0.87
"A",137,"T23",2831,0.346666666666667,0.646666666666667,0.402,0.644
"A",137,"T23",2832,0.493333333333333,0.753333333333333,0.51,0.712
"A",137,"T23",2833,0.973333333333333,0.806666666666667,0.968,0.838
"A",137,"T23",2834,0.66,0.8,0.626,0.842
"A",137,"T23",2835,0.46,0.933333333333333,0.424,0.928
"A",137,"T23",2836,0.92,0.58,0.928,0.592
"A",137,"T23",2837,0.8,0.773333333333333,0.84,0.784
"A",137,"T23",2838,0.266666666666667,0.2,0.238,0.162
"A",137,"T23",2839,0.18,0.493333333333333,0.188,0.494
"A",137,"T23",2840,0.58,0.7,0.542,0.688
"A",137,"T23",2841,0.88,1,0.894,1
"A",137,"T23",2842,0.406666666666667,0.526666666666667,0.37,0.47
"A",137,"T23",2843,0.82,0.746666666666667,0.848,0.74
"A",137,"T23",2844,0.913333333333333,0.9,0.872,0.88
"A",137,"T23",2845,0.14,0.206666666666667,0.112,0.206
"A",137,"T23",2846,0.36,0.493333333333333,0.378,0.448
"A",137,"T23",2847,0.0333333333333333,0.06,0.046,0.074
"A",137,"T23",2848,0.233333333333333,0.573333333333333,0.242,0.566
"A",137,"T23",2849,0.693333333333333,0.48,0.708,0.464
"A",137,"T23",2850,0.813333333333333,0.38,0.812,0.394
"A",137,"T23",2851,0.626666666666667,0.186666666666667,0.612,0.202
"A",137,"T23",2852,0.646666666666667,0.86,0.672,0.884
"A",137,"T23",2853,0.0533333333333333,0.58,0.046,0.548
"A",137,"T23",2854,0.48,0.446666666666667,0.478,0.404
"A",137,"T23",2855,0.18,0.0733333333333333,0.182,0.106
"A",137,"T23",2856,0.886666666666667,0.606666666666667,0.89,0.652
"A",137,"T23",2857,0.76,0.626666666666667,0.71,0.606
"A",137,"T23",2858,0.286666666666667,0.106666666666667,0.294,0.114
"A",137,"T23",2859,0.106666666666667,0.733333333333333,0.13,0.732
"A",137,"T23",2860,0.953333333333333,0.693333333333333,0.944,0.664
"A",137,"T23",2861,0.973333333333333,0.64,0.968,0.634
"A",137,"T23",2862,0.28,0.913333333333333,0.244,0.9
"A",137,"T23",2863,0.513333333333333,0.286666666666667,0.526,0.27
"A",137,"T23",2864,0.193333333333333,0.0533333333333333,0.2,0.036
"A",137,"T23",2865,0.833333333333333,0.54,0.846,0.498
"A",137,"T23",2866,0.08,0.413333333333333,0.08,0.39
"A",137,"T23",2867,0.0733333333333333,0.0466666666666667,0.064,0.028
"A",137,"T23",2868,0.04,0.253333333333333,0.022,0.252
"A",137,"T23",2869,0.333333333333333,0.4,0.322,0.38
"A",137,"T23",2870,0.813333333333333,0.353333333333333,0.838,0.338
"A",137,"T23",2871,0.0533333333333333,0.1,0.028,0.088
"A",137,"T23",2872,0.213333333333333,0.0733333333333333,0.182,0.06
"A",137,"T23",2873,0.22,0.02,0.242,0.018
"A",137,"T23",2874,0.54,0.913333333333333,0.484,0.91
"A",137,"T23",2875,0.0133333333333333,0.946666666666667,0.01,0.908
"A",137,"T23",2876,0.253333333333333,0.14,0.302,0.11
"A",137,"T23",2877,0.5,0.473333333333333,0.48,0.474
"A",137,"T23",2878,0.553333333333333,0.193333333333333,0.58,0.208
"A",137,"T23",2879,0.56,0.373333333333333,0.502,0.416
"A",137,"T23",2880,0.32,0.12,0.308,0.114
"A",137,"T23",2881,0.426666666666667,0.706666666666667,0.426,0.68
"A",137,"T23",2882,0.553333333333333,0.16,0.552,0.142
"A",137,"T23",2883,0.406666666666667,0.14,0.44,0.136
"A",137,"T23",2884,0.14,0.673333333333333,0.114,0.678
"A",137,"T23",2885,0.586666666666667,0.06,0.558,0.074
"A",137,"T23",2886,0.58,0.233333333333333,0.536,0.284
"A",137,"T23",2887,0.5,0.613333333333333,0.496,0.624
"A",137,"T23",2888,0.0266666666666667,0.00666666666666667,0.016,0.002
"A",137,"T23",2889,0.58,0.493333333333333,0.556,0.492
"A",137,"T23",2890,0.02,0.266666666666667,0.008,0.292
"A",137,"T23",2891,0.766666666666667,0.293333333333333,0.806,0.286
"A",137,"T23",2892,0.386666666666667,0.38,0.354,0.324
"A",137,"T23",2893,0.733333333333333,0.64,0.774,0.63
"A",137,"T23",2894,0.546666666666667,0.213333333333333,0.572,0.22
"A",137,"T23",2895,0.946666666666667,0.28,0.938,0.35
"A",137,"T23",2896,0.426666666666667,0.44,0.416,0.394
"A",137,"T23",2897,0.566666666666667,0.24,0.598,0.24
"A",137,"T23",2898,0.866666666666667,0.6,0.822,0.586
"A",137,"T23",2899,0.953333333333333,0.713333333333333,0.954,0.718
"A",137,"T23",2900,0.0933333333333333,0.286666666666667,0.092,0.284
"A",137,"T23",2901,0.16,0.493333333333333,0.168,0.496
"A",137,"T23",2902,0.54,0.386666666666667,0.546,0.378
"A",137,"T23",2903,0.866666666666667,0.233333333333333,0.856,0.262
"A",137,"T23",2904,0.453333333333333,0.246666666666667,0.456,0.254
"A",137,"T23",2905,0.68,0.446666666666667,0.732,0.462
"A",137,"T23",2906,0.206666666666667,0.246666666666667,0.218,0.27
"A",137,"T23",2907,0.4,0.16,0.388,0.182
"A",137,"T23",2908,0.366666666666667,0.506666666666667,0.362,0.504
"A",137,"T23",2909,0.54,0.713333333333333,0.59,0.732
"A",137,"T23",2910,0.126666666666667,0.48,0.152,0.524
"A",137,"T23",2911,0.02,0.166666666666667,0.012,0.132
"A",137,"T23",2912,0.666666666666667,0.586666666666667,0.672,0.56
"A",137,"T23",2913,0.72,0.493333333333333,0.756,0.444
"A",137,"T23",2914,0.54,0.773333333333333,0.522,0.786
"A",137,"T23",2915,0.826666666666667,0.9,0.82,0.906
"A",137,"T23",2916,0.573333333333333,0.513333333333333,0.56,0.498
"A",137,"T23",2917,0.193333333333333,0.48,0.22,0.454
"A",137,"T23",2918,0.166666666666667,0.146666666666667,0.174,0.154
"A",137,"T23",2919,0.94,0.86,0.926,0.838
"A",137,"T23",2920,0.34,0.38,0.332,0.318
"A",137,"T23",2921,0.713333333333333,0.973333333333333,0.684,0.986
"A",137,"T23",2922,0.326666666666667,0.0933333333333333,0.324,0.102
"A",137,"T23",2923,0.373333333333333,0.626666666666667,0.324,0.652
"A",137,"T23",2924,0.366666666666667,0.653333333333333,0.362,0.68
"A",137,"T23",2925,0.12,0.113333333333333,0.138,0.134
"A",137,"T23",2926,0.24,0.586666666666667,0.26,0.618
"A",137,"T23",2927,0.98,0.72,0.972,0.762
"A",137,"T23",2928,0.8,0.746666666666667,0.804,0.748
"A",137,"T23",2929,0.06,0.646666666666667,0.034,0.61
"A",137,"T23",2930,0.0133333333333333,0.04,0.024,0.038
"A",137,"T23",2931,0.713333333333333,0.7,0.634,0.698
"A",137,"T23",2932,0.993333333333333,0.993333333333333,0.988,0.996
"A",137,"T23",2933,0.193333333333333,0.906666666666667,0.19,0.922
"A",137,"T23",2934,0.0533333333333333,0.14,0.04,0.128
"A",137,"T23",2935,0.0866666666666667,0.52,0.058,0.518
"A",137,"T23",2936,0.7,0.373333333333333,0.676,0.388
"A",137,"T23",2937,0.866666666666667,0.713333333333333,0.834,0.666
"A",137,"T23",2938,0.906666666666667,0.593333333333333,0.924,0.58
"A",137,"T23",2939,0.733333333333333,0.113333333333333,0.734,0.116
"A",137,"T23",2940,0.5,0.66,0.524,0.674
"A",137,"T23",2941,0.84,0.953333333333333,0.832,0.964
"A",137,"T23",2942,0.926666666666667,0.846666666666667,0.904,0.854
"A",137,"T23",2943,0.0466666666666667,0.0666666666666667,0.04,0.072
"A",137,"T23",2944,0.733333333333333,0.133333333333333,0.692,0.136
"A",137,"T23",2945,0.733333333333333,0.206666666666667,0.744,0.192
"A",137,"T23",2946,0.966666666666667,0.746666666666667,0.954,0.738
"A",137,"T23",2947,0.186666666666667,0.02,0.136,0.008
"A",137,"T23",2948,0.1,0.0466666666666667,0.076,0.024
"A",137,"T23",2949,0.0933333333333333,0.06,0.11,0.086
"A",137,"T23",2950,0.9,0.86,0.91,0.872
"A",137,"T23",2951,0.786666666666667,0.12,0.784,0.17
"A",137,"T23",2952,0.68,0.94,0.694,0.944
"A",137,"T23",2953,0.32,0.913333333333333,0.344,0.912
"A",137,"T23",2954,0.62,0.486666666666667,0.632,0.494
"A",137,"T23",2955,0.773333333333333,0.253333333333333,0.762,0.252
"A",137,"T23",2956,0.853333333333333,0.146666666666667,0.828,0.158
"A",137,"T23",2957,0.313333333333333,0.206666666666667,0.272,0.22
"A",137,"T23",2958,0.88,0.746666666666667,0.854,0.694
"A",137,"T23",2959,0.36,0.853333333333333,0.394,0.888
"A",137,"T23",2960,0.82,0.64,0.828,0.668
"A",137,"T23",2961,0.986666666666667,0.893333333333333,0.996,0.92
"A",137,"T23",2962,0.02,0.14,0.01,0.172
"A",137,"T23",2963,0.706666666666667,0.76,0.716,0.76
"A",137,"T23",2964,0.733333333333333,0.92,0.762,0.928
"A",137,"T23",2965,0.84,0.253333333333333,0.864,0.25
"A",137,"T23",2966,0.88,0.706666666666667,0.876,0.662
"A",137,"T23",2967,0.266666666666667,0.106666666666667,0.312,0.096
"A",137,"T23",2968,0.826666666666667,0.48,0.792,0.376
"A",137,"T23",2969,0.24,0.786666666666667,0.278,0.712
"A",137,"T23",2970,0.34,0.76,0.258,0.738
"A",137,"T23",2971,0.846666666666667,0.793333333333333,0.854,0.812
"A",137,"T23",2972,0.36,0.886666666666667,0.302,0.86
"A",137,"T23",2973,0.926666666666667,0.666666666666667,0.926,0.64
"A",137,"T23",2974,0.906666666666667,0.34,0.928,0.354
"A",137,"T23",2975,0.793333333333333,0.486666666666667,0.792,0.422
"A",137,"T23",2976,0.493333333333333,0.46,0.53,0.486
"A",137,"T23",2977,0.0733333333333333,0.286666666666667,0.05,0.216
"A",137,"T23",2978,0.32,0.126666666666667,0.318,0.134
"A",137,"T23",2979,0.833333333333333,0.44,0.828,0.454
"A",137,"T23",2980,0.64,0.786666666666667,0.596,0.8
"A",137,"T23",2981,0.906666666666667,0.406666666666667,0.932,0.422
"A",137,"T23",2982,0.613333333333333,0.56,0.634,0.51
"A",137,"T23",2983,0.76,0.44,0.768,0.42
"A",137,"T23",2984,0.666666666666667,0.56,0.694,0.574
"A",137,"T23",2985,0.266666666666667,0.286666666666667,0.242,0.294
"A",137,"T23",2986,0.906666666666667,0.493333333333333,0.896,0.546
"A",137,"T23",2987,0.346666666666667,0.313333333333333,0.342,0.262
"A",137,"T23",2988,0.133333333333333,0.626666666666667,0.136,0.584
"A",137,"T23",2989,0.326666666666667,0.0533333333333333,0.304,0.046
"A",137,"T23",2990,0.913333333333333,0.86,0.938,0.85
"A",137,"T23",2991,0.8,0.806666666666667,0.794,0.834
"A",137,"T23",2992,0.226666666666667,0.18,0.182,0.168
"A",137,"T23",2993,0.52,0.573333333333333,0.492,0.588
"A",137,"T23",2994,0.193333333333333,0.393333333333333,0.258,0.43
"A",137,"T23",2995,0.393333333333333,0.36,0.382,0.356
"A",137,"T23",2996,0.153333333333333,0.08,0.146,0.08
"A",137,"T23",2997,0.346666666666667,0.313333333333333,0.294,0.3
"A",137,"T23",2998,0.493333333333333,0.78,0.48,0.812
"A",137,"T23",2999,0.52,0.793333333333333,0.486,0.786
"A",137,"T23",3000,0.246666666666667,0.726666666666667,0.236,0.74
"B",416,"T23",1001,0.286666666666667,0.96,0.298,0.958
"B",416,"T23",1002,0.506666666666667,0.0866666666666667,0.526,0.054
"B",416,"T23",1003,0.18,0.246666666666667,0.192,0.284
"B",416,"T23",1004,0.433333333333333,0.18,0.456,0.194
"B",416,"T23",1005,0.846666666666667,0.613333333333333,0.828,0.634
"B",416,"T23",1006,0.74,0.926666666666667,0.784,0.94
"B",416,"T23",1007,0.686666666666667,0.326666666666667,0.662,0.336
"B",416,"T23",1008,0.18,0.173333333333333,0.144,0.128
"B",416,"T23",1009,0.926666666666667,0.913333333333333,0.94,0.926
"B",416,"T23",1010,0.06,1,0.036,0.99
"B",416,"T23",1011,0.773333333333333,0.333333333333333,0.768,0.362
"B",416,"T23",1012,0.0466666666666667,0.373333333333333,0.072,0.352
"B",416,"T23",1013,0.646666666666667,0.226666666666667,0.624,0.162
"B",416,"T23",1014,0.173333333333333,0.14,0.126,0.172
"B",416,"T23",1015,0.953333333333333,0.58,0.968,0.486
"B",416,"T23",1016,0.333333333333333,0.9,0.332,0.928
"B",416,"T23",1017,0.893333333333333,0.213333333333333,0.89,0.24
"B",416,"T23",1018,0.833333333333333,0.993333333333333,0.846,0.994
"B",416,"T23",1019,0.32,0.18,0.332,0.176
"B",416,"T23",1020,0.246666666666667,0.08,0.262,0.062
"B",416,"T23",1021,0.0333333333333333,0.16,0.046,0.13
"B",416,"T23",1022,0.266666666666667,0.266666666666667,0.194,0.286
"B",416,"T23",1023,0.946666666666667,0.773333333333333,0.952,0.796
"B",416,"T23",1024,0.0866666666666667,0.0266666666666667,0.068,0.03
"B",416,"T23",1025,0.3,0.3,0.282,0.312
"B",416,"T23",1026,0.193333333333333,0.0466666666666667,0.176,0.046
"B",416,"T23",1027,0.0666666666666667,0.333333333333333,0.04,0.284
"B",416,"T23",1028,0.853333333333333,0.513333333333333,0.844,0.512
"B",416,"T23",1029,0.553333333333333,0.586666666666667,0.57,0.57
"B",416,"T23",1030,0.14,0.213333333333333,0.128,0.206
"B",416,"T23",1031,0.0333333333333333,0.133333333333333,0.034,0.106
"B",416,"T23",1032,0.82,0.2,0.832,0.232
"B",416,"T23",1033,0.653333333333333,0.58,0.672,0.568
"B",416,"T23",1034,0.286666666666667,0.0666666666666667,0.258,0.066
"B",416,"T23",1035,0.786666666666667,0.533333333333333,0.786,0.51
"B",416,"T23",1036,0.54,0.1,0.524,0.11
"B",416,"T23",1037,0.00666666666666667,0.193333333333333,0.006,0.192
"B",416,"T23",1038,0.333333333333333,0.753333333333333,0.364,0.742
"B",416,"T23",1039,0.72,0.58,0.746,0.584
"B",416,"T23",1040,0.98,0.88,0.976,0.874
"B",416,"T23",1041,0.0466666666666667,0.246666666666667,0.074,0.28
"B",416,"T23",1042,0.146666666666667,0.366666666666667,0.164,0.382
"B",416,"T23",1043,0.986666666666667,0.88,0.972,0.886
"B",416,"T23",1044,0.00666666666666667,0.613333333333333,0.006,0.622
"B",416,"T23",1045,0.86,0.773333333333333,0.874,0.752
"B",416,"T23",1046,0.173333333333333,0.06,0.22,0.074
"B",416,"T23",1047,0.0866666666666667,0.833333333333333,0.058,0.826
"B",416,"T23",1048,0.253333333333333,0.793333333333333,0.298,0.8
"B",416,"T23",1049,0.46,0.806666666666667,0.454,0.82
"B",416,"T23",1050,0.966666666666667,0.926666666666667,0.964,0.932
"B",416,"T23",1051,0.306666666666667,0.726666666666667,0.288,0.754
"B",416,"T23",1052,0.12,0.00666666666666667,0.088,0.008
"B",416,"T23",1053,0.713333333333333,0.786666666666667,0.712,0.782
"B",416,"T23",1054,0.0266666666666667,0.466666666666667,0.028,0.456
"B",416,"T23",1055,0.893333333333333,0.826666666666667,0.902,0.842
"B",416,"T23",1056,0.56,0.913333333333333,0.548,0.918
"B",416,"T23",1057,0.38,0.753333333333333,0.438,0.77
"B",416,"T23",1058,0.313333333333333,0.406666666666667,0.27,0.372
"B",416,"T23",1059,0.566666666666667,0.3,0.578,0.298
"B",416,"T23",1060,0.0333333333333333,0.586666666666667,0.026,0.518
"B",416,"T23",1061,0.173333333333333,0.72,0.17,0.714
"B",416,"T23",1062,0.606666666666667,0.393333333333333,0.566,0.338
"B",416,"T23",1063,0.273333333333333,0.653333333333333,0.288,0.642
"B",416,"T23",1064,0.973333333333333,0.746666666666667,0.95,0.698
"B",416,"T23",1065,0.14,0.28,0.106,0.276
"B",416,"T23",1066,0.653333333333333,0.473333333333333,0.686,0.47
"B",416,"T23",1067,0.146666666666667,0.0533333333333333,0.114,0.056
"B",416,"T23",1068,0.173333333333333,0.38,0.146,0.352
"B",416,"T23",1069,0.0333333333333333,0.02,0.048,0.026
"B",416,"T23",1070,0.353333333333333,0.646666666666667,0.342,0.628
"B",416,"T23",1071,0.293333333333333,0.146666666666667,0.236,0.118
"B",416,"T23",1072,0.233333333333333,0.553333333333333,0.272,0.48
"B",416,"T23",1073,0.266666666666667,0.833333333333333,0.28,0.878
"B",416,"T23",1074,0.753333333333333,0.493333333333333,0.73,0.48
"B",416,"T23",1075,0.613333333333333,0.26,0.596,0.236
"B",416,"T23",1076,0.32,0.0933333333333333,0.33,0.064
"B",416,"T23",1077,0.52,0.473333333333333,0.482,0.472
"B",416,"T23",1078,0.706666666666667,0.646666666666667,0.718,0.722
"B",416,"T23",1079,0.0733333333333333,0.08,0.066,0.05
"B",416,"T23",1080,0.86,0.92,0.85,0.916
"B",416,"T23",1081,0.673333333333333,0.16,0.698,0.218
"B",416,"T23",1082,0.7,0.833333333333333,0.694,0.768
"B",416,"T23",1083,0.406666666666667,0.606666666666667,0.438,0.602
"B",416,"T23",1084,0.613333333333333,0.42,0.63,0.422
"B",416,"T23",1085,0.5,0.946666666666667,0.492,0.928
"B",416,"T23",1086,0.566666666666667,0.18,0.556,0.172
"B",416,"T23",1087,0.833333333333333,0.433333333333333,0.84,0.406
"B",416,"T23",1088,0.0666666666666667,0.0333333333333333,0.072,0.022
"B",416,"T23",1089,0.233333333333333,0.306666666666667,0.222,0.26
"B",416,"T23",1090,0.526666666666667,0.506666666666667,0.508,0.55
"B",416,"T23",1091,0.753333333333333,0.846666666666667,0.726,0.85
"B",416,"T23",1092,0.04,0.113333333333333,0.062,0.14
"B",416,"T23",1093,0.22,0.246666666666667,0.212,0.268
"B",416,"T23",1094,0.246666666666667,0.246666666666667,0.22,0.234
"B",416,"T23",1095,0.413333333333333,0.746666666666667,0.41,0.738
"B",416,"T23",1096,0.793333333333333,0.553333333333333,0.768,0.61
"B",416,"T23",1097,0.02,0.126666666666667,0.008,0.14
"B",416,"T23",1098,0.0133333333333333,0.733333333333333,0.016,0.748
"B",416,"T23",1099,0.32,0.2,0.346,0.22
"B",416,"T23",1100,0.0866666666666667,0.413333333333333,0.088,0.438
"B",416,"T23",1101,0.04,0.166666666666667,0.034,0.14
"B",416,"T23",1102,0.506666666666667,0.913333333333333,0.548,0.918
"B",416,"T23",1103,0.313333333333333,0.213333333333333,0.324,0.222
"B",416,"T23",1104,0.48,0.986666666666667,0.52,0.974
"B",416,"T23",1105,0.6,0.553333333333333,0.61,0.514
"B",416,"T23",1106,0.3,0.186666666666667,0.346,0.194
"B",416,"T23",1107,0.566666666666667,0.253333333333333,0.54,0.212
"B",416,"T23",1108,0.806666666666667,0.38,0.8,0.34
"B",416,"T23",1109,0.973333333333333,0.726666666666667,0.968,0.644
"B",416,"T23",1110,0.786666666666667,0.86,0.814,0.832
"B",416,"T23",1111,0.533333333333333,0.573333333333333,0.58,0.546
"B",416,"T23",1112,0.18,0.32,0.176,0.274
"B",416,"T23",1113,0.373333333333333,0.273333333333333,0.38,0.282
"B",416,"T23",1114,0.106666666666667,0.453333333333333,0.132,0.43
"B",416,"T23",1115,0.626666666666667,0.94,0.61,0.956
"B",416,"T23",1116,0.573333333333333,0.413333333333333,0.644,0.456
"B",416,"T23",1117,0.726666666666667,0.64,0.69,0.562
"B",416,"T23",1118,0.313333333333333,0.106666666666667,0.296,0.1
"B",416,"T23",1119,0.0333333333333333,0.06,0.038,0.062
"B",416,"T23",1120,0.0466666666666667,0.686666666666667,0.05,0.696
"B",416,"T23",1121,0.04,0.0266666666666667,0.016,0.01
"B",416,"T23",1122,0.02,0.02,0.008,0.026
"B",416,"T23",1123,0.346666666666667,0.193333333333333,0.322,0.204
"B",416,"T23",1124,0.406666666666667,0.106666666666667,0.408,0.108
"B",416,"T23",1125,0.733333333333333,0.16,0.74,0.174
"B",416,"T23",1126,0.906666666666667,0.713333333333333,0.91,0.702
"B",416,"T23",1127,0.566666666666667,0.353333333333333,0.624,0.328
"B",416,"T23",1128,0.513333333333333,0.846666666666667,0.476,0.82
"B",416,"T23",1129,0.74,0.386666666666667,0.738,0.392
"B",416,"T23",1130,0.773333333333333,0.873333333333333,0.744,0.882
"B",416,"T23",1131,0.406666666666667,0.46,0.36,0.5
"B",416,"T23",1132,0.786666666666667,0.306666666666667,0.804,0.346
"B",416,"T23",1133,0.413333333333333,0.493333333333333,0.466,0.484
"B",416,"T23",1134,0.413333333333333,0.433333333333333,0.408,0.458
"B",416,"T23",1135,0.68,0.28,0.632,0.24
"B",416,"T23",1136,0.6,0.873333333333333,0.562,0.868
"B",416,"T23",1137,0.34,0.94,0.352,0.956
"B",416,"T23",1138,0.48,0.46,0.452,0.514
"B",416,"T23",1139,0.0533333333333333,0.446666666666667,0.054,0.472
"B",416,"T23",1140,0.606666666666667,0.186666666666667,0.57,0.194
"B",416,"T23",1141,0.6,0.166666666666667,0.582,0.162
"B",416,"T23",1142,0.853333333333333,0.64,0.854,0.686
"B",416,"T23",1143,0.5,0.0866666666666667,0.468,0.05
"B",416,"T23",1144,0.74,0.546666666666667,0.73,0.538
"B",416,"T23",1145,0.973333333333333,0.966666666666667,0.982,0.912
"B",416,"T23",1146,0.286666666666667,0.566666666666667,0.26,0.564
"B",416,"T23",1147,0.106666666666667,0.0333333333333333,0.118,0.024
"B",416,"T23",1148,0.786666666666667,0.386666666666667,0.766,0.42
"B",416,"T23",1149,0.7,0.36,0.706,0.388
"B",416,"T23",1150,0.56,0.866666666666667,0.582,0.864
"B",416,"T23",1151,0.253333333333333,0.213333333333333,0.248,0.218
"B",416,"T23",1152,0.866666666666667,0.646666666666667,0.864,0.65
"B",416,"T23",1153,0.833333333333333,0.993333333333333,0.842,0.99
"B",416,"T23",1154,0.04,0.0466666666666667,0.024,0.048
"B",416,"T23",1155,0.58,0.286666666666667,0.616,0.338
"B",416,"T23",1156,0.166666666666667,0.16,0.156,0.152
"B",416,"T23",1157,0.453333333333333,0.76,0.432,0.74
"B",416,"T23",1158,0.733333333333333,0.906666666666667,0.694,0.914
"B",416,"T23",1159,0.146666666666667,0.206666666666667,0.17,0.248
"B",416,"T23",1160,0.433333333333333,0.853333333333333,0.418,0.864
"B",416,"T23",1161,0.906666666666667,0.873333333333333,0.92,0.88
"B",416,"T23",1162,0.12,0.433333333333333,0.114,0.49
"B",416,"T23",1163,0.7,0.66,0.66,0.67
"B",416,"T23",1164,0.153333333333333,0.36,0.184,0.37
"B",416,"T23",1165,0.0666666666666667,0.0333333333333333,0.048,0.028
"B",416,"T23",1166,0.66,0.186666666666667,0.642,0.162
"B",416,"T23",1167,0.926666666666667,0.5,0.898,0.496
"B",416,"T23",1168,0.3,0.106666666666667,0.3,0.108
"B",416,"T23",1169,0.366666666666667,0.94,0.346,0.944
"B",416,"T23",1170,0.48,0.546666666666667,0.492,0.614
"B",416,"T23",1171,0.546666666666667,0.62,0.464,0.54
"B",416,"T23",1172,0.66,0.66,0.674,0.65
"B",416,"T23",1173,0.0933333333333333,0.0666666666666667,0.076,0.078
"B",416,"T23",1174,0.453333333333333,0.713333333333333,0.5,0.746
"B",416,"T23",1175,0.606666666666667,0.28,0.612,0.284
"B",416,"T23",1176,0.706666666666667,0.353333333333333,0.696,0.412
"B",416,"T23",1177,0.346666666666667,0.52,0.354,0.552
"B",416,"T23",1178,0.206666666666667,0.773333333333333,0.218,0.782
"B",416,"T23",1179,0.16,0.886666666666667,0.154,0.852
"B",416,"T23",1180,0.793333333333333,0.52,0.768,0.542
"B",416,"T23",1181,0.493333333333333,0.513333333333333,0.448,0.474
"B",416,"T23",1182,0.233333333333333,0.0266666666666667,0.232,0.018
"B",416,"T23",1183,0.753333333333333,0.54,0.732,0.568
"B",416,"T23",1184,0.526666666666667,0.426666666666667,0.614,0.436
"B",416,"T23",1185,0.24,0.293333333333333,0.18,0.288
"B",416,"T23",1186,0.68,0.706666666666667,0.698,0.708
"B",416,"T23",1187,0.146666666666667,0.36,0.146,0.388
"B",416,"T23",1188,0.16,0.58,0.138,0.534
"B",416,"T23",1189,0.82,0.873333333333333,0.812,0.886
"B",416,"T23",1190,0.7,0.24,0.74,0.238
"B",416,"T23",1191,0.433333333333333,0.466666666666667,0.474,0.484
"B",416,"T23",1192,0.353333333333333,0.213333333333333,0.442,0.284
"B",416,"T23",1193,0.906666666666667,0.566666666666667,0.91,0.518
"B",416,"T23",1194,0.826666666666667,0.886666666666667,0.796,0.894
"B",416,"T23",1195,0.646666666666667,0.44,0.688,0.434
"B",416,"T23",1196,0.7,0.786666666666667,0.692,0.762
"B",416,"T23",1197,0.246666666666667,0.953333333333333,0.296,0.966
"B",416,"T23",1198,0.46,0.346666666666667,0.424,0.356
"B",416,"T23",1199,0.313333333333333,0.353333333333333,0.354,0.394
"B",416,"T23",1200,0.72,0.233333333333333,0.718,0.258
"B",416,"T23",1201,0.98,0.906666666666667,0.99,0.918
"B",416,"T23",1202,0.2,0.253333333333333,0.178,0.202
"B",416,"T23",1203,0.486666666666667,0.993333333333333,0.45,0.99
"B",416,"T23",1204,0.626666666666667,0.72,0.612,0.668
"B",416,"T23",1205,0.7,0.34,0.654,0.352
"B",416,"T23",1206,0.173333333333333,0.833333333333333,0.198,0.824
"B",416,"T23",1207,0.926666666666667,0.446666666666667,0.878,0.424
"B",416,"T23",1208,0.213333333333333,0.233333333333333,0.2,0.198
"B",416,"T23",1209,0.18,0.166666666666667,0.212,0.162
"B",416,"T23",1210,0.206666666666667,0.06,0.178,0.046
"B",416,"T23",1211,0.153333333333333,0.72,0.182,0.742
"B",416,"T23",1212,0.14,0.00666666666666667,0.158,0.004
"B",416,"T23",1213,0.326666666666667,0.613333333333333,0.306,0.614
"B",416,"T23",1214,0.0466666666666667,0.166666666666667,0.056,0.186
"B",416,"T23",1215,0.56,0.32,0.594,0.32
"B",416,"T23",1216,0.56,0.72,0.534,0.718
"B",416,"T23",1217,0.606666666666667,0.62,0.624,0.616
"B",416,"T23",1218,0.64,0.16,0.64,0.178
"B",416,"T23",1219,0.413333333333333,0.846666666666667,0.404,0.852
"B",416,"T23",1220,0.28,0.26,0.28,0.29
"B",416,"T23",1221,0.666666666666667,0.38,0.704,0.384
"B",416,"T23",1222,0.646666666666667,0.206666666666667,0.666,0.222
"B",416,"T23",1223,0.06,0.3,0.042,0.32
"B",416,"T23",1224,0.76,0.82,0.752,0.782
"B",416,"T23",1225,0.553333333333333,0.346666666666667,0.552,0.322
"B",416,"T23",1226,0.426666666666667,0.613333333333333,0.404,0.594
"B",416,"T23",1227,0.66,0.8,0.652,0.782
"B",416,"T23",1228,0.9,0.893333333333333,0.842,0.876
"B",416,"T23",1229,0.713333333333333,0.666666666666667,0.718,0.744
"B",416,"T23",1230,0.406666666666667,0.7,0.418,0.712
"B",416,"T23",1231,0.453333333333333,0.0666666666666667,0.454,0.102
"B",416,"T23",1232,0.106666666666667,0.373333333333333,0.122,0.416
"B",416,"T23",1233,0.0866666666666667,0.406666666666667,0.088,0.384
"B",416,"T23",1234,0.866666666666667,0.406666666666667,0.868,0.39
"B",416,"T23",1235,0.22,0.12,0.198,0.138
"B",416,"T23",1236,0.773333333333333,0.34,0.696,0.31
"B",416,"T23",1237,0.66,0.346666666666667,0.652,0.384
"B",416,"T23",1238,0.373333333333333,0.0466666666666667,0.362,0.032
"B",416,"T23",1239,0.646666666666667,0.62,0.632,0.592
"B",416,"T23",1240,0.726666666666667,0.353333333333333,0.764,0.368
"B",416,"T23",1241,0.8,0.34,0.786,0.302
"B",416,"T23",1242,0.893333333333333,0.826666666666667,0.926,0.8
"B",416,"T23",1243,0.36,0.146666666666667,0.39,0.188
"B",416,"T23",1244,0.333333333333333,0.313333333333333,0.318,0.31
"B",416,"T23",1245,0.186666666666667,0.306666666666667,0.196,0.362
"B",416,"T23",1246,0.786666666666667,0.226666666666667,0.84,0.258
"B",416,"T23",1247,0.553333333333333,0.806666666666667,0.518,0.762
"B",416,"T23",1248,0.146666666666667,0.04,0.128,0.032
"B",416,"T23",1249,0.873333333333333,0.546666666666667,0.886,0.59
"B",416,"T23",1250,0.193333333333333,0.0666666666666667,0.162,0.05
"B",416,"T23",1251,0.553333333333333,0.9,0.55,0.902
"B",416,"T23",1252,0.346666666666667,0.253333333333333,0.306,0.288
"B",416,"T23",1253,0.00666666666666667,0.0333333333333333,0.002,0.038
"B",416,"T23",1254,0.613333333333333,0.626666666666667,0.574,0.556
"B",416,"T23",1255,0.86,0.38,0.81,0.416
"B",416,"T23",1256,0.466666666666667,0.346666666666667,0.456,0.346
"B",416,"T23",1257,0.0266666666666667,0.0266666666666667,0.038,0.054
"B",416,"T23",1258,0.286666666666667,0.86,0.272,0.832
"B",416,"T23",1259,0.0133333333333333,0.0866666666666667,0.01,0.094
"B",416,"T23",1260,0.946666666666667,0.693333333333333,0.95,0.702
"B",416,"T23",1261,0.24,0.826666666666667,0.244,0.832
"B",416,"T23",1262,0.8,0.42,0.782,0.414
"B",416,"T23",1263,0.4,0.56,0.47,0.57
"B",416,"T23",1264,0.686666666666667,0.58,0.688,0.612
"B",416,"T23",1265,0.786666666666667,0.766666666666667,0.816,0.818
"B",416,"T23",1266,0.813333333333333,0.82,0.746,0.866
"B",416,"T23",1267,0.12,0.106666666666667,0.12,0.084
"B",416,"T23",1268,0.12,0.00666666666666667,0.152,0.006
"B",416,"T23",1269,0.913333333333333,0.52,0.92,0.5
"B",416,"T23",1270,0.02,0.626666666666667,0.024,0.606
"B",416,"T23",1271,0.12,0.113333333333333,0.116,0.12
"B",416,"T23",1272,0.173333333333333,0.173333333333333,0.138,0.168
"B",416,"T23",1273,0.306666666666667,0.0266666666666667,0.316,0.04
"B",416,"T23",1274,0.206666666666667,0.606666666666667,0.178,0.602
"B",416,"T23",1275,0.713333333333333,0.806666666666667,0.694,0.8
"B",416,"T23",1276,0.766666666666667,0.626666666666667,0.736,0.622
"B",416,"T23",1277,0.166666666666667,0.48,0.18,0.478
"B",416,"T23",1278,0.74,0.36,0.776,0.374
"B",416,"T23",1279,0.213333333333333,0.306666666666667,0.238,0.324
"B",416,"T23",1280,0.166666666666667,0.66,0.194,0.672
"B",416,"T23",1281,0.213333333333333,0.186666666666667,0.208,0.21
"B",416,"T23",1282,0.513333333333333,0.173333333333333,0.526,0.228
"B",416,"T23",1283,0.873333333333333,0.353333333333333,0.848,0.36
"B",416,"T23",1284,0.706666666666667,0.373333333333333,0.706,0.366
"B",416,"T23",1285,0.673333333333333,0.2,0.662,0.138
"B",416,"T23",1286,0.473333333333333,0.6,0.49,0.64
"B",416,"T23",1287,0.866666666666667,0.86,0.856,0.89
"B",416,"T23",1288,0.446666666666667,0.133333333333333,0.438,0.108
"B",416,"T23",1289,0.546666666666667,0.313333333333333,0.56,0.32
"B",416,"T23",1290,0.533333333333333,0.44,0.538,0.484
"B",416,"T23",1291,0.793333333333333,0.686666666666667,0.812,0.74
"B",416,"T23",1292,0.22,0.16,0.194,0.13
"B",416,"T23",1293,0.06,0.14,0.064,0.136
"B",416,"T23",1294,0.213333333333333,0.306666666666667,0.144,0.296
"B",416,"T23",1295,0.826666666666667,0.313333333333333,0.802,0.316
"B",416,"T23",1296,0.546666666666667,0.466666666666667,0.568,0.474
"B",416,"T23",1297,0.746666666666667,0.753333333333333,0.746,0.778
"B",416,"T23",1298,0.3,0.153333333333333,0.29,0.146
"B",416,"T23",1299,0.6,0.393333333333333,0.6,0.426
"B",416,"T23",1300,0.04,0.14,0.052,0.17
"B",416,"T23",1301,0.646666666666667,0.866666666666667,0.694,0.856
"B",416,"T23",1302,0.04,0.8,0.048,0.802
"B",416,"T23",1303,0.613333333333333,0.466666666666667,0.614,0.496
"B",416,"T23",1304,0.96,0.993333333333333,0.95,0.98
"B",416,"T23",1305,0.76,0.42,0.774,0.42
"B",416,"T23",1306,0.153333333333333,0.44,0.202,0.394
"B",416,"T23",1307,0.02,0.06,0.008,0.052
"B",416,"T23",1308,0.293333333333333,0.98,0.31,0.964
"B",416,"T23",1309,0.946666666666667,0.546666666666667,0.94,0.51
"B",416,"T23",1310,0.133333333333333,0.653333333333333,0.164,0.662
"B",416,"T23",1311,0.38,0.846666666666667,0.402,0.876
"B",416,"T23",1312,0.206666666666667,0.26,0.19,0.246
"B",416,"T23",1313,0.0333333333333333,0.146666666666667,0.032,0.184
"B",416,"T23",1314,0.08,0.34,0.09,0.366
"B",416,"T23",1315,0.473333333333333,0.4,0.48,0.33
"B",416,"T23",1316,0.953333333333333,0.606666666666667,0.958,0.572
"B",416,"T23",1317,0.94,0.433333333333333,0.876,0.372
"B",416,"T23",1318,0.726666666666667,0.973333333333333,0.7,0.972
"B",416,"T23",1319,0.76,0.326666666666667,0.774,0.372
"B",416,"T23",1320,0.986666666666667,0.666666666666667,0.968,0.686
"B",416,"T23",1321,0.413333333333333,0.513333333333333,0.376,0.518
"B",416,"T23",1322,0.966666666666667,0.52,0.97,0.54
"B",416,"T23",1323,0.153333333333333,0.0133333333333333,0.138,0.014
"B",416,"T23",1324,0.766666666666667,0.413333333333333,0.734,0.452
"B",416,"T23",1325,0.88,0.426666666666667,0.876,0.458
"B",416,"T23",1326,0.973333333333333,0.54,0.966,0.52
"B",416,"T23",1327,0.04,0.00666666666666667,0.046,0.002
"B",416,"T23",1328,0.546666666666667,0.473333333333333,0.534,0.504
"B",416,"T23",1329,0.693333333333333,0.653333333333333,0.71,0.7
"B",416,"T23",1330,0.993333333333333,0.746666666666667,0.998,0.72
"B",416,"T23",1331,0.613333333333333,0.553333333333333,0.642,0.528
"B",416,"T23",1332,0.426666666666667,0.94,0.428,0.92
"B",416,"T23",1333,0.353333333333333,0.306666666666667,0.338,0.326
"B",416,"T23",1334,0.88,0.446666666666667,0.894,0.448
"B",416,"T23",1335,0.02,0.16,0.016,0.178
"B",416,"T23",1336,0.406666666666667,0.68,0.396,0.658
"B",416,"T23",1337,0.966666666666667,1,0.968,0.998
"B",416,"T23",1338,0.166666666666667,0.413333333333333,0.196,0.47
"B",416,"T23",1339,0.533333333333333,0.3,0.534,0.322
"B",416,"T23",1340,0.606666666666667,0.886666666666667,0.596,0.886
"B",416,"T23",1341,0.34,0.4,0.322,0.424
"B",416,"T23",1342,0.273333333333333,0.4,0.322,0.41
"B",416,"T23",1343,0.76,0.873333333333333,0.814,0.894
"B",416,"T23",1344,0.0133333333333333,0.68,0.012,0.694
"B",416,"T23",1345,0.213333333333333,0.133333333333333,0.184,0.162
"B",416,"T23",1346,0.46,0.9,0.47,0.928
"B",416,"T23",1347,0.673333333333333,0.52,0.698,0.542
"B",416,"T23",1348,0.206666666666667,0.473333333333333,0.188,0.504
"B",416,"T23",1349,0.433333333333333,0.34,0.436,0.36
"B",416,"T23",1350,0.42,0.993333333333333,0.366,0.998
"B",416,"T23",1351,0.393333333333333,0.313333333333333,0.448,0.322
"B",416,"T23",1352,0.0666666666666667,0.773333333333333,0.042,0.712
"B",416,"T23",1353,0.326666666666667,0.206666666666667,0.396,0.238
"B",416,"T23",1354,0.313333333333333,0.426666666666667,0.326,0.396
"B",416,"T23",1355,0.253333333333333,0.806666666666667,0.248,0.834
"B",416,"T23",1356,0.153333333333333,0.613333333333333,0.158,0.596
"B",416,"T23",1357,0.286666666666667,1,0.31,1
"B",416,"T23",1358,0.0466666666666667,0.113333333333333,0.06,0.108
"B",416,"T23",1359,0.313333333333333,0.1,0.318,0.084
"B",416,"T23",1360,0.186666666666667,0.593333333333333,0.218,0.594
"B",416,"T23",1361,0.526666666666667,0.713333333333333,0.554,0.712
"B",416,"T23",1362,0.4,0.08,0.41,0.094
"B",416,"T23",1363,0.153333333333333,0.126666666666667,0.122,0.076
"B",416,"T23",1364,0.673333333333333,0.886666666666667,0.658,0.862
"B",416,"T23",1365,0.153333333333333,0.0866666666666667,0.124,0.076
"B",416,"T23",1366,0.793333333333333,0.406666666666667,0.788,0.374
"B",416,"T23",1367,0.0933333333333333,0.04,0.118,0.026
"B",416,"T23",1368,0.626666666666667,0.84,0.632,0.836
"B",416,"T23",1369,0.526666666666667,0.533333333333333,0.562,0.514
"B",416,"T23",1370,0.0333333333333333,0.0466666666666667,0.024,0.05
"B",416,"T23",1371,0.3,0.406666666666667,0.3,0.454
"B",416,"T23",1372,0.666666666666667,0.1,0.63,0.15
"B",416,"T23",1373,0.6,0.593333333333333,0.552,0.616
"B",416,"T23",1374,0.313333333333333,0.393333333333333,0.302,0.352
"B",416,"T23",1375,0.6,0.56,0.568,0.586
"B",416,"T23",1376,0.02,0.34,0.008,0.366
"B",416,"T23",1377,0.586666666666667,0.0533333333333333,0.53,0.052
"B",416,"T23",1378,0.453333333333333,0.453333333333333,0.416,0.468
"B",416,"T23",1379,0.453333333333333,0.353333333333333,0.42,0.356
"B",416,"T23",1380,0.0866666666666667,0.08,0.082,0.076
"B",416,"T23",1381,0.166666666666667,0.773333333333333,0.17,0.806
"B",416,"T23",1382,0.48,0.22,0.546,0.212
"B",416,"T23",1383,0.353333333333333,0.74,0.364,0.75
"B",416,"T23",1384,0.826666666666667,0.82,0.846,0.826
"B",416,"T23",1385,0.933333333333333,0.393333333333333,0.928,0.348
"B",416,"T23",1386,0.373333333333333,0.52,0.35,0.49
"B",416,"T23",1387,0.613333333333333,0.82,0.592,0.786
"B",416,"T23",1388,0.126666666666667,0.606666666666667,0.104,0.572
"B",416,"T23",1389,0.286666666666667,0.0333333333333333,0.266,0.034
"B",416,"T23",1390,0.446666666666667,0.2,0.46,0.224
"B",416,"T23",1391,0.846666666666667,0.526666666666667,0.8,0.476
"B",416,"T23",1392,0.42,0.04,0.35,0.034
"B",416,"T23",1393,0.873333333333333,0.6,0.852,0.56
"B",416,"T23",1394,0.433333333333333,0.6,0.44,0.582
"B",416,"T23",1395,0.846666666666667,0.98,0.838,0.962
"B",416,"T23",1396,0.186666666666667,0.873333333333333,0.172,0.87
"B",416,"T23",1397,0.593333333333333,0.533333333333333,0.6,0.558
"B",416,"T23",1398,0.633333333333333,0.453333333333333,0.604,0.458
"B",416,"T23",1399,0.806666666666667,0.333333333333333,0.87,0.384
"B",416,"T23",1400,0.366666666666667,0.213333333333333,0.406,0.222
"B",416,"T23",1401,0.593333333333333,0.793333333333333,0.626,0.786
"B",416,"T23",1402,0.533333333333333,0.613333333333333,0.542,0.646
"B",416,"T23",1403,0.0533333333333333,0.68,0.058,0.71
"B",416,"T23",1404,0.606666666666667,0.733333333333333,0.564,0.68
"B",416,"T23",1405,0.933333333333333,0.633333333333333,0.898,0.644
"B",416,"T23",1406,0.206666666666667,0.573333333333333,0.238,0.612
"B",416,"T23",1407,0.133333333333333,0.0133333333333333,0.118,0.006
"B",416,"T23",1408,0.926666666666667,0.493333333333333,0.94,0.454
"B",416,"T23",1409,0.473333333333333,0.286666666666667,0.454,0.296
"B",416,"T23",1410,0.713333333333333,0.586666666666667,0.71,0.634
"B",416,"T23",1411,0.313333333333333,0.5,0.328,0.486
"B",416,"T23",1412,0.946666666666667,0.673333333333333,0.946,0.682
"B",416,"T23",1413,0.546666666666667,0.1,0.59,0.112
"B",416,"T23",1414,0.226666666666667,0.706666666666667,0.18,0.68
"B",416,"T23",1415,0.493333333333333,0.1,0.492,0.092
"B",416,"T23",1416,0.0866666666666667,0.573333333333333,0.074,0.604
"B",416,"T23",1417,0.546666666666667,0.72,0.518,0.698
"B",416,"T23",1418,0.873333333333333,0.553333333333333,0.872,0.572
"B",416,"T23",1419,0.506666666666667,0.333333333333333,0.484,0.294
"B",416,"T23",1420,0.773333333333333,0.593333333333333,0.734,0.48
"B",416,"T23",1421,0.906666666666667,0.96,0.916,0.98
"B",416,"T23",1422,0.793333333333333,0.5,0.74,0.56
"B",416,"T23",1423,0.966666666666667,0.773333333333333,0.98,0.784
"B",416,"T23",1424,0.32,0.38,0.422,0.396
"B",416,"T23",1425,0.86,0.826666666666667,0.844,0.862
"B",416,"T23",1426,0.506666666666667,0.233333333333333,0.504,0.174
"B",416,"T23",1427,0.426666666666667,0.366666666666667,0.4,0.328
"B",416,"T23",1428,0.68,0.346666666666667,0.7,0.364
"B",416,"T23",1429,0.646666666666667,0.946666666666667,0.6,0.946
"B",416,"T23",1430,0.146666666666667,0.286666666666667,0.128,0.312
"B",416,"T23",1431,0.606666666666667,0.2,0.598,0.2
"B",416,"T23",1432,0.7,0.926666666666667,0.672,0.92
"B",416,"T23",1433,0.646666666666667,0.24,0.626,0.222
"B",416,"T23",1434,0.96,0.96,0.956,0.958
"B",416,"T23",1435,0.293333333333333,0.986666666666667,0.276,0.988
"B",416,"T23",1436,0.18,0.466666666666667,0.216,0.458
"B",416,"T23",1437,0.04,0.753333333333333,0.046,0.762
"B",416,"T23",1438,0.333333333333333,0.82,0.326,0.802
"B",416,"T23",1439,0.92,0.78,0.956,0.794
"B",416,"T23",1440,0.7,0.426666666666667,0.724,0.486
"B",416,"T23",1441,0.773333333333333,0.806666666666667,0.754,0.788
"B",416,"T23",1442,0.253333333333333,0.0333333333333333,0.206,0.02
"B",416,"T23",1443,0.566666666666667,0.246666666666667,0.586,0.242
"B",416,"T23",1444,0.686666666666667,0.36,0.682,0.332
"B",416,"T23",1445,0.753333333333333,0.72,0.742,0.772
"B",416,"T23",1446,0.853333333333333,0.353333333333333,0.884,0.38
"B",416,"T23",1447,0.18,0.7,0.2,0.752
"B",416,"T23",1448,0.14,0.213333333333333,0.184,0.292
"B",416,"T23",1449,0.313333333333333,0.366666666666667,0.278,0.358
"B",416,"T23",1450,0.24,0.8,0.244,0.816
"B",416,"T23",1451,0.126666666666667,0.18,0.15,0.158
"B",416,"T23",1452,0.826666666666667,0.84,0.838,0.86
"B",416,"T23",1453,0.253333333333333,0.42,0.252,0.424
"B",416,"T23",1454,0.133333333333333,0.233333333333333,0.168,0.226
"B",416,"T23",1455,0.02,0.766666666666667,0.02,0.802
"B",416,"T23",1456,0.593333333333333,0.84,0.574,0.86
"B",416,"T23",1457,0.346666666666667,0.346666666666667,0.39,0.306
"B",416,"T23",1458,0.76,0.84,0.758,0.872
"B",416,"T23",1459,0.606666666666667,0.426666666666667,0.636,0.448
"B",416,"T23",1460,0.186666666666667,0.126666666666667,0.182,0.12
"B",416,"T23",1461,0.986666666666667,0.573333333333333,0.988,0.582
"B",416,"T23",1462,0.22,0.726666666666667,0.194,0.742
"B",416,"T23",1463,0.873333333333333,0.206666666666667,0.878,0.21
"B",416,"T23",1464,0.426666666666667,0.553333333333333,0.422,0.544
"B",416,"T23",1465,0.653333333333333,0.793333333333333,0.612,0.78
"B",416,"T23",1466,0.406666666666667,0.92,0.4,0.936
"B",416,"T23",1467,0.973333333333333,0.886666666666667,0.95,0.894
"B",416,"T23",1468,0.933333333333333,0.653333333333333,0.908,0.644
"B",416,"T23",1469,0.153333333333333,0.0533333333333333,0.146,0.066
"B",416,"T23",1470,0.313333333333333,0.06,0.326,0.068
"B",416,"T23",1471,0.286666666666667,0.04,0.268,0.054
"B",416,"T23",1472,0.206666666666667,0.733333333333333,0.198,0.726
"B",416,"T23",1473,0.733333333333333,0.333333333333333,0.71,0.318
"B",416,"T23",1474,0.786666666666667,0.48,0.754,0.486
"B",416,"T23",1475,0.886666666666667,0.26,0.872,0.258
"B",416,"T23",1476,0.746666666666667,0.573333333333333,0.77,0.594
"B",416,"T23",1477,0.68,0.766666666666667,0.674,0.764
"B",416,"T23",1478,0.213333333333333,0.2,0.236,0.206
"B",416,"T23",1479,0.74,0.253333333333333,0.732,0.264
"B",416,"T23",1480,0.686666666666667,0.693333333333333,0.696,0.708
"B",416,"T23",1481,0.426666666666667,0.0733333333333333,0.458,0.072
"B",416,"T23",1482,0.606666666666667,0.98,0.606,0.966
"B",416,"T23",1483,0.373333333333333,0.766666666666667,0.376,0.736
"B",416,"T23",1484,0.86,0.246666666666667,0.848,0.26
"B",416,"T23",1485,0.4,0.153333333333333,0.376,0.14
"B",416,"T23",1486,0.64,0.12,0.68,0.138
"B",416,"T23",1487,0.28,0.526666666666667,0.274,0.518
"B",416,"T23",1488,0.306666666666667,0.226666666666667,0.24,0.174
"B",416,"T23",1489,0.986666666666667,0.84,0.986,0.83
"B",416,"T23",1490,0.8,0.353333333333333,0.808,0.378
"B",416,"T23",1491,0.4,0.886666666666667,0.368,0.908
"B",416,"T23",1492,0.44,0.826666666666667,0.426,0.812
"B",416,"T23",1493,0.826666666666667,0.633333333333333,0.834,0.616
"B",416,"T23",1494,0.96,0.686666666666667,0.952,0.682
"B",416,"T23",1495,0.506666666666667,0.493333333333333,0.506,0.506
"B",416,"T23",1496,0.24,0.886666666666667,0.226,0.906
"B",416,"T23",1497,0.306666666666667,0.0933333333333333,0.252,0.082
"B",416,"T23",1498,0.233333333333333,0.9,0.198,0.916
"B",416,"T23",1499,0.646666666666667,0.746666666666667,0.602,0.75
"B",416,"T23",1500,0.933333333333333,0.9,0.918,0.902
"B",416,"T23",1501,0.426666666666667,0.286666666666667,0.452,0.334
"B",416,"T23",1502,0.16,1,0.15,1
"B",416,"T23",1503,0.526666666666667,0.466666666666667,0.508,0.47
"B",416,"T23",1504,0.746666666666667,0.846666666666667,0.734,0.876
"B",416,"T23",1505,0.04,0.88,0.072,0.902
"B",416,"T23",1506,0.36,0.206666666666667,0.372,0.174
"B",416,"T23",1507,0.04,0.693333333333333,0.04,0.708
"B",416,"T23",1508,0.233333333333333,0.34,0.264,0.306
"B",416,"T23",1509,0.933333333333333,0.606666666666667,0.948,0.63
"B",416,"T23",1510,0.246666666666667,0.82,0.264,0.834
"B",416,"T23",1511,0.8,0.66,0.732,0.682
"B",416,"T23",1512,0.22,0.8,0.198,0.786
"B",416,"T23",1513,0.346666666666667,0.173333333333333,0.362,0.172
"B",416,"T23",1514,0.726666666666667,0.14,0.65,0.146
"B",416,"T23",1515,0.513333333333333,0.76,0.5,0.758
"B",416,"T23",1516,0.0666666666666667,0.0866666666666667,0.09,0.086
"B",416,"T23",1517,0.18,0.553333333333333,0.178,0.546
"B",416,"T23",1518,0.92,0.506666666666667,0.918,0.522
"B",416,"T23",1519,0.453333333333333,0.306666666666667,0.428,0.336
"B",416,"T23",1520,0.66,0.653333333333333,0.674,0.61
"B",416,"T23",1521,0.72,0.26,0.736,0.252
"B",416,"T23",1522,0.926666666666667,0.633333333333333,0.876,0.62
"B",416,"T23",1523,0.6,0.38,0.54,0.328
"B",416,"T23",1524,0.293333333333333,0.86,0.256,0.846
"B",416,"T23",1525,0.593333333333333,0.38,0.552,0.356
"B",416,"T23",1526,0.28,0.606666666666667,0.254,0.604
"B",416,"T23",1527,0.906666666666667,0.88,0.93,0.878
"B",416,"T23",1528,0.913333333333333,0.946666666666667,0.91,0.934
"B",416,"T23",1529,0.993333333333333,0.733333333333333,0.994,0.714
"B",416,"T23",1530,0.733333333333333,0.953333333333333,0.744,0.948
"B",416,"T23",1531,0.36,0.06,0.324,0.062
"B",416,"T23",1532,0.346666666666667,0.0866666666666667,0.3,0.084
"B",416,"T23",1533,0.746666666666667,0.666666666666667,0.78,0.682
"B",416,"T23",1534,0.726666666666667,0.713333333333333,0.726,0.708
"B",416,"T23",1535,0.28,0.393333333333333,0.294,0.386
"B",416,"T23",1536,0.513333333333333,0.453333333333333,0.514,0.484
"B",416,"T23",1537,0.726666666666667,0.973333333333333,0.736,0.98
"B",416,"T23",1538,0.226666666666667,0.386666666666667,0.234,0.356
"B",416,"T23",1539,0.633333333333333,0.313333333333333,0.618,0.326
"B",416,"T23",1540,0.273333333333333,0.353333333333333,0.278,0.356
"B",416,"T23",1541,0.18,0.173333333333333,0.172,0.132
"B",416,"T23",1542,0.96,0.866666666666667,0.966,0.884
"B",416,"T23",1543,0.0133333333333333,0.0666666666666667,0.04,0.054
"B",416,"T23",1544,0.773333333333333,0.366666666666667,0.762,0.376
"B",416,"T23",1545,0.1,0.26,0.114,0.282
"B",416,"T23",1546,0.206666666666667,0.06,0.176,0.046
"B",416,"T23",1547,0.626666666666667,0.26,0.64,0.26
"B",416,"T23",1548,0.686666666666667,0.52,0.668,0.528
"B",416,"T23",1549,0.793333333333333,0.313333333333333,0.802,0.302
"B",416,"T23",1550,0.526666666666667,0.166666666666667,0.558,0.196
"B",416,"T23",1551,0.7,0.24,0.71,0.21
"B",416,"T23",1552,1,0.98,1,0.98
"B",416,"T23",1553,0.3,0.813333333333333,0.324,0.856
"B",416,"T23",1554,0.22,0.333333333333333,0.226,0.332
"B",416,"T23",1555,0.353333333333333,0.106666666666667,0.344,0.104
"B",416,"T23",1556,0.906666666666667,0.273333333333333,0.904,0.28
"B",416,"T23",1557,1,0.906666666666667,1,0.88
"B",416,"T23",1558,0.666666666666667,0.726666666666667,0.668,0.71
"B",416,"T23",1559,0.153333333333333,0.926666666666667,0.11,0.938
"B",416,"T23",1560,0.5,0.406666666666667,0.482,0.418
"B",416,"T23",1561,0.273333333333333,0.226666666666667,0.232,0.186
"B",416,"T23",1562,0.726666666666667,0.913333333333333,0.726,0.908
"B",416,"T23",1563,0.553333333333333,0.133333333333333,0.558,0.168
"B",416,"T23",1564,0.446666666666667,0.593333333333333,0.492,0.572
"B",416,"T23",1565,0.04,0.04,0.05,0.038
"B",416,"T23",1566,0.24,0.533333333333333,0.232,0.528
"B",416,"T23",1567,0.126666666666667,0.1,0.128,0.12
"B",416,"T23",1568,0.36,0.813333333333333,0.33,0.842
"B",416,"T23",1569,0.84,0.94,0.828,0.918
"B",416,"T23",1570,0.886666666666667,0.9,0.886,0.92
"B",416,"T23",1571,0.966666666666667,0.54,0.956,0.476
"B",416,"T23",1572,0.466666666666667,0.786666666666667,0.436,0.798
"B",416,"T23",1573,0.313333333333333,0.32,0.31,0.366
"B",416,"T23",1574,0.42,0.433333333333333,0.466,0.458
"B",416,"T23",1575,0.906666666666667,0.966666666666667,0.896,0.964
"B",416,"T23",1576,0.253333333333333,0.513333333333333,0.208,0.484
"B",416,"T23",1577,0.1,0.34,0.114,0.36
"B",416,"T23",1578,0.206666666666667,0.106666666666667,0.15,0.098
"B",416,"T23",1579,0.92,0.426666666666667,0.932,0.47
"B",416,"T23",1580,0.54,0.693333333333333,0.5,0.718
"B",416,"T23",1581,0.186666666666667,0.02,0.154,0.014
"B",416,"T23",1582,0.886666666666667,0.513333333333333,0.902,0.53
"B",416,"T23",1583,0.393333333333333,0.486666666666667,0.424,0.478
"B",416,"T23",1584,0.853333333333333,0.686666666666667,0.85,0.668
"B",416,"T23",1585,0.726666666666667,0.206666666666667,0.754,0.216
"B",416,"T23",1586,0.913333333333333,0.453333333333333,0.936,0.478
"B",416,"T23",1587,0.246666666666667,0.766666666666667,0.276,0.708
"B",416,"T23",1588,0.366666666666667,0.12,0.294,0.094
"B",416,"T23",1589,0.126666666666667,0.126666666666667,0.14,0.118
"B",416,"T23",1590,0.72,0.226666666666667,0.718,0.23
"B",416,"T23",1591,0.3,0.473333333333333,0.264,0.43
"B",416,"T23",1592,0.16,0.02,0.15,0.01
"B",416,"T23",1593,0.666666666666667,0.56,0.732,0.584
"B",416,"T23",1594,0.413333333333333,0.626666666666667,0.474,0.67
"B",416,"T23",1595,0.0133333333333333,0.673333333333333,0.026,0.638
"B",416,"T23",1596,0.986666666666667,0.693333333333333,0.988,0.718
"B",416,"T23",1597,0.00666666666666667,0.18,0.002,0.16
"B",416,"T23",1598,0.88,0.626666666666667,0.894,0.574
"B",416,"T23",1599,0.493333333333333,0.466666666666667,0.51,0.386
"B",416,"T23",1600,0.34,0.233333333333333,0.362,0.222
"B",416,"T23",1601,0.14,0.913333333333333,0.116,0.868
"B",416,"T23",1602,0.933333333333333,0.586666666666667,0.898,0.58
"B",416,"T23",1603,0.02,0.18,0.044,0.226
"B",416,"T23",1604,0.66,0.773333333333333,0.704,0.792
"B",416,"T23",1605,0.4,0.546666666666667,0.436,0.6
"B",416,"T23",1606,0.12,0.726666666666667,0.098,0.726
"B",416,"T23",1607,0.24,0.193333333333333,0.24,0.18
"B",416,"T23",1608,0.02,0.00666666666666667,0.014,0.004
"B",416,"T23",1609,0.72,0.14,0.702,0.148
"B",416,"T23",1610,0.393333333333333,0.733333333333333,0.384,0.726
"B",416,"T23",1611,0.793333333333333,0.966666666666667,0.844,0.96
"B",416,"T23",1612,0.653333333333333,0.76,0.674,0.788
"B",416,"T23",1613,0.486666666666667,0.26,0.456,0.254
"B",416,"T23",1614,0.613333333333333,0.6,0.592,0.56
"B",416,"T23",1615,0.6,0.226666666666667,0.562,0.236
"B",416,"T23",1616,0.0666666666666667,0.206666666666667,0.064,0.212
"B",416,"T23",1617,0.00666666666666667,0.00666666666666667,0.006,0.002
"B",416,"T23",1618,0.913333333333333,0.593333333333333,0.864,0.542
"B",416,"T23",1619,0.393333333333333,0.726666666666667,0.404,0.756
"B",416,"T23",1620,0.873333333333333,0.773333333333333,0.91,0.79
"B",416,"T23",1621,0.886666666666667,0.68,0.828,0.64
"B",416,"T23",1622,0.813333333333333,0.76,0.806,0.756
"B",416,"T23",1623,0.0466666666666667,0.18,0.046,0.188
"B",416,"T23",1624,0.426666666666667,0.406666666666667,0.458,0.384
"B",416,"T23",1625,0.573333333333333,0.14,0.598,0.17
"B",416,"T23",1626,0.2,0.686666666666667,0.242,0.73
"B",416,"T23",1627,0.526666666666667,0.46,0.476,0.418
"B",416,"T23",1628,0.08,0.18,0.09,0.164
"B",416,"T23",1629,0.8,0.433333333333333,0.808,0.446
"B",416,"T23",1630,0.0133333333333333,0.106666666666667,0.008,0.084
"B",416,"T23",1631,0.786666666666667,0.68,0.802,0.638
"B",416,"T23",1632,0.766666666666667,0.773333333333333,0.82,0.758
"B",416,"T23",1633,0.9,0.453333333333333,0.922,0.456
"B",416,"T23",1634,0.106666666666667,0.3,0.14,0.29
"B",416,"T23",1635,0.62,0.8,0.56,0.79
"B",416,"T23",1636,0.32,0.313333333333333,0.314,0.326
"B",416,"T23",1637,0.1,0.153333333333333,0.094,0.158
"B",416,"T23",1638,0.266666666666667,0.133333333333333,0.204,0.138
"B",416,"T23",1639,0.58,0.193333333333333,0.566,0.172
"B",416,"T23",1640,0.146666666666667,0.3,0.17,0.31
"B",416,"T23",1641,0.506666666666667,0.246666666666667,0.466,0.244
"B",416,"T23",1642,0.526666666666667,0.366666666666667,0.532,0.386
"B",416,"T23",1643,0.553333333333333,0.32,0.516,0.26
"B",416,"T23",1644,0.466666666666667,0.966666666666667,0.434,0.956
"B",416,"T23",1645,0.16,0.22,0.142,0.202
"B",416,"T23",1646,0.24,0.24,0.216,0.184
"B",416,"T23",1647,0.466666666666667,0.453333333333333,0.448,0.43
"B",416,"T23",1648,0.486666666666667,0.12,0.474,0.106
"B",416,"T23",1649,0.386666666666667,0.126666666666667,0.412,0.212
"B",416,"T23",1650,0.513333333333333,0.346666666666667,0.53,0.334
"B",416,"T23",1651,0.266666666666667,0.726666666666667,0.288,0.778
"B",416,"T23",1652,0.66,0.246666666666667,0.658,0.284
"B",416,"T23",1653,0.946666666666667,0.933333333333333,0.952,0.936
"B",416,"T23",1654,0.426666666666667,0.766666666666667,0.386,0.718
"B",416,"T23",1655,0.853333333333333,0.306666666666667,0.852,0.258
"B",416,"T23",1656,0.56,0.226666666666667,0.534,0.154
"B",416,"T23",1657,0.86,0.34,0.844,0.388
"B",416,"T23",1658,0.9,0.513333333333333,0.882,0.498
"B",416,"T23",1659,0.286666666666667,0.586666666666667,0.326,0.546
"B",416,"T23",1660,0.76,0.4,0.816,0.39
"B",416,"T23",1661,0.04,0.526666666666667,0.032,0.534
"B",416,"T23",1662,0.0333333333333333,0.566666666666667,0.034,0.576
"B",416,"T23",1663,0.733333333333333,0.54,0.722,0.562
"B",416,"T23",1664,0.933333333333333,0.926666666666667,0.95,0.91
"B",416,"T23",1665,0.933333333333333,0.713333333333333,0.944,0.724
"B",416,"T23",1666,0.513333333333333,0.273333333333333,0.562,0.298
"B",416,"T23",1667,0.04,0.0133333333333333,0.052,0.016
"B",416,"T23",1668,0.506666666666667,0.466666666666667,0.494,0.478
"B",416,"T23",1669,0.86,0.613333333333333,0.838,0.582
"B",416,"T23",1670,0.353333333333333,0.12,0.412,0.114
"B",416,"T23",1671,0.84,0.68,0.858,0.618
"B",416,"T23",1672,0.48,0.713333333333333,0.518,0.67
"B",416,"T23",1673,0.366666666666667,0.0866666666666667,0.362,0.1
"B",416,"T23",1674,0.726666666666667,0.393333333333333,0.73,0.364
"B",416,"T23",1675,0.32,0.46,0.306,0.462
"B",416,"T23",1676,0.0133333333333333,0.02,0.008,0.012
"B",416,"T23",1677,0.646666666666667,0.806666666666667,0.672,0.788
"B",416,"T23",1678,0.32,0.14,0.38,0.154
"B",416,"T23",1679,0.333333333333333,0.493333333333333,0.33,0.45
"B",416,"T23",1680,0.686666666666667,0.493333333333333,0.688,0.498
"B",416,"T23",1681,0.82,0.373333333333333,0.882,0.354
"B",416,"T23",1682,0.12,0.04,0.162,0.046
"B",416,"T23",1683,0.34,0.666666666666667,0.326,0.642
"B",416,"T23",1684,0.18,0.0533333333333333,0.232,0.08
"B",416,"T23",1685,0.4,0.166666666666667,0.45,0.174
"B",416,"T23",1686,0.22,0.413333333333333,0.238,0.42
"B",416,"T23",1687,0.913333333333333,0.573333333333333,0.912,0.614
"B",416,"T23",1688,0.0733333333333333,0.0466666666666667,0.08,0.036
"B",416,"T23",1689,0.44,0.546666666666667,0.464,0.572
"B",416,"T23",1690,0.0333333333333333,0.06,0.022,0.044
"B",416,"T23",1691,0.973333333333333,0.853333333333333,0.972,0.876
"B",416,"T23",1692,0.46,0.173333333333333,0.452,0.17
"B",416,"T23",1693,0.146666666666667,0.693333333333333,0.116,0.662
"B",416,"T23",1694,0.52,0.653333333333333,0.548,0.664
"B",416,"T23",1695,0.46,0.48,0.43,0.43
"B",416,"T23",1696,0.8,0.586666666666667,0.806,0.596
"B",416,"T23",1697,0.633333333333333,0.306666666666667,0.63,0.318
"B",416,"T23",1698,0.48,0.206666666666667,0.434,0.164
"B",416,"T23",1699,0.593333333333333,0.0733333333333333,0.65,0.118
"B",416,"T23",1700,0.766666666666667,0.2,0.774,0.282
"B",416,"T23",1701,0.906666666666667,0.906666666666667,0.91,0.898
"B",416,"T23",1702,0.286666666666667,0.833333333333333,0.302,0.802
"B",416,"T23",1703,0.273333333333333,0.253333333333333,0.3,0.25
"B",416,"T23",1704,0.813333333333333,0.766666666666667,0.802,0.77
"B",416,"T23",1705,0.633333333333333,0.68,0.582,0.67
"B",416,"T23",1706,0.54,0.52,0.55,0.56
"B",416,"T23",1707,0.813333333333333,0.72,0.816,0.67
"B",416,"T23",1708,0.706666666666667,0.333333333333333,0.668,0.356
"B",416,"T23",1709,0.646666666666667,0.686666666666667,0.696,0.696
"B",416,"T23",1710,0.42,0.213333333333333,0.366,0.232
"B",416,"T23",1711,0.3,0.346666666666667,0.322,0.368
"B",416,"T23",1712,0.22,0.02,0.254,0.028
"B",416,"T23",1713,0.573333333333333,0.58,0.512,0.58
"B",416,"T23",1714,0.553333333333333,0.76,0.494,0.72
"B",416,"T23",1715,0.133333333333333,0.573333333333333,0.126,0.608
"B",416,"T23",1716,0.826666666666667,0.486666666666667,0.832,0.49
"B",416,"T23",1717,0.473333333333333,0.326666666666667,0.354,0.266
"B",416,"T23",1718,0.386666666666667,0.24,0.42,0.236
"B",416,"T23",1719,0.62,0.646666666666667,0.636,0.642
"B",416,"T23",1720,0.00666666666666667,0.673333333333333,0.002,0.738
"B",416,"T23",1721,0.82,0.346666666666667,0.846,0.382
"B",416,"T23",1722,0.6,0.753333333333333,0.634,0.774
"B",416,"T23",1723,0.273333333333333,0.906666666666667,0.272,0.874
"B",416,"T23",1724,0.813333333333333,0.693333333333333,0.79,0.676
"B",416,"T23",1725,0.66,0.8,0.678,0.794
"B",416,"T23",1726,0.46,0.0666666666666667,0.444,0.066
"B",416,"T23",1727,1,0.906666666666667,1,0.888
"B",416,"T23",1728,0.946666666666667,0.52,0.936,0.496
"B",416,"T23",1729,0.08,0.0933333333333333,0.068,0.086
"B",416,"T23",1730,0.393333333333333,0.68,0.344,0.71
"B",416,"T23",1731,0.113333333333333,0.78,0.108,0.802
"B",416,"T23",1732,0.653333333333333,0.533333333333333,0.666,0.576
"B",416,"T23",1733,0.74,0.353333333333333,0.718,0.32
"B",416,"T23",1734,0.726666666666667,0.753333333333333,0.73,0.76
"B",416,"T23",1735,0.366666666666667,0.606666666666667,0.372,0.61
"B",416,"T23",1736,0.573333333333333,0.32,0.578,0.324
"B",416,"T23",1737,0.08,0.106666666666667,0.11,0.088
"B",416,"T23",1738,0.0666666666666667,0.18,0.092,0.15
"B",416,"T23",1739,0.94,0.9,0.92,0.868
"B",416,"T23",1740,0.02,0.293333333333333,0.014,0.31
"B",416,"T23",1741,0.16,0.913333333333333,0.188,0.892
"B",416,"T23",1742,0.82,0.986666666666667,0.822,0.964
"B",416,"T23",1743,0.493333333333333,0.18,0.502,0.146
"B",416,"T23",1744,1,0.766666666666667,1,0.774
"B",416,"T23",1745,0.88,0.793333333333333,0.862,0.838
"B",416,"T23",1746,0.593333333333333,0.666666666666667,0.616,0.65
"B",416,"T23",1747,0.98,0.666666666666667,0.98,0.644
"B",416,"T23",1748,0.0266666666666667,0.306666666666667,0.022,0.39
"B",416,"T23",1749,0.386666666666667,0.0533333333333333,0.382,0.04
"B",416,"T23",1750,0.433333333333333,0.966666666666667,0.388,0.958
"B",416,"T23",1751,0.606666666666667,0.873333333333333,0.606,0.862
"B",416,"T23",1752,1,0.926666666666667,1,0.91
"B",416,"T23",1753,0.946666666666667,0.786666666666667,0.978,0.834
"B",416,"T23",1754,0.706666666666667,0.42,0.738,0.436
"B",416,"T23",1755,0.773333333333333,0.513333333333333,0.806,0.542
"B",416,"T23",1756,0.52,0.766666666666667,0.552,0.75
"B",416,"T23",1757,0.193333333333333,0.246666666666667,0.182,0.232
"B",416,"T23",1758,0.233333333333333,0.86,0.256,0.886
"B",416,"T23",1759,0.36,0.58,0.384,0.628
"B",416,"T23",1760,0.773333333333333,0.473333333333333,0.788,0.46
"B",416,"T23",1761,0.426666666666667,0.606666666666667,0.418,0.568
"B",416,"T23",1762,0.373333333333333,0.146666666666667,0.356,0.184
"B",416,"T23",1763,0.393333333333333,0.366666666666667,0.334,0.362
"B",416,"T23",1764,0.506666666666667,0.873333333333333,0.52,0.868
"B",416,"T23",1765,0.7,0.76,0.732,0.776
"B",416,"T23",1766,0.08,0.646666666666667,0.07,0.648
"B",416,"T23",1767,0.5,0.953333333333333,0.486,0.944
"B",416,"T23",1768,0.126666666666667,0.3,0.12,0.278
"B",416,"T23",1769,0.12,0.886666666666667,0.114,0.886
"B",416,"T23",1770,0.373333333333333,0.0466666666666667,0.396,0.05
"B",416,"T23",1771,0.533333333333333,0.473333333333333,0.506,0.486
"B",416,"T23",1772,0.38,0.62,0.39,0.632
"B",416,"T23",1773,0.72,0.913333333333333,0.638,0.862
"B",416,"T23",1774,0.173333333333333,0.06,0.19,0.07
"B",416,"T23",1775,0.666666666666667,0.873333333333333,0.654,0.84
"B",416,"T23",1776,0.32,0.0666666666666667,0.316,0.074
"B",416,"T23",1777,0.626666666666667,0.733333333333333,0.548,0.726
"B",416,"T23",1778,0.286666666666667,0.933333333333333,0.276,0.91
"B",416,"T23",1779,0.466666666666667,0.393333333333333,0.426,0.436
"B",416,"T23",1780,0.64,0.5,0.642,0.482
"B",416,"T23",1781,0.833333333333333,0.56,0.852,0.594
"B",416,"T23",1782,0.82,0.66,0.834,0.676
"B",416,"T23",1783,0.853333333333333,0.453333333333333,0.834,0.478
"B",416,"T23",1784,0.386666666666667,0.273333333333333,0.36,0.222
"B",416,"T23",1785,0.46,0.18,0.386,0.14
"B",416,"T23",1786,0.0533333333333333,0.52,0.03,0.468
"B",416,"T23",1787,0.433333333333333,0.166666666666667,0.418,0.16
"B",416,"T23",1788,0.733333333333333,0.253333333333333,0.75,0.296
"B",416,"T23",1789,0.146666666666667,0.726666666666667,0.116,0.716
"B",416,"T23",1790,0.773333333333333,0.986666666666667,0.804,0.976
"B",416,"T23",1791,0.686666666666667,0.66,0.698,0.648
"B",416,"T23",1792,0.533333333333333,0.813333333333333,0.546,0.802
"B",416,"T23",1793,0.06,0.573333333333333,0.07,0.564
"B",416,"T23",1794,0.693333333333333,0.986666666666667,0.718,0.968
"B",416,"T23",1795,0.96,0.786666666666667,0.924,0.748
"B",416,"T23",1796,0.346666666666667,0.633333333333333,0.354,0.684
"B",416,"T23",1797,0.1,0.0533333333333333,0.088,0.062
"B",416,"T23",1798,0.766666666666667,0.526666666666667,0.796,0.526
"B",416,"T23",1799,0.26,0.753333333333333,0.306,0.728
"B",416,"T23",1800,0.846666666666667,0.793333333333333,0.842,0.782
"B",416,"T23",1801,0.22,0.366666666666667,0.194,0.41
"B",416,"T23",1802,0.333333333333333,0.486666666666667,0.298,0.494
"B",416,"T23",1803,0.48,0.506666666666667,0.508,0.48
"B",416,"T23",1804,0.166666666666667,0.853333333333333,0.166,0.848
"B",416,"T23",1805,0.593333333333333,0.233333333333333,0.584,0.248
"B",416,"T23",1806,0.52,0.986666666666667,0.568,0.966
"B",416,"T23",1807,0.993333333333333,1,0.998,1
"B",416,"T23",1808,0.193333333333333,0.126666666666667,0.156,0.102
"B",416,"T23",1809,0.873333333333333,0.226666666666667,0.902,0.246
"B",416,"T23",1810,0.6,0.933333333333333,0.594,0.954
"B",416,"T23",1811,0.92,0.56,0.904,0.592
"B",416,"T23",1812,0.606666666666667,0.726666666666667,0.56,0.72
"B",416,"T23",1813,0.806666666666667,0.48,0.81,0.456
"B",416,"T23",1814,0.186666666666667,0.02,0.17,0.024
"B",416,"T23",1815,0.586666666666667,0.173333333333333,0.682,0.2
"B",416,"T23",1816,0.533333333333333,0.54,0.558,0.496
"B",416,"T23",1817,0.926666666666667,0.413333333333333,0.914,0.392
"B",416,"T23",1818,0.38,0.06,0.35,0.08
"B",416,"T23",1819,0.553333333333333,0.0733333333333333,0.52,0.062
"B",416,"T23",1820,0.406666666666667,0.513333333333333,0.43,0.512
"B",416,"T23",1821,0.153333333333333,0.0866666666666667,0.146,0.082
"B",416,"T23",1822,0.666666666666667,0.906666666666667,0.672,0.904
"B",416,"T23",1823,0.966666666666667,0.793333333333333,0.976,0.778
"B",416,"T23",1824,0.06,0.0133333333333333,0.054,0.008
"B",416,"T23",1825,0.24,0.92,0.272,0.928
"B",416,"T23",1826,0.92,0.586666666666667,0.938,0.61
"B",416,"T23",1827,0.426666666666667,0.426666666666667,0.47,0.438
"B",416,"T23",1828,0.98,0.626666666666667,0.984,0.676
"B",416,"T23",1829,0.213333333333333,0.76,0.192,0.746
"B",416,"T23",1830,0.6,0.206666666666667,0.572,0.168
"B",416,"T23",1831,0.346666666666667,0.646666666666667,0.382,0.638
"B",416,"T23",1832,0.28,0.0933333333333333,0.276,0.094
"B",416,"T23",1833,0.766666666666667,0.446666666666667,0.772,0.408
"B",416,"T23",1834,0.526666666666667,0.0533333333333333,0.486,0.042
"B",416,"T23",1835,0.966666666666667,0.913333333333333,0.964,0.936
"B",416,"T23",1836,0.64,0.113333333333333,0.618,0.128
"B",416,"T23",1837,0.173333333333333,0.08,0.118,0.076
"B",416,"T23",1838,0.446666666666667,0.48,0.504,0.444
"B",416,"T23",1839,0.173333333333333,0.3,0.16,0.33
"B",416,"T23",1840,1,0.933333333333333,1,0.938
"B",416,"T23",1841,0.6,0.16,0.538,0.164
"B",416,"T23",1842,0.946666666666667,0.726666666666667,0.948,0.662
"B",416,"T23",1843,0.126666666666667,0.0466666666666667,0.174,0.05
"B",416,"T23",1844,0.846666666666667,0.693333333333333,0.838,0.716
"B",416,"T23",1845,0.526666666666667,0.5,0.484,0.49
"B",416,"T23",1846,0.02,0.506666666666667,0.036,0.488
"B",416,"T23",1847,0.306666666666667,0.913333333333333,0.328,0.884
"B",416,"T23",1848,0.526666666666667,0.113333333333333,0.522,0.096
"B",416,"T23",1849,0.153333333333333,0.0466666666666667,0.208,0.04
"B",416,"T23",1850,0.326666666666667,0.286666666666667,0.34,0.278
"B",416,"T23",1851,0.306666666666667,0.0333333333333333,0.27,0.03
"B",416,"T23",1852,0.0333333333333333,0.486666666666667,0.022,0.472
"B",416,"T23",1853,0.0466666666666667,0.753333333333333,0.024,0.74
"B",416,"T23",1854,0.02,0.16,0.014,0.154
"B",416,"T23",1855,0.126666666666667,0.0333333333333333,0.112,0.04
"B",416,"T23",1856,0.846666666666667,0.966666666666667,0.862,0.946
"B",416,"T23",1857,0.433333333333333,0.126666666666667,0.418,0.098
"B",416,"T23",1858,0.68,0.746666666666667,0.69,0.764
"B",416,"T23",1859,0.56,0.786666666666667,0.608,0.812
"B",416,"T23",1860,0.433333333333333,0.346666666666667,0.51,0.394
"B",416,"T23",1861,0.126666666666667,0.0266666666666667,0.108,0.03
"B",416,"T23",1862,0.606666666666667,0.486666666666667,0.608,0.55
"B",416,"T23",1863,0.9,0.74,0.88,0.712
"B",416,"T23",1864,0.76,0.88,0.75,0.89
"B",416,"T23",1865,0.386666666666667,0.78,0.368,0.768
"B",416,"T23",1866,0.28,0.933333333333333,0.244,0.902
"B",416,"T23",1867,0.42,0.313333333333333,0.44,0.308
"B",416,"T23",1868,0.226666666666667,0.346666666666667,0.198,0.328
"B",416,"T23",1869,0.126666666666667,0.146666666666667,0.12,0.162
"B",416,"T23",1870,0.0733333333333333,0.793333333333333,0.092,0.764
"B",416,"T23",1871,0.613333333333333,0.853333333333333,0.63,0.85
"B",416,"T23",1872,1,0.96,0.994,0.964
"B",416,"T23",1873,0.38,0.0866666666666667,0.392,0.086
"B",416,"T23",1874,0.253333333333333,0.986666666666667,0.234,0.962
"B",416,"T23",1875,0.466666666666667,0.24,0.436,0.23
"B",416,"T23",1876,0.56,0.92,0.564,0.91
"B",416,"T23",1877,0.02,0.0666666666666667,0.012,0.04
"B",416,"T23",1878,0.0533333333333333,0.28,0.074,0.274
"B",416,"T23",1879,0.333333333333333,0.0466666666666667,0.302,0.07
"B",416,"T23",1880,0.0133333333333333,0.7,0.028,0.646
"B",416,"T23",1881,0.713333333333333,0.953333333333333,0.684,0.954
"B",416,"T23",1882,0.346666666666667,0.913333333333333,0.356,0.908
"B",416,"T23",1883,0.353333333333333,0.34,0.386,0.332
"B",416,"T23",1884,0.34,0.0466666666666667,0.276,0.034
"B",416,"T23",1885,0.58,0.526666666666667,0.612,0.538
"B",416,"T23",1886,0.7,0.273333333333333,0.666,0.288
"B",416,"T23",1887,0.206666666666667,0.753333333333333,0.156,0.744
"B",416,"T23",1888,0.126666666666667,0.733333333333333,0.146,0.712
"B",416,"T23",1889,0.96,0.473333333333333,0.964,0.446
"B",416,"T23",1890,0.88,0.346666666666667,0.858,0.33
"B",416,"T23",1891,0.193333333333333,0.253333333333333,0.178,0.224
"B",416,"T23",1892,0.106666666666667,0.76,0.094,0.784
"B",416,"T23",1893,0.966666666666667,0.493333333333333,0.94,0.476
"B",416,"T23",1894,0.233333333333333,0.42,0.268,0.424
"B",416,"T23",1895,0.973333333333333,0.693333333333333,0.978,0.712
"B",416,"T23",1896,0.52,0.293333333333333,0.49,0.264
"B",416,"T23",1897,0.933333333333333,0.993333333333333,0.952,0.99
"B",416,"T23",1898,0.906666666666667,0.94,0.882,0.946
"B",416,"T23",1899,0.793333333333333,0.473333333333333,0.762,0.508
"B",416,"T23",1900,0.553333333333333,0.26,0.52,0.244
"B",416,"T23",1901,0.24,0.246666666666667,0.262,0.228
"B",416,"T23",1902,0.446666666666667,0.513333333333333,0.368,0.49
"B",416,"T23",1903,0.0866666666666667,0.12,0.074,0.102
"B",416,"T23",1904,0.82,0.553333333333333,0.778,0.494
"B",416,"T23",1905,0.366666666666667,0.02,0.336,0.022
"B",416,"T23",1906,0.18,0.806666666666667,0.144,0.794
"B",416,"T23",1907,0.0866666666666667,0.473333333333333,0.078,0.484
"B",416,"T23",1908,0.18,0.153333333333333,0.2,0.154
"B",416,"T23",1909,0.173333333333333,0.993333333333333,0.162,0.988
"B",416,"T23",1910,0.166666666666667,0.306666666666667,0.174,0.264
"B",416,"T23",1911,0.786666666666667,0.933333333333333,0.818,0.934
"B",416,"T23",1912,0.613333333333333,0.506666666666667,0.602,0.488
"B",416,"T23",1913,0.14,0.52,0.13,0.502
"B",416,"T23",1914,0.0733333333333333,0.673333333333333,0.06,0.69
"B",416,"T23",1915,0.98,0.78,0.984,0.774
"B",416,"T23",1916,0.293333333333333,0.266666666666667,0.294,0.192
"B",416,"T23",1917,0.0733333333333333,0.14,0.052,0.12
"B",416,"T23",1918,0.646666666666667,0.973333333333333,0.602,0.972
"B",416,"T23",1919,0.04,0.28,0.038,0.304
"B",416,"T23",1920,0.02,0.0533333333333333,0.012,0.032
"B",416,"T23",1921,0.333333333333333,0.726666666666667,0.358,0.72
"B",416,"T23",1922,0.653333333333333,0.593333333333333,0.628,0.606
"B",416,"T23",1923,0.00666666666666667,0.0133333333333333,0.004,0.004
"B",416,"T23",1924,0.64,0.386666666666667,0.636,0.42
"B",416,"T23",1925,0.833333333333333,0.373333333333333,0.866,0.418
"B",416,"T23",1926,0.373333333333333,0.286666666666667,0.366,0.318
"B",416,"T23",1927,0.18,0.306666666666667,0.224,0.342
"B",416,"T23",1928,0.32,0.346666666666667,0.308,0.34
"B",416,"T23",1929,0.886666666666667,0.973333333333333,0.886,0.968
"B",416,"T23",1930,0.766666666666667,0.78,0.786,0.798
"B",416,"T23",1931,0.12,0.193333333333333,0.076,0.214
"B",416,"T23",1932,0.0733333333333333,0.313333333333333,0.052,0.292
"B",416,"T23",1933,0.36,0.54,0.348,0.542
"B",416,"T23",1934,0.72,0.586666666666667,0.774,0.656
"B",416,"T23",1935,0.28,0.153333333333333,0.27,0.178
"B",416,"T23",1936,0.04,0.0866666666666667,0.022,0.084
"B",416,"T23",1937,0.28,0.586666666666667,0.328,0.618
"B",416,"T23",1938,0.766666666666667,0.326666666666667,0.75,0.306
"B",416,"T23",1939,0.0866666666666667,0.173333333333333,0.12,0.162
"B",416,"T23",1940,0.793333333333333,0.386666666666667,0.772,0.372
"B",416,"T23",1941,0.14,0.846666666666667,0.146,0.882
"B",416,"T23",1942,0.0333333333333333,0.18,0.016,0.178
"B",416,"T23",1943,0.00666666666666667,0.133333333333333,0.008,0.118
"B",416,"T23",1944,0.00666666666666667,0.186666666666667,0.006,0.218
"B",416,"T23",1945,0.1,0.813333333333333,0.114,0.82
"B",416,"T23",1946,0.32,0.66,0.29,0.642
"B",416,"T23",1947,0.673333333333333,0.16,0.652,0.134
"B",416,"T23",1948,0.0533333333333333,0.0133333333333333,0.056,0.016
"B",416,"T23",1949,0.28,0.513333333333333,0.3,0.498
"B",416,"T23",1950,0.733333333333333,0.213333333333333,0.724,0.206
"B",416,"T23",1951,0.78,0.926666666666667,0.756,0.926
"B",416,"T23",1952,0.986666666666667,0.88,0.996,0.868
"B",416,"T23",1953,0.233333333333333,0.773333333333333,0.204,0.732
"B",416,"T23",1954,0.18,0.506666666666667,0.18,0.512
"B",416,"T23",1955,0.78,0.986666666666667,0.746,0.968
"B",416,"T23",1956,0.846666666666667,0.98,0.848,0.966
"B",416,"T23",1957,0.133333333333333,0.94,0.142,0.934
"B",416,"T23",1958,0.0733333333333333,0.173333333333333,0.046,0.174
"B",416,"T23",1959,0.78,0.26,0.794,0.234
"B",416,"T23",1960,0.34,0.553333333333333,0.294,0.578
"B",416,"T23",1961,0.886666666666667,0.766666666666667,0.846,0.764
"B",416,"T23",1962,0.553333333333333,0.266666666666667,0.54,0.3
"B",416,"T23",1963,0.08,0.38,0.072,0.358
"B",416,"T23",1964,0.726666666666667,0.566666666666667,0.722,0.544
"B",416,"T23",1965,0.56,0.82,0.552,0.864
"B",416,"T23",1966,1,0.62,0.996,0.684
"B",416,"T23",1967,0.226666666666667,0.526666666666667,0.198,0.578
"B",416,"T23",1968,0.34,0.186666666666667,0.35,0.186
"B",416,"T23",1969,0.0133333333333333,0.0866666666666667,0.014,0.142
"B",416,"T23",1970,0.0466666666666667,0.00666666666666667,0.03,0.006
"B",416,"T23",1971,0.62,0.953333333333333,0.582,0.98
"B",416,"T23",1972,0.38,0.12,0.384,0.106
"B",416,"T23",1973,0.0266666666666667,0.193333333333333,0.026,0.15
"B",416,"T23",1974,0.246666666666667,0.0466666666666667,0.28,0.028
"B",416,"T23",1975,0.386666666666667,0.2,0.414,0.204
"B",416,"T23",1976,0.52,0.486666666666667,0.496,0.424
"B",416,"T23",1977,0.1,0.133333333333333,0.104,0.14
"B",416,"T23",1978,0.946666666666667,0.953333333333333,0.958,0.95
"B",416,"T23",1979,0.12,0.633333333333333,0.082,0.604
"B",416,"T23",1980,0.433333333333333,0.253333333333333,0.378,0.21
"B",416,"T23",1981,0.306666666666667,0.133333333333333,0.294,0.168
"B",416,"T23",1982,0.246666666666667,0.0866666666666667,0.274,0.078
"B",416,"T23",1983,0.833333333333333,0.72,0.816,0.72
"B",416,"T23",1984,0.88,0.853333333333333,0.848,0.838
"B",416,"T23",1985,0.553333333333333,0.273333333333333,0.556,0.266
"B",416,"T23",1986,0.693333333333333,0.713333333333333,0.656,0.706
"B",416,"T23",1987,0.313333333333333,0.0533333333333333,0.286,0.042
"B",416,"T23",1988,0.86,0.6,0.882,0.634
"B",416,"T23",1989,0.0733333333333333,0.3,0.056,0.27
"B",416,"T23",1990,0.44,0.666666666666667,0.436,0.646
"B",416,"T23",1991,0.0133333333333333,0.986666666666667,0.018,0.994
"B",416,"T23",1992,0.186666666666667,0.0266666666666667,0.152,0.04
"B",416,"T23",1993,0.1,0.02,0.112,0.034
"B",416,"T23",1994,0.8,0.08,0.79,0.098
"B",416,"T23",1995,0.106666666666667,0.44,0.074,0.424
"B",416,"T23",1996,0.946666666666667,0.713333333333333,0.964,0.684
"B",416,"T23",1997,0.313333333333333,0.38,0.276,0.352
"B",416,"T23",1998,0.886666666666667,0.586666666666667,0.852,0.578
"B",416,"T23",1999,0.466666666666667,0.926666666666667,0.41,0.946
"B",416,"T23",2000,0.773333333333333,0.306666666666667,0.76,0.318
"B",50,"blk1",1001,0.853333333333333,0.98,0.866,0.984
"B",50,"blk1",1002,0.42,0.426666666666667,0.44,0.402
"B",50,"blk1",1003,0.273333333333333,0.506666666666667,0.344,0.51
"B",50,"blk1",1004,0.366666666666667,0.493333333333333,0.36,0.496
"B",50,"blk1",1005,0.353333333333333,0.146666666666667,0.328,0.148
"B",50,"blk1",1006,0.373333333333333,1,0.392,0.996
"B",50,"blk1",1007,0.293333333333333,0.0866666666666667,0.298,0.09
"B",50,"blk1",1008,0.806666666666667,0.513333333333333,0.804,0.488
"B",50,"blk1",1009,0.646666666666667,0.526666666666667,0.692,0.548
"B",50,"blk1",1010,0.84,0.86,0.868,0.862
"B",50,"blk1",1011,0.2,0.0466666666666667,0.19,0.044
"B",50,"blk1",1012,0.02,0.08,0.016,0.092
"B",50,"blk1",1013,0.906666666666667,0.626666666666667,0.896,0.606
"B",50,"blk1",1014,0.266666666666667,0.42,0.244,0.438
"B",50,"blk1",1015,0.613333333333333,0.446666666666667,0.614,0.498
"B",50,"blk1",1016,0.406666666666667,0.14,0.466,0.158
"B",50,"blk1",1017,0.8,0.46,0.77,0.498
"B",50,"blk1",1018,0.766666666666667,0.933333333333333,0.766,0.922
"B",50,"blk1",1019,0.166666666666667,0.133333333333333,0.154,0.128
"B",50,"blk1",1020,0.06,0.24,0.052,0.23
"B",50,"blk1",1021,0.473333333333333,0.1,0.452,0.106
"B",50,"blk1",1022,0.566666666666667,0.593333333333333,0.558,0.626
"B",50,"blk1",1023,0.346666666666667,0.253333333333333,0.278,0.228
"B",50,"blk1",1024,0.6,0.706666666666667,0.602,0.714
"B",50,"blk1",1025,0.1,0.126666666666667,0.076,0.146
"B",50,"blk1",1026,0.2,0.0666666666666667,0.196,0.044
"B",50,"blk1",1027,0.68,0.926666666666667,0.676,0.924
"B",50,"blk1",1028,0.533333333333333,0.493333333333333,0.518,0.454
"B",50,"blk1",1029,0.966666666666667,0.686666666666667,0.972,0.67
"B",50,"blk1",1030,0.153333333333333,0.246666666666667,0.112,0.19
"B",50,"blk1",1031,0.553333333333333,0.153333333333333,0.574,0.172
"B",50,"blk1",1032,0.36,0.586666666666667,0.372,0.534
"B",50,"blk1",1033,0.14,0.58,0.134,0.626
"B",50,"blk1",1034,0.08,0.0933333333333333,0.084,0.076
"B",50,"blk1",1035,0.346666666666667,0.26,0.356,0.266
"B",50,"blk1",1036,0.68,0.4,0.658,0.406
"B",50,"blk1",1037,0.146666666666667,0.286666666666667,0.178,0.342
"B",50,"blk1",1038,0.773333333333333,0.32,0.762,0.26
"B",50,"blk1",1039,0.94,0.886666666666667,0.93,0.868
"B",50,"blk1",1040,0.353333333333333,0.426666666666667,0.306,0.428
"B",50,"blk1",1041,0.32,0.306666666666667,0.35,0.362
"B",50,"blk1",1042,0.16,0.22,0.184,0.232
"B",50,"blk1",1043,0.386666666666667,0.906666666666667,0.376,0.91
"B",50,"blk1",1044,0.94,1,0.914,0.996
"B",50,"blk1",1045,0.313333333333333,0.726666666666667,0.338,0.726
"B",50,"blk1",1046,0.38,0.393333333333333,0.346,0.418
"B",50,"blk1",1047,0.346666666666667,0.613333333333333,0.402,0.708
"B",50,"blk1",1048,0.206666666666667,0.96,0.2,0.954
"B",50,"blk1",1049,0.22,0.533333333333333,0.246,0.526
"B",50,"blk1",1050,0.506666666666667,0.746666666666667,0.484,0.724
"B",50,"blk1",1051,0.84,0.613333333333333,0.864,0.652
"B",50,"blk1",1052,0.04,0.626666666666667,0.07,0.638
"B",50,"blk1",1053,0.22,0.866666666666667,0.222,0.876
"B",50,"blk1",1054,1,0.933333333333333,1,0.954
"B",50,"blk1",1055,0.746666666666667,0.693333333333333,0.736,0.66
"B",50,"blk1",1056,0.693333333333333,0.546666666666667,0.658,0.548
"B",50,"blk1",1057,0.84,0.813333333333333,0.838,0.812
"B",50,"blk1",1058,0.953333333333333,0.56,0.936,0.528
"B",50,"blk1",1059,0.953333333333333,0.786666666666667,0.97,0.764
"B",50,"blk1",1060,0.406666666666667,0.273333333333333,0.416,0.25
"B",50,"blk1",1061,0.486666666666667,0.933333333333333,0.57,0.954
"B",50,"blk1",1062,0.773333333333333,0.5,0.78,0.44
"B",50,"blk1",1063,0.6,0.3,0.554,0.27
"B",50,"blk1",1064,0.24,0.666666666666667,0.162,0.596
"B",50,"blk1",1065,0.806666666666667,0.8,0.826,0.826
"B",50,"blk1",1066,0.526666666666667,0.24,0.518,0.282
"B",50,"blk1",1067,0.0133333333333333,0.106666666666667,0.018,0.156
"B",50,"blk1",1068,0.113333333333333,0.826666666666667,0.108,0.824
"B",50,"blk1",1069,0.626666666666667,0.146666666666667,0.616,0.168
"B",50,"blk1",1070,0.306666666666667,0.92,0.288,0.906
"B",50,"blk1",1071,0.0266666666666667,0.0133333333333333,0.022,0.004
"B",50,"blk1",1072,0.54,0.193333333333333,0.542,0.192
"B",50,"blk1",1073,0.56,0.92,0.6,0.936
"B",50,"blk1",1074,0.0933333333333333,0.573333333333333,0.064,0.59
"B",50,"blk1",1075,0.173333333333333,0.76,0.206,0.698
"B",50,"blk1",1076,0.506666666666667,0.16,0.544,0.18
"B",50,"blk1",1077,0.753333333333333,0.786666666666667,0.74,0.766
"B",50,"blk1",1078,0.213333333333333,0.72,0.212,0.722
"B",50,"blk1",1079,0.273333333333333,0.0333333333333333,0.242,0.034
"B",50,"blk1",1080,0.453333333333333,0.933333333333333,0.446,0.958
"B",50,"blk1",1081,0.4,0.666666666666667,0.394,0.66
"B",50,"blk1",1082,0.833333333333333,0.686666666666667,0.814,0.664
"B",50,"blk1",1083,0.226666666666667,0.633333333333333,0.23,0.698
"B",50,"blk1",1084,0.173333333333333,0.413333333333333,0.236,0.418
"B",50,"blk1",1085,0.913333333333333,0.506666666666667,0.936,0.544
"B",50,"blk1",1086,0.853333333333333,0.713333333333333,0.866,0.688
"B",50,"blk1",1087,0.986666666666667,0.466666666666667,0.976,0.486
"B",50,"blk1",1088,0.00666666666666667,0.06,0.006,0.052
"B",50,"blk1",1089,0.54,0.173333333333333,0.474,0.17
"B",50,"blk1",1090,0.36,0.926666666666667,0.364,0.936
"B",50,"blk1",1091,0.946666666666667,0.88,0.964,0.86
"B",50,"blk1",1092,0.286666666666667,0.473333333333333,0.254,0.514
"B",50,"blk1",1093,0.973333333333333,0.586666666666667,0.968,0.598
"B",50,"blk1",1094,0.526666666666667,0.626666666666667,0.528,0.642
"B",50,"blk1",1095,0.306666666666667,0.0666666666666667,0.338,0.074
"B",50,"blk1",1096,0.62,0.74,0.624,0.748
"B",50,"blk1",1097,0.00666666666666667,0.48,0.004,0.446
"B",50,"blk1",1098,0.16,0.926666666666667,0.152,0.906
"B",50,"blk1",1099,0.82,0.733333333333333,0.826,0.696
"B",50,"blk1",1100,0.22,0.646666666666667,0.234,0.68
"B",50,"blk1",1101,0.0333333333333333,0.333333333333333,0.022,0.322
"B",50,"blk1",1102,0.56,0.46,0.556,0.442
"B",50,"blk1",1103,0.806666666666667,0.46,0.824,0.452
"B",50,"blk1",1104,0.506666666666667,0.72,0.48,0.744
"B",50,"blk1",1105,0.526666666666667,0.46,0.542,0.442
"B",50,"blk1",1106,0.826666666666667,0.48,0.812,0.444
"B",50,"blk1",1107,0.14,0.0133333333333333,0.138,0.008
"B",50,"blk1",1108,0.286666666666667,0.426666666666667,0.306,0.432
"B",50,"blk1",1109,0.653333333333333,0.326666666666667,0.666,0.294
"B",50,"blk1",1110,0.766666666666667,0.766666666666667,0.746,0.78
"B",50,"blk1",1111,0.44,0.806666666666667,0.434,0.822
"B",50,"blk1",1112,0.346666666666667,0.186666666666667,0.338,0.196
"B",50,"blk1",1113,0.58,0.46,0.576,0.424
"B",50,"blk1",1114,0.513333333333333,0.413333333333333,0.514,0.442
"B",50,"blk1",1115,0.7,0.946666666666667,0.734,0.948
"B",50,"blk1",1116,0.00666666666666667,0.233333333333333,0.002,0.218
"B",50,"blk1",1117,0.646666666666667,0.893333333333333,0.63,0.914
"B",50,"blk1",1118,0.306666666666667,0.22,0.26,0.228
"B",50,"blk1",1119,0.233333333333333,0.0933333333333333,0.184,0.068
"B",50,"blk1",1120,0.96,0.733333333333333,0.96,0.724
"B",50,"blk1",1121,0.0333333333333333,0.0133333333333333,0.03,0.016
"B",50,"blk1",1122,0.0133333333333333,0.0133333333333333,0.006,0.004
"B",50,"blk1",1123,0.0933333333333333,0.213333333333333,0.066,0.152
"B",50,"blk1",1124,0.773333333333333,0.44,0.778,0.5
"B",50,"blk1",1125,0.706666666666667,0.306666666666667,0.754,0.318
"B",50,"blk1",1126,0.953333333333333,0.846666666666667,0.946,0.87
"B",50,"blk1",1127,0.0266666666666667,0.46,0.018,0.39
"B",50,"blk1",1128,0.786666666666667,0.806666666666667,0.788,0.738
"B",50,"blk1",1129,0.34,0.34,0.316,0.288
"B",50,"blk1",1130,0.673333333333333,0.76,0.646,0.684
"B",50,"blk1",1131,0.0933333333333333,0.386666666666667,0.078,0.424
"B",50,"blk1",1132,0.613333333333333,0.42,0.586,0.372
"B",50,"blk1",1133,0.36,0.72,0.36,0.668
"B",50,"blk1",1134,0.453333333333333,0.933333333333333,0.418,0.95
"B",50,"blk1",1135,0.00666666666666667,0.286666666666667,0.004,0.236
"B",50,"blk1",1136,0.833333333333333,0.98,0.796,0.976
"B",50,"blk1",1137,0.78,0.473333333333333,0.826,0.528
"B",50,"blk1",1138,0.406666666666667,0.26,0.49,0.302
"B",50,"blk1",1139,0.453333333333333,0.56,0.452,0.622
"B",50,"blk1",1140,0.333333333333333,0.0733333333333333,0.352,0.076
"B",50,"blk1",1141,0.0666666666666667,0.0133333333333333,0.064,0.014
"B",50,"blk1",1142,0.153333333333333,0.126666666666667,0.172,0.142
"B",50,"blk1",1143,0.473333333333333,0.566666666666667,0.432,0.504
"B",50,"blk1",1144,0.12,0.966666666666667,0.106,0.954
"B",50,"blk1",1145,0.0933333333333333,0.0533333333333333,0.11,0.04
"B",50,"blk1",1146,0.533333333333333,0.626666666666667,0.508,0.618
"B",50,"blk1",1147,0.22,0.16,0.19,0.14
"B",50,"blk1",1148,0.393333333333333,0.253333333333333,0.402,0.244
"B",50,"blk1",1149,0.933333333333333,0.92,0.93,0.924
"B",50,"blk1",1150,0.366666666666667,0.373333333333333,0.326,0.408
"B",50,"blk1",1151,0.706666666666667,0.773333333333333,0.714,0.774
"B",50,"blk1",1152,0.693333333333333,0.62,0.678,0.64
"B",50,"blk1",1153,0.706666666666667,0.913333333333333,0.706,0.884
"B",50,"blk1",1154,0.273333333333333,0.133333333333333,0.236,0.104
"B",50,"blk1",1155,0.14,0.1,0.16,0.086
"B",50,"blk1",1156,0.466666666666667,0.706666666666667,0.494,0.686
"B",50,"blk1",1157,0.393333333333333,0.48,0.448,0.454
"B",50,"blk1",1158,0.42,0.94,0.44,0.918
"B",50,"blk1",1159,0.273333333333333,0.926666666666667,0.244,0.912
"B",50,"blk1",1160,0.926666666666667,0.886666666666667,0.934,0.896
"B",50,"blk1",1161,0.68,0.853333333333333,0.706,0.87
"B",50,"blk1",1162,0.76,0.433333333333333,0.764,0.422
"B",50,"blk1",1163,0.913333333333333,0.9,0.916,0.912
"B",50,"blk1",1164,0.186666666666667,0.0866666666666667,0.192,0.078
"B",50,"blk1",1165,0.3,0.16,0.32,0.166
"B",50,"blk1",1166,0.926666666666667,0.793333333333333,0.948,0.79
"B",50,"blk1",1167,0.613333333333333,0.226666666666667,0.586,0.214
"B",50,"blk1",1168,0.206666666666667,0.06,0.168,0.056
"B",50,"blk1",1169,0.786666666666667,0.82,0.792,0.772
"B",50,"blk1",1170,0.46,0.333333333333333,0.468,0.302
"B",50,"blk1",1171,0.693333333333333,0.74,0.702,0.742
"B",50,"blk1",1172,0.266666666666667,0.466666666666667,0.272,0.504
"B",50,"blk1",1173,0.126666666666667,0.56,0.08,0.52
"B",50,"blk1",1174,0.44,0.893333333333333,0.402,0.874
"B",50,"blk1",1175,0.58,0.48,0.612,0.526
"B",50,"blk1",1176,0.913333333333333,0.806666666666667,0.924,0.822
"B",50,"blk1",1177,0.813333333333333,0.793333333333333,0.82,0.782
"B",50,"blk1",1178,0.533333333333333,0.76,0.558,0.78
"B",50,"blk1",1179,0.0466666666666667,0.28,0.016,0.234
"B",50,"blk1",1180,0.82,0.746666666666667,0.804,0.71
"B",50,"blk1",1181,0.486666666666667,0.393333333333333,0.546,0.422
"B",50,"blk1",1182,0.566666666666667,0.333333333333333,0.608,0.344
"B",50,"blk1",1183,0.62,0.513333333333333,0.644,0.578
"B",50,"blk1",1184,0.793333333333333,0.566666666666667,0.808,0.566
"B",50,"blk1",1185,0.806666666666667,0.44,0.798,0.442
"B",50,"blk1",1186,0.846666666666667,0.82,0.85,0.804
"B",50,"blk1",1187,0.12,0.686666666666667,0.104,0.636
"B",50,"blk1",1188,0.84,0.586666666666667,0.808,0.578
"B",50,"blk1",1189,0.333333333333333,0.38,0.31,0.36
"B",50,"blk1",1190,0.586666666666667,0.473333333333333,0.628,0.48
"B",50,"blk1",1191,0.0733333333333333,0.766666666666667,0.08,0.782
"B",50,"blk1",1192,0.333333333333333,0.08,0.344,0.106
"B",50,"blk1",1193,0.106666666666667,0.153333333333333,0.138,0.148
"B",50,"blk1",1194,0.62,0.806666666666667,0.622,0.782
"B",50,"blk1",1195,0.98,0.633333333333333,0.976,0.596
"B",50,"blk1",1196,0.72,0.946666666666667,0.732,0.948
"B",50,"blk1",1197,0.713333333333333,0.873333333333333,0.706,0.862
"B",50,"blk1",1198,0.5,0.346666666666667,0.514,0.36
"B",50,"blk1",1199,0.746666666666667,0.173333333333333,0.702,0.198
"B",50,"blk1",1200,0.18,0.613333333333333,0.15,0.576
"B",50,"blk1",1201,0.6,0.946666666666667,0.588,0.94
"B",50,"blk1",1202,0.106666666666667,0.346666666666667,0.112,0.304
"B",50,"blk1",1203,0.506666666666667,0.873333333333333,0.47,0.9
"B",50,"blk1",1204,0.826666666666667,0.88,0.778,0.894
"B",50,"blk1",1205,0.766666666666667,0.786666666666667,0.75,0.768
"B",50,"blk1",1206,0.9,0.9,0.934,0.92
"B",50,"blk1",1207,0.593333333333333,0.613333333333333,0.606,0.59
"B",50,"blk1",1208,0.44,0.16,0.432,0.204
"B",50,"blk1",1209,0.733333333333333,0.353333333333333,0.716,0.37
"B",50,"blk1",1210,0.08,0.12,0.096,0.122
"B",50,"blk1",1211,0.58,0.733333333333333,0.59,0.76
"B",50,"blk1",1212,0.233333333333333,0.186666666666667,0.238,0.15
"B",50,"blk1",1213,0.926666666666667,0.953333333333333,0.936,0.934
"B",50,"blk1",1214,0.0266666666666667,0.0133333333333333,0.016,0.006
"B",50,"blk1",1215,0.88,0.653333333333333,0.878,0.634
"B",50,"blk1",1216,0.84,0.786666666666667,0.81,0.746
"B",50,"blk1",1217,0.473333333333333,0.56,0.452,0.516
"B",50,"blk1",1218,0.393333333333333,0.44,0.448,0.464
"B",50,"blk1",1219,0.88,0.486666666666667,0.874,0.49
"B",50,"blk1",1220,0.78,0.393333333333333,0.77,0.424
"B",50,"blk1",1221,0.2,0.973333333333333,0.22,0.986
"B",50,"blk1",1222,0.446666666666667,0.233333333333333,0.412,0.212
"B",50,"blk1",1223,0.533333333333333,0.68,0.582,0.718
"B",50,"blk1",1224,0.04,0.153333333333333,0.038,0.208
"B",50,"blk1",1225,0.146666666666667,0.413333333333333,0.146,0.354
"B",50,"blk1",1226,0.673333333333333,0.8,0.682,0.796
"B",50,"blk1",1227,0.613333333333333,0.88,0.632,0.92
"B",50,"blk1",1228,0.973333333333333,1,0.964,0.994
"B",50,"blk1",1229,0.58,0.0666666666666667,0.608,0.098
"B",50,"blk1",1230,0.106666666666667,0.413333333333333,0.128,0.46
"B",50,"blk1",1231,0.266666666666667,0.113333333333333,0.236,0.128
"B",50,"blk1",1232,0.666666666666667,0.8,0.702,0.83
"B",50,"blk1",1233,0.0466666666666667,0.366666666666667,0.036,0.376
"B",50,"blk1",1234,0.886666666666667,0.653333333333333,0.836,0.61
"B",50,"blk1",1235,0.52,0.48,0.536,0.484
"B",50,"blk1",1236,0.893333333333333,0.54,0.908,0.546
"B",50,"blk1",1237,0.306666666666667,0.873333333333333,0.322,0.888
"B",50,"blk1",1238,0.02,0.0866666666666667,0.012,0.06
"B",50,"blk1",1239,0.926666666666667,0.866666666666667,0.93,0.838
"B",50,"blk1",1240,0.806666666666667,1,0.794,1
"B",50,"blk1",1241,0.753333333333333,0.406666666666667,0.74,0.358
"B",50,"blk1",1242,0.453333333333333,0.72,0.45,0.736
"B",50,"blk1",1243,0.873333333333333,0.44,0.844,0.432
"B",50,"blk1",1244,0.773333333333333,0.78,0.792,0.804
"B",50,"blk1",1245,0.32,0.0733333333333333,0.322,0.05
"B",50,"blk1",1246,0.413333333333333,0.3,0.426,0.312
"B",50,"blk1",1247,0.82,0.706666666666667,0.844,0.71
"B",50,"blk1",1248,0.26,0.113333333333333,0.264,0.108
"B",50,"blk1",1249,0.586666666666667,0.46,0.65,0.502
"B",50,"blk1",1250,0.673333333333333,0.12,0.65,0.1
"B",50,"blk1",1251,0.76,0.873333333333333,0.758,0.882
"B",50,"blk1",1252,0.226666666666667,0.0133333333333333,0.232,0.018
"B",50,"blk1",1253,0.346666666666667,0.3,0.354,0.332
"B",50,"blk1",1254,0.546666666666667,0.573333333333333,0.52,0.542
"B",50,"blk1",1255,1,0.833333333333333,1,0.824
"B",50,"blk1",1256,0.0133333333333333,0.313333333333333,0.012,0.348
"B",50,"blk1",1257,0.273333333333333,0.213333333333333,0.286,0.226
"B",50,"blk1",1258,0.733333333333333,0.993333333333333,0.722,0.986
"B",50,"blk1",1259,0.82,0.5,0.84,0.496
"B",50,"blk1",1260,0.653333333333333,0.246666666666667,0.688,0.296
"B",50,"blk1",1261,0.806666666666667,0.84,0.774,0.824
"B",50,"blk1",1262,0.48,0.14,0.422,0.128
"B",50,"blk1",1263,0.88,0.673333333333333,0.908,0.718
"B",50,"blk1",1264,0.48,0.96,0.54,0.954
"B",50,"blk1",1265,0.653333333333333,0.566666666666667,0.746,0.592
"B",50,"blk1",1266,0.72,0.84,0.686,0.832
"B",50,"blk1",1267,0.393333333333333,0.32,0.338,0.276
"B",50,"blk1",1268,0.06,0.126666666666667,0.07,0.144
"B",50,"blk1",1269,0.76,0.306666666666667,0.744,0.302
"B",50,"blk1",1270,0.22,0.706666666666667,0.218,0.726
"B",50,"blk1",1271,0.726666666666667,0.9,0.698,0.88
"B",50,"blk1",1272,0.28,0.46,0.274,0.466
"B",50,"blk1",1273,0.586666666666667,0.42,0.624,0.416
"B",50,"blk1",1274,0.94,1,0.962,0.998
"B",50,"blk1",1275,0.206666666666667,0.513333333333333,0.162,0.582
"B",50,"blk1",1276,0.913333333333333,0.78,0.898,0.792
"B",50,"blk1",1277,0.306666666666667,0.773333333333333,0.324,0.74
"B",50,"blk1",1278,0.866666666666667,0.693333333333333,0.898,0.742
"B",50,"blk1",1279,0.126666666666667,0.753333333333333,0.124,0.766
"B",50,"blk1",1280,0.82,0.64,0.83,0.594
"B",50,"blk1",1281,0.753333333333333,0.486666666666667,0.772,0.492
"B",50,"blk1",1282,0.173333333333333,0.353333333333333,0.158,0.354
"B",50,"blk1",1283,0.646666666666667,0.913333333333333,0.616,0.914
"B",50,"blk1",1284,0.6,0.386666666666667,0.572,0.46
"B",50,"blk1",1285,0.253333333333333,0.253333333333333,0.234,0.226
"B",50,"blk1",1286,0.526666666666667,0.853333333333333,0.53,0.86
"B",50,"blk1",1287,0.846666666666667,0.66,0.874,0.692
"B",50,"blk1",1288,0.44,0.213333333333333,0.48,0.26
"B",50,"blk1",1289,0.566666666666667,0.6,0.534,0.59
"B",50,"blk1",1290,0.833333333333333,0.253333333333333,0.79,0.274
"B",50,"blk1",1291,0.293333333333333,0.62,0.324,0.668
"B",50,"blk1",1292,0.926666666666667,0.846666666666667,0.906,0.84
"B",50,"blk1",1293,0.246666666666667,0.32,0.246,0.336
"B",50,"blk1",1294,0.786666666666667,0.7,0.764,0.644
"B",50,"blk1",1295,0.8,0.773333333333333,0.804,0.73
"B",50,"blk1",1296,0.886666666666667,0.713333333333333,0.878,0.738
"B",50,"blk1",1297,0.613333333333333,0.773333333333333,0.646,0.734
"B",50,"blk1",1298,0.613333333333333,0.366666666666667,0.572,0.318
"B",50,"blk1",1299,0.906666666666667,0.773333333333333,0.88,0.764
"B",50,"blk1",1300,0.493333333333333,0.46,0.516,0.458
"B",50,"blk1",1301,0.293333333333333,0.853333333333333,0.284,0.892
"B",50,"blk1",1302,0.88,0.526666666666667,0.894,0.544
"B",50,"blk1",1303,0.593333333333333,0.513333333333333,0.598,0.522
"B",50,"blk1",1304,0.4,0.766666666666667,0.382,0.812
"B",50,"blk1",1305,0.28,0.22,0.308,0.218
"B",50,"blk1",1306,0.126666666666667,0.2,0.132,0.156
"B",50,"blk1",1307,0.66,0.313333333333333,0.672,0.27
"B",50,"blk1",1308,0.666666666666667,0.426666666666667,0.662,0.492
"B",50,"blk1",1309,0.413333333333333,0.506666666666667,0.392,0.486
"B",50,"blk1",1310,0.6,0.546666666666667,0.616,0.546
"B",50,"blk1",1311,0.0133333333333333,0.493333333333333,0.008,0.57
"B",50,"blk1",1312,0.18,0.206666666666667,0.192,0.188
"B",50,"blk1",1313,0.58,0.34,0.58,0.334
"B",50,"blk1",1314,0.8,0.613333333333333,0.808,0.6
"B",50,"blk1",1315,0.826666666666667,0.933333333333333,0.846,0.948
"B",50,"blk1",1316,0.553333333333333,0.333333333333333,0.592,0.366
"B",50,"blk1",1317,0.793333333333333,0.633333333333333,0.82,0.64
"B",50,"blk1",1318,0.746666666666667,0.82,0.766,0.858
"B",50,"blk1",1319,0.726666666666667,0.906666666666667,0.748,0.936
"B",50,"blk1",1320,0.766666666666667,0.953333333333333,0.746,0.922
"B",50,"blk1",1321,0.0333333333333333,0.326666666666667,0.04,0.308
"B",50,"blk1",1322,0.606666666666667,0.7,0.642,0.72
"B",50,"blk1",1323,0.1,0.493333333333333,0.094,0.474
"B",50,"blk1",1324,0.846666666666667,0.553333333333333,0.846,0.548
"B",50,"blk1",1325,0.813333333333333,0.906666666666667,0.804,0.926
"B",50,"blk1",1326,0.98,0.746666666666667,0.966,0.692
"B",50,"blk1",1327,0.246666666666667,0.1,0.218,0.092
"B",50,"blk1",1328,0.68,0.786666666666667,0.694,0.79
"B",50,"blk1",1329,0.893333333333333,0.606666666666667,0.884,0.626
"B",50,"blk1",1330,0.24,0.58,0.236,0.56
"B",50,"blk1",1331,0.406666666666667,0.106666666666667,0.426,0.132
"B",50,"blk1",1332,0.6,0.96,0.556,0.952
"B",50,"blk1",1333,0.726666666666667,0.72,0.766,0.726
"B",50,"blk1",1334,0.846666666666667,0.793333333333333,0.84,0.766
"B",50,"blk1",1335,0.36,0.113333333333333,0.372,0.146
"B",50,"blk1",1336,0.173333333333333,0.68,0.138,0.684
"B",50,"blk1",1337,0.313333333333333,0.86,0.318,0.862
"B",50,"blk1",1338,0.833333333333333,0.873333333333333,0.81,0.82
"B",50,"blk1",1339,0.84,0.606666666666667,0.874,0.554
"B",50,"blk1",1340,1,0.98,1,0.974
"B",50,"blk1",1341,0.473333333333333,0.493333333333333,0.5,0.554
"B",50,"blk1",1342,0.613333333333333,0.833333333333333,0.582,0.818
"B",50,"blk1",1343,0.733333333333333,0.606666666666667,0.736,0.576
"B",50,"blk1",1344,0.773333333333333,0.873333333333333,0.766,0.874
"B",50,"blk1",1345,0.06,0.0866666666666667,0.05,0.134
"B",50,"blk1",1346,0.0666666666666667,0.826666666666667,0.042,0.854
"B",50,"blk1",1347,0.466666666666667,0.706666666666667,0.476,0.692
"B",50,"blk1",1348,0.533333333333333,0.54,0.54,0.514
"B",50,"blk1",1349,0.933333333333333,0.56,0.928,0.578
"B",50,"blk1",1350,0.993333333333333,0.846666666666667,0.98,0.816
"B",50,"blk1",1351,0.853333333333333,0.426666666666667,0.858,0.446
"B",50,"blk1",1352,0.52,0.646666666666667,0.496,0.642
"B",50,"blk1",1353,0.213333333333333,0.393333333333333,0.214,0.38
"B",50,"blk1",1354,0.0933333333333333,0.0866666666666667,0.116,0.078
"B",50,"blk1",1355,0.48,0.733333333333333,0.48,0.762
"B",50,"blk1",1356,0.353333333333333,0.566666666666667,0.384,0.572
"B",50,"blk1",1357,1,0.933333333333333,0.994,0.91
"B",50,"blk1",1358,0.06,0.04,0.07,0.072
"B",50,"blk1",1359,0.32,0.366666666666667,0.302,0.324
"B",50,"blk1",1360,0.813333333333333,0.713333333333333,0.81,0.712
"B",50,"blk1",1361,0.506666666666667,0.393333333333333,0.54,0.402
"B",50,"blk1",1362,0.173333333333333,0.253333333333333,0.178,0.206
"B",50,"blk1",1363,0.573333333333333,0.313333333333333,0.578,0.32
"B",50,"blk1",1364,0.846666666666667,0.693333333333333,0.814,0.678
"B",50,"blk1",1365,0.26,0.0666666666666667,0.276,0.076
"B",50,"blk1",1366,0.786666666666667,0.286666666666667,0.808,0.26
"B",50,"blk1",1367,0.44,0.16,0.496,0.158
"B",50,"blk1",1368,0.3,0.44,0.258,0.432
"B",50,"blk1",1369,0.773333333333333,0.773333333333333,0.788,0.786
"B",50,"blk1",1370,0.00666666666666667,0.12,0.018,0.1
"B",50,"blk1",1371,0.246666666666667,0.5,0.32,0.5
"B",50,"blk1",1372,0.0533333333333333,0.48,0.06,0.454
"B",50,"blk1",1373,0.94,0.986666666666667,0.95,0.994
"B",50,"blk1",1374,0.94,0.86,0.934,0.81
"B",50,"blk1",1375,0.766666666666667,0.693333333333333,0.72,0.746
"B",50,"blk1",1376,0.0866666666666667,0.613333333333333,0.104,0.57
"B",50,"blk1",1377,0.04,0.0133333333333333,0.048,0.006
"B",50,"blk1",1378,0.386666666666667,0.573333333333333,0.45,0.594
"B",50,"blk1",1379,0.553333333333333,0.54,0.51,0.504
"B",50,"blk1",1380,0.113333333333333,0.246666666666667,0.106,0.236
"B",50,"blk1",1381,0.713333333333333,0.78,0.724,0.784
"B",50,"blk1",1382,0.226666666666667,0.373333333333333,0.23,0.378
"B",50,"blk1",1383,0.533333333333333,0.84,0.576,0.82
"B",50,"blk1",1384,0.62,0.74,0.594,0.768
"B",50,"blk1",1385,0.406666666666667,0.14,0.386,0.122
"B",50,"blk1",1386,0.306666666666667,0.76,0.328,0.796
"B",50,"blk1",1387,0.46,0.6,0.478,0.574
"B",50,"blk1",1388,0.0133333333333333,0.906666666666667,0.014,0.904
"B",50,"blk1",1389,0.0933333333333333,0.573333333333333,0.104,0.544
"B",50,"blk1",1390,0.246666666666667,0.333333333333333,0.27,0.33
"B",50,"blk1",1391,0.586666666666667,0.96,0.616,0.964
"B",50,"blk1",1392,0.1,0.0466666666666667,0.092,0.032
"B",50,"blk1",1393,0.78,0.56,0.792,0.562
"B",50,"blk1",1394,0.546666666666667,0.12,0.542,0.114
"B",50,"blk1",1395,0.726666666666667,0.606666666666667,0.708,0.604
"B",50,"blk1",1396,0.626666666666667,0.553333333333333,0.654,0.506
"B",50,"blk1",1397,0.386666666666667,0.253333333333333,0.408,0.278
"B",50,"blk1",1398,0.186666666666667,0.726666666666667,0.17,0.734
"B",50,"blk1",1399,0.673333333333333,0.82,0.646,0.792
"B",50,"blk1",1400,0.346666666666667,0.0466666666666667,0.314,0.032
"B",50,"blk1",1401,0.04,0.233333333333333,0.032,0.258
"B",50,"blk1",1402,0.00666666666666667,0.346666666666667,0.018,0.374
"B",50,"blk1",1403,0.846666666666667,0.866666666666667,0.834,0.844
"B",50,"blk1",1404,0.36,0.653333333333333,0.346,0.654
"B",50,"blk1",1405,0.0466666666666667,0.233333333333333,0.044,0.224
"B",50,"blk1",1406,0.906666666666667,0.926666666666667,0.888,0.94
"B",50,"blk1",1407,0.0133333333333333,0.0133333333333333,0.006,0.02
"B",50,"blk1",1408,0.566666666666667,0.493333333333333,0.52,0.41
"B",50,"blk1",1409,0.533333333333333,0.133333333333333,0.506,0.118
"B",50,"blk1",1410,0.94,0.746666666666667,0.914,0.738
"B",50,"blk1",1411,0.76,0.573333333333333,0.772,0.584
"B",50,"blk1",1412,0.96,0.786666666666667,0.958,0.776
"B",50,"blk1",1413,0.14,0.146666666666667,0.15,0.156
"B",50,"blk1",1414,0.886666666666667,0.68,0.874,0.69
"B",50,"blk1",1415,0.653333333333333,0.726666666666667,0.592,0.682
"B",50,"blk1",1416,0.113333333333333,0.64,0.102,0.626
"B",50,"blk1",1417,0.846666666666667,0.62,0.8,0.644
"B",50,"blk1",1418,0.373333333333333,0.386666666666667,0.432,0.4
"B",50,"blk1",1419,0.313333333333333,0.733333333333333,0.252,0.702
"B",50,"blk1",1420,0.4,0.26,0.402,0.19
"B",50,"blk1",1421,0.206666666666667,0.82,0.224,0.866
"B",50,"blk1",1422,0.866666666666667,0.706666666666667,0.872,0.684
"B",50,"blk1",1423,0.326666666666667,0.46,0.318,0.458
"B",50,"blk1",1424,0.506666666666667,0.653333333333333,0.492,0.68
"B",50,"blk1",1425,0.426666666666667,0.94,0.434,0.944
"B",50,"blk1",1426,0.413333333333333,0.106666666666667,0.464,0.13
"B",50,"blk1",1427,0.386666666666667,0.893333333333333,0.416,0.884
"B",50,"blk1",1428,0.953333333333333,0.56,0.968,0.574
"B",50,"blk1",1429,0.753333333333333,0.94,0.784,0.968
"B",50,"blk1",1430,0.66,0.98,0.586,0.97
"B",50,"blk1",1431,0.406666666666667,0.12,0.392,0.11
"B",50,"blk1",1432,0.753333333333333,0.433333333333333,0.776,0.45
"B",50,"blk1",1433,0.16,0.433333333333333,0.166,0.428
"B",50,"blk1",1434,0.786666666666667,0.826666666666667,0.826,0.868
"B",50,"blk1",1435,0.366666666666667,0.906666666666667,0.346,0.874
"B",50,"blk1",1436,0.0666666666666667,0.126666666666667,0.096,0.168
"B",50,"blk1",1437,0.686666666666667,1,0.72,0.998
"B",50,"blk1",1438,0.933333333333333,0.673333333333333,0.946,0.664
"B",50,"blk1",1439,0.946666666666667,0.953333333333333,0.954,0.974
"B",50,"blk1",1440,0.413333333333333,0.14,0.432,0.132
"B",50,"blk1",1441,0.946666666666667,0.88,0.95,0.888
"B",50,"blk1",1442,0.293333333333333,0.0533333333333333,0.302,0.046
"B",50,"blk1",1443,0.34,0.533333333333333,0.358,0.55
"B",50,"blk1",1444,0.133333333333333,0.24,0.174,0.258
"B",50,"blk1",1445,0.886666666666667,0.76,0.86,0.73
"B",50,"blk1",1446,0.06,0.04,0.122,0.066
"B",50,"blk1",1447,0.466666666666667,0.4,0.478,0.424
"B",50,"blk1",1448,0.52,0.253333333333333,0.558,0.308
"B",50,"blk1",1449,0.00666666666666667,0.186666666666667,0.004,0.162
"B",50,"blk1",1450,0.22,0.273333333333333,0.254,0.272
"B",50,"blk1",1451,0.42,0.64,0.366,0.56
"B",50,"blk1",1452,0.433333333333333,0.653333333333333,0.426,0.674
"B",50,"blk1",1453,0.6,0.606666666666667,0.576,0.622
"B",50,"blk1",1454,0.266666666666667,0.32,0.272,0.302
"B",50,"blk1",1455,0.14,0.986666666666667,0.162,0.976
"B",50,"blk1",1456,0.846666666666667,0.3,0.832,0.282
"B",50,"blk1",1457,0.293333333333333,0.806666666666667,0.222,0.77
"B",50,"blk1",1458,0.82,0.74,0.828,0.738
"B",50,"blk1",1459,0.22,0.826666666666667,0.236,0.832
"B",50,"blk1",1460,0.926666666666667,0.36,0.906,0.318
"B",50,"blk1",1461,0.3,0.16,0.268,0.144
"B",50,"blk1",1462,0.533333333333333,0.88,0.55,0.912
"B",50,"blk1",1463,0.586666666666667,0.18,0.53,0.16
"B",50,"blk1",1464,0.02,0.453333333333333,0.026,0.452
"B",50,"blk1",1465,0.473333333333333,0.946666666666667,0.504,0.918
"B",50,"blk1",1466,0.226666666666667,0.966666666666667,0.214,0.958
"B",50,"blk1",1467,0.8,0.853333333333333,0.792,0.816
"B",50,"blk1",1468,0.746666666666667,0.946666666666667,0.742,0.932
"B",50,"blk1",1469,0.02,0.00666666666666667,0.052,0.012
"B",50,"blk1",1470,0.793333333333333,0.686666666666667,0.776,0.694
"B",50,"blk1",1471,0.126666666666667,0.0666666666666667,0.106,0.04
"B",50,"blk1",1472,0.993333333333333,0.993333333333333,0.992,0.986
"B",50,"blk1",1473,0.7,0.56,0.666,0.528
"B",50,"blk1",1474,0.0333333333333333,0.0133333333333333,0.058,0.03
"B",50,"blk1",1475,0.753333333333333,0.626666666666667,0.752,0.618
"B",50,"blk1",1476,0.113333333333333,0.06,0.134,0.072
"B",50,"blk1",1477,0.913333333333333,0.706666666666667,0.936,0.708
"B",50,"blk1",1478,0.48,0.213333333333333,0.542,0.252
"B",50,"blk1",1479,0.526666666666667,0.866666666666667,0.484,0.88
"B",50,"blk1",1480,0.68,0.8,0.628,0.818
"B",50,"blk1",1481,0.02,0.126666666666667,0.006,0.106
"B",50,"blk1",1482,0.586666666666667,0.76,0.618,0.75
"B",50,"blk1",1483,0.606666666666667,0.3,0.608,0.31
"B",50,"blk1",1484,0.82,0.846666666666667,0.808,0.824
"B",50,"blk1",1485,0.0666666666666667,0.16,0.072,0.16
"B",50,"blk1",1486,0.54,0.673333333333333,0.566,0.698
"B",50,"blk1",1487,0.973333333333333,0.946666666666667,0.956,0.942
"B",50,"blk1",1488,0.233333333333333,0.206666666666667,0.218,0.186
"B",50,"blk1",1489,0.506666666666667,0.573333333333333,0.482,0.524
"B",50,"blk1",1490,0.0266666666666667,0.133333333333333,0.04,0.12
"B",50,"blk1",1491,0.853333333333333,0.946666666666667,0.836,0.954
"B",50,"blk1",1492,0.68,0.946666666666667,0.67,0.908
"B",50,"blk1",1493,0.78,0.493333333333333,0.696,0.474
"B",50,"blk1",1494,0.98,0.6,0.976,0.564
"B",50,"blk1",1495,0.54,0.533333333333333,0.522,0.564
"B",50,"blk1",1496,0.68,0.8,0.682,0.826
"B",50,"blk1",1497,0.0866666666666667,0.1,0.08,0.092
"B",50,"blk1",1498,0.88,0.666666666666667,0.886,0.672
"B",50,"blk1",1499,0.793333333333333,0.773333333333333,0.796,0.762
"B",50,"blk1",1500,0.973333333333333,0.933333333333333,0.978,0.958
"B",50,"blk1",1501,0.02,0.893333333333333,0.012,0.868
"B",50,"blk1",1502,0.526666666666667,0.913333333333333,0.554,0.92
"B",50,"blk1",1503,0.506666666666667,0.3,0.448,0.286
"B",50,"blk1",1504,0.84,0.446666666666667,0.852,0.414
"B",50,"blk1",1505,0.0666666666666667,0.266666666666667,0.068,0.268
"B",50,"blk1",1506,0.873333333333333,0.826666666666667,0.81,0.758
"B",50,"blk1",1507,0.48,0.626666666666667,0.522,0.6
"B",50,"blk1",1508,0.393333333333333,0.213333333333333,0.428,0.224
"B",50,"blk1",1509,0.5,0.866666666666667,0.536,0.882
"B",50,"blk1",1510,0.406666666666667,0.926666666666667,0.38,0.934
"B",50,"blk1",1511,0.146666666666667,0.04,0.166,0.044
"B",50,"blk1",1512,0.98,0.946666666666667,0.942,0.924
"B",50,"blk1",1513,0.00666666666666667,0.593333333333333,0.002,0.586
"B",50,"blk1",1514,0.426666666666667,0.06,0.48,0.056
"B",50,"blk1",1515,0.52,0.886666666666667,0.546,0.892
"B",50,"blk1",1516,0.733333333333333,0.586666666666667,0.738,0.588
"B",50,"blk1",1517,0.986666666666667,0.886666666666667,0.988,0.888
"B",50,"blk1",1518,0.18,0.906666666666667,0.162,0.906
"B",50,"blk1",1519,0.0533333333333333,0.633333333333333,0.05,0.576
"B",50,"blk1",1520,0.446666666666667,0.133333333333333,0.412,0.122
"B",50,"blk1",1521,0.76,0.406666666666667,0.752,0.372
"B",50,"blk1",1522,0.46,0.853333333333333,0.462,0.864
"B",50,"blk1",1523,0.873333333333333,0.553333333333333,0.87,0.576
"B",50,"blk1",1524,0.26,0.546666666666667,0.268,0.546
"B",50,"blk1",1525,0.506666666666667,0.4,0.5,0.41
"B",50,"blk1",1526,0.5,0.966666666666667,0.498,0.934
"B",50,"blk1",1527,0.153333333333333,0.773333333333333,0.138,0.806
"B",50,"blk1",1528,0.546666666666667,0.9,0.548,0.9
"B",50,"blk1",1529,0.606666666666667,0.94,0.548,0.96
"B",50,"blk1",1530,0.593333333333333,0.993333333333333,0.582,0.994
"B",50,"blk1",1531,0.353333333333333,0.34,0.326,0.312
"B",50,"blk1",1532,0.6,0.5,0.596,0.488
"B",50,"blk1",1533,0.74,0.96,0.708,0.968
"B",50,"blk1",1534,0.166666666666667,0.626666666666667,0.146,0.628
"B",50,"blk1",1535,0.04,0.72,0.048,0.696
"B",50,"blk1",1536,0.0933333333333333,0.64,0.112,0.668
"B",50,"blk1",1537,0.346666666666667,0.466666666666667,0.294,0.422
"B",50,"blk1",1538,0.32,0.88,0.356,0.842
"B",50,"blk1",1539,0.126666666666667,0.153333333333333,0.142,0.162
"B",50,"blk1",1540,0.506666666666667,0.286666666666667,0.578,0.33
"B",50,"blk1",1541,0.02,0.386666666666667,0.03,0.322
"B",50,"blk1",1542,0.526666666666667,0.793333333333333,0.476,0.78
"B",50,"blk1",1543,0.3,0.32,0.284,0.338
"B",50,"blk1",1544,0.773333333333333,0.706666666666667,0.792,0.692
"B",50,"blk1",1545,0.193333333333333,0.373333333333333,0.216,0.362
"B",50,"blk1",1546,0.62,0.246666666666667,0.636,0.25
"B",50,"blk1",1547,0.193333333333333,0.08,0.182,0.082
"B",50,"blk1",1548,0.746666666666667,0.333333333333333,0.724,0.382
"B",50,"blk1",1549,0.0266666666666667,0.213333333333333,0.014,0.21
"B",50,"blk1",1550,0.786666666666667,0.653333333333333,0.772,0.634
"B",50,"blk1",1551,0.34,0.74,0.33,0.72
"B",50,"blk1",1552,0.18,0.606666666666667,0.14,0.546
"B",50,"blk1",1553,0.966666666666667,0.68,0.966,0.694
"B",50,"blk1",1554,0.306666666666667,0.08,0.346,0.07
"B",50,"blk1",1555,0.00666666666666667,0.00666666666666667,0.002,0.002
"B",50,"blk1",1556,0.813333333333333,0.333333333333333,0.798,0.354
"B",50,"blk1",1557,0.513333333333333,0.82,0.488,0.832
"B",50,"blk1",1558,0.313333333333333,0.213333333333333,0.31,0.208
"B",50,"blk1",1559,0.146666666666667,0.433333333333333,0.094,0.46
"B",50,"blk1",1560,0.06,0.253333333333333,0.044,0.246
"B",50,"blk1",1561,0.566666666666667,0.573333333333333,0.558,0.576
"B",50,"blk1",1562,0.593333333333333,0.76,0.592,0.738
"B",50,"blk1",1563,0.42,0.146666666666667,0.446,0.156
"B",50,"blk1",1564,0.906666666666667,0.606666666666667,0.87,0.56
"B",50,"blk1",1565,0.02,0.06,0.006,0.034
"B",50,"blk1",1566,0.146666666666667,0.0933333333333333,0.078,0.084
"B",50,"blk1",1567,0.333333333333333,0.313333333333333,0.298,0.32
"B",50,"blk1",1568,0.466666666666667,0.513333333333333,0.436,0.51
"B",50,"blk1",1569,0.233333333333333,0.926666666666667,0.224,0.952
"B",50,"blk1",1570,0.62,0.966666666666667,0.622,0.97
"B",50,"blk1",1571,0.8,0.886666666666667,0.774,0.886
"B",50,"blk1",1572,0.38,0.32,0.386,0.368
"B",50,"blk1",1573,0.266666666666667,0.32,0.25,0.296
"B",50,"blk1",1574,0.553333333333333,0.3,0.536,0.282
"B",50,"blk1",1575,0.2,0.666666666666667,0.212,0.644
"B",50,"blk1",1576,0.9,0.726666666666667,0.886,0.758
"B",50,"blk1",1577,0.253333333333333,0.52,0.274,0.542
"B",50,"blk1",1578,0.233333333333333,0.453333333333333,0.212,0.452
"B",50,"blk1",1579,0.173333333333333,0.28,0.18,0.278
"B",50,"blk1",1580,0.933333333333333,0.846666666666667,0.942,0.88
"B",50,"blk1",1581,0.226666666666667,0.22,0.218,0.196
"B",50,"blk1",1582,0.673333333333333,0.293333333333333,0.664,0.282
"B",50,"blk1",1583,0.946666666666667,0.753333333333333,0.95,0.748
"B",50,"blk1",1584,0.986666666666667,0.786666666666667,0.964,0.806
"B",50,"blk1",1585,0.873333333333333,0.633333333333333,0.864,0.588
"B",50,"blk1",1586,0.213333333333333,0.326666666666667,0.22,0.292
"B",50,"blk1",1587,0.126666666666667,0.74,0.116,0.696
"B",50,"blk1",1588,0.266666666666667,0.22,0.254,0.182
"B",50,"blk1",1589,0.113333333333333,0.02,0.08,0.024
"B",50,"blk1",1590,0.46,0.333333333333333,0.43,0.32
"B",50,"blk1",1591,0.513333333333333,0.773333333333333,0.504,0.762
"B",50,"blk1",1592,0.08,0.00666666666666667,0.066,0.002
"B",50,"blk1",1593,0.653333333333333,0.766666666666667,0.68,0.816
"B",50,"blk1",1594,0.02,0.106666666666667,0.058,0.11
"B",50,"blk1",1595,0.113333333333333,0.373333333333333,0.118,0.402
"B",50,"blk1",1596,0.9,0.926666666666667,0.942,0.93
"B",50,"blk1",1597,0.0133333333333333,0.326666666666667,0.01,0.292
"B",50,"blk1",1598,0.713333333333333,0.84,0.692,0.828
"B",50,"blk1",1599,0.553333333333333,0.766666666666667,0.556,0.72
"B",50,"blk1",1600,0.02,0.466666666666667,0.016,0.466
"B",50,"blk1",1601,0.986666666666667,0.753333333333333,0.978,0.778
"B",50,"blk1",1602,0.933333333333333,0.913333333333333,0.892,0.914
"B",50,"blk1",1603,0.366666666666667,0.166666666666667,0.33,0.166
"B",50,"blk1",1604,0.573333333333333,0.26,0.53,0.276
"B",50,"blk1",1605,0.5,0.846666666666667,0.482,0.83
"B",50,"blk1",1606,0.886666666666667,0.96,0.88,0.958
"B",50,"blk1",1607,0.606666666666667,0.36,0.56,0.356
"B",50,"blk1",1608,0.326666666666667,0.146666666666667,0.308,0.13
"B",50,"blk1",1609,0.0266666666666667,0.0866666666666667,0.02,0.128
"B",50,"blk1",1610,0.193333333333333,0.786666666666667,0.182,0.804
"B",50,"blk1",1611,0.926666666666667,0.9,0.93,0.922
"B",50,"blk1",1612,0.56,0.946666666666667,0.562,0.95
"B",50,"blk1",1613,0.0466666666666667,0.646666666666667,0.044,0.682
"B",50,"blk1",1614,0.0266666666666667,0.846666666666667,0.042,0.848
"B",50,"blk1",1615,0.84,0.44,0.832,0.456
"B",50,"blk1",1616,0.4,0.38,0.366,0.364
"B",50,"blk1",1617,0.133333333333333,0.06,0.154,0.056
"B",50,"blk1",1618,0.606666666666667,0.64,0.572,0.632
"B",50,"blk1",1619,0.02,0.84,0.026,0.838
"B",50,"blk1",1620,0.473333333333333,0.726666666666667,0.472,0.748
"B",50,"blk1",1621,0.24,0.92,0.256,0.926
"B",50,"blk1",1622,0.666666666666667,0.34,0.63,0.29
"B",50,"blk1",1623,0.726666666666667,0.62,0.742,0.622
"B",50,"blk1",1624,0.273333333333333,0.2,0.208,0.172
"B",50,"blk1",1625,0.333333333333333,0.353333333333333,0.346,0.408
"B",50,"blk1",1626,0.68,0.966666666666667,0.672,0.94
"B",50,"blk1",1627,0.313333333333333,0.893333333333333,0.284,0.858
"B",50,"blk1",1628,0.02,0.193333333333333,0.034,0.198
"B",50,"blk1",1629,0.82,0.593333333333333,0.844,0.628
"B",50,"blk1",1630,0.193333333333333,0.12,0.164,0.098
"B",50,"blk1",1631,0.826666666666667,0.706666666666667,0.814,0.676
"B",50,"blk1",1632,0.806666666666667,0.533333333333333,0.766,0.56
"B",50,"blk1",1633,0.233333333333333,0.473333333333333,0.212,0.47
"B",50,"blk1",1634,0.813333333333333,0.353333333333333,0.81,0.332
"B",50,"blk1",1635,0.226666666666667,0.26,0.188,0.224
"B",50,"blk1",1636,0.0733333333333333,0.133333333333333,0.06,0.134
"B",50,"blk1",1637,0.686666666666667,0.486666666666667,0.712,0.502
"B",50,"blk1",1638,0.18,0.18,0.176,0.194
"B",50,"blk1",1639,0.72,0.786666666666667,0.684,0.756
"B",50,"blk1",1640,0.466666666666667,0.646666666666667,0.484,0.62
"B",50,"blk1",1641,0.966666666666667,0.84,0.964,0.866
"B",50,"blk1",1642,0.9,0.873333333333333,0.924,0.864
"B",50,"blk1",1643,0.24,0.0933333333333333,0.24,0.12
"B",50,"blk1",1644,0.973333333333333,0.853333333333333,0.96,0.884
"B",50,"blk1",1645,0.0333333333333333,0.0266666666666667,0.034,0.026
"B",50,"blk1",1646,0.06,0.126666666666667,0.032,0.09
"B",50,"blk1",1647,0.873333333333333,0.806666666666667,0.882,0.856
"B",50,"blk1",1648,0.14,0.666666666666667,0.166,0.632
"B",50,"blk1",1649,0.06,0.0466666666666667,0.068,0.032
"B",50,"blk1",1650,0.846666666666667,0.806666666666667,0.872,0.784
"B",50,"blk1",1651,0.526666666666667,0.42,0.54,0.432
"B",50,"blk1",1652,0.72,0.453333333333333,0.758,0.506
"B",50,"blk1",1653,0.973333333333333,0.933333333333333,0.96,0.916
"B",50,"blk1",1654,0.693333333333333,0.346666666666667,0.672,0.298
"B",50,"blk1",1655,0.56,0.3,0.524,0.288
"B",50,"blk1",1656,0.28,1,0.252,1
"B",50,"blk1",1657,0.973333333333333,0.64,0.978,0.704
"B",50,"blk1",1658,0.473333333333333,0.506666666666667,0.452,0.476
"B",50,"blk1",1659,0.453333333333333,0.72,0.44,0.7
"B",50,"blk1",1660,0.553333333333333,0.246666666666667,0.582,0.228
"B",50,"blk1",1661,0.14,0.506666666666667,0.172,0.52
"B",50,"blk1",1662,0.96,0.6,0.956,0.612
"B",50,"blk1",1663,0.14,0.873333333333333,0.122,0.852
"B",50,"blk1",1664,0.466666666666667,0.78,0.514,0.81
"B",50,"blk1",1665,0.693333333333333,0.98,0.708,0.988
"B",50,"blk1",1666,0.733333333333333,0.393333333333333,0.72,0.408
"B",50,"blk1",1667,0.453333333333333,0.113333333333333,0.478,0.108
"B",50,"blk1",1668,0.953333333333333,0.546666666666667,0.954,0.582
"B",50,"blk1",1669,0.34,0.473333333333333,0.304,0.516
"B",50,"blk1",1670,0.153333333333333,0.0666666666666667,0.182,0.076
"B",50,"blk1",1671,0.353333333333333,0.846666666666667,0.342,0.832
"B",50,"blk1",1672,0.593333333333333,0.86,0.564,0.906
"B",50,"blk1",1673,0.68,0.526666666666667,0.718,0.562
"B",50,"blk1",1674,0.713333333333333,0.66,0.67,0.66
"B",50,"blk1",1675,0.666666666666667,0.4,0.704,0.432
"B",50,"blk1",1676,0.0133333333333333,0.00666666666666667,0.012,0.016
"B",50,"blk1",1677,0.06,0.506666666666667,0.038,0.54
"B",50,"blk1",1678,0.413333333333333,0.873333333333333,0.462,0.884
"B",50,"blk1",1679,0.88,0.96,0.916,0.932
"B",50,"blk1",1680,1,0.733333333333333,0.984,0.714
"B",50,"blk1",1681,0.96,0.94,0.946,0.956
"B",50,"blk1",1682,0.393333333333333,0.413333333333333,0.406,0.416
"B",50,"blk1",1683,0.64,0.613333333333333,0.588,0.602
"B",50,"blk1",1684,0.166666666666667,0.1,0.138,0.068
"B",50,"blk1",1685,0.54,0.413333333333333,0.554,0.426
"B",50,"blk1",1686,0.946666666666667,0.826666666666667,0.948,0.834
"B",50,"blk1",1687,0.12,0.46,0.102,0.422
"B",50,"blk1",1688,0.3,0.2,0.326,0.182
"B",50,"blk1",1689,0.966666666666667,0.88,0.964,0.884
"B",50,"blk1",1690,0.633333333333333,0.333333333333333,0.596,0.316
"B",50,"blk1",1691,0.493333333333333,0.326666666666667,0.474,0.33
"B",50,"blk1",1692,0.406666666666667,0.153333333333333,0.346,0.158
"B",50,"blk1",1693,0.226666666666667,0.726666666666667,0.212,0.776
"B",50,"blk1",1694,0.333333333333333,0.453333333333333,0.374,0.422
"B",50,"blk1",1695,0.606666666666667,0.34,0.58,0.34
"B",50,"blk1",1696,0.726666666666667,0.873333333333333,0.696,0.876
"B",50,"blk1",1697,0.166666666666667,0.08,0.176,0.09
"B",50,"blk1",1698,0.733333333333333,0.553333333333333,0.798,0.582
"B",50,"blk1",1699,0.86,0.366666666666667,0.86,0.41
"B",50,"blk1",1700,0.26,0.273333333333333,0.254,0.302
"B",50,"blk1",1701,0.92,0.793333333333333,0.91,0.792
"B",50,"blk1",1702,0.586666666666667,0.933333333333333,0.624,0.946
"B",50,"blk1",1703,0.34,0.52,0.326,0.526
"B",50,"blk1",1704,0.306666666666667,0.886666666666667,0.346,0.886
"B",50,"blk1",1705,0.626666666666667,0.753333333333333,0.586,0.76
"B",50,"blk1",1706,0.333333333333333,0.313333333333333,0.34,0.316
"B",50,"blk1",1707,0.8,0.406666666666667,0.8,0.46
"B",50,"blk1",1708,0.553333333333333,0.366666666666667,0.56,0.348
"B",50,"blk1",1709,0.693333333333333,0.66,0.72,0.602
"B",50,"blk1",1710,0.593333333333333,0.62,0.582,0.588
"B",50,"blk1",1711,0.08,0.28,0.052,0.228
"B",50,"blk1",1712,0.0866666666666667,0.36,0.106,0.324
"B",50,"blk1",1713,0.62,0.92,0.644,0.924
"B",50,"blk1",1714,0.373333333333333,0.953333333333333,0.38,0.942
"B",50,"blk1",1715,0.466666666666667,0.533333333333333,0.514,0.572
"B",50,"blk1",1716,0.246666666666667,0.1,0.282,0.076
"B",50,"blk1",1717,0.433333333333333,0.0933333333333333,0.466,0.092
"B",50,"blk1",1718,0.646666666666667,0.253333333333333,0.628,0.244
"B",50,"blk1",1719,0.6,0.993333333333333,0.566,0.986
"B",50,"blk1",1720,0.38,0.32,0.332,0.292
"B",50,"blk1",1721,0.433333333333333,0.606666666666667,0.422,0.578
"B",50,"blk1",1722,0.173333333333333,0.953333333333333,0.216,0.932
"B",50,"blk1",1723,0.82,0.826666666666667,0.802,0.806
"B",50,"blk1",1724,0.88,0.626666666666667,0.87,0.608
"B",50,"blk1",1725,0.76,0.566666666666667,0.692,0.572
"B",50,"blk1",1726,0.766666666666667,0.166666666666667,0.744,0.162
"B",50,"blk1",1727,0.54,0.626666666666667,0.578,0.634
"B",50,"blk1",1728,0.966666666666667,0.486666666666667,0.952,0.452
"B",50,"blk1",1729,0.486666666666667,0.473333333333333,0.46,0.44
"B",50,"blk1",1730,0.14,0.806666666666667,0.148,0.806
"B",50,"blk1",1731,0.986666666666667,0.986666666666667,0.962,0.982
"B",50,"blk1",1732,0.393333333333333,0.62,0.34,0.62
"B",50,"blk1",1733,0.113333333333333,0.966666666666667,0.102,0.962
"B",50,"blk1",1734,0.106666666666667,0.693333333333333,0.106,0.726
"B",50,"blk1",1735,0.1,0.64,0.108,0.668
"B",50,"blk1",1736,0.346666666666667,0.08,0.34,0.078
"B",50,"blk1",1737,0.0733333333333333,0.02,0.046,0.014
"B",50,"blk1",1738,0.38,0.986666666666667,0.42,0.988
"B",50,"blk1",1739,0.653333333333333,0.793333333333333,0.624,0.79
"B",50,"blk1",1740,0.413333333333333,0.62,0.39,0.606
"B",50,"blk1",1741,0.366666666666667,0.353333333333333,0.392,0.414
"B",50,"blk1",1742,0.66,0.606666666666667,0.644,0.55
"B",50,"blk1",1743,0.573333333333333,0.646666666666667,0.57,0.704
"B",50,"blk1",1744,0.0533333333333333,0.913333333333333,0.036,0.918
"B",50,"blk1",1745,1,0.92,0.992,0.938
"B",50,"blk1",1746,0.513333333333333,0.426666666666667,0.498,0.442
"B",50,"blk1",1747,0.98,0.973333333333333,0.96,0.93
"B",50,"blk1",1748,0.92,1,0.904,0.968
"B",50,"blk1",1749,0.3,0.06,0.322,0.044
"B",50,"blk1",1750,0.446666666666667,0.906666666666667,0.414,0.91
"B",50,"blk1",1751,0.806666666666667,0.706666666666667,0.79,0.742
"B",50,"blk1",1752,0.44,0.773333333333333,0.48,0.808
"B",50,"blk1",1753,1,0.986666666666667,0.992,0.988
"B",50,"blk1",1754,0.0933333333333333,0.453333333333333,0.098,0.438
"B",50,"blk1",1755,0.96,0.82,0.956,0.828
"B",50,"blk1",1756,0.8,0.466666666666667,0.802,0.488
"B",50,"blk1",1757,0.926666666666667,0.826666666666667,0.946,0.832
"B",50,"blk1",1758,0.973333333333333,1,0.972,1
"B",50,"blk1",1759,0.193333333333333,0.933333333333333,0.212,0.928
"B",50,"blk1",1760,0.94,0.806666666666667,0.942,0.816
"B",50,"blk1",1761,0.773333333333333,0.733333333333333,0.72,0.706
"B",50,"blk1",1762,0.22,0.353333333333333,0.202,0.37
"B",50,"blk1",1763,0.186666666666667,0.06,0.19,0.048
"B",50,"blk1",1764,0.146666666666667,0.893333333333333,0.136,0.884
"B",50,"blk1",1765,0.98,0.84,0.964,0.842
"B",50,"blk1",1766,0.32,0.826666666666667,0.306,0.758
"B",50,"blk1",1767,0.946666666666667,0.88,0.944,0.878
"B",50,"blk1",1768,0.133333333333333,0.186666666666667,0.104,0.144
"B",50,"blk1",1769,0.106666666666667,0.42,0.14,0.446
"B",50,"blk1",1770,0.0266666666666667,0.246666666666667,0.026,0.22
"B",50,"blk1",1771,0.713333333333333,0.793333333333333,0.76,0.81
"B",50,"blk1",1772,0.766666666666667,0.826666666666667,0.758,0.808
"B",50,"blk1",1773,0.7,0.98,0.684,0.984
"B",50,"blk1",1774,0.753333333333333,0.333333333333333,0.804,0.344
"B",50,"blk1",1775,0.786666666666667,0.64,0.778,0.594
"B",50,"blk1",1776,0.246666666666667,0.146666666666667,0.272,0.162
"B",50,"blk1",1777,0.886666666666667,0.653333333333333,0.832,0.664
"B",50,"blk1",1778,0.133333333333333,0.926666666666667,0.12,0.95
"B",50,"blk1",1779,0.246666666666667,0.453333333333333,0.226,0.49
"B",50,"blk1",1780,0.333333333333333,0.0733333333333333,0.358,0.066
"B",50,"blk1",1781,0.646666666666667,0.926666666666667,0.646,0.882
"B",50,"blk1",1782,0.56,0.273333333333333,0.526,0.282
"B",50,"blk1",1783,0.2,0.54,0.204,0.548
"B",50,"blk1",1784,0.0266666666666667,0.526666666666667,0.052,0.526
"B",50,"blk1",1785,0.64,0.873333333333333,0.596,0.87
"B",50,"blk1",1786,0.306666666666667,0.466666666666667,0.326,0.488
"B",50,"blk1",1787,0.7,0.366666666666667,0.722,0.382
"B",50,"blk1",1788,0.78,0.893333333333333,0.818,0.882
"B",50,"blk1",1789,0.733333333333333,0.86,0.704,0.886
"B",50,"blk1",1790,0.293333333333333,0.74,0.244,0.74
"B",50,"blk1",1791,0.86,0.406666666666667,0.832,0.372
"B",50,"blk1",1792,0.186666666666667,0.533333333333333,0.19,0.508
"B",50,"blk1",1793,0.04,0.0666666666666667,0.03,0.06
"B",50,"blk1",1794,0.08,0.906666666666667,0.072,0.9
"B",50,"blk1",1795,0.76,0.786666666666667,0.706,0.79
"B",50,"blk1",1796,0.926666666666667,0.613333333333333,0.952,0.684
"B",50,"blk1",1797,0.18,0.186666666666667,0.184,0.214
"B",50,"blk1",1798,0.793333333333333,0.946666666666667,0.788,0.956
"B",50,"blk1",1799,0.5,0.653333333333333,0.474,0.708
"B",50,"blk1",1800,0.993333333333333,0.993333333333333,0.99,0.994
"B",50,"blk1",1801,0.726666666666667,0.713333333333333,0.756,0.76
"B",50,"blk1",1802,0.1,0.886666666666667,0.096,0.864
"B",50,"blk1",1803,0.413333333333333,0.873333333333333,0.428,0.834
"B",50,"blk1",1804,0.0466666666666667,0.733333333333333,0.032,0.804
"B",50,"blk1",1805,0.52,0.413333333333333,0.476,0.394
"B",50,"blk1",1806,0.78,0.973333333333333,0.786,0.964
"B",50,"blk1",1807,0.953333333333333,0.88,0.948,0.916
"B",50,"blk1",1808,0.34,0.326666666666667,0.294,0.346
"B",50,"blk1",1809,0.606666666666667,0.333333333333333,0.624,0.382
"B",50,"blk1",1810,0.84,0.993333333333333,0.892,0.982
"B",50,"blk1",1811,0.546666666666667,0.626666666666667,0.566,0.608
"B",50,"blk1",1812,0.646666666666667,0.94,0.602,0.922
"B",50,"blk1",1813,0.653333333333333,0.426666666666667,0.58,0.452
"B",50,"blk1",1814,0.386666666666667,0.16,0.358,0.148
"B",50,"blk1",1815,0.4,0.48,0.386,0.514
"B",50,"blk1",1816,0.02,0.92,0.008,0.896
"B",50,"blk1",1817,0.786666666666667,0.76,0.79,0.718
"B",50,"blk1",1818,0.566666666666667,0.16,0.54,0.136
"B",50,"blk1",1819,0.373333333333333,0.06,0.35,0.062
"B",50,"blk1",1820,0.02,0.246666666666667,0.014,0.262
"B",50,"blk1",1821,0.28,0.413333333333333,0.29,0.434
"B",50,"blk1",1822,0.333333333333333,0.486666666666667,0.34,0.454
"B",50,"blk1",1823,0.566666666666667,0.566666666666667,0.594,0.574
"B",50,"blk1",1824,0.106666666666667,0.0533333333333333,0.128,0.048
"B",50,"blk1",1825,0.913333333333333,0.5,0.916,0.508
"B",50,"blk1",1826,0.866666666666667,0.373333333333333,0.828,0.432
"B",50,"blk1",1827,0.266666666666667,0.326666666666667,0.222,0.308
"B",50,"blk1",1828,0.06,0.42,0.082,0.504
"B",50,"blk1",1829,0.613333333333333,0.713333333333333,0.578,0.7
"B",50,"blk1",1830,0.0733333333333333,0.0466666666666667,0.062,0.028
"B",50,"blk1",1831,0.346666666666667,0.76,0.322,0.724
"B",50,"blk1",1832,0.513333333333333,0.48,0.432,0.386
"B",50,"blk1",1833,0.346666666666667,0.646666666666667,0.338,0.664
"B",50,"blk1",1834,0.253333333333333,0.08,0.288,0.078
"B",50,"blk1",1835,0.566666666666667,0.713333333333333,0.584,0.678
"B",50,"blk1",1836,0.08,0.34,0.062,0.396
"B",50,"blk1",1837,0.613333333333333,0.606666666666667,0.59,0.642
"B",50,"blk1",1838,0.266666666666667,0.386666666666667,0.294,0.39
"B",50,"blk1",1839,0.56,0.313333333333333,0.614,0.326
"B",50,"blk1",1840,1,0.9,0.99,0.91
"B",50,"blk1",1841,0.0133333333333333,0.233333333333333,0.016,0.232
"B",50,"blk1",1842,0.453333333333333,0.213333333333333,0.488,0.192
"B",50,"blk1",1843,0.573333333333333,0.733333333333333,0.562,0.744
"B",50,"blk1",1844,0.406666666666667,0.913333333333333,0.5,0.932
"B",50,"blk1",1845,0.846666666666667,0.946666666666667,0.834,0.964
"B",50,"blk1",1846,0.3,0.386666666666667,0.344,0.414
"B",50,"blk1",1847,0.693333333333333,0.886666666666667,0.714,0.894
"B",50,"blk1",1848,0.413333333333333,0.153333333333333,0.41,0.142
"B",50,"blk1",1849,0.146666666666667,0.526666666666667,0.1,0.524
"B",50,"blk1",1850,0.74,0.513333333333333,0.722,0.508
"B",50,"blk1",1851,0.526666666666667,0.64,0.5,0.618
"B",50,"blk1",1852,0.253333333333333,0.853333333333333,0.252,0.858
"B",50,"blk1",1853,1,0.993333333333333,1,0.988
"B",50,"blk1",1854,0.726666666666667,0.96,0.706,0.964
"B",50,"blk1",1855,0.28,0.12,0.322,0.162
"B",50,"blk1",1856,0.78,0.986666666666667,0.72,0.99
"B",50,"blk1",1857,0.673333333333333,0.313333333333333,0.612,0.32
"B",50,"blk1",1858,0.486666666666667,0.92,0.52,0.912
"B",50,"blk1",1859,0.493333333333333,0.873333333333333,0.492,0.872
"B",50,"blk1",1860,0.0666666666666667,0.546666666666667,0.054,0.56
"B",50,"blk1",1861,0.293333333333333,0.193333333333333,0.278,0.136
"B",50,"blk1",1862,0.706666666666667,0.486666666666667,0.738,0.53
"B",50,"blk1",1863,0.806666666666667,0.7,0.82,0.686
"B",50,"blk1",1864,0.626666666666667,0.906666666666667,0.6,0.93
"B",50,"blk1",1865,0.826666666666667,0.986666666666667,0.854,0.974
"B",50,"blk1",1866,0.56,0.78,0.556,0.78
"B",50,"blk1",1867,0.0466666666666667,0.0866666666666667,0.042,0.114
"B",50,"blk1",1868,0.46,0.48,0.434,0.53
"B",50,"blk1",1869,0.306666666666667,0.06,0.358,0.094
"B",50,"blk1",1870,0.453333333333333,0.78,0.476,0.84
"B",50,"blk1",1871,0.946666666666667,0.553333333333333,0.938,0.546
"B",50,"blk1",1872,0.82,0.82,0.84,0.82
"B",50,"blk1",1873,0.36,0.213333333333333,0.38,0.29
"B",50,"blk1",1874,0.926666666666667,0.966666666666667,0.958,0.964
"B",50,"blk1",1875,0.326666666666667,0.34,0.316,0.308
"B",50,"blk1",1876,0.84,0.52,0.834,0.52
"B",50,"blk1",1877,0.0666666666666667,0.00666666666666667,0.054,0.012
"B",50,"blk1",1878,0.486666666666667,0.76,0.526,0.734
"B",50,"blk1",1879,0.453333333333333,0.146666666666667,0.44,0.162
"B",50,"blk1",1880,0.98,0.853333333333333,0.964,0.83
"B",50,"blk1",1881,0.86,0.96,0.818,0.976
"B",50,"blk1",1882,0.173333333333333,0.68,0.21,0.644
"B",50,"blk1",1883,0.393333333333333,0.226666666666667,0.388,0.21
"B",50,"blk1",1884,0.366666666666667,0.446666666666667,0.33,0.428
"B",50,"blk1",1885,0.693333333333333,0.386666666666667,0.686,0.376
"B",50,"blk1",1886,0.246666666666667,0.626666666666667,0.242,0.612
"B",50,"blk1",1887,0.806666666666667,0.706666666666667,0.792,0.682
"B",50,"blk1",1888,0.38,0.353333333333333,0.364,0.342
"B",50,"blk1",1889,0.333333333333333,0.386666666666667,0.298,0.362
"B",50,"blk1",1890,0.46,0.106666666666667,0.464,0.088
"B",50,"blk1",1891,0.26,0.126666666666667,0.264,0.116
"B",50,"blk1",1892,0.326666666666667,0.806666666666667,0.366,0.838
"B",50,"blk1",1893,0.253333333333333,0.326666666666667,0.23,0.322
"B",50,"blk1",1894,0.906666666666667,0.726666666666667,0.92,0.71
"B",50,"blk1",1895,0.533333333333333,0.613333333333333,0.578,0.608
"B",50,"blk1",1896,0.246666666666667,0.673333333333333,0.276,0.724
"B",50,"blk1",1897,0.98,0.82,0.974,0.814
"B",50,"blk1",1898,0.52,0.286666666666667,0.514,0.252
"B",50,"blk1",1899,0.86,0.58,0.886,0.564
"B",50,"blk1",1900,0.806666666666667,0.493333333333333,0.796,0.5
"B",50,"blk1",1901,0.493333333333333,0.56,0.52,0.566
"B",50,"blk1",1902,0.74,0.52,0.8,0.54
"B",50,"blk1",1903,0.453333333333333,0.426666666666667,0.444,0.426
"B",50,"blk1",1904,0.733333333333333,0.36,0.72,0.332
"B",50,"blk1",1905,0.16,0.633333333333333,0.166,0.614
"B",50,"blk1",1906,0.0133333333333333,0.406666666666667,0.022,0.406
"B",50,"blk1",1907,0.34,0.486666666666667,0.306,0.514
"B",50,"blk1",1908,0.22,0.1,0.25,0.106
"B",50,"blk1",1909,0.0266666666666667,0.926666666666667,0.014,0.92
"B",50,"blk1",1910,0.353333333333333,0.266666666666667,0.306,0.21
"B",50,"blk1",1911,0.886666666666667,0.773333333333333,0.904,0.75
"B",50,"blk1",1912,0.413333333333333,0.78,0.446,0.754
"B",50,"blk1",1913,0.286666666666667,0.573333333333333,0.244,0.526
"B",50,"blk1",1914,0.426666666666667,0.9,0.388,0.894
"B",50,"blk1",1915,0.96,0.673333333333333,0.972,0.66
"B",50,"blk1",1916,0.126666666666667,0.16,0.106,0.126
"B",50,"blk1",1917,0.206666666666667,0.42,0.178,0.404
"B",50,"blk1",1918,0.986666666666667,0.98,0.964,0.97
"B",50,"blk1",1919,0.793333333333333,0.573333333333333,0.788,0.55
"B",50,"blk1",1920,0.433333333333333,0.206666666666667,0.402,0.19
"B",50,"blk1",1921,0.793333333333333,0.84,0.806,0.814
"B",50,"blk1",1922,1,0.88,0.998,0.892
"B",50,"blk1",1923,0.333333333333333,0.08,0.38,0.056
"B",50,"blk1",1924,0.613333333333333,0.126666666666667,0.612,0.12
"B",50,"blk1",1925,0.406666666666667,0.573333333333333,0.406,0.598
"B",50,"blk1",1926,0.386666666666667,0.573333333333333,0.4,0.552
"B",50,"blk1",1927,0.0666666666666667,0.126666666666667,0.08,0.176
"B",50,"blk1",1928,0.233333333333333,0.366666666666667,0.252,0.392
"B",50,"blk1",1929,0.253333333333333,0.64,0.222,0.646
"B",50,"blk1",1930,0.18,0.52,0.172,0.55
"B",50,"blk1",1931,0.366666666666667,0.446666666666667,0.336,0.412
"B",50,"blk1",1932,0.606666666666667,0.413333333333333,0.626,0.434
"B",50,"blk1",1933,0.626666666666667,0.993333333333333,0.63,0.998
"B",50,"blk1",1934,0.2,0.38,0.172,0.412
"B",50,"blk1",1935,0.3,0.126666666666667,0.314,0.122
"B",50,"blk1",1936,0.0133333333333333,0.12,0.008,0.144
"B",50,"blk1",1937,0.2,0.68,0.21,0.772
"B",50,"blk1",1938,0.94,0.566666666666667,0.952,0.538
"B",50,"blk1",1939,0.286666666666667,0.413333333333333,0.28,0.478
"B",50,"blk1",1940,0.66,0.526666666666667,0.668,0.514
"B",50,"blk1",1941,0.5,0.606666666666667,0.442,0.592
"B",50,"blk1",1942,0.573333333333333,0.613333333333333,0.558,0.646
"B",50,"blk1",1943,0.533333333333333,0.313333333333333,0.52,0.316
"B",50,"blk1",1944,0.293333333333333,0.253333333333333,0.312,0.254
"B",50,"blk1",1945,0.586666666666667,0.293333333333333,0.576,0.328
"B",50,"blk1",1946,0.58,0.88,0.542,0.894
"B",50,"blk1",1947,0.633333333333333,0.8,0.676,0.782
"B",50,"blk1",1948,0.96,0.793333333333333,0.934,0.772
"B",50,"blk1",1949,0.853333333333333,0.84,0.85,0.848
"B",50,"blk1",1950,0.34,0.193333333333333,0.322,0.196
"B",50,"blk1",1951,0.446666666666667,0.78,0.472,0.794
"B",50,"blk1",1952,1,0.98,1,0.966
"B",50,"blk1",1953,0.82,0.953333333333333,0.856,0.948
"B",50,"blk1",1954,0.14,0.153333333333333,0.152,0.13
"B",50,"blk1",1955,0.0733333333333333,0.433333333333333,0.078,0.444
"B",50,"blk1",1956,0.0666666666666667,0.9,0.042,0.934
"B",50,"blk1",1957,0.86,0.826666666666667,0.88,0.816
"B",50,"blk1",1958,0.68,0.58,0.696,0.546
"B",50,"blk1",1959,0.346666666666667,0.726666666666667,0.324,0.708
"B",50,"blk1",1960,0.26,0.853333333333333,0.304,0.868
"B",50,"blk1",1961,0.513333333333333,0.773333333333333,0.44,0.772
"B",50,"blk1",1962,0.806666666666667,0.686666666666667,0.778,0.718
"B",50,"blk1",1963,0.526666666666667,0.4,0.474,0.394
"B",50,"blk1",1964,0.16,0.973333333333333,0.112,0.954
"B",50,"blk1",1965,0.92,0.893333333333333,0.934,0.882
"B",50,"blk1",1966,0.313333333333333,0.906666666666667,0.356,0.914
"B",50,"blk1",1967,0.266666666666667,0.22,0.294,0.236
"B",50,"blk1",1968,0.946666666666667,0.72,0.93,0.684
"B",50,"blk1",1969,0.313333333333333,0.446666666666667,0.344,0.498
"B",50,"blk1",1970,0.34,0.0933333333333333,0.31,0.076
"B",50,"blk1",1971,0.253333333333333,0.526666666666667,0.188,0.444
"B",50,"blk1",1972,0.02,0.106666666666667,0.02,0.11
"B",50,"blk1",1973,0.793333333333333,0.553333333333333,0.778,0.562
"B",50,"blk1",1974,0.0733333333333333,0.58,0.072,0.564
"B",50,"blk1",1975,0.893333333333333,0.44,0.874,0.43
"B",50,"blk1",1976,0.193333333333333,0.866666666666667,0.162,0.874
"B",50,"blk1",1977,0.193333333333333,0.453333333333333,0.186,0.402
"B",50,"blk1",1978,0.733333333333333,0.36,0.766,0.382
"B",50,"blk1",1979,0.133333333333333,0.926666666666667,0.13,0.922
"B",50,"blk1",1980,0.766666666666667,0.64,0.732,0.576
"B",50,"blk1",1981,0.12,0.186666666666667,0.112,0.182
"B",50,"blk1",1982,0.166666666666667,0.26,0.186,0.222
"B",50,"blk1",1983,0.946666666666667,0.7,0.936,0.74
"B",50,"blk1",1984,0.193333333333333,0.693333333333333,0.284,0.684
"B",50,"blk1",1985,0.32,0.16,0.314,0.204
"B",50,"blk1",1986,0.0866666666666667,0.7,0.09,0.69
"B",50,"blk1",1987,0.266666666666667,0.0733333333333333,0.212,0.04
"B",50,"blk1",1988,0.82,0.933333333333333,0.858,0.942
"B",50,"blk1",1989,0.7,0.64,0.698,0.656
"B",50,"blk1",1990,0.76,0.76,0.748,0.744
"B",50,"blk1",1991,0.46,0.893333333333333,0.418,0.884
"B",50,"blk1",1992,0.36,0.0666666666666667,0.384,0.068
"B",50,"blk1",1993,0.68,0.333333333333333,0.698,0.358
"B",50,"blk1",1994,0.24,0.293333333333333,0.22,0.296
"B",50,"blk1",1995,0.00666666666666667,0.32,0.006,0.266
"B",50,"blk1",1996,0.613333333333333,0.96,0.616,0.946
"B",50,"blk1",1997,0.273333333333333,0.86,0.242,0.83
"B",50,"blk1",1998,0.293333333333333,0.466666666666667,0.358,0.498
"B",50,"blk1",1999,0.633333333333333,0.853333333333333,0.618,0.856
"B",50,"blk1",2000,0.54,0.506666666666667,0.52,0.544
"B",50,"blk2",1,0.54,0.893333333333333,0.51,0.886
"B",50,"blk2",2,0.9,0.586666666666667,0.896,0.584
"B",50,"blk2",3,0.313333333333333,0.54,0.31,0.522
"B",50,"blk2",4,0.966666666666667,0.62,0.964,0.608
"B",50,"blk2",5,0.386666666666667,0.126666666666667,0.328,0.14
"B",50,"blk2",6,0.866666666666667,0.946666666666667,0.798,0.936
"B",50,"blk2",7,0.44,0.486666666666667,0.434,0.518
"B",50,"blk2",8,0.02,0.573333333333333,0.018,0.586
"B",50,"blk2",9,0.193333333333333,0.986666666666667,0.198,0.982
"B",50,"blk2",10,0.0133333333333333,0.00666666666666667,0.006,0.002
"B",50,"blk2",11,0.72,0.746666666666667,0.734,0.764
"B",50,"blk2",12,0.473333333333333,0.393333333333333,0.456,0.402
"B",50,"blk2",13,0.746666666666667,0.493333333333333,0.754,0.462
"B",50,"blk2",14,0.933333333333333,0.533333333333333,0.96,0.524
"B",50,"blk2",15,0.06,0.246666666666667,0.056,0.218
"B",50,"blk2",16,0.46,0.486666666666667,0.494,0.488
"B",50,"blk2",17,0.72,0.946666666666667,0.644,0.94
"B",50,"blk2",18,0.68,0.473333333333333,0.722,0.47
"B",50,"blk2",19,0.1,0.6,0.084,0.504
"B",50,"blk2",20,0.773333333333333,0.906666666666667,0.756,0.904
"B",50,"blk2",21,0.42,0.353333333333333,0.426,0.378
"B",50,"blk2",22,0.26,0.12,0.234,0.116
"B",50,"blk2",23,0.206666666666667,0.74,0.166,0.758
"B",50,"blk2",24,0.18,0.22,0.158,0.172
"B",50,"blk2",25,0.38,0.806666666666667,0.392,0.848
"B",50,"blk2",26,0.393333333333333,0.186666666666667,0.388,0.164
"B",50,"blk2",27,0.826666666666667,0.6,0.808,0.56
"B",50,"blk2",28,0.433333333333333,0.573333333333333,0.428,0.602
"B",50,"blk2",29,0.7,0.186666666666667,0.682,0.18
"B",50,"blk2",30,0.0866666666666667,0.2,0.088,0.216
"B",50,"blk2",31,0.806666666666667,0.68,0.79,0.766
"B",50,"blk2",32,0.24,0.18,0.286,0.236
"B",50,"blk2",33,0.0866666666666667,0.546666666666667,0.112,0.572
"B",50,"blk2",34,0.653333333333333,0.573333333333333,0.644,0.534
"B",50,"blk2",35,0.0133333333333333,0.1,0.006,0.098
"B",50,"blk2",36,0.0866666666666667,0.28,0.062,0.282
"B",50,"blk2",37,0.86,0.706666666666667,0.874,0.768
"B",50,"blk2",38,0.366666666666667,0.353333333333333,0.372,0.36
"B",50,"blk2",39,0.426666666666667,0.313333333333333,0.436,0.358
"B",50,"blk2",40,0.00666666666666667,0.00666666666666667,0.002,0.002
"B",50,"blk2",41,0.213333333333333,0.42,0.228,0.372
"B",50,"blk2",42,0.273333333333333,0.293333333333333,0.262,0.328
"B",50,"blk2",43,0.94,0.973333333333333,0.918,0.978
"B",50,"blk2",44,0.566666666666667,0.3,0.508,0.232
"B",50,"blk2",45,0.346666666666667,0.773333333333333,0.364,0.806
"B",50,"blk2",46,0.146666666666667,0.213333333333333,0.168,0.23
"B",50,"blk2",47,0.413333333333333,0.76,0.428,0.764
"B",50,"blk2",48,0.766666666666667,0.666666666666667,0.758,0.638
"B",50,"blk2",49,0.473333333333333,0.526666666666667,0.498,0.48
"B",50,"blk2",50,0.893333333333333,0.986666666666667,0.912,0.974
"B",50,"blk2",51,0.8,0.66,0.84,0.7
"B",50,"blk2",52,0.7,0.786666666666667,0.732,0.752
"B",50,"blk2",53,0.76,0.826666666666667,0.76,0.834
"B",50,"blk2",54,0.226666666666667,0.786666666666667,0.208,0.786
"B",50,"blk2",55,0.84,0.78,0.832,0.776
"B",50,"blk2",56,0.933333333333333,0.52,0.918,0.486
"B",50,"blk2",57,0.02,0.513333333333333,0.024,0.574
"B",50,"blk2",58,0.7,0.246666666666667,0.654,0.234
"B",50,"blk2",59,0.44,0.966666666666667,0.446,0.95
"B",50,"blk2",60,0.34,0.233333333333333,0.332,0.234
"B",50,"blk2",61,0.213333333333333,0.4,0.156,0.392
"B",50,"blk2",62,0.9,0.806666666666667,0.894,0.81
"B",50,"blk2",63,0.113333333333333,0.166666666666667,0.104,0.164
"B",50,"blk2",64,0.56,0.166666666666667,0.528,0.158
"B",50,"blk2",65,0.493333333333333,0.0666666666666667,0.488,0.056
"B",50,"blk2",66,0.98,0.946666666666667,0.986,0.964
"B",50,"blk2",67,0.486666666666667,0.573333333333333,0.522,0.696
"B",50,"blk2",68,0.0133333333333333,0.00666666666666667,0.01,0.006
"B",50,"blk2",69,0.98,0.64,0.964,0.648
"B",50,"blk2",70,0.986666666666667,0.966666666666667,0.988,0.958
"B",50,"blk2",71,0.393333333333333,0.633333333333333,0.402,0.636
"B",50,"blk2",72,0.626666666666667,0.453333333333333,0.56,0.45
"B",50,"blk2",73,0.773333333333333,0.693333333333333,0.766,0.71
"B",50,"blk2",74,0.24,0.733333333333333,0.238,0.742
"B",50,"blk2",75,0.433333333333333,0.613333333333333,0.418,0.578
"B",50,"blk2",76,0.426666666666667,0.946666666666667,0.384,0.948
"B",50,"blk2",77,0.453333333333333,0.986666666666667,0.422,0.976
"B",50,"blk2",78,0.986666666666667,0.893333333333333,0.992,0.876
"B",50,"blk2",79,0.76,0.506666666666667,0.764,0.546
"B",50,"blk2",80,0.526666666666667,0.486666666666667,0.58,0.554
"B",50,"blk2",81,0.0333333333333333,0.393333333333333,0.022,0.384
"B",50,"blk2",82,0.866666666666667,0.733333333333333,0.838,0.692
"B",50,"blk2",83,0.493333333333333,0.566666666666667,0.454,0.596
"B",50,"blk2",84,0.853333333333333,0.953333333333333,0.846,0.944
"B",50,"blk2",85,0.16,0.226666666666667,0.188,0.252
"B",50,"blk2",86,0.52,0.92,0.484,0.91
"B",50,"blk2",87,0.08,0.253333333333333,0.092,0.258
"B",50,"blk2",88,0.106666666666667,0.153333333333333,0.138,0.2
"B",50,"blk2",89,0.906666666666667,0.453333333333333,0.918,0.478
"B",50,"blk2",90,0.833333333333333,0.793333333333333,0.824,0.782
"B",50,"blk2",91,0.773333333333333,0.98,0.738,0.976
"B",50,"blk2",92,0.393333333333333,0.96,0.362,0.968
"B",50,"blk2",93,0.12,0.513333333333333,0.106,0.504
"B",50,"blk2",94,0.6,0.466666666666667,0.586,0.448
"B",50,"blk2",95,0.633333333333333,0.273333333333333,0.644,0.25
"B",50,"blk2",96,1,0.953333333333333,0.998,0.95
"B",50,"blk2",97,0.06,0.76,0.072,0.746
"B",50,"blk2",98,0.0866666666666667,0.26,0.074,0.248
"B",50,"blk2",99,0.393333333333333,0.693333333333333,0.4,0.682
"B",50,"blk2",100,0.913333333333333,0.973333333333333,0.912,0.966
"B",50,"blk2",101,0.46,0.98,0.458,0.958
"B",50,"blk2",102,0.213333333333333,0.213333333333333,0.264,0.206
"B",50,"blk2",103,0.186666666666667,0.793333333333333,0.222,0.78
"B",50,"blk2",104,0.0933333333333333,0.24,0.052,0.216
"B",50,"blk2",105,0.68,0.993333333333333,0.652,0.99
"B",50,"blk2",106,0.886666666666667,0.653333333333333,0.856,0.63
"B",50,"blk2",107,0.68,0.353333333333333,0.688,0.356
"B",50,"blk2",108,0.26,0.106666666666667,0.25,0.1
"B",50,"blk2",109,0.6,0.38,0.59,0.35
"B",50,"blk2",110,0.573333333333333,0.913333333333333,0.626,0.888
"B",50,"blk2",111,0.593333333333333,0.786666666666667,0.632,0.796
"B",50,"blk2",112,0.366666666666667,0.4,0.35,0.422
"B",50,"blk2",113,0.26,0.173333333333333,0.28,0.174
"B",50,"blk2",114,0.253333333333333,0.513333333333333,0.246,0.542
"B",50,"blk2",115,0.16,0.2,0.192,0.248
"B",50,"blk2",116,0.953333333333333,0.666666666666667,0.96,0.676
"B",50,"blk2",117,0.18,0.386666666666667,0.156,0.412
"B",50,"blk2",118,0.0733333333333333,0.58,0.07,0.59
"B",50,"blk2",119,0.38,0.26,0.352,0.27
"B",50,"blk2",120,0.88,0.82,0.878,0.852
"B",50,"blk2",121,0.12,0.266666666666667,0.138,0.268
"B",50,"blk2",122,0.346666666666667,0.993333333333333,0.27,0.996
"B",50,"blk2",123,0.22,0.433333333333333,0.234,0.402
"B",50,"blk2",124,0.713333333333333,0.433333333333333,0.674,0.448
"B",50,"blk2",125,0.446666666666667,1,0.478,0.998
"B",50,"blk2",126,0.0866666666666667,0.393333333333333,0.07,0.456
"B",50,"blk2",127,0.02,0.0133333333333333,0.014,0.008
"B",50,"blk2",128,0.0733333333333333,0.153333333333333,0.094,0.184
"B",50,"blk2",129,0.6,0.746666666666667,0.6,0.742
"B",50,"blk2",130,0.646666666666667,0.886666666666667,0.638,0.872
"B",50,"blk2",131,0.46,0.42,0.496,0.48
"B",50,"blk2",132,0.493333333333333,0.193333333333333,0.48,0.226
"B",50,"blk2",133,0.92,0.78,0.898,0.794
"B",50,"blk2",134,0.273333333333333,0.846666666666667,0.284,0.844
"B",50,"blk2",135,0.913333333333333,0.42,0.906,0.43
"B",50,"blk2",136,0.753333333333333,0.94,0.73,0.958
"B",50,"blk2",137,0.22,0.233333333333333,0.208,0.264
"B",50,"blk2",138,0.126666666666667,0.08,0.13,0.1
"B",50,"blk2",139,0.946666666666667,0.54,0.958,0.62
"B",50,"blk2",140,0.433333333333333,0.766666666666667,0.418,0.726
"B",50,"blk2",141,0.733333333333333,0.426666666666667,0.756,0.45
"B",50,"blk2",142,0.64,0.16,0.628,0.126
"B",50,"blk2",143,0.0466666666666667,0.18,0.042,0.176
"B",50,"blk2",144,0.34,0.466666666666667,0.364,0.448
"B",50,"blk2",145,0.24,0.273333333333333,0.292,0.3
"B",50,"blk2",146,0.133333333333333,0.946666666666667,0.154,0.968
"B",50,"blk2",147,0.18,0.686666666666667,0.158,0.676
"B",50,"blk2",148,0.626666666666667,0.353333333333333,0.642,0.406
"B",50,"blk2",149,0.413333333333333,0.36,0.374,0.328
"B",50,"blk2",150,0.486666666666667,0.266666666666667,0.52,0.238
"B",50,"blk2",151,0.54,0.186666666666667,0.504,0.166
"B",50,"blk2",152,0.94,0.586666666666667,0.932,0.562
"B",50,"blk2",153,0.16,0.24,0.174,0.288
"B",50,"blk2",154,0.52,0.606666666666667,0.494,0.612
"B",50,"blk2",155,0.02,0.246666666666667,0.006,0.238
"B",50,"blk2",156,0.06,0.966666666666667,0.058,0.986
"B",50,"blk2",157,0.18,0.133333333333333,0.15,0.132
"B",50,"blk2",158,0.513333333333333,0.833333333333333,0.504,0.828
"B",50,"blk2",159,0.6,0.6,0.59,0.62
"B",50,"blk2",160,0.12,0.366666666666667,0.13,0.382
"B",50,"blk2",161,0.66,0.813333333333333,0.648,0.872
"B",50,"blk2",162,0.673333333333333,0.926666666666667,0.642,0.894
"B",50,"blk2",163,0.846666666666667,0.74,0.854,0.716
"B",50,"blk2",164,0.626666666666667,0.366666666666667,0.626,0.344
"B",50,"blk2",165,0.48,0.0866666666666667,0.506,0.084
"B",50,"blk2",166,0.02,0.0133333333333333,0.02,0.006
"B",50,"blk2",167,0.38,0.1,0.408,0.138
"B",50,"blk2",168,0.306666666666667,0.32,0.288,0.364
"B",50,"blk2",169,0.0533333333333333,0.0533333333333333,0.034,0.038
"B",50,"blk2",170,0.64,0.84,0.636,0.84
"B",50,"blk2",171,0.0333333333333333,0.0533333333333333,0.03,0.038
"B",50,"blk2",172,0.946666666666667,0.66,0.942,0.674
"B",50,"blk2",173,0.873333333333333,0.593333333333333,0.908,0.618
"B",50,"blk2",174,0.8,0.82,0.808,0.798
"B",50,"blk2",175,0.793333333333333,0.813333333333333,0.796,0.844
"B",50,"blk2",176,0.953333333333333,0.626666666666667,0.924,0.56
"B",50,"blk2",177,0.813333333333333,0.646666666666667,0.818,0.666
"B",50,"blk2",178,0.32,0.833333333333333,0.324,0.896
"B",50,"blk2",179,0.88,0.88,0.858,0.864
"B",50,"blk2",180,0.0533333333333333,0.133333333333333,0.044,0.12
"B",50,"blk2",181,0.0733333333333333,0.806666666666667,0.062,0.812
"B",50,"blk2",182,0.393333333333333,0.213333333333333,0.328,0.194
"B",50,"blk2",183,0.346666666666667,0.126666666666667,0.33,0.124
"B",50,"blk2",184,0.693333333333333,0.84,0.694,0.848
"B",50,"blk2",185,0.28,0.346666666666667,0.236,0.306
"B",50,"blk2",186,0.00666666666666667,0.00666666666666667,0.002,0.002
"B",50,"blk2",187,0.626666666666667,0.626666666666667,0.58,0.572
"B",50,"blk2",188,0.166666666666667,0.293333333333333,0.164,0.264
"B",50,"blk2",189,0.446666666666667,0.286666666666667,0.448,0.308
"B",50,"blk2",190,0.0733333333333333,0.446666666666667,0.096,0.476
"B",50,"blk2",191,0.373333333333333,0.613333333333333,0.344,0.62
"B",50,"blk2",192,0.0533333333333333,0.04,0.052,0.018
"B",50,"blk2",193,0.273333333333333,0.446666666666667,0.286,0.438
"B",50,"blk2",194,0.173333333333333,0.14,0.166,0.128
"B",50,"blk2",195,0.14,0.0733333333333333,0.128,0.054
"B",50,"blk2",196,0.286666666666667,0.326666666666667,0.228,0.306
"B",50,"blk2",197,0.6,0.473333333333333,0.608,0.548
"B",50,"blk2",198,0.786666666666667,0.68,0.814,0.662
"B",50,"blk2",199,0.693333333333333,0.853333333333333,0.684,0.894
"B",50,"blk2",200,0.0666666666666667,0.02,0.064,0.036
"B",50,"blk2",201,0.593333333333333,0.826666666666667,0.58,0.802
"B",50,"blk2",202,0.693333333333333,0.693333333333333,0.67,0.666
"B",50,"blk2",203,0.86,0.906666666666667,0.866,0.886
"B",50,"blk2",204,0.0666666666666667,0.0466666666666667,0.078,0.032
"B",50,"blk2",205,0.106666666666667,0.04,0.082,0.038
"B",50,"blk2",206,0.286666666666667,0.28,0.262,0.29
"B",50,"blk2",207,0.86,1,0.856,0.996
"B",50,"blk2",208,0.14,0.533333333333333,0.094,0.558
"B",50,"blk2",209,0.32,0.913333333333333,0.346,0.908
"B",50,"blk2",210,0.786666666666667,0.146666666666667,0.754,0.166
"B",50,"blk2",211,0.286666666666667,0.7,0.286,0.638
"B",50,"blk2",212,0.473333333333333,0.666666666666667,0.458,0.654
"B",50,"blk2",213,0.953333333333333,0.613333333333333,0.966,0.656
"B",50,"blk2",214,0.0466666666666667,0.1,0.034,0.068
"B",50,"blk2",215,0.646666666666667,0.653333333333333,0.628,0.632
"B",50,"blk2",216,0.186666666666667,0.306666666666667,0.222,0.308
"B",50,"blk2",217,0.58,0.993333333333333,0.556,0.996
"B",50,"blk2",218,0.606666666666667,0.606666666666667,0.62,0.626
"B",50,"blk2",219,0.82,0.386666666666667,0.806,0.422
"B",50,"blk2",220,0.426666666666667,0.14,0.396,0.092
"B",50,"blk2",221,0.926666666666667,1,0.932,0.996
"B",50,"blk2",222,0.3,0.313333333333333,0.302,0.284
"B",50,"blk2",223,0.72,0.453333333333333,0.676,0.452
"B",50,"blk2",224,0.753333333333333,0.88,0.758,0.86
"B",50,"blk2",225,0.493333333333333,0.146666666666667,0.538,0.17
"B",50,"blk2",226,0.2,0.246666666666667,0.226,0.278
"B",50,"blk2",227,0.313333333333333,0.3,0.334,0.35
"B",50,"blk2",228,0.213333333333333,0.253333333333333,0.222,0.226
"B",50,"blk2",229,0.84,0.846666666666667,0.79,0.816
"B",50,"blk2",230,0.0466666666666667,0.113333333333333,0.034,0.09
"B",50,"blk2",231,0.32,0.253333333333333,0.312,0.246
"B",50,"blk2",232,0.733333333333333,0.493333333333333,0.744,0.504
"B",50,"blk2",233,0.913333333333333,0.82,0.932,0.788
"B",50,"blk2",234,0.64,0.4,0.652,0.37
"B",50,"blk2",235,0.946666666666667,0.773333333333333,0.92,0.736
"B",50,"blk2",236,0.913333333333333,0.92,0.926,0.928
"B",50,"blk2",237,0.513333333333333,0.753333333333333,0.444,0.756
"B",50,"blk2",238,0.526666666666667,0.813333333333333,0.458,0.77
"B",50,"blk2",239,0.0866666666666667,0.36,0.092,0.302
"B",50,"blk2",240,0.56,0.0933333333333333,0.52,0.114
"B",50,"blk2",241,0.76,0.66,0.78,0.628
"B",50,"blk2",242,0.186666666666667,0.506666666666667,0.184,0.512
"B",50,"blk2",243,0.366666666666667,0.826666666666667,0.398,0.8
"B",50,"blk2",244,0.12,0.766666666666667,0.154,0.788
"B",50,"blk2",245,0.5,0.413333333333333,0.498,0.37
"B",50,"blk2",246,0.7,0.7,0.688,0.696
"B",50,"blk2",247,0.333333333333333,0.466666666666667,0.348,0.438
"B",50,"blk2",248,0.626666666666667,0.873333333333333,0.674,0.868
"B",50,"blk2",249,0.2,0.633333333333333,0.164,0.636
"B",50,"blk2",250,0.213333333333333,0.973333333333333,0.228,0.968
"B",50,"blk2",251,0.353333333333333,0.353333333333333,0.334,0.352
"B",50,"blk2",252,0.38,0.293333333333333,0.37,0.274
"B",50,"blk2",253,0.0933333333333333,0.14,0.088,0.126
"B",50,"blk2",254,0.22,0.54,0.218,0.52
"B",50,"blk2",255,0.966666666666667,1,0.96,1
"B",50,"blk2",256,0.266666666666667,0.333333333333333,0.24,0.386
"B",50,"blk2",257,0.733333333333333,0.486666666666667,0.758,0.494
"B",50,"blk2",258,0.48,0.44,0.478,0.434
"B",50,"blk2",259,0.4,0.853333333333333,0.44,0.856
"B",50,"blk2",260,0.12,0.386666666666667,0.108,0.316
"B",50,"blk2",261,0.0666666666666667,0.96,0.086,0.964
"B",50,"blk2",262,0.586666666666667,0.793333333333333,0.602,0.802
"B",50,"blk2",263,0.853333333333333,0.46,0.852,0.49
"B",50,"blk2",264,0.126666666666667,0.16,0.118,0.132
"B",50,"blk2",265,0.0466666666666667,0.08,0.054,0.06
"B",50,"blk2",266,0.2,0.98,0.186,0.96
"B",50,"blk2",267,0.606666666666667,0.646666666666667,0.616,0.688
"B",50,"blk2",268,0.366666666666667,0.4,0.366,0.368
"B",50,"blk2",269,0.153333333333333,0.826666666666667,0.144,0.804
"B",50,"blk2",270,0.213333333333333,0.18,0.26,0.222
"B",50,"blk2",271,0.426666666666667,0.146666666666667,0.466,0.15
"B",50,"blk2",272,0.02,0.813333333333333,0.012,0.738
"B",50,"blk2",273,0.846666666666667,0.973333333333333,0.848,0.96
"B",50,"blk2",274,0.0333333333333333,0.293333333333333,0.048,0.308
"B",50,"blk2",275,0.0133333333333333,0.0733333333333333,0.004,0.09
"B",50,"blk2",276,0.246666666666667,0.18,0.2,0.136
"B",50,"blk2",277,0.893333333333333,0.726666666666667,0.87,0.722
"B",50,"blk2",278,0.353333333333333,0.226666666666667,0.35,0.208
"B",50,"blk2",279,0.0666666666666667,0.126666666666667,0.074,0.142
"B",50,"blk2",280,0.986666666666667,0.8,0.982,0.826
"B",50,"blk2",281,0.873333333333333,0.926666666666667,0.91,0.93
"B",50,"blk2",282,0.873333333333333,0.573333333333333,0.834,0.534
"B",50,"blk2",283,0.0666666666666667,0.0333333333333333,0.048,0.02
"B",50,"blk2",284,0.546666666666667,0.646666666666667,0.504,0.634
"B",50,"blk2",285,0.34,0.966666666666667,0.288,0.964
"B",50,"blk2",286,0.293333333333333,0.12,0.288,0.08
"B",50,"blk2",287,0.566666666666667,0.48,0.554,0.5
"B",50,"blk2",288,0.673333333333333,0.673333333333333,0.638,0.66
"B",50,"blk2",289,0.36,0.52,0.35,0.522
"B",50,"blk2",290,0.793333333333333,0.94,0.836,0.94
"B",50,"blk2",291,0.62,0.94,0.55,0.892
"B",50,"blk2",292,0.1,0.04,0.114,0.036
"B",50,"blk2",293,0.12,0.26,0.112,0.244
"B",50,"blk2",294,0.233333333333333,0.0466666666666667,0.188,0.024
"B",50,"blk2",295,0.64,0.473333333333333,0.664,0.538
"B",50,"blk2",296,0.673333333333333,0.7,0.61,0.604
"B",50,"blk2",297,0.826666666666667,0.84,0.834,0.804
"B",50,"blk2",298,0.52,0.193333333333333,0.528,0.23
"B",50,"blk2",299,0.2,0.373333333333333,0.228,0.376
"B",50,"blk2",300,0.3,0.96,0.25,0.966
"B",50,"blk2",301,0.24,0.213333333333333,0.216,0.22
"B",50,"blk2",302,0.36,0.146666666666667,0.378,0.152
"B",50,"blk2",303,0.566666666666667,0.786666666666667,0.55,0.792
"B",50,"blk2",304,0.46,0.133333333333333,0.446,0.154
"B",50,"blk2",305,0.753333333333333,0.693333333333333,0.73,0.674
"B",50,"blk2",306,0.813333333333333,0.953333333333333,0.83,0.956
"B",50,"blk2",307,0.773333333333333,0.833333333333333,0.822,0.834
"B",50,"blk2",308,0.56,0.746666666666667,0.548,0.76
"B",50,"blk2",309,0.566666666666667,0.506666666666667,0.61,0.496
"B",50,"blk2",310,0.893333333333333,0.986666666666667,0.898,0.982
"B",50,"blk2",311,0.1,0.133333333333333,0.1,0.158
"B",50,"blk2",312,0.786666666666667,0.566666666666667,0.744,0.532
"B",50,"blk2",313,0.793333333333333,0.426666666666667,0.788,0.442
"B",50,"blk2",314,0.933333333333333,0.846666666666667,0.916,0.83
"B",50,"blk2",315,0.106666666666667,0.18,0.17,0.162
"B",50,"blk2",316,0.16,0.0266666666666667,0.142,0.026
"B",50,"blk2",317,0.306666666666667,0.14,0.338,0.178
"B",50,"blk2",318,0.126666666666667,0.206666666666667,0.124,0.194
"B",50,"blk2",319,0.0866666666666667,0.0266666666666667,0.084,0.024
"B",50,"blk2",320,0.286666666666667,0.993333333333333,0.354,0.988
"B",50,"blk2",321,0.76,0.313333333333333,0.678,0.354
"B",50,"blk2",322,0.64,0.44,0.63,0.482
"B",50,"blk2",323,0.206666666666667,0.0533333333333333,0.228,0.088
"B",50,"blk2",324,0.613333333333333,0.74,0.608,0.722
"B",50,"blk2",325,0.346666666666667,0.22,0.296,0.198
"B",50,"blk2",326,0.106666666666667,0.673333333333333,0.102,0.602
"B",50,"blk2",327,0.986666666666667,0.773333333333333,0.992,0.772
"B",50,"blk2",328,0.66,0.32,0.71,0.278
"B",50,"blk2",329,0.06,0.846666666666667,0.052,0.874
"B",50,"blk2",330,0.393333333333333,0.0666666666666667,0.392,0.074
"B",50,"blk2",331,0.653333333333333,0.693333333333333,0.672,0.67
"B",50,"blk2",332,0.72,0.646666666666667,0.752,0.67
"B",50,"blk2",333,0.0533333333333333,0.32,0.056,0.344
"B",50,"blk2",334,0.246666666666667,0.08,0.226,0.074
"B",50,"blk2",335,0.0866666666666667,0.0266666666666667,0.114,0.022
"B",50,"blk2",336,0.1,0.573333333333333,0.08,0.596
"B",50,"blk2",337,0.726666666666667,0.973333333333333,0.716,0.932
"B",50,"blk2",338,0.373333333333333,0.96,0.392,0.978
"B",50,"blk2",339,0.686666666666667,0.586666666666667,0.672,0.572
"B",50,"blk2",340,0.3,0.18,0.316,0.156
"B",50,"blk2",341,0.346666666666667,0.113333333333333,0.326,0.106
"B",50,"blk2",342,0.0466666666666667,0.146666666666667,0.04,0.166
"B",50,"blk2",343,0.893333333333333,0.6,0.852,0.568
"B",50,"blk2",344,0.78,0.906666666666667,0.776,0.908
"B",50,"blk2",345,0.606666666666667,0.306666666666667,0.592,0.31
"B",50,"blk2",346,0.806666666666667,0.36,0.822,0.372
"B",50,"blk2",347,0.22,0.533333333333333,0.296,0.582
"B",50,"blk2",348,0.68,0.446666666666667,0.68,0.426
"B",50,"blk2",349,0.926666666666667,0.893333333333333,0.922,0.858
"B",50,"blk2",350,0.6,0.533333333333333,0.498,0.496
"B",50,"blk2",351,0.286666666666667,0.58,0.252,0.546
"B",50,"blk2",352,0.246666666666667,0.413333333333333,0.236,0.412
"B",50,"blk2",353,0.42,0.96,0.398,0.978
"B",50,"blk2",354,0.373333333333333,0.64,0.332,0.614
"B",50,"blk2",355,0.753333333333333,0.846666666666667,0.746,0.838
"B",50,"blk2",356,0.0733333333333333,0.0466666666666667,0.048,0.032
"B",50,"blk2",357,0.08,0.54,0.084,0.55
"B",50,"blk2",358,0.986666666666667,0.726666666666667,0.978,0.726
"B",50,"blk2",359,0.233333333333333,0.86,0.222,0.854
"B",50,"blk2",360,0.0133333333333333,0.00666666666666667,0.028,0.01
"B",50,"blk2",361,0.686666666666667,0.966666666666667,0.706,0.962
"B",50,"blk2",362,0.36,0.88,0.316,0.846
"B",50,"blk2",363,0.106666666666667,0.00666666666666667,0.116,0.008
"B",50,"blk2",364,0.373333333333333,0.86,0.404,0.864
"B",50,"blk2",365,0.166666666666667,0.14,0.17,0.142
"B",50,"blk2",366,0.646666666666667,0.6,0.624,0.57
"B",50,"blk2",367,0.12,0.233333333333333,0.108,0.188
"B",50,"blk2",368,0.233333333333333,0.486666666666667,0.234,0.506
"B",50,"blk2",369,0.86,0.673333333333333,0.84,0.662
"B",50,"blk2",370,0.02,0.18,0.016,0.146
"B",50,"blk2",371,0.0733333333333333,0.153333333333333,0.076,0.13
"B",50,"blk2",372,0.886666666666667,0.546666666666667,0.884,0.528
"B",50,"blk2",373,0.833333333333333,0.76,0.838,0.774
"B",50,"blk2",374,0.82,0.38,0.784,0.358
"B",50,"blk2",375,0.06,0.906666666666667,0.048,0.88
"B",50,"blk2",376,0.893333333333333,0.966666666666667,0.89,0.924
"B",50,"blk2",377,0.286666666666667,0.0666666666666667,0.302,0.08
"B",50,"blk2",378,0.133333333333333,0.0266666666666667,0.122,0.016
"B",50,"blk2",379,0.673333333333333,0.813333333333333,0.668,0.8
"B",50,"blk2",380,0.266666666666667,0.253333333333333,0.248,0.238
"B",50,"blk2",381,0.16,0.593333333333333,0.17,0.562
"B",50,"blk2",382,0.24,0.413333333333333,0.182,0.42
"B",50,"blk2",383,0.48,0.866666666666667,0.422,0.87
"B",50,"blk2",384,0.386666666666667,0.713333333333333,0.41,0.688
"B",50,"blk2",385,0.913333333333333,0.973333333333333,0.888,0.976
"B",50,"blk2",386,0.173333333333333,0.686666666666667,0.164,0.718
"B",50,"blk2",387,0.0733333333333333,0.393333333333333,0.074,0.382
"B",50,"blk2",388,0.466666666666667,0.14,0.434,0.11
"B",50,"blk2",389,0.506666666666667,0.526666666666667,0.49,0.546
"B",50,"blk2",390,0.08,0.193333333333333,0.072,0.182
"B",50,"blk2",391,0.266666666666667,0.313333333333333,0.252,0.338
"B",50,"blk2",392,0.273333333333333,0.893333333333333,0.252,0.898
"B",50,"blk2",393,0.766666666666667,0.986666666666667,0.816,0.988
"B",50,"blk2",394,0.346666666666667,0.52,0.306,0.494
"B",50,"blk2",395,0.82,0.666666666666667,0.804,0.686
"B",50,"blk2",396,0.38,0.78,0.39,0.81
"B",50,"blk2",397,0.306666666666667,0.326666666666667,0.318,0.308
"B",50,"blk2",398,0.506666666666667,0.54,0.496,0.522
"B",50,"blk2",399,0.893333333333333,0.893333333333333,0.878,0.898
"B",50,"blk2",400,0.326666666666667,0.286666666666667,0.316,0.262
"B",50,"blk2",401,0.486666666666667,0.493333333333333,0.482,0.484
"B",50,"blk2",402,0.446666666666667,0.16,0.426,0.138
"B",50,"blk2",403,0.613333333333333,0.746666666666667,0.616,0.762
"B",50,"blk2",404,0.84,0.406666666666667,0.838,0.428
"B",50,"blk2",405,0.62,0.873333333333333,0.59,0.838
"B",50,"blk2",406,0.0466666666666667,0.666666666666667,0.042,0.688
"B",50,"blk2",407,0.126666666666667,0.16,0.136,0.17
"B",50,"blk2",408,0.286666666666667,0.406666666666667,0.316,0.374
"B",50,"blk2",409,0.606666666666667,0.5,0.584,0.446
"B",50,"blk2",410,0.226666666666667,0.713333333333333,0.206,0.73
"B",50,"blk2",411,0.08,0.233333333333333,0.072,0.214
"B",50,"blk2",412,0.386666666666667,0.866666666666667,0.42,0.882
"B",50,"blk2",413,0.32,0.12,0.316,0.118
"B",50,"blk2",414,1,0.766666666666667,0.998,0.71
"B",50,"blk2",415,0.726666666666667,0.96,0.7,0.96
"B",50,"blk2",416,0.833333333333333,0.5,0.838,0.528
"B",50,"blk2",417,0.38,0.24,0.402,0.234
"B",50,"blk2",418,0.0866666666666667,0.693333333333333,0.1,0.67
"B",50,"blk2",419,0.346666666666667,0.306666666666667,0.364,0.266
"B",50,"blk2",420,0.44,0.66,0.436,0.676
"B",50,"blk2",421,0.793333333333333,0.94,0.8,0.946
"B",50,"blk2",422,0.786666666666667,0.366666666666667,0.808,0.374
"B",50,"blk2",423,0.646666666666667,0.726666666666667,0.64,0.746
"B",50,"blk2",424,0.973333333333333,0.753333333333333,0.96,0.81
"B",50,"blk2",425,0.193333333333333,0.966666666666667,0.158,0.97
"B",50,"blk2",426,0.673333333333333,0.946666666666667,0.612,0.936
"B",50,"blk2",427,0.68,0.96,0.642,0.966
"B",50,"blk2",428,0.966666666666667,0.893333333333333,0.954,0.878
"B",50,"blk2",429,0.0733333333333333,0.266666666666667,0.042,0.264
"B",50,"blk2",430,0.626666666666667,0.733333333333333,0.606,0.74
"B",50,"blk2",431,0.946666666666667,0.806666666666667,0.936,0.79
"B",50,"blk2",432,0.686666666666667,0.433333333333333,0.646,0.402
"B",50,"blk2",433,0.846666666666667,0.646666666666667,0.822,0.618
"B",50,"blk2",434,0.573333333333333,0.573333333333333,0.598,0.564
"B",50,"blk2",435,0.373333333333333,0.453333333333333,0.374,0.412
"B",50,"blk2",436,0.62,0.426666666666667,0.606,0.426
"B",50,"blk2",437,0.413333333333333,0.26,0.42,0.224
"B",50,"blk2",438,0.953333333333333,0.78,0.944,0.756
"B",50,"blk2",439,0.533333333333333,0.413333333333333,0.476,0.384
"B",50,"blk2",440,0.633333333333333,0.566666666666667,0.624,0.584
"B",50,"blk2",441,0.866666666666667,0.693333333333333,0.892,0.698
"B",50,"blk2",442,0.973333333333333,0.906666666666667,0.972,0.892
"B",50,"blk2",443,0.826666666666667,0.5,0.854,0.502
"B",50,"blk2",444,0.72,0.92,0.746,0.948
"B",50,"blk2",445,0.473333333333333,0.94,0.468,0.956
"B",50,"blk2",446,0.273333333333333,0.926666666666667,0.278,0.902
"B",50,"blk2",447,0.106666666666667,0.406666666666667,0.138,0.378
"B",50,"blk2",448,0.00666666666666667,0.00666666666666667,0.004,0.002
"B",50,"blk2",449,0.633333333333333,0.453333333333333,0.592,0.374
"B",50,"blk2",450,0.44,0.793333333333333,0.38,0.794
"B",50,"blk2",451,0.126666666666667,0.493333333333333,0.134,0.454
"B",50,"blk2",452,0.786666666666667,0.62,0.76,0.612
"B",50,"blk2",453,0.8,0.873333333333333,0.846,0.88
"B",50,"blk2",454,0.773333333333333,0.486666666666667,0.764,0.496
"B",50,"blk2",455,0.846666666666667,0.933333333333333,0.772,0.926
"B",50,"blk2",456,0.146666666666667,0.193333333333333,0.198,0.182
"B",50,"blk2",457,0.753333333333333,1,0.798,0.988
"B",50,"blk2",458,0.833333333333333,0.84,0.852,0.874
"B",50,"blk2",459,0.00666666666666667,0.0933333333333333,0.004,0.094
"B",50,"blk2",460,0.106666666666667,0.306666666666667,0.106,0.294
"B",50,"blk2",461,0.906666666666667,0.933333333333333,0.896,0.944
"B",50,"blk2",462,0.64,0.966666666666667,0.622,0.976
"B",50,"blk2",463,0.28,0.42,0.224,0.424
"B",50,"blk2",464,0.766666666666667,0.866666666666667,0.814,0.878
"B",50,"blk2",465,0.106666666666667,0.0333333333333333,0.052,0.022
"B",50,"blk2",466,0.0333333333333333,0.0133333333333333,0.064,0.024
"B",50,"blk2",467,0.173333333333333,0.72,0.212,0.714
"B",50,"blk2",468,0.106666666666667,0.826666666666667,0.112,0.808
"B",50,"blk2",469,0.286666666666667,0.46,0.266,0.448
"B",50,"blk2",470,0.46,0.833333333333333,0.406,0.858
"B",50,"blk2",471,0.906666666666667,0.673333333333333,0.922,0.692
"B",50,"blk2",472,1,0.893333333333333,1,0.884
"B",50,"blk2",473,0.0266666666666667,0.0333333333333333,0.018,0.03
"B",50,"blk2",474,0.913333333333333,0.733333333333333,0.924,0.726
"B",50,"blk2",475,0.64,0.0933333333333333,0.6,0.094
"B",50,"blk2",476,0.306666666666667,0.146666666666667,0.266,0.104
"B",50,"blk2",477,0.22,0.873333333333333,0.208,0.818
"B",50,"blk2",478,0.653333333333333,0.453333333333333,0.658,0.472
"B",50,"blk2",479,0.366666666666667,0.773333333333333,0.338,0.762
"B",50,"blk2",480,0.866666666666667,0.52,0.838,0.486
"B",50,"blk2",481,0.28,0.12,0.24,0.12
"B",50,"blk2",482,0.293333333333333,0.693333333333333,0.264,0.708
"B",50,"blk2",483,0.76,0.573333333333333,0.762,0.574
"B",50,"blk2",484,0.4,0.966666666666667,0.368,0.968
"B",50,"blk2",485,0.593333333333333,0.266666666666667,0.546,0.256
"B",50,"blk2",486,0.733333333333333,0.706666666666667,0.73,0.726
"B",50,"blk2",487,0.666666666666667,0.8,0.662,0.858
"B",50,"blk2",488,0.873333333333333,0.893333333333333,0.856,0.898
"B",50,"blk2",489,0.366666666666667,0.74,0.412,0.742
"B",50,"blk2",490,0.62,0.733333333333333,0.572,0.742
"B",50,"blk2",491,0.36,0.986666666666667,0.376,0.992
"B",50,"blk2",492,0.206666666666667,0.413333333333333,0.186,0.346
"B",50,"blk2",493,0.153333333333333,0.0733333333333333,0.2,0.086
"B",50,"blk2",494,0.46,0.913333333333333,0.458,0.934
"B",50,"blk2",495,0.353333333333333,0.486666666666667,0.42,0.508
"B",50,"blk2",496,0.00666666666666667,0.16,0.004,0.15
"B",50,"blk2",497,0.72,0.94,0.724,0.958
"B",50,"blk2",498,0.633333333333333,0.686666666666667,0.65,0.656
"B",50,"blk2",499,0.326666666666667,0.593333333333333,0.33,0.604
"B",50,"blk2",500,0.0933333333333333,0.346666666666667,0.13,0.358
"B",50,"blk2",501,0.166666666666667,0.0466666666666667,0.184,0.056
"B",50,"blk2",502,0.18,0.3,0.166,0.288
"B",50,"blk2",503,0.533333333333333,0.193333333333333,0.562,0.2
"B",50,"blk2",504,0.666666666666667,0.993333333333333,0.652,0.994
"B",50,"blk2",505,0.0666666666666667,0.0866666666666667,0.05,0.088
"B",50,"blk2",506,0.893333333333333,0.953333333333333,0.88,0.956
"B",50,"blk2",507,0.166666666666667,0.246666666666667,0.166,0.224
"B",50,"blk2",508,0.22,0.586666666666667,0.224,0.562
"B",50,"blk2",509,0.713333333333333,0.38,0.746,0.344
"B",50,"blk2",510,0.146666666666667,0.72,0.118,0.71
"B",50,"blk2",511,0.94,0.606666666666667,0.958,0.66
"B",50,"blk2",512,0.02,0.906666666666667,0.01,0.932
"B",50,"blk2",513,0.173333333333333,0.0733333333333333,0.142,0.062
"B",50,"blk2",514,0.0266666666666667,0.1,0.014,0.094
"B",50,"blk2",515,0.0666666666666667,0.02,0.09,0.044
"B",50,"blk2",516,0.113333333333333,0.693333333333333,0.088,0.748
"B",50,"blk2",517,0.98,0.633333333333333,0.974,0.668
"B",50,"blk2",518,0.366666666666667,0.98,0.386,0.974
"B",50,"blk2",519,0.82,0.96,0.85,0.944
"B",50,"blk2",520,0.84,0.76,0.822,0.758
"B",50,"blk2",521,0.94,0.42,0.9,0.408
"B",50,"blk2",522,0.806666666666667,0.853333333333333,0.82,0.862
"B",50,"blk2",523,0.886666666666667,1,0.878,0.994
"B",50,"blk2",524,0.573333333333333,0.566666666666667,0.598,0.58
"B",50,"blk2",525,0.04,0.886666666666667,0.056,0.906
"B",50,"blk2",526,0.426666666666667,0.946666666666667,0.39,0.914
"B",50,"blk2",527,0.146666666666667,0.9,0.138,0.894
"B",50,"blk2",528,0.3,0.513333333333333,0.332,0.534
"B",50,"blk2",529,0.78,0.54,0.832,0.566
"B",50,"blk2",530,0.513333333333333,0.5,0.554,0.506
"B",50,"blk2",531,0.0866666666666667,0.9,0.102,0.87
"B",50,"blk2",532,0.353333333333333,0.353333333333333,0.38,0.3
"B",50,"blk2",533,0.226666666666667,0.166666666666667,0.228,0.16
"B",50,"blk2",534,0.146666666666667,0.313333333333333,0.138,0.3
"B",50,"blk2",535,0.253333333333333,0.253333333333333,0.264,0.24
"B",50,"blk2",536,0.84,0.966666666666667,0.838,0.974
"B",50,"blk2",537,0.0133333333333333,0.0266666666666667,0.01,0.034
"B",50,"blk2",538,0.293333333333333,0.16,0.302,0.21
"B",50,"blk2",539,0.0866666666666667,0.04,0.1,0.032
"B",50,"blk2",540,0.62,0.4,0.624,0.472
"B",50,"blk2",541,0.48,0.726666666666667,0.434,0.632
"B",50,"blk2",542,0.266666666666667,0.726666666666667,0.324,0.796
"B",50,"blk2",543,0.533333333333333,0.186666666666667,0.57,0.17
"B",50,"blk2",544,0.593333333333333,0.44,0.644,0.504
"B",50,"blk2",545,0.653333333333333,1,0.702,0.996
"B",50,"blk2",546,0.653333333333333,0.473333333333333,0.684,0.5
"B",50,"blk2",547,0.753333333333333,0.466666666666667,0.754,0.518
"B",50,"blk2",548,0.666666666666667,0.573333333333333,0.662,0.5
"B",50,"blk2",549,0.393333333333333,0.493333333333333,0.414,0.514
"B",50,"blk2",550,0.52,0.433333333333333,0.472,0.422
"B",50,"blk2",551,0.453333333333333,0.813333333333333,0.424,0.794
"B",50,"blk2",552,0.00666666666666667,0.706666666666667,0.006,0.666
"B",50,"blk2",553,0.193333333333333,0.0866666666666667,0.2,0.064
"B",50,"blk2",554,0.36,0.106666666666667,0.37,0.102
"B",50,"blk2",555,0.833333333333333,0.74,0.836,0.726
"B",50,"blk2",556,0.36,0.06,0.368,0.076
"B",50,"blk2",557,0.5,0.673333333333333,0.48,0.686
"B",50,"blk2",558,0.966666666666667,0.926666666666667,0.962,0.94
"B",50,"blk2",559,0.553333333333333,0.253333333333333,0.596,0.252
"B",50,"blk2",560,0.14,0.593333333333333,0.13,0.596
"B",50,"blk2",561,0.286666666666667,0.306666666666667,0.302,0.344
"B",50,"blk2",562,0.38,0.26,0.366,0.27
"B",50,"blk2",563,0.753333333333333,0.62,0.772,0.626
"B",50,"blk2",564,0.293333333333333,0.386666666666667,0.31,0.374
"B",50,"blk2",565,0.246666666666667,0.0666666666666667,0.266,0.066
"B",50,"blk2",566,0.126666666666667,0.86,0.13,0.864
"B",50,"blk2",567,0.28,0.0866666666666667,0.274,0.068
"B",50,"blk2",568,0.453333333333333,0.233333333333333,0.496,0.238
"B",50,"blk2",569,0.386666666666667,0.353333333333333,0.442,0.376
"B",50,"blk2",570,0.853333333333333,0.54,0.804,0.49
"B",50,"blk2",571,0.173333333333333,0.0866666666666667,0.17,0.056
"B",50,"blk2",572,0.146666666666667,0.866666666666667,0.17,0.852
"B",50,"blk2",573,0.693333333333333,0.773333333333333,0.68,0.772
"B",50,"blk2",574,0.213333333333333,0.206666666666667,0.212,0.204
"B",50,"blk2",575,0.706666666666667,0.946666666666667,0.75,0.928
"B",50,"blk2",576,0.833333333333333,0.386666666666667,0.796,0.302
"B",50,"blk2",577,0.706666666666667,0.86,0.718,0.84
"B",50,"blk2",578,0.773333333333333,0.993333333333333,0.768,0.996
"B",50,"blk2",579,0.1,0.0133333333333333,0.11,0.016
"B",50,"blk2",580,0.146666666666667,0.406666666666667,0.164,0.444
"B",50,"blk2",581,0.08,0.593333333333333,0.064,0.63
"B",50,"blk2",582,0.84,0.733333333333333,0.842,0.728
"B",50,"blk2",583,0.673333333333333,0.426666666666667,0.684,0.406
"B",50,"blk2",584,0.0133333333333333,0.04,0.006,0.028
"B",50,"blk2",585,0.333333333333333,0.953333333333333,0.284,0.952
"B",50,"blk2",586,0.133333333333333,0.126666666666667,0.108,0.136
"B",50,"blk2",587,0.6,0.42,0.536,0.408
"B",50,"blk2",588,0.26,0.266666666666667,0.278,0.262
"B",50,"blk2",589,0.0733333333333333,0.04,0.062,0.018
"B",50,"blk2",590,0.793333333333333,0.58,0.792,0.572
"B",50,"blk2",591,0.906666666666667,0.933333333333333,0.92,0.936
"B",50,"blk2",592,0.526666666666667,0.246666666666667,0.498,0.21
"B",50,"blk2",593,0.653333333333333,0.793333333333333,0.626,0.778
"B",50,"blk2",594,0.766666666666667,0.973333333333333,0.808,0.97
"B",50,"blk2",595,0.133333333333333,0.653333333333333,0.138,0.698
"B",50,"blk2",596,0.453333333333333,0.133333333333333,0.4,0.124
"B",50,"blk2",597,0.0933333333333333,0.806666666666667,0.114,0.782
"B",50,"blk2",598,0.0933333333333333,0.313333333333333,0.09,0.348
"B",50,"blk2",599,0.6,0.333333333333333,0.616,0.368
"B",50,"blk2",600,0.346666666666667,0.513333333333333,0.342,0.438
"B",50,"blk2",601,0.04,0.92,0.068,0.912
"B",50,"blk2",602,0.12,0.0266666666666667,0.098,0.026
"B",50,"blk2",603,0.726666666666667,0.746666666666667,0.664,0.694
"B",50,"blk2",604,0.973333333333333,0.933333333333333,0.962,0.92
"B",50,"blk2",605,0.273333333333333,0.98,0.33,0.982
"B",50,"blk2",606,0.06,0.12,0.048,0.1
"B",50,"blk2",607,0.606666666666667,0.76,0.652,0.782
"B",50,"blk2",608,0.273333333333333,0.92,0.268,0.916
"B",50,"blk2",609,0.2,0.0933333333333333,0.168,0.086
"B",50,"blk2",610,0.74,0.613333333333333,0.738,0.584
"B",50,"blk2",611,0.12,0.173333333333333,0.1,0.18
"B",50,"blk2",612,0.273333333333333,0.153333333333333,0.256,0.164
"B",50,"blk2",613,0.98,0.94,0.96,0.958
"B",50,"blk2",614,0.733333333333333,0.666666666666667,0.666,0.642
"B",50,"blk2",615,0.8,0.386666666666667,0.782,0.418
"B",50,"blk2",616,0.98,0.86,0.974,0.846
"B",50,"blk2",617,0.12,0.106666666666667,0.114,0.086
"B",50,"blk2",618,0.22,0.56,0.19,0.578
"B",50,"blk2",619,0.173333333333333,0.0533333333333333,0.188,0.078
"B",50,"blk2",620,0.0666666666666667,0.46,0.08,0.504
"B",50,"blk2",621,0.366666666666667,0.44,0.364,0.424
"B",50,"blk2",622,0.98,0.593333333333333,0.976,0.666
"B",50,"blk2",623,0.646666666666667,0.68,0.652,0.648
"B",50,"blk2",624,0.26,0.166666666666667,0.264,0.168
"B",50,"blk2",625,0.24,0.00666666666666667,0.212,0.022
"B",50,"blk2",626,0.666666666666667,0.24,0.64,0.236
"B",50,"blk2",627,0.0266666666666667,0.00666666666666667,0.012,0.004
"B",50,"blk2",628,0.926666666666667,0.48,0.89,0.462
"B",50,"blk2",629,0.26,0.226666666666667,0.266,0.214
"B",50,"blk2",630,0.52,0.666666666666667,0.566,0.672
"B",50,"blk2",631,0.04,0.0666666666666667,0.042,0.078
"B",50,"blk2",632,0.64,0.553333333333333,0.616,0.558
"B",50,"blk2",633,0.64,0.526666666666667,0.608,0.528
"B",50,"blk2",634,0.386666666666667,0.566666666666667,0.374,0.566
"B",50,"blk2",635,0.54,0.38,0.51,0.354
"B",50,"blk2",636,0.06,0.306666666666667,0.092,0.316
"B",50,"blk2",637,0.266666666666667,0.0466666666666667,0.258,0.032
"B",50,"blk2",638,0.186666666666667,0.873333333333333,0.168,0.86
"B",50,"blk2",639,0.633333333333333,0.973333333333333,0.644,0.976
"B",50,"blk2",640,0.82,0.586666666666667,0.794,0.534
"B",50,"blk2",641,0.986666666666667,0.866666666666667,0.98,0.888
"B",50,"blk2",642,0.153333333333333,0.273333333333333,0.17,0.29
"B",50,"blk2",643,0.713333333333333,0.353333333333333,0.69,0.398
"B",50,"blk2",644,0.133333333333333,0.76,0.128,0.74
"B",50,"blk2",645,0.526666666666667,0.933333333333333,0.57,0.924
"B",50,"blk2",646,0.86,0.526666666666667,0.888,0.546
"B",50,"blk2",647,0.0733333333333333,0.02,0.082,0.008
"B",50,"blk2",648,0.94,0.793333333333333,0.926,0.768
"B",50,"blk2",649,0.606666666666667,0.766666666666667,0.648,0.816
"B",50,"blk2",650,0.133333333333333,0.0133333333333333,0.094,0.026
"B",50,"blk2",651,0.213333333333333,0.186666666666667,0.204,0.2
"B",50,"blk2",652,0.626666666666667,0.526666666666667,0.602,0.518
"B",50,"blk2",653,0.526666666666667,0.32,0.528,0.314
"B",50,"blk2",654,0.26,0.68,0.244,0.656
"B",50,"blk2",655,0.06,0.526666666666667,0.08,0.532
"B",50,"blk2",656,0.206666666666667,0.766666666666667,0.172,0.768
"B",50,"blk2",657,0.6,0.62,0.59,0.69
"B",50,"blk2",658,0.313333333333333,0.526666666666667,0.314,0.516
"B",50,"blk2",659,0.46,0.813333333333333,0.434,0.852
"B",50,"blk2",660,0.973333333333333,0.566666666666667,0.976,0.578
"B",50,"blk2",661,0.306666666666667,0.533333333333333,0.276,0.55
"B",50,"blk2",662,0.12,0.26,0.094,0.33
"B",50,"blk2",663,0.0333333333333333,0.02,0.072,0.018
"B",50,"blk2",664,0.98,0.886666666666667,0.968,0.892
"B",50,"blk2",665,0.673333333333333,0.9,0.712,0.932
"B",50,"blk2",666,0.42,0.146666666666667,0.406,0.164
"B",50,"blk2",667,0.84,0.813333333333333,0.826,0.836
"B",50,"blk2",668,0.513333333333333,0.9,0.52,0.874
"B",50,"blk2",669,0.0533333333333333,0.0266666666666667,0.046,0.024
"B",50,"blk2",670,0.166666666666667,0.56,0.162,0.598
"B",50,"blk2",671,0.493333333333333,0.46,0.518,0.512
"B",50,"blk2",672,0.986666666666667,0.973333333333333,0.99,0.954
"B",50,"blk2",673,0.633333333333333,0.426666666666667,0.642,0.448
"B",50,"blk2",674,0.886666666666667,0.873333333333333,0.892,0.872
"B",50,"blk2",675,0.126666666666667,0.113333333333333,0.132,0.12
"B",50,"blk2",676,0.42,0.72,0.426,0.738
"B",50,"blk2",677,0.82,0.46,0.83,0.41
"B",50,"blk2",678,0.34,0.653333333333333,0.31,0.622
"B",50,"blk2",679,0.486666666666667,0.146666666666667,0.484,0.162
"B",50,"blk2",680,0.653333333333333,0.613333333333333,0.648,0.592
"B",50,"blk2",681,0.813333333333333,0.746666666666667,0.844,0.762
"B",50,"blk2",682,0.1,0.313333333333333,0.128,0.316
"B",50,"blk2",683,0.64,0.913333333333333,0.662,0.908
"B",50,"blk2",684,0.166666666666667,0.293333333333333,0.184,0.266
"B",50,"blk2",685,0.906666666666667,0.653333333333333,0.936,0.684
"B",50,"blk2",686,0.233333333333333,0.113333333333333,0.248,0.156
"B",50,"blk2",687,0.606666666666667,0.713333333333333,0.602,0.662
"B",50,"blk2",688,0.473333333333333,0.406666666666667,0.462,0.352
"B",50,"blk2",689,0.0266666666666667,0.7,0.022,0.71
"B",50,"blk2",690,0.06,0.693333333333333,0.044,0.654
"B",50,"blk2",691,0.346666666666667,0.466666666666667,0.394,0.504
"B",50,"blk2",692,0.806666666666667,0.966666666666667,0.818,0.978
"B",50,"blk2",693,0.24,0.993333333333333,0.226,0.954
"B",50,"blk2",694,0.273333333333333,0.34,0.264,0.336
"B",50,"blk2",695,0.193333333333333,0.286666666666667,0.236,0.306
"B",50,"blk2",696,0.166666666666667,0.2,0.168,0.186
"B",50,"blk2",697,0.273333333333333,0.146666666666667,0.27,0.146
"B",50,"blk2",698,0.213333333333333,0.646666666666667,0.214,0.628
"B",50,"blk2",699,0.56,0.713333333333333,0.584,0.722
"B",50,"blk2",700,0.38,0.153333333333333,0.418,0.174
"B",50,"blk2",701,0.873333333333333,0.96,0.86,0.95
"B",50,"blk2",702,0.74,0.733333333333333,0.762,0.77
"B",50,"blk2",703,0.493333333333333,0.533333333333333,0.518,0.538
"B",50,"blk2",704,0.373333333333333,0.846666666666667,0.356,0.828
"B",50,"blk2",705,0.84,0.906666666666667,0.862,0.9
"B",50,"blk2",706,0.126666666666667,0.113333333333333,0.136,0.1
"B",50,"blk2",707,0.846666666666667,0.926666666666667,0.852,0.944
"B",50,"blk2",708,0.466666666666667,0.433333333333333,0.414,0.434
"B",50,"blk2",709,0.4,0.593333333333333,0.432,0.596
"B",50,"blk2",710,0.666666666666667,0.98,0.616,0.956
"B",50,"blk2",711,0.58,0.906666666666667,0.636,0.93
"B",50,"blk2",712,0.286666666666667,0.886666666666667,0.314,0.892
"B",50,"blk2",713,0.0133333333333333,0.186666666666667,0.012,0.176
"B",50,"blk2",714,0.853333333333333,0.686666666666667,0.87,0.716
"B",50,"blk2",715,0.68,0.673333333333333,0.678,0.674
"B",50,"blk2",716,0.946666666666667,0.966666666666667,0.936,0.966
"B",50,"blk2",717,0.773333333333333,0.973333333333333,0.74,0.964
"B",50,"blk2",718,0.0466666666666667,0.426666666666667,0.046,0.462
"B",50,"blk2",719,0.353333333333333,0.766666666666667,0.314,0.758
"B",50,"blk2",720,0.646666666666667,0.46,0.672,0.478
"B",50,"blk2",721,0.7,0.853333333333333,0.696,0.834
"B",50,"blk2",722,0.926666666666667,0.593333333333333,0.924,0.592
"B",50,"blk2",723,0.26,0.16,0.298,0.148
"B",50,"blk2",724,0.106666666666667,0.0133333333333333,0.098,0.022
"B",50,"blk2",725,0.26,0.2,0.246,0.194
"B",50,"blk2",726,0.82,0.6,0.834,0.644
"B",50,"blk2",727,0.26,0.12,0.192,0.112
"B",50,"blk2",728,0.28,0.893333333333333,0.284,0.896
"B",50,"blk2",729,0.793333333333333,0.226666666666667,0.75,0.236
"B",50,"blk2",730,0.746666666666667,0.58,0.728,0.586
"B",50,"blk2",731,0.36,0.826666666666667,0.374,0.808
"B",50,"blk2",732,0.68,0.866666666666667,0.664,0.882
"B",50,"blk2",733,0.606666666666667,0.113333333333333,0.554,0.092
"B",50,"blk2",734,0.54,0.413333333333333,0.552,0.478
"B",50,"blk2",735,0.153333333333333,0.72,0.148,0.728
"B",50,"blk2",736,0.986666666666667,0.666666666666667,0.976,0.658
"B",50,"blk2",737,0.68,0.846666666666667,0.676,0.838
"B",50,"blk2",738,0.133333333333333,0.24,0.174,0.198
"B",50,"blk2",739,0.806666666666667,0.613333333333333,0.816,0.638
"B",50,"blk2",740,0.646666666666667,0.286666666666667,0.62,0.298
"B",50,"blk2",741,0.706666666666667,0.606666666666667,0.704,0.584
"B",50,"blk2",742,0.0466666666666667,0.04,0.026,0.094
"B",50,"blk2",743,0.246666666666667,0.673333333333333,0.248,0.634
"B",50,"blk2",744,0.78,0.433333333333333,0.744,0.442
"B",50,"blk2",745,0.593333333333333,0.633333333333333,0.604,0.624
"B",50,"blk2",746,0.613333333333333,0.12,0.616,0.144
"B",50,"blk2",747,0.746666666666667,0.353333333333333,0.758,0.406
"B",50,"blk2",748,0.04,0.48,0.042,0.486
"B",50,"blk2",749,0.88,0.753333333333333,0.908,0.754
"B",50,"blk2",750,0.62,0.726666666666667,0.61,0.712
"B",50,"blk2",751,0.38,0.253333333333333,0.464,0.266
"B",50,"blk2",752,0.0733333333333333,0.00666666666666667,0.056,0.004
"B",50,"blk2",753,0.56,0.966666666666667,0.534,0.95
"B",50,"blk2",754,0.906666666666667,0.526666666666667,0.932,0.588
"B",50,"blk2",755,0.933333333333333,0.986666666666667,0.952,0.986
"B",50,"blk2",756,0.613333333333333,0.32,0.61,0.288
"B",50,"blk2",757,0.666666666666667,0.866666666666667,0.69,0.89
"B",50,"blk2",758,0.666666666666667,0.786666666666667,0.696,0.752
"B",50,"blk2",759,0.113333333333333,0.32,0.138,0.302
"B",50,"blk2",760,0.186666666666667,0.78,0.194,0.776
"B",50,"blk2",761,0.986666666666667,0.946666666666667,0.982,0.96
"B",50,"blk2",762,0.66,0.94,0.678,0.922
"B",50,"blk2",763,0.0533333333333333,0.7,0.058,0.686
"B",50,"blk2",764,0.6,0.706666666666667,0.594,0.7
"B",50,"blk2",765,0.306666666666667,0.566666666666667,0.228,0.584
"B",50,"blk2",766,0.166666666666667,0.16,0.162,0.156
"B",50,"blk2",767,0.893333333333333,0.506666666666667,0.902,0.542
"B",50,"blk2",768,0.606666666666667,0.573333333333333,0.584,0.54
"B",50,"blk2",769,0.593333333333333,0.533333333333333,0.61,0.576
"B",50,"blk2",770,0.426666666666667,0.813333333333333,0.414,0.814
"B",50,"blk2",771,0.893333333333333,0.973333333333333,0.92,0.98
"B",50,"blk2",772,0.58,0.64,0.526,0.632
"B",50,"blk2",773,0.193333333333333,0.533333333333333,0.19,0.52
"B",50,"blk2",774,0.666666666666667,0.453333333333333,0.648,0.404
"B",50,"blk2",775,0.306666666666667,0.273333333333333,0.268,0.242
"B",50,"blk2",776,0.1,0.333333333333333,0.118,0.368
"B",50,"blk2",777,0.3,0.986666666666667,0.286,0.982
"B",50,"blk2",778,0.12,0.446666666666667,0.096,0.432
"B",50,"blk2",779,0.226666666666667,0.333333333333333,0.234,0.392
"B",50,"blk2",780,0.953333333333333,0.693333333333333,0.944,0.72
"B",50,"blk2",781,0.706666666666667,0.926666666666667,0.614,0.908
"B",50,"blk2",782,0.546666666666667,0.886666666666667,0.524,0.89
"B",50,"blk2",783,0.726666666666667,0.953333333333333,0.754,0.918
"B",50,"blk2",784,0.153333333333333,0.526666666666667,0.152,0.482
"B",50,"blk2",785,0.64,0.18,0.636,0.184
"B",50,"blk2",786,0.973333333333333,0.933333333333333,0.98,0.942
"B",50,"blk2",787,0.806666666666667,0.426666666666667,0.858,0.5
"B",50,"blk2",788,0.546666666666667,0.36,0.538,0.316
"B",50,"blk2",789,0.34,0.88,0.364,0.828
"B",50,"blk2",790,0.56,0.32,0.512,0.312
"B",50,"blk2",791,0.82,0.866666666666667,0.836,0.858
"B",50,"blk2",792,0.586666666666667,0.9,0.564,0.858
"B",50,"blk2",793,0.473333333333333,0.56,0.446,0.538
"B",50,"blk2",794,0.533333333333333,0.92,0.478,0.928
"B",50,"blk2",795,0.52,0.94,0.494,0.938
"B",50,"blk2",796,0.4,0.44,0.312,0.438
"B",50,"blk2",797,0.0933333333333333,0.813333333333333,0.134,0.82
"B",50,"blk2",798,0.526666666666667,0.606666666666667,0.546,0.586
"B",50,"blk2",799,0.22,0.48,0.216,0.452
"B",50,"blk2",800,0.14,0.253333333333333,0.134,0.226
"B",50,"blk2",801,0.453333333333333,0.786666666666667,0.484,0.772
"B",50,"blk2",802,0.173333333333333,0.14,0.162,0.144
"B",50,"blk2",803,0.7,0.9,0.694,0.876
"B",50,"blk2",804,0.4,0.573333333333333,0.348,0.524
"B",50,"blk2",805,0.186666666666667,0.206666666666667,0.186,0.196
"B",50,"blk2",806,0.213333333333333,0.633333333333333,0.182,0.604
"B",50,"blk2",807,0.206666666666667,0.32,0.21,0.3
"B",50,"blk2",808,0.786666666666667,0.52,0.764,0.526
"B",50,"blk2",809,0.0133333333333333,0.0466666666666667,0.012,0.046
"B",50,"blk2",810,0.726666666666667,0.48,0.722,0.46
"B",50,"blk2",811,0.666666666666667,0.526666666666667,0.654,0.528
"B",50,"blk2",812,0.88,0.96,0.916,0.974
"B",50,"blk2",813,0.0466666666666667,0.753333333333333,0.064,0.758
"B",50,"blk2",814,0.8,0.646666666666667,0.832,0.696
"B",50,"blk2",815,0.713333333333333,0.386666666666667,0.662,0.38
"B",50,"blk2",816,0.713333333333333,0.96,0.66,0.95
"B",50,"blk2",817,0.686666666666667,0.246666666666667,0.654,0.24
"B",50,"blk2",818,0.78,0.873333333333333,0.71,0.898
"B",50,"blk2",819,0.213333333333333,0.2,0.23,0.214
"B",50,"blk2",820,0.48,0.286666666666667,0.418,0.29
"B",50,"blk2",821,0.08,0.173333333333333,0.068,0.16
"B",50,"blk2",822,0.08,0.933333333333333,0.086,0.93
"B",50,"blk2",823,0.126666666666667,0.08,0.12,0.06
"B",50,"blk2",824,0.946666666666667,0.86,0.924,0.85
"B",50,"blk2",825,0.726666666666667,0.926666666666667,0.76,0.948
"B",50,"blk2",826,0.86,0.786666666666667,0.85,0.79
"B",50,"blk2",827,0.513333333333333,0.746666666666667,0.524,0.736
"B",50,"blk2",828,0.1,0.106666666666667,0.082,0.094
"B",50,"blk2",829,0.92,0.946666666666667,0.928,0.958
"B",50,"blk2",830,0.933333333333333,0.64,0.928,0.702
"B",50,"blk2",831,0.68,0.746666666666667,0.626,0.75
"B",50,"blk2",832,0.153333333333333,0.113333333333333,0.112,0.102
"B",50,"blk2",833,0.693333333333333,0.906666666666667,0.748,0.93
"B",50,"blk2",834,0.293333333333333,0.94,0.312,0.934
"B",50,"blk2",835,0.746666666666667,0.506666666666667,0.78,0.538
"B",50,"blk2",836,0.113333333333333,0.693333333333333,0.102,0.654
"B",50,"blk2",837,0.953333333333333,0.953333333333333,0.942,0.93
"B",50,"blk2",838,0.0666666666666667,0.466666666666667,0.074,0.488
"B",50,"blk2",839,0.213333333333333,0.38,0.286,0.446
"B",50,"blk2",840,0.32,0.0733333333333333,0.31,0.062
"B",50,"blk2",841,0.686666666666667,0.366666666666667,0.706,0.354
"B",50,"blk2",842,0.426666666666667,0.653333333333333,0.414,0.77
"B",50,"blk2",843,0.653333333333333,0.846666666666667,0.704,0.858
"B",50,"blk2",844,0.633333333333333,0.366666666666667,0.616,0.382
"B",50,"blk2",845,0.8,0.726666666666667,0.802,0.738
"B",50,"blk2",846,0.44,0.28,0.476,0.314
"B",50,"blk2",847,0.38,0.693333333333333,0.442,0.688
"B",50,"blk2",848,0.02,0.993333333333333,0.022,0.996
"B",50,"blk2",849,0.833333333333333,0.406666666666667,0.806,0.39
"B",50,"blk2",850,0.28,0.0533333333333333,0.25,0.04
"B",50,"blk2",851,0.513333333333333,0.686666666666667,0.536,0.732
"B",50,"blk2",852,0.493333333333333,0.473333333333333,0.472,0.424
"B",50,"blk2",853,0.693333333333333,0.46,0.734,0.446
"B",50,"blk2",854,0.68,0.786666666666667,0.674,0.814
"B",50,"blk2",855,0.986666666666667,0.68,0.98,0.692
"B",50,"blk2",856,0.606666666666667,0.36,0.532,0.3
"B",50,"blk2",857,0.126666666666667,0.906666666666667,0.094,0.894
"B",50,"blk2",858,0.0733333333333333,0.7,0.09,0.712
"B",50,"blk2",859,0.253333333333333,0.866666666666667,0.266,0.886
"B",50,"blk2",860,0.06,0.0133333333333333,0.064,0.01
"B",50,"blk2",861,0.513333333333333,0.693333333333333,0.53,0.696
"B",50,"blk2",862,0.586666666666667,1,0.57,0.994
"B",50,"blk2",863,0.293333333333333,0.873333333333333,0.26,0.876
"B",50,"blk2",864,0.14,0.926666666666667,0.118,0.936
"B",50,"blk2",865,0.126666666666667,0.306666666666667,0.102,0.312
"B",50,"blk2",866,0.406666666666667,0.526666666666667,0.354,0.47
"B",50,"blk2",867,0.746666666666667,0.82,0.78,0.814
"B",50,"blk2",868,0.306666666666667,0.46,0.26,0.478
"B",50,"blk2",869,0.0933333333333333,0.46,0.108,0.498
"B",50,"blk2",870,0.8,0.606666666666667,0.816,0.562
"B",50,"blk2",871,0.826666666666667,0.88,0.818,0.898
"B",50,"blk2",872,0.88,0.646666666666667,0.924,0.708
"B",50,"blk2",873,0.133333333333333,0.553333333333333,0.138,0.542
"B",50,"blk2",874,0.993333333333333,0.746666666666667,0.994,0.724
"B",50,"blk2",875,0.586666666666667,0.726666666666667,0.562,0.704
"B",50,"blk2",876,0.7,0.86,0.676,0.85
"B",50,"blk2",877,0.153333333333333,0.946666666666667,0.134,0.958
"B",50,"blk2",878,0.88,0.613333333333333,0.894,0.606
"B",50,"blk2",879,0.6,0.633333333333333,0.606,0.676
"B",50,"blk2",880,0.473333333333333,0.166666666666667,0.488,0.224
"B",50,"blk2",881,0.226666666666667,0.78,0.222,0.75
"B",50,"blk2",882,0.0333333333333333,0.306666666666667,0.06,0.3
"B",50,"blk2",883,0.633333333333333,0.846666666666667,0.634,0.854
"B",50,"blk2",884,0.226666666666667,0.2,0.196,0.214
"B",50,"blk2",885,0.553333333333333,0.92,0.51,0.908
"B",50,"blk2",886,0.906666666666667,0.5,0.944,0.496
"B",50,"blk2",887,0.326666666666667,0.246666666666667,0.326,0.298
"B",50,"blk2",888,0.166666666666667,0.713333333333333,0.172,0.706
"B",50,"blk2",889,0.34,0.266666666666667,0.342,0.272
"B",50,"blk2",890,0.0933333333333333,0.06,0.104,0.066
"B",50,"blk2",891,0.126666666666667,0.173333333333333,0.11,0.14
"B",50,"blk2",892,0.0666666666666667,0.526666666666667,0.08,0.59
"B",50,"blk2",893,0.366666666666667,0.266666666666667,0.334,0.324
"B",50,"blk2",894,0.88,0.766666666666667,0.87,0.732
"B",50,"blk2",895,0.56,0.246666666666667,0.574,0.288
"B",50,"blk2",896,0.793333333333333,0.566666666666667,0.774,0.588
"B",50,"blk2",897,0.986666666666667,0.74,0.988,0.71
"B",50,"blk2",898,0.866666666666667,0.98,0.886,0.992
"B",50,"blk2",899,0.72,0.226666666666667,0.732,0.252
"B",50,"blk2",900,0.92,0.573333333333333,0.914,0.55
"B",50,"blk2",901,0.173333333333333,0.986666666666667,0.188,0.972
"B",50,"blk2",902,0.506666666666667,0.186666666666667,0.544,0.16
"B",50,"blk2",903,0.34,0.413333333333333,0.316,0.386
"B",50,"blk2",904,0.193333333333333,0.873333333333333,0.228,0.88
"B",50,"blk2",905,0.613333333333333,0.673333333333333,0.6,0.646
"B",50,"blk2",906,0.266666666666667,0.9,0.262,0.932
"B",50,"blk2",907,0.473333333333333,0.5,0.468,0.468
"B",50,"blk2",908,0.82,0.786666666666667,0.804,0.766
"B",50,"blk2",909,0.0466666666666667,0.953333333333333,0.064,0.95
"B",50,"blk2",910,0.973333333333333,0.546666666666667,0.95,0.536
"B",50,"blk2",911,0.48,0.24,0.472,0.236
"B",50,"blk2",912,0.893333333333333,0.946666666666667,0.922,0.942
"B",50,"blk2",913,0.433333333333333,0.573333333333333,0.466,0.644
"B",50,"blk2",914,0.1,0.02,0.096,0.022
"B",50,"blk2",915,0.266666666666667,0.886666666666667,0.238,0.858
"B",50,"blk2",916,0.786666666666667,0.773333333333333,0.8,0.794
"B",50,"blk2",917,0.68,0.446666666666667,0.654,0.428
"B",50,"blk2",918,0.393333333333333,0.886666666666667,0.406,0.904
"B",50,"blk2",919,0.0333333333333333,0.853333333333333,0.02,0.848
"B",50,"blk2",920,0.96,0.833333333333333,0.948,0.824
"B",50,"blk2",921,0.366666666666667,0.586666666666667,0.348,0.602
"B",50,"blk2",922,0.74,0.48,0.714,0.46
"B",50,"blk2",923,0.96,0.993333333333333,0.95,0.99
"B",50,"blk2",924,0.173333333333333,0.726666666666667,0.15,0.748
"B",50,"blk2",925,0.553333333333333,0.92,0.542,0.904
"B",50,"blk2",926,0.16,0.833333333333333,0.148,0.798
"B",50,"blk2",927,0.0133333333333333,0.00666666666666667,0.006,0.002
"B",50,"blk2",928,0.26,0.3,0.242,0.278
"B",50,"blk2",929,0.44,0.886666666666667,0.446,0.894
"B",50,"blk2",930,0.346666666666667,0.273333333333333,0.344,0.238
"B",50,"blk2",931,0.133333333333333,0.146666666666667,0.168,0.16
"B",50,"blk2",932,0.606666666666667,0.706666666666667,0.568,0.716
"B",50,"blk2",933,0.646666666666667,0.34,0.646,0.378
"B",50,"blk2",934,1,0.98,1,0.988
"B",50,"blk2",935,0.7,0.52,0.666,0.5
"B",50,"blk2",936,0.32,0.813333333333333,0.294,0.866
"B",50,"blk2",937,0.566666666666667,0.313333333333333,0.62,0.31
"B",50,"blk2",938,0.573333333333333,0.546666666666667,0.578,0.582
"B",50,"blk2",939,0.226666666666667,0.0933333333333333,0.202,0.09
"B",50,"blk2",940,0.02,0.126666666666667,0.028,0.172
"B",50,"blk2",941,0.593333333333333,0.526666666666667,0.606,0.536
"B",50,"blk2",942,0.453333333333333,0.346666666666667,0.428,0.35
"B",50,"blk2",943,0.88,0.646666666666667,0.882,0.648
"B",50,"blk2",944,0.526666666666667,0.44,0.5,0.442
"B",50,"blk2",945,0.333333333333333,0.793333333333333,0.372,0.798
"B",50,"blk2",946,0.993333333333333,0.84,0.986,0.828
"B",50,"blk2",947,0.406666666666667,0.986666666666667,0.38,0.984
"B",50,"blk2",948,0.82,0.346666666666667,0.81,0.328
"B",50,"blk2",949,0.966666666666667,0.693333333333333,0.974,0.7
"B",50,"blk2",950,0.06,0.0266666666666667,0.052,0.012
"B",50,"blk2",951,0.706666666666667,0.753333333333333,0.702,0.782
"B",50,"blk2",952,0.22,0.226666666666667,0.218,0.232
"B",50,"blk2",953,0.58,0.166666666666667,0.566,0.15
"B",50,"blk2",954,0.226666666666667,0.666666666666667,0.232,0.73
"B",50,"blk2",955,0.933333333333333,0.826666666666667,0.906,0.818
"B",50,"blk2",956,0.3,0.366666666666667,0.318,0.354
"B",50,"blk2",957,0.853333333333333,0.98,0.832,0.992
"B",50,"blk2",958,1,0.9,1,0.896
"B",50,"blk2",959,0.493333333333333,0.226666666666667,0.48,0.24
"B",50,"blk2",960,0.613333333333333,0.966666666666667,0.6,0.968
"B",50,"blk2",961,0.746666666666667,0.686666666666667,0.744,0.662
"B",50,"blk2",962,0.666666666666667,0.3,0.646,0.338
"B",50,"blk2",963,0.293333333333333,0.133333333333333,0.244,0.07
"B",50,"blk2",964,0.0133333333333333,0.02,0.014,0.042
"B",50,"blk2",965,0.42,0.773333333333333,0.394,0.774
"B",50,"blk2",966,0.08,0.4,0.076,0.432
"B",50,"blk2",967,0.893333333333333,0.766666666666667,0.85,0.718
"B",50,"blk2",968,0.813333333333333,0.573333333333333,0.818,0.542
"B",50,"blk2",969,0.326666666666667,0.733333333333333,0.29,0.692
"B",50,"blk2",970,0.873333333333333,0.76,0.848,0.752
"B",50,"blk2",971,0.486666666666667,0.666666666666667,0.456,0.658
"B",50,"blk2",972,0.38,0.866666666666667,0.416,0.88
"B",50,"blk2",973,0.0266666666666667,0.5,0.038,0.452
"B",50,"blk2",974,0.433333333333333,0.92,0.45,0.912
"B",50,"blk2",975,0.16,0.213333333333333,0.192,0.218
"B",50,"blk2",976,0.173333333333333,0.0666666666666667,0.186,0.082
"B",50,"blk2",977,0.693333333333333,0.873333333333333,0.696,0.864
"B",50,"blk2",978,0.526666666666667,0.453333333333333,0.5,0.416
"B",50,"blk2",979,0.506666666666667,0.306666666666667,0.534,0.32
"B",50,"blk2",980,0.54,0.34,0.492,0.314
"B",50,"blk2",981,0.96,0.68,0.968,0.674
"B",50,"blk2",982,0.0266666666666667,0.0733333333333333,0.04,0.062
"B",50,"blk2",983,0.38,0.88,0.348,0.87
"B",50,"blk2",984,0.546666666666667,0.766666666666667,0.608,0.722
"B",50,"blk2",985,0.38,0.16,0.382,0.152
"B",50,"blk2",986,0.266666666666667,0.0333333333333333,0.256,0.03
"B",50,"blk2",987,0.226666666666667,0.773333333333333,0.206,0.766
"B",50,"blk2",988,0.146666666666667,0.96,0.098,0.954
"B",50,"blk2",989,0.626666666666667,0.32,0.65,0.326
"B",50,"blk2",990,0.153333333333333,0.633333333333333,0.144,0.662
"B",50,"blk2",991,0.606666666666667,0.646666666666667,0.602,0.708
"B",50,"blk2",992,0.0533333333333333,0.573333333333333,0.072,0.596
"B",50,"blk2",993,0.713333333333333,0.926666666666667,0.736,0.928
"B",50,"blk2",994,0.74,0.893333333333333,0.762,0.918
"B",50,"blk2",995,0.973333333333333,0.806666666666667,0.97,0.836
"B",50,"blk2",996,0.22,0.713333333333333,0.214,0.624
"B",50,"blk2",997,0.266666666666667,0.46,0.232,0.476
"B",50,"blk2",998,0.88,0.526666666666667,0.902,0.562
"B",50,"blk2",999,0.0466666666666667,0.2,0.044,0.222
"B",50,"blk2",1000,0.506666666666667,0.153333333333333,0.494,0.118
"B",50,"blk2",1001,0.853333333333333,0.98,0.866,0.984
"B",50,"blk2",1002,0.42,0.426666666666667,0.44,0.402
"B",50,"blk2",1003,0.273333333333333,0.506666666666667,0.344,0.51
"B",50,"blk2",1004,0.366666666666667,0.493333333333333,0.36,0.496
"B",50,"blk2",1005,0.353333333333333,0.146666666666667,0.328,0.148
"B",50,"blk2",1006,0.373333333333333,1,0.392,0.996
"B",50,"blk2",1007,0.293333333333333,0.0866666666666667,0.298,0.09
"B",50,"blk2",1008,0.806666666666667,0.513333333333333,0.804,0.488
"B",50,"blk2",1009,0.646666666666667,0.526666666666667,0.692,0.548
"B",50,"blk2",1010,0.84,0.86,0.868,0.862
"B",50,"blk2",1011,0.2,0.0466666666666667,0.19,0.044
"B",50,"blk2",1012,0.02,0.08,0.016,0.092
"B",50,"blk2",1013,0.906666666666667,0.626666666666667,0.896,0.606
"B",50,"blk2",1014,0.266666666666667,0.42,0.244,0.438
"B",50,"blk2",1015,0.613333333333333,0.446666666666667,0.614,0.498
"B",50,"blk2",1016,0.406666666666667,0.14,0.466,0.158
"B",50,"blk2",1017,0.8,0.46,0.77,0.498
"B",50,"blk2",1018,0.766666666666667,0.933333333333333,0.766,0.922
"B",50,"blk2",1019,0.166666666666667,0.133333333333333,0.154,0.128
"B",50,"blk2",1020,0.06,0.24,0.052,0.23
"B",50,"blk2",1021,0.473333333333333,0.1,0.452,0.106
"B",50,"blk2",1022,0.566666666666667,0.593333333333333,0.558,0.626
"B",50,"blk2",1023,0.346666666666667,0.253333333333333,0.278,0.228
"B",50,"blk2",1024,0.6,0.706666666666667,0.602,0.714
"B",50,"blk2",1025,0.1,0.126666666666667,0.076,0.146
"B",50,"blk2",1026,0.2,0.0666666666666667,0.196,0.044
"B",50,"blk2",1027,0.68,0.926666666666667,0.676,0.924
"B",50,"blk2",1028,0.533333333333333,0.493333333333333,0.518,0.454
"B",50,"blk2",1029,0.966666666666667,0.686666666666667,0.972,0.67
"B",50,"blk2",1030,0.153333333333333,0.246666666666667,0.112,0.19
"B",50,"blk2",1031,0.553333333333333,0.153333333333333,0.574,0.172
"B",50,"blk2",1032,0.36,0.586666666666667,0.372,0.534
"B",50,"blk2",1033,0.14,0.58,0.134,0.626
"B",50,"blk2",1034,0.08,0.0933333333333333,0.084,0.076
"B",50,"blk2",1035,0.346666666666667,0.26,0.356,0.266
"B",50,"blk2",1036,0.68,0.4,0.658,0.406
"B",50,"blk2",1037,0.146666666666667,0.286666666666667,0.178,0.342
"B",50,"blk2",1038,0.773333333333333,0.32,0.762,0.26
"B",50,"blk2",1039,0.94,0.886666666666667,0.93,0.868
"B",50,"blk2",1040,0.353333333333333,0.426666666666667,0.306,0.428
"B",50,"blk2",1041,0.32,0.306666666666667,0.35,0.362
"B",50,"blk2",1042,0.16,0.22,0.184,0.232
"B",50,"blk2",1043,0.386666666666667,0.906666666666667,0.376,0.91
"B",50,"blk2",1044,0.94,1,0.914,0.996
"B",50,"blk2",1045,0.313333333333333,0.726666666666667,0.338,0.726
"B",50,"blk2",1046,0.38,0.393333333333333,0.346,0.418
"B",50,"blk2",1047,0.346666666666667,0.613333333333333,0.402,0.708
"B",50,"blk2",1048,0.206666666666667,0.96,0.2,0.954
"B",50,"blk2",1049,0.22,0.533333333333333,0.246,0.526
"B",50,"blk2",1050,0.506666666666667,0.746666666666667,0.484,0.724
"B",50,"blk2",1051,0.84,0.613333333333333,0.864,0.652
"B",50,"blk2",1052,0.04,0.626666666666667,0.07,0.638
"B",50,"blk2",1053,0.22,0.866666666666667,0.222,0.876
"B",50,"blk2",1054,1,0.933333333333333,1,0.954
"B",50,"blk2",1055,0.746666666666667,0.693333333333333,0.736,0.66
"B",50,"blk2",1056,0.693333333333333,0.546666666666667,0.658,0.548
"B",50,"blk2",1057,0.84,0.813333333333333,0.838,0.812
"B",50,"blk2",1058,0.953333333333333,0.56,0.936,0.528
"B",50,"blk2",1059,0.953333333333333,0.786666666666667,0.97,0.764
"B",50,"blk2",1060,0.406666666666667,0.273333333333333,0.416,0.25
"B",50,"blk2",1061,0.486666666666667,0.933333333333333,0.57,0.954
"B",50,"blk2",1062,0.773333333333333,0.5,0.78,0.44
"B",50,"blk2",1063,0.6,0.3,0.554,0.27
"B",50,"blk2",1064,0.24,0.666666666666667,0.162,0.596
"B",50,"blk2",1065,0.806666666666667,0.8,0.826,0.826
"B",50,"blk2",1066,0.526666666666667,0.24,0.518,0.282
"B",50,"blk2",1067,0.0133333333333333,0.106666666666667,0.018,0.156
"B",50,"blk2",1068,0.113333333333333,0.826666666666667,0.108,0.824
"B",50,"blk2",1069,0.626666666666667,0.146666666666667,0.616,0.168
"B",50,"blk2",1070,0.306666666666667,0.92,0.288,0.906
"B",50,"blk2",1071,0.0266666666666667,0.0133333333333333,0.022,0.004
"B",50,"blk2",1072,0.54,0.193333333333333,0.542,0.192
"B",50,"blk2",1073,0.56,0.92,0.6,0.936
"B",50,"blk2",1074,0.0933333333333333,0.573333333333333,0.064,0.59
"B",50,"blk2",1075,0.173333333333333,0.76,0.206,0.698
"B",50,"blk2",1076,0.506666666666667,0.16,0.544,0.18
"B",50,"blk2",1077,0.753333333333333,0.786666666666667,0.74,0.766
"B",50,"blk2",1078,0.213333333333333,0.72,0.212,0.722
"B",50,"blk2",1079,0.273333333333333,0.0333333333333333,0.242,0.034
"B",50,"blk2",1080,0.453333333333333,0.933333333333333,0.446,0.958
"B",50,"blk2",1081,0.4,0.666666666666667,0.394,0.66
"B",50,"blk2",1082,0.833333333333333,0.686666666666667,0.814,0.664
"B",50,"blk2",1083,0.226666666666667,0.633333333333333,0.23,0.698
"B",50,"blk2",1084,0.173333333333333,0.413333333333333,0.236,0.418
"B",50,"blk2",1085,0.913333333333333,0.506666666666667,0.936,0.544
"B",50,"blk2",1086,0.853333333333333,0.713333333333333,0.866,0.688
"B",50,"blk2",1087,0.986666666666667,0.466666666666667,0.976,0.486
"B",50,"blk2",1088,0.00666666666666667,0.06,0.006,0.052
"B",50,"blk2",1089,0.54,0.173333333333333,0.474,0.17
"B",50,"blk2",1090,0.36,0.926666666666667,0.364,0.936
"B",50,"blk2",1091,0.946666666666667,0.88,0.964,0.86
"B",50,"blk2",1092,0.286666666666667,0.473333333333333,0.254,0.514
"B",50,"blk2",1093,0.973333333333333,0.586666666666667,0.968,0.598
"B",50,"blk2",1094,0.526666666666667,0.626666666666667,0.528,0.642
"B",50,"blk2",1095,0.306666666666667,0.0666666666666667,0.338,0.074
"B",50,"blk2",1096,0.62,0.74,0.624,0.748
"B",50,"blk2",1097,0.00666666666666667,0.48,0.004,0.446
"B",50,"blk2",1098,0.16,0.926666666666667,0.152,0.906
"B",50,"blk2",1099,0.82,0.733333333333333,0.826,0.696
"B",50,"blk2",1100,0.22,0.646666666666667,0.234,0.68
"B",50,"blk2",1101,0.0333333333333333,0.333333333333333,0.022,0.322
"B",50,"blk2",1102,0.56,0.46,0.556,0.442
"B",50,"blk2",1103,0.806666666666667,0.46,0.824,0.452
"B",50,"blk2",1104,0.506666666666667,0.72,0.48,0.744
"B",50,"blk2",1105,0.526666666666667,0.46,0.542,0.442
"B",50,"blk2",1106,0.826666666666667,0.48,0.812,0.444
"B",50,"blk2",1107,0.14,0.0133333333333333,0.138,0.008
"B",50,"blk2",1108,0.286666666666667,0.426666666666667,0.306,0.432
"B",50,"blk2",1109,0.653333333333333,0.326666666666667,0.666,0.294
"B",50,"blk2",1110,0.766666666666667,0.766666666666667,0.746,0.78
"B",50,"blk2",1111,0.44,0.806666666666667,0.434,0.822
"B",50,"blk2",1112,0.346666666666667,0.186666666666667,0.338,0.196
"B",50,"blk2",1113,0.58,0.46,0.576,0.424
"B",50,"blk2",1114,0.513333333333333,0.413333333333333,0.514,0.442
"B",50,"blk2",1115,0.7,0.946666666666667,0.734,0.948
"B",50,"blk2",1116,0.00666666666666667,0.233333333333333,0.002,0.218
"B",50,"blk2",1117,0.646666666666667,0.893333333333333,0.63,0.914
"B",50,"blk2",1118,0.306666666666667,0.22,0.26,0.228
"B",50,"blk2",1119,0.233333333333333,0.0933333333333333,0.184,0.068
"B",50,"blk2",1120,0.96,0.733333333333333,0.96,0.724
"B",50,"blk2",1121,0.0333333333333333,0.0133333333333333,0.03,0.016
"B",50,"blk2",1122,0.0133333333333333,0.0133333333333333,0.006,0.004
"B",50,"blk2",1123,0.0933333333333333,0.213333333333333,0.066,0.152
"B",50,"blk2",1124,0.773333333333333,0.44,0.778,0.5
"B",50,"blk2",1125,0.706666666666667,0.306666666666667,0.754,0.318
"B",50,"blk2",1126,0.953333333333333,0.846666666666667,0.946,0.87
"B",50,"blk2",1127,0.0266666666666667,0.46,0.018,0.39
"B",50,"blk2",1128,0.786666666666667,0.806666666666667,0.788,0.738
"B",50,"blk2",1129,0.34,0.34,0.316,0.288
"B",50,"blk2",1130,0.673333333333333,0.76,0.646,0.684
"B",50,"blk2",1131,0.0933333333333333,0.386666666666667,0.078,0.424
"B",50,"blk2",1132,0.613333333333333,0.42,0.586,0.372
"B",50,"blk2",1133,0.36,0.72,0.36,0.668
"B",50,"blk2",1134,0.453333333333333,0.933333333333333,0.418,0.95
"B",50,"blk2",1135,0.00666666666666667,0.286666666666667,0.004,0.236
"B",50,"blk2",1136,0.833333333333333,0.98,0.796,0.976
"B",50,"blk2",1137,0.78,0.473333333333333,0.826,0.528
"B",50,"blk2",1138,0.406666666666667,0.26,0.49,0.302
"B",50,"blk2",1139,0.453333333333333,0.56,0.452,0.622
"B",50,"blk2",1140,0.333333333333333,0.0733333333333333,0.352,0.076
"B",50,"blk2",1141,0.0666666666666667,0.0133333333333333,0.064,0.014
"B",50,"blk2",1142,0.153333333333333,0.126666666666667,0.172,0.142
"B",50,"blk2",1143,0.473333333333333,0.566666666666667,0.432,0.504
"B",50,"blk2",1144,0.12,0.966666666666667,0.106,0.954
"B",50,"blk2",1145,0.0933333333333333,0.0533333333333333,0.11,0.04
"B",50,"blk2",1146,0.533333333333333,0.626666666666667,0.508,0.618
"B",50,"blk2",1147,0.22,0.16,0.19,0.14
"B",50,"blk2",1148,0.393333333333333,0.253333333333333,0.402,0.244
"B",50,"blk2",1149,0.933333333333333,0.92,0.93,0.924
"B",50,"blk2",1150,0.366666666666667,0.373333333333333,0.326,0.408
"B",50,"blk2",1151,0.706666666666667,0.773333333333333,0.714,0.774
"B",50,"blk2",1152,0.693333333333333,0.62,0.678,0.64
"B",50,"blk2",1153,0.706666666666667,0.913333333333333,0.706,0.884
"B",50,"blk2",1154,0.273333333333333,0.133333333333333,0.236,0.104
"B",50,"blk2",1155,0.14,0.1,0.16,0.086
"B",50,"blk2",1156,0.466666666666667,0.706666666666667,0.494,0.686
"B",50,"blk2",1157,0.393333333333333,0.48,0.448,0.454
"B",50,"blk2",1158,0.42,0.94,0.44,0.918
"B",50,"blk2",1159,0.273333333333333,0.926666666666667,0.244,0.912
"B",50,"blk2",1160,0.926666666666667,0.886666666666667,0.934,0.896
"B",50,"blk2",1161,0.68,0.853333333333333,0.706,0.87
"B",50,"blk2",1162,0.76,0.433333333333333,0.764,0.422
"B",50,"blk2",1163,0.913333333333333,0.9,0.916,0.912
"B",50,"blk2",1164,0.186666666666667,0.0866666666666667,0.192,0.078
"B",50,"blk2",1165,0.3,0.16,0.32,0.166
"B",50,"blk2",1166,0.926666666666667,0.793333333333333,0.948,0.79
"B",50,"blk2",1167,0.613333333333333,0.226666666666667,0.586,0.214
"B",50,"blk2",1168,0.206666666666667,0.06,0.168,0.056
"B",50,"blk2",1169,0.786666666666667,0.82,0.792,0.772
"B",50,"blk2",1170,0.46,0.333333333333333,0.468,0.302
"B",50,"blk2",1171,0.693333333333333,0.74,0.702,0.742
"B",50,"blk2",1172,0.266666666666667,0.466666666666667,0.272,0.504
"B",50,"blk2",1173,0.126666666666667,0.56,0.08,0.52
"B",50,"blk2",1174,0.44,0.893333333333333,0.402,0.874
"B",50,"blk2",1175,0.58,0.48,0.612,0.526
"B",50,"blk2",1176,0.913333333333333,0.806666666666667,0.924,0.822
"B",50,"blk2",1177,0.813333333333333,0.793333333333333,0.82,0.782
"B",50,"blk2",1178,0.533333333333333,0.76,0.558,0.78
"B",50,"blk2",1179,0.0466666666666667,0.28,0.016,0.234
"B",50,"blk2",1180,0.82,0.746666666666667,0.804,0.71
"B",50,"blk2",1181,0.486666666666667,0.393333333333333,0.546,0.422
"B",50,"blk2",1182,0.566666666666667,0.333333333333333,0.608,0.344
"B",50,"blk2",1183,0.62,0.513333333333333,0.644,0.578
"B",50,"blk2",1184,0.793333333333333,0.566666666666667,0.808,0.566
"B",50,"blk2",1185,0.806666666666667,0.44,0.798,0.442
"B",50,"blk2",1186,0.846666666666667,0.82,0.85,0.804
"B",50,"blk2",1187,0.12,0.686666666666667,0.104,0.636
"B",50,"blk2",1188,0.84,0.586666666666667,0.808,0.578
"B",50,"blk2",1189,0.333333333333333,0.38,0.31,0.36
"B",50,"blk2",1190,0.586666666666667,0.473333333333333,0.628,0.48
"B",50,"blk2",1191,0.0733333333333333,0.766666666666667,0.08,0.782
"B",50,"blk2",1192,0.333333333333333,0.08,0.344,0.106
"B",50,"blk2",1193,0.106666666666667,0.153333333333333,0.138,0.148
"B",50,"blk2",1194,0.62,0.806666666666667,0.622,0.782
"B",50,"blk2",1195,0.98,0.633333333333333,0.976,0.596
"B",50,"blk2",1196,0.72,0.946666666666667,0.732,0.948
"B",50,"blk2",1197,0.713333333333333,0.873333333333333,0.706,0.862
"B",50,"blk2",1198,0.5,0.346666666666667,0.514,0.36
"B",50,"blk2",1199,0.746666666666667,0.173333333333333,0.702,0.198
"B",50,"blk2",1200,0.18,0.613333333333333,0.15,0.576
"B",50,"blk2",1201,0.6,0.946666666666667,0.588,0.94
"B",50,"blk2",1202,0.106666666666667,0.346666666666667,0.112,0.304
"B",50,"blk2",1203,0.506666666666667,0.873333333333333,0.47,0.9
"B",50,"blk2",1204,0.826666666666667,0.88,0.778,0.894
"B",50,"blk2",1205,0.766666666666667,0.786666666666667,0.75,0.768
"B",50,"blk2",1206,0.9,0.9,0.934,0.92
"B",50,"blk2",1207,0.593333333333333,0.613333333333333,0.606,0.59
"B",50,"blk2",1208,0.44,0.16,0.432,0.204
"B",50,"blk2",1209,0.733333333333333,0.353333333333333,0.716,0.37
"B",50,"blk2",1210,0.08,0.12,0.096,0.122
"B",50,"blk2",1211,0.58,0.733333333333333,0.59,0.76
"B",50,"blk2",1212,0.233333333333333,0.186666666666667,0.238,0.15
"B",50,"blk2",1213,0.926666666666667,0.953333333333333,0.936,0.934
"B",50,"blk2",1214,0.0266666666666667,0.0133333333333333,0.016,0.006
"B",50,"blk2",1215,0.88,0.653333333333333,0.878,0.634
"B",50,"blk2",1216,0.84,0.786666666666667,0.81,0.746
"B",50,"blk2",1217,0.473333333333333,0.56,0.452,0.516
"B",50,"blk2",1218,0.393333333333333,0.44,0.448,0.464
"B",50,"blk2",1219,0.88,0.486666666666667,0.874,0.49
"B",50,"blk2",1220,0.78,0.393333333333333,0.77,0.424
"B",50,"blk2",1221,0.2,0.973333333333333,0.22,0.986
"B",50,"blk2",1222,0.446666666666667,0.233333333333333,0.412,0.212
"B",50,"blk2",1223,0.533333333333333,0.68,0.582,0.718
"B",50,"blk2",1224,0.04,0.153333333333333,0.038,0.208
"B",50,"blk2",1225,0.146666666666667,0.413333333333333,0.146,0.354
"B",50,"blk2",1226,0.673333333333333,0.8,0.682,0.796
"B",50,"blk2",1227,0.613333333333333,0.88,0.632,0.92
"B",50,"blk2",1228,0.973333333333333,1,0.964,0.994
"B",50,"blk2",1229,0.58,0.0666666666666667,0.608,0.098
"B",50,"blk2",1230,0.106666666666667,0.413333333333333,0.128,0.46
"B",50,"blk2",1231,0.266666666666667,0.113333333333333,0.236,0.128
"B",50,"blk2",1232,0.666666666666667,0.8,0.702,0.83
"B",50,"blk2",1233,0.0466666666666667,0.366666666666667,0.036,0.376
"B",50,"blk2",1234,0.886666666666667,0.653333333333333,0.836,0.61
"B",50,"blk2",1235,0.52,0.48,0.536,0.484
"B",50,"blk2",1236,0.893333333333333,0.54,0.908,0.546
"B",50,"blk2",1237,0.306666666666667,0.873333333333333,0.322,0.888
"B",50,"blk2",1238,0.02,0.0866666666666667,0.012,0.06
"B",50,"blk2",1239,0.926666666666667,0.866666666666667,0.93,0.838
"B",50,"blk2",1240,0.806666666666667,1,0.794,1
"B",50,"blk2",1241,0.753333333333333,0.406666666666667,0.74,0.358
"B",50,"blk2",1242,0.453333333333333,0.72,0.45,0.736
"B",50,"blk2",1243,0.873333333333333,0.44,0.844,0.432
"B",50,"blk2",1244,0.773333333333333,0.78,0.792,0.804
"B",50,"blk2",1245,0.32,0.0733333333333333,0.322,0.05
"B",50,"blk2",1246,0.413333333333333,0.3,0.426,0.312
"B",50,"blk2",1247,0.82,0.706666666666667,0.844,0.71
"B",50,"blk2",1248,0.26,0.113333333333333,0.264,0.108
"B",50,"blk2",1249,0.586666666666667,0.46,0.65,0.502
"B",50,"blk2",1250,0.673333333333333,0.12,0.65,0.1
"B",50,"blk2",1251,0.76,0.873333333333333,0.758,0.882
"B",50,"blk2",1252,0.226666666666667,0.0133333333333333,0.232,0.018
"B",50,"blk2",1253,0.346666666666667,0.3,0.354,0.332
"B",50,"blk2",1254,0.546666666666667,0.573333333333333,0.52,0.542
"B",50,"blk2",1255,1,0.833333333333333,1,0.824
"B",50,"blk2",1256,0.0133333333333333,0.313333333333333,0.012,0.348
"B",50,"blk2",1257,0.273333333333333,0.213333333333333,0.286,0.226
"B",50,"blk2",1258,0.733333333333333,0.993333333333333,0.722,0.986
"B",50,"blk2",1259,0.82,0.5,0.84,0.496
"B",50,"blk2",1260,0.653333333333333,0.246666666666667,0.688,0.296
"B",50,"blk2",1261,0.806666666666667,0.84,0.774,0.824
"B",50,"blk2",1262,0.48,0.14,0.422,0.128
"B",50,"blk2",1263,0.88,0.673333333333333,0.908,0.718
"B",50,"blk2",1264,0.48,0.96,0.54,0.954
"B",50,"blk2",1265,0.653333333333333,0.566666666666667,0.746,0.592
"B",50,"blk2",1266,0.72,0.84,0.686,0.832
"B",50,"blk2",1267,0.393333333333333,0.32,0.338,0.276
"B",50,"blk2",1268,0.06,0.126666666666667,0.07,0.144
"B",50,"blk2",1269,0.76,0.306666666666667,0.744,0.302
"B",50,"blk2",1270,0.22,0.706666666666667,0.218,0.726
"B",50,"blk2",1271,0.726666666666667,0.9,0.698,0.88
"B",50,"blk2",1272,0.28,0.46,0.274,0.466
"B",50,"blk2",1273,0.586666666666667,0.42,0.624,0.416
"B",50,"blk2",1274,0.94,1,0.962,0.998
"B",50,"blk2",1275,0.206666666666667,0.513333333333333,0.162,0.582
"B",50,"blk2",1276,0.913333333333333,0.78,0.898,0.792
"B",50,"blk2",1277,0.306666666666667,0.773333333333333,0.324,0.74
"B",50,"blk2",1278,0.866666666666667,0.693333333333333,0.898,0.742
"B",50,"blk2",1279,0.126666666666667,0.753333333333333,0.124,0.766
"B",50,"blk2",1280,0.82,0.64,0.83,0.594
"B",50,"blk2",1281,0.753333333333333,0.486666666666667,0.772,0.492
"B",50,"blk2",1282,0.173333333333333,0.353333333333333,0.158,0.354
"B",50,"blk2",1283,0.646666666666667,0.913333333333333,0.616,0.914
"B",50,"blk2",1284,0.6,0.386666666666667,0.572,0.46
"B",50,"blk2",1285,0.253333333333333,0.253333333333333,0.234,0.226
"B",50,"blk2",1286,0.526666666666667,0.853333333333333,0.53,0.86
"B",50,"blk2",1287,0.846666666666667,0.66,0.874,0.692
"B",50,"blk2",1288,0.44,0.213333333333333,0.48,0.26
"B",50,"blk2",1289,0.566666666666667,0.6,0.534,0.59
"B",50,"blk2",1290,0.833333333333333,0.253333333333333,0.79,0.274
"B",50,"blk2",1291,0.293333333333333,0.62,0.324,0.668
"B",50,"blk2",1292,0.926666666666667,0.846666666666667,0.906,0.84
"B",50,"blk2",1293,0.246666666666667,0.32,0.246,0.336
"B",50,"blk2",1294,0.786666666666667,0.7,0.764,0.644
"B",50,"blk2",1295,0.8,0.773333333333333,0.804,0.73
"B",50,"blk2",1296,0.886666666666667,0.713333333333333,0.878,0.738
"B",50,"blk2",1297,0.613333333333333,0.773333333333333,0.646,0.734
"B",50,"blk2",1298,0.613333333333333,0.366666666666667,0.572,0.318
"B",50,"blk2",1299,0.906666666666667,0.773333333333333,0.88,0.764
"B",50,"blk2",1300,0.493333333333333,0.46,0.516,0.458
"B",50,"blk2",1301,0.293333333333333,0.853333333333333,0.284,0.892
"B",50,"blk2",1302,0.88,0.526666666666667,0.894,0.544
"B",50,"blk2",1303,0.593333333333333,0.513333333333333,0.598,0.522
"B",50,"blk2",1304,0.4,0.766666666666667,0.382,0.812
"B",50,"blk2",1305,0.28,0.22,0.308,0.218
"B",50,"blk2",1306,0.126666666666667,0.2,0.132,0.156
"B",50,"blk2",1307,0.66,0.313333333333333,0.672,0.27
"B",50,"blk2",1308,0.666666666666667,0.426666666666667,0.662,0.492
"B",50,"blk2",1309,0.413333333333333,0.506666666666667,0.392,0.486
"B",50,"blk2",1310,0.6,0.546666666666667,0.616,0.546
"B",50,"blk2",1311,0.0133333333333333,0.493333333333333,0.008,0.57
"B",50,"blk2",1312,0.18,0.206666666666667,0.192,0.188
"B",50,"blk2",1313,0.58,0.34,0.58,0.334
"B",50,"blk2",1314,0.8,0.613333333333333,0.808,0.6
"B",50,"blk2",1315,0.826666666666667,0.933333333333333,0.846,0.948
"B",50,"blk2",1316,0.553333333333333,0.333333333333333,0.592,0.366
"B",50,"blk2",1317,0.793333333333333,0.633333333333333,0.82,0.64
"B",50,"blk2",1318,0.746666666666667,0.82,0.766,0.858
"B",50,"blk2",1319,0.726666666666667,0.906666666666667,0.748,0.936
"B",50,"blk2",1320,0.766666666666667,0.953333333333333,0.746,0.922
"B",50,"blk2",1321,0.0333333333333333,0.326666666666667,0.04,0.308
"B",50,"blk2",1322,0.606666666666667,0.7,0.642,0.72
"B",50,"blk2",1323,0.1,0.493333333333333,0.094,0.474
"B",50,"blk2",1324,0.846666666666667,0.553333333333333,0.846,0.548
"B",50,"blk2",1325,0.813333333333333,0.906666666666667,0.804,0.926
"B",50,"blk2",1326,0.98,0.746666666666667,0.966,0.692
"B",50,"blk2",1327,0.246666666666667,0.1,0.218,0.092
"B",50,"blk2",1328,0.68,0.786666666666667,0.694,0.79
"B",50,"blk2",1329,0.893333333333333,0.606666666666667,0.884,0.626
"B",50,"blk2",1330,0.24,0.58,0.236,0.56
"B",50,"blk2",1331,0.406666666666667,0.106666666666667,0.426,0.132
"B",50,"blk2",1332,0.6,0.96,0.556,0.952
"B",50,"blk2",1333,0.726666666666667,0.72,0.766,0.726
"B",50,"blk2",1334,0.846666666666667,0.793333333333333,0.84,0.766
"B",50,"blk2",1335,0.36,0.113333333333333,0.372,0.146
"B",50,"blk2",1336,0.173333333333333,0.68,0.138,0.684
"B",50,"blk2",1337,0.313333333333333,0.86,0.318,0.862
"B",50,"blk2",1338,0.833333333333333,0.873333333333333,0.81,0.82
"B",50,"blk2",1339,0.84,0.606666666666667,0.874,0.554
"B",50,"blk2",1340,1,0.98,1,0.974
"B",50,"blk2",1341,0.473333333333333,0.493333333333333,0.5,0.554
"B",50,"blk2",1342,0.613333333333333,0.833333333333333,0.582,0.818
"B",50,"blk2",1343,0.733333333333333,0.606666666666667,0.736,0.576
"B",50,"blk2",1344,0.773333333333333,0.873333333333333,0.766,0.874
"B",50,"blk2",1345,0.06,0.0866666666666667,0.05,0.134
"B",50,"blk2",1346,0.0666666666666667,0.826666666666667,0.042,0.854
"B",50,"blk2",1347,0.466666666666667,0.706666666666667,0.476,0.692
"B",50,"blk2",1348,0.533333333333333,0.54,0.54,0.514
"B",50,"blk2",1349,0.933333333333333,0.56,0.928,0.578
"B",50,"blk2",1350,0.993333333333333,0.846666666666667,0.98,0.816
"B",50,"blk2",1351,0.853333333333333,0.426666666666667,0.858,0.446
"B",50,"blk2",1352,0.52,0.646666666666667,0.496,0.642
"B",50,"blk2",1353,0.213333333333333,0.393333333333333,0.214,0.38
"B",50,"blk2",1354,0.0933333333333333,0.0866666666666667,0.116,0.078
"B",50,"blk2",1355,0.48,0.733333333333333,0.48,0.762
"B",50,"blk2",1356,0.353333333333333,0.566666666666667,0.384,0.572
"B",50,"blk2",1357,1,0.933333333333333,0.994,0.91
"B",50,"blk2",1358,0.06,0.04,0.07,0.072
"B",50,"blk2",1359,0.32,0.366666666666667,0.302,0.324
"B",50,"blk2",1360,0.813333333333333,0.713333333333333,0.81,0.712
"B",50,"blk2",1361,0.506666666666667,0.393333333333333,0.54,0.402
"B",50,"blk2",1362,0.173333333333333,0.253333333333333,0.178,0.206
"B",50,"blk2",1363,0.573333333333333,0.313333333333333,0.578,0.32
"B",50,"blk2",1364,0.846666666666667,0.693333333333333,0.814,0.678
"B",50,"blk2",1365,0.26,0.0666666666666667,0.276,0.076
"B",50,"blk2",1366,0.786666666666667,0.286666666666667,0.808,0.26
"B",50,"blk2",1367,0.44,0.16,0.496,0.158
"B",50,"blk2",1368,0.3,0.44,0.258,0.432
"B",50,"blk2",1369,0.773333333333333,0.773333333333333,0.788,0.786
"B",50,"blk2",1370,0.00666666666666667,0.12,0.018,0.1
"B",50,"blk2",1371,0.246666666666667,0.5,0.32,0.5
"B",50,"blk2",1372,0.0533333333333333,0.48,0.06,0.454
"B",50,"blk2",1373,0.94,0.986666666666667,0.95,0.994
"B",50,"blk2",1374,0.94,0.86,0.934,0.81
"B",50,"blk2",1375,0.766666666666667,0.693333333333333,0.72,0.746
"B",50,"blk2",1376,0.0866666666666667,0.613333333333333,0.104,0.57
"B",50,"blk2",1377,0.04,0.0133333333333333,0.048,0.006
"B",50,"blk2",1378,0.386666666666667,0.573333333333333,0.45,0.594
"B",50,"blk2",1379,0.553333333333333,0.54,0.51,0.504
"B",50,"blk2",1380,0.113333333333333,0.246666666666667,0.106,0.236
"B",50,"blk2",1381,0.713333333333333,0.78,0.724,0.784
"B",50,"blk2",1382,0.226666666666667,0.373333333333333,0.23,0.378
"B",50,"blk2",1383,0.533333333333333,0.84,0.576,0.82
"B",50,"blk2",1384,0.62,0.74,0.594,0.768
"B",50,"blk2",1385,0.406666666666667,0.14,0.386,0.122
"B",50,"blk2",1386,0.306666666666667,0.76,0.328,0.796
"B",50,"blk2",1387,0.46,0.6,0.478,0.574
"B",50,"blk2",1388,0.0133333333333333,0.906666666666667,0.014,0.904
"B",50,"blk2",1389,0.0933333333333333,0.573333333333333,0.104,0.544
"B",50,"blk2",1390,0.246666666666667,0.333333333333333,0.27,0.33
"B",50,"blk2",1391,0.586666666666667,0.96,0.616,0.964
"B",50,"blk2",1392,0.1,0.0466666666666667,0.092,0.032
"B",50,"blk2",1393,0.78,0.56,0.792,0.562
"B",50,"blk2",1394,0.546666666666667,0.12,0.542,0.114
"B",50,"blk2",1395,0.726666666666667,0.606666666666667,0.708,0.604
"B",50,"blk2",1396,0.626666666666667,0.553333333333333,0.654,0.506
"B",50,"blk2",1397,0.386666666666667,0.253333333333333,0.408,0.278
"B",50,"blk2",1398,0.186666666666667,0.726666666666667,0.17,0.734
"B",50,"blk2",1399,0.673333333333333,0.82,0.646,0.792
"B",50,"blk2",1400,0.346666666666667,0.0466666666666667,0.314,0.032
"B",50,"blk2",1401,0.04,0.233333333333333,0.032,0.258
"B",50,"blk2",1402,0.00666666666666667,0.346666666666667,0.018,0.374
"B",50,"blk2",1403,0.846666666666667,0.866666666666667,0.834,0.844
"B",50,"blk2",1404,0.36,0.653333333333333,0.346,0.654
"B",50,"blk2",1405,0.0466666666666667,0.233333333333333,0.044,0.224
"B",50,"blk2",1406,0.906666666666667,0.926666666666667,0.888,0.94
"B",50,"blk2",1407,0.0133333333333333,0.0133333333333333,0.006,0.02
"B",50,"blk2",1408,0.566666666666667,0.493333333333333,0.52,0.41
"B",50,"blk2",1409,0.533333333333333,0.133333333333333,0.506,0.118
"B",50,"blk2",1410,0.94,0.746666666666667,0.914,0.738
"B",50,"blk2",1411,0.76,0.573333333333333,0.772,0.584
"B",50,"blk2",1412,0.96,0.786666666666667,0.958,0.776
"B",50,"blk2",1413,0.14,0.146666666666667,0.15,0.156
"B",50,"blk2",1414,0.886666666666667,0.68,0.874,0.69
"B",50,"blk2",1415,0.653333333333333,0.726666666666667,0.592,0.682
"B",50,"blk2",1416,0.113333333333333,0.64,0.102,0.626
"B",50,"blk2",1417,0.846666666666667,0.62,0.8,0.644
"B",50,"blk2",1418,0.373333333333333,0.386666666666667,0.432,0.4
"B",50,"blk2",1419,0.313333333333333,0.733333333333333,0.252,0.702
"B",50,"blk2",1420,0.4,0.26,0.402,0.19
"B",50,"blk2",1421,0.206666666666667,0.82,0.224,0.866
"B",50,"blk2",1422,0.866666666666667,0.706666666666667,0.872,0.684
"B",50,"blk2",1423,0.326666666666667,0.46,0.318,0.458
"B",50,"blk2",1424,0.506666666666667,0.653333333333333,0.492,0.68
"B",50,"blk2",1425,0.426666666666667,0.94,0.434,0.944
"B",50,"blk2",1426,0.413333333333333,0.106666666666667,0.464,0.13
"B",50,"blk2",1427,0.386666666666667,0.893333333333333,0.416,0.884
"B",50,"blk2",1428,0.953333333333333,0.56,0.968,0.574
"B",50,"blk2",1429,0.753333333333333,0.94,0.784,0.968
"B",50,"blk2",1430,0.66,0.98,0.586,0.97
"B",50,"blk2",1431,0.406666666666667,0.12,0.392,0.11
"B",50,"blk2",1432,0.753333333333333,0.433333333333333,0.776,0.45
"B",50,"blk2",1433,0.16,0.433333333333333,0.166,0.428
"B",50,"blk2",1434,0.786666666666667,0.826666666666667,0.826,0.868
"B",50,"blk2",1435,0.366666666666667,0.906666666666667,0.346,0.874
"B",50,"blk2",1436,0.0666666666666667,0.126666666666667,0.096,0.168
"B",50,"blk2",1437,0.686666666666667,1,0.72,0.998
"B",50,"blk2",1438,0.933333333333333,0.673333333333333,0.946,0.664
"B",50,"blk2",1439,0.946666666666667,0.953333333333333,0.954,0.974
"B",50,"blk2",1440,0.413333333333333,0.14,0.432,0.132
"B",50,"blk2",1441,0.946666666666667,0.88,0.95,0.888
"B",50,"blk2",1442,0.293333333333333,0.0533333333333333,0.302,0.046
"B",50,"blk2",1443,0.34,0.533333333333333,0.358,0.55
"B",50,"blk2",1444,0.133333333333333,0.24,0.174,0.258
"B",50,"blk2",1445,0.886666666666667,0.76,0.86,0.73
"B",50,"blk2",1446,0.06,0.04,0.122,0.066
"B",50,"blk2",1447,0.466666666666667,0.4,0.478,0.424
"B",50,"blk2",1448,0.52,0.253333333333333,0.558,0.308
"B",50,"blk2",1449,0.00666666666666667,0.186666666666667,0.004,0.162
"B",50,"blk2",1450,0.22,0.273333333333333,0.254,0.272
"B",50,"blk2",1451,0.42,0.64,0.366,0.56
"B",50,"blk2",1452,0.433333333333333,0.653333333333333,0.426,0.674
"B",50,"blk2",1453,0.6,0.606666666666667,0.576,0.622
"B",50,"blk2",1454,0.266666666666667,0.32,0.272,0.302
"B",50,"blk2",1455,0.14,0.986666666666667,0.162,0.976
"B",50,"blk2",1456,0.846666666666667,0.3,0.832,0.282
"B",50,"blk2",1457,0.293333333333333,0.806666666666667,0.222,0.77
"B",50,"blk2",1458,0.82,0.74,0.828,0.738
"B",50,"blk2",1459,0.22,0.826666666666667,0.236,0.832
"B",50,"blk2",1460,0.926666666666667,0.36,0.906,0.318
"B",50,"blk2",1461,0.3,0.16,0.268,0.144
"B",50,"blk2",1462,0.533333333333333,0.88,0.55,0.912
"B",50,"blk2",1463,0.586666666666667,0.18,0.53,0.16
"B",50,"blk2",1464,0.02,0.453333333333333,0.026,0.452
"B",50,"blk2",1465,0.473333333333333,0.946666666666667,0.504,0.918
"B",50,"blk2",1466,0.226666666666667,0.966666666666667,0.214,0.958
"B",50,"blk2",1467,0.8,0.853333333333333,0.792,0.816
"B",50,"blk2",1468,0.746666666666667,0.946666666666667,0.742,0.932
"B",50,"blk2",1469,0.02,0.00666666666666667,0.052,0.012
"B",50,"blk2",1470,0.793333333333333,0.686666666666667,0.776,0.694
"B",50,"blk2",1471,0.126666666666667,0.0666666666666667,0.106,0.04
"B",50,"blk2",1472,0.993333333333333,0.993333333333333,0.992,0.986
"B",50,"blk2",1473,0.7,0.56,0.666,0.528
"B",50,"blk2",1474,0.0333333333333333,0.0133333333333333,0.058,0.03
"B",50,"blk2",1475,0.753333333333333,0.626666666666667,0.752,0.618
"B",50,"blk2",1476,0.113333333333333,0.06,0.134,0.072
"B",50,"blk2",1477,0.913333333333333,0.706666666666667,0.936,0.708
"B",50,"blk2",1478,0.48,0.213333333333333,0.542,0.252
"B",50,"blk2",1479,0.526666666666667,0.866666666666667,0.484,0.88
"B",50,"blk2",1480,0.68,0.8,0.628,0.818
"B",50,"blk2",1481,0.02,0.126666666666667,0.006,0.106
"B",50,"blk2",1482,0.586666666666667,0.76,0.618,0.75
"B",50,"blk2",1483,0.606666666666667,0.3,0.608,0.31
"B",50,"blk2",1484,0.82,0.846666666666667,0.808,0.824
"B",50,"blk2",1485,0.0666666666666667,0.16,0.072,0.16
"B",50,"blk2",1486,0.54,0.673333333333333,0.566,0.698
"B",50,"blk2",1487,0.973333333333333,0.946666666666667,0.956,0.942
"B",50,"blk2",1488,0.233333333333333,0.206666666666667,0.218,0.186
"B",50,"blk2",1489,0.506666666666667,0.573333333333333,0.482,0.524
"B",50,"blk2",1490,0.0266666666666667,0.133333333333333,0.04,0.12
"B",50,"blk2",1491,0.853333333333333,0.946666666666667,0.836,0.954
"B",50,"blk2",1492,0.68,0.946666666666667,0.67,0.908
"B",50,"blk2",1493,0.78,0.493333333333333,0.696,0.474
"B",50,"blk2",1494,0.98,0.6,0.976,0.564
"B",50,"blk2",1495,0.54,0.533333333333333,0.522,0.564
"B",50,"blk2",1496,0.68,0.8,0.682,0.826
"B",50,"blk2",1497,0.0866666666666667,0.1,0.08,0.092
"B",50,"blk2",1498,0.88,0.666666666666667,0.886,0.672
"B",50,"blk2",1499,0.793333333333333,0.773333333333333,0.796,0.762
"B",50,"blk2",1500,0.973333333333333,0.933333333333333,0.978,0.958
"B",50,"blk3",100001,0.493333333333333,0.813333333333333,0.474,0.8
"B",50,"blk3",100002,0.6,0.973333333333333,0.6,0.976
"B",50,"blk3",100003,0.626666666666667,0.24,0.56,0.204
"B",50,"blk3",100004,0.7,0.693333333333333,0.686,0.684
"B",50,"blk3",100005,0.0933333333333333,0.44,0.116,0.426
"B",50,"blk3",100006,0.76,0.633333333333333,0.692,0.568
"B",50,"blk3",100007,0.793333333333333,0.906666666666667,0.76,0.928
"B",50,"blk3",100008,0.42,0.62,0.392,0.586
"B",50,"blk3",100009,0.153333333333333,0.0466666666666667,0.128,0.02
"B",50,"blk3",100010,0.993333333333333,0.813333333333333,0.998,0.794
"B",50,"blk3",100011,0.186666666666667,0.713333333333333,0.208,0.746
"B",50,"blk3",100012,0.08,0.726666666666667,0.058,0.7
"B",50,"blk3",100013,0.52,0.893333333333333,0.526,0.888
"B",50,"blk3",100014,0.433333333333333,0.273333333333333,0.458,0.296
"B",50,"blk3",100015,0.493333333333333,0.886666666666667,0.484,0.916
"B",50,"blk3",100016,0.913333333333333,0.453333333333333,0.908,0.454
"B",50,"blk3",100017,0.573333333333333,0.96,0.546,0.958
"B",50,"blk3",100018,0.74,0.746666666666667,0.732,0.762
"B",50,"blk3",100019,0.573333333333333,0.886666666666667,0.558,0.91
"B",50,"blk3",100020,0.146666666666667,0.373333333333333,0.142,0.394
"B",50,"blk3",100021,0.74,0.66,0.754,0.658
"B",50,"blk3",100022,0.333333333333333,0.62,0.308,0.584
"B",50,"blk3",100023,0.826666666666667,0.62,0.78,0.622
"B",50,"blk3",100024,0.72,0.74,0.73,0.77
"B",50,"blk3",100025,0.786666666666667,0.553333333333333,0.776,0.622
"B",50,"blk3",100026,0.08,0.126666666666667,0.102,0.118
"B",50,"blk3",100027,0.446666666666667,0.18,0.428,0.136
"B",50,"blk3",100028,0.78,0.926666666666667,0.77,0.93
"B",50,"blk3",100029,0.953333333333333,0.973333333333333,0.934,0.976
"B",50,"blk3",100030,0.326666666666667,0.593333333333333,0.326,0.636
"B",50,"blk3",100031,0.806666666666667,0.74,0.784,0.736
"B",50,"blk3",100032,0.74,0.76,0.774,0.786
"B",50,"blk3",100033,0.133333333333333,0.66,0.16,0.646
"B",50,"blk3",100034,0.04,0.00666666666666667,0.024,0.002
"B",50,"blk3",100035,0.866666666666667,0.833333333333333,0.866,0.84
"B",50,"blk3",100036,0.96,0.546666666666667,0.956,0.608
"B",50,"blk3",100037,0.673333333333333,0.68,0.674,0.722
"B",50,"blk3",100038,0.126666666666667,0.38,0.102,0.392
"B",50,"blk3",100039,0.433333333333333,0.366666666666667,0.418,0.37
"B",50,"blk3",100040,0.493333333333333,0.58,0.458,0.616
"B",50,"blk3",100041,0.926666666666667,0.553333333333333,0.916,0.566
"B",50,"blk3",100042,0.48,0.84,0.504,0.858
"B",50,"blk3",100043,0.38,0.86,0.43,0.878
"B",50,"blk3",100044,0.28,0.753333333333333,0.27,0.742
"B",50,"blk3",100045,0.0866666666666667,0.413333333333333,0.074,0.346
"B",50,"blk3",100046,0.42,0.313333333333333,0.422,0.38
"B",50,"blk3",100047,0.933333333333333,0.64,0.924,0.622
"B",50,"blk3",100048,0.593333333333333,0.993333333333333,0.58,0.99
"B",50,"blk3",100049,0.26,0.773333333333333,0.246,0.734
"B",50,"blk3",100050,0.126666666666667,0.493333333333333,0.138,0.516
"B",50,"blk3",100051,0.0333333333333333,0.713333333333333,0.052,0.694
"B",50,"blk3",100052,0.253333333333333,0.08,0.252,0.072
"B",50,"blk3",100053,0.88,0.9,0.876,0.904
"B",50,"blk3",100054,1,0.726666666666667,1,0.756
"B",50,"blk3",100055,0.713333333333333,0.646666666666667,0.732,0.674
"B",50,"blk3",100056,0.226666666666667,0.36,0.204,0.31
"B",50,"blk3",100057,0.9,0.613333333333333,0.894,0.606
"B",50,"blk3",100058,0.453333333333333,0.393333333333333,0.44,0.396
"B",50,"blk3",100059,0.24,0.08,0.242,0.046
"B",50,"blk3",100060,0.46,0.793333333333333,0.464,0.8
"B",50,"blk3",100061,0.88,0.986666666666667,0.886,0.976
"B",50,"blk3",100062,0.96,0.993333333333333,0.95,0.982
"B",50,"blk3",100063,0.946666666666667,0.72,0.946,0.722
"B",50,"blk3",100064,0.473333333333333,0.546666666666667,0.468,0.588
"B",50,"blk3",100065,0.0666666666666667,0.4,0.068,0.404
"B",50,"blk3",100066,0.76,0.473333333333333,0.782,0.518
"B",50,"blk3",100067,0.733333333333333,0.393333333333333,0.74,0.376
"B",50,"blk3",100068,0.1,0.106666666666667,0.11,0.09
"B",50,"blk3",100069,0.473333333333333,0.533333333333333,0.5,0.524
"B",50,"blk3",100070,0.946666666666667,0.92,0.962,0.902
"B",50,"blk3",100071,0.92,0.9,0.868,0.914
"B",50,"blk3",100072,0.4,0.586666666666667,0.392,0.54
"B",50,"blk3",100073,0.506666666666667,0.48,0.498,0.474
"B",50,"blk3",100074,0.386666666666667,0.733333333333333,0.318,0.694
"B",50,"blk3",100075,0.366666666666667,0.86,0.318,0.852
"B",50,"blk3",100076,0.0533333333333333,0.973333333333333,0.056,0.952
"B",50,"blk3",100077,0.08,0.0533333333333333,0.046,0.036
"B",50,"blk3",100078,0.54,0.646666666666667,0.526,0.618
"B",50,"blk3",100079,0.0133333333333333,0.0733333333333333,0.018,0.076
"B",50,"blk3",100080,0.84,0.886666666666667,0.836,0.868
"B",50,"blk3",100081,0.28,0.72,0.232,0.656
"B",50,"blk3",100082,0.04,0.126666666666667,0.042,0.112
"B",50,"blk3",100083,0.0866666666666667,0.926666666666667,0.106,0.918
"B",50,"blk3",100084,0.0866666666666667,0.0866666666666667,0.088,0.082
"B",50,"blk3",100085,0.466666666666667,0.453333333333333,0.47,0.504
"B",50,"blk3",100086,0.593333333333333,0.986666666666667,0.594,0.978
"B",50,"blk3",100087,0.433333333333333,0.686666666666667,0.434,0.64
"B",50,"blk3",100088,0.566666666666667,0.34,0.518,0.36
"B",50,"blk3",100089,0.993333333333333,0.886666666666667,0.992,0.89
"B",50,"blk3",100090,0.493333333333333,0.273333333333333,0.474,0.3
"B",50,"blk3",100091,0.626666666666667,0.633333333333333,0.634,0.642
"B",50,"blk3",100092,0.273333333333333,0.373333333333333,0.3,0.336
"B",50,"blk3",100093,0.78,0.686666666666667,0.74,0.672
"B",50,"blk3",100094,0.553333333333333,0.653333333333333,0.608,0.634
"B",50,"blk3",100095,0.84,0.713333333333333,0.84,0.706
"B",50,"blk3",100096,0.453333333333333,0.993333333333333,0.444,0.996
"B",50,"blk3",100097,0.773333333333333,0.88,0.726,0.876
"B",50,"blk3",100098,0.44,0.446666666666667,0.462,0.402
"B",50,"blk3",100099,0.366666666666667,0.386666666666667,0.374,0.432
"B",50,"blk3",100100,0.453333333333333,0.166666666666667,0.482,0.208
"B",50,"blk3",100101,0.38,0.566666666666667,0.422,0.516
"B",50,"blk3",100102,0.833333333333333,0.653333333333333,0.79,0.604
"B",50,"blk3",100103,0.373333333333333,0.933333333333333,0.344,0.894
"B",50,"blk3",100104,0.946666666666667,0.926666666666667,0.888,0.912
"B",50,"blk3",100105,0.12,0.386666666666667,0.138,0.424
"B",50,"blk3",100106,0.846666666666667,0.893333333333333,0.844,0.888
"B",50,"blk3",100107,0.333333333333333,0.866666666666667,0.336,0.836
"B",50,"blk3",100108,0.00666666666666667,0.0133333333333333,0.004,0.01
"B",50,"blk3",100109,0.906666666666667,0.786666666666667,0.898,0.776
"B",50,"blk3",100110,0.586666666666667,0.866666666666667,0.572,0.872
"B",50,"blk3",100111,0.76,0.906666666666667,0.756,0.848
"B",50,"blk3",100112,0.533333333333333,0.8,0.526,0.806
"B",50,"blk3",100113,0.8,0.166666666666667,0.786,0.17
"B",50,"blk3",100114,0.886666666666667,0.806666666666667,0.888,0.822
"B",50,"blk3",100115,0.186666666666667,0.193333333333333,0.168,0.198
"B",50,"blk3",100116,0.56,0.386666666666667,0.56,0.466
"B",50,"blk3",100117,0.753333333333333,0.606666666666667,0.702,0.58
"B",50,"blk3",100118,0.886666666666667,0.786666666666667,0.906,0.81
"B",50,"blk3",100119,0.686666666666667,0.266666666666667,0.654,0.222
"B",50,"blk3",100120,0.0733333333333333,0.973333333333333,0.094,0.962
"B",50,"blk3",100121,0.1,0.326666666666667,0.1,0.364
"B",50,"blk3",100122,0.933333333333333,0.68,0.898,0.704
"B",50,"blk3",100123,0.28,0.1,0.298,0.098
"B",50,"blk3",100124,0.853333333333333,0.56,0.852,0.544
"B",50,"blk3",100125,0.406666666666667,0.666666666666667,0.328,0.592
"B",50,"blk3",100126,0.08,0.8,0.07,0.818
"B",50,"blk3",100127,0.773333333333333,0.72,0.742,0.734
"B",50,"blk3",100128,0.793333333333333,0.44,0.798,0.45
"B",50,"blk3",100129,0.3,0.366666666666667,0.334,0.382
"B",50,"blk3",100130,0.726666666666667,0.693333333333333,0.726,0.646
"B",50,"blk3",100131,0.886666666666667,0.953333333333333,0.87,0.962
"B",50,"blk3",100132,0.186666666666667,0.74,0.162,0.72
"B",50,"blk3",100133,0.786666666666667,0.98,0.712,0.948
"B",50,"blk3",100134,0.813333333333333,0.766666666666667,0.826,0.78
"B",50,"blk3",100135,0.206666666666667,0.46,0.186,0.392
"B",50,"blk3",100136,0.806666666666667,0.513333333333333,0.816,0.53
"B",50,"blk3",100137,0.0333333333333333,0.226666666666667,0.022,0.208
"B",50,"blk3",100138,0.00666666666666667,0.0933333333333333,0.018,0.082
"B",50,"blk3",100139,0.86,0.886666666666667,0.864,0.85
"B",50,"blk3",100140,0.76,0.48,0.692,0.402
"B",50,"blk3",100141,0.38,0.32,0.35,0.3
"B",50,"blk3",100142,0.446666666666667,0.193333333333333,0.47,0.238
"B",50,"blk3",100143,0.986666666666667,0.98,0.99,0.956
"B",50,"blk3",100144,0.146666666666667,0.193333333333333,0.166,0.186
"B",50,"blk3",100145,0.54,0.413333333333333,0.516,0.39
"B",50,"blk3",100146,0.38,0.88,0.402,0.872
"B",50,"blk3",100147,0.573333333333333,0.913333333333333,0.536,0.904
"B",50,"blk3",100148,0.693333333333333,0.586666666666667,0.646,0.576
"B",50,"blk3",100149,0.2,0.806666666666667,0.22,0.81
"B",50,"blk3",100150,0.58,0.913333333333333,0.594,0.922
"B",50,"blk3",100151,0.373333333333333,0.693333333333333,0.342,0.674
"B",50,"blk3",100152,0.453333333333333,0.14,0.47,0.142
"B",50,"blk3",100153,0.00666666666666667,0.686666666666667,0.006,0.682
"B",50,"blk3",100154,0.613333333333333,0.78,0.602,0.754
"B",50,"blk3",100155,0.16,0.04,0.146,0.034
"B",50,"blk3",100156,0.826666666666667,0.9,0.836,0.886
"B",50,"blk3",100157,0.973333333333333,0.886666666666667,0.94,0.878
"B",50,"blk3",100158,0.706666666666667,0.453333333333333,0.734,0.474
"B",50,"blk3",100159,0.78,0.58,0.774,0.566
"B",50,"blk3",100160,0.74,0.78,0.674,0.762
"B",50,"blk3",100161,0.213333333333333,0.0933333333333333,0.226,0.098
"B",50,"blk3",100162,0.326666666666667,0.0733333333333333,0.362,0.094
"B",50,"blk3",100163,0.133333333333333,0.106666666666667,0.162,0.1
"B",50,"blk3",100164,0.713333333333333,0.506666666666667,0.738,0.512
"B",50,"blk3",100165,0.32,0.653333333333333,0.304,0.652
"B",50,"blk3",100166,0.08,0.146666666666667,0.076,0.14
"B",50,"blk3",100167,0.0666666666666667,0.38,0.058,0.344
"B",50,"blk3",100168,0.413333333333333,0.393333333333333,0.414,0.396
"B",50,"blk3",100169,0.966666666666667,0.746666666666667,0.96,0.752
"B",50,"blk3",100170,0.72,0.773333333333333,0.716,0.768
"B",50,"blk3",100171,0.12,0.86,0.118,0.854
"B",50,"blk3",100172,0.953333333333333,0.86,0.952,0.892
"B",50,"blk3",100173,0.873333333333333,0.946666666666667,0.856,0.934
"B",50,"blk3",100174,0.0466666666666667,0.0333333333333333,0.066,0.062
"B",50,"blk3",100175,0.773333333333333,0.633333333333333,0.824,0.67
"B",50,"blk3",100176,0.766666666666667,0.993333333333333,0.78,0.986
"B",50,"blk3",100177,0.12,0.08,0.118,0.092
"B",50,"blk3",100178,0.14,0.813333333333333,0.128,0.808
"B",50,"blk3",100179,0.46,0.48,0.458,0.444
"B",50,"blk3",100180,0.92,0.753333333333333,0.882,0.67
"B",50,"blk3",100181,0.673333333333333,0.42,0.704,0.434
"B",50,"blk3",100182,0.76,0.853333333333333,0.73,0.834
"B",50,"blk3",100183,0.566666666666667,0.353333333333333,0.59,0.348
"B",50,"blk3",100184,0.0866666666666667,0.586666666666667,0.096,0.578
"B",50,"blk3",100185,0.626666666666667,0.466666666666667,0.666,0.456
"B",50,"blk3",100186,0.506666666666667,0.813333333333333,0.504,0.804
"B",50,"blk3",100187,0.486666666666667,0.326666666666667,0.516,0.322
"B",50,"blk3",100188,0.0466666666666667,0.746666666666667,0.038,0.744
"B",50,"blk3",100189,0.48,0.7,0.528,0.71
"B",50,"blk3",100190,0.6,0.986666666666667,0.606,0.98
"B",50,"blk3",100191,0.973333333333333,0.946666666666667,0.976,0.954
"B",50,"blk3",100192,0.366666666666667,0.28,0.344,0.208
"B",50,"blk3",100193,0.413333333333333,0.906666666666667,0.428,0.888
"B",50,"blk3",100194,0.766666666666667,0.793333333333333,0.754,0.78
"B",50,"blk3",100195,0.34,0.12,0.314,0.116
"B",50,"blk3",100196,0.0133333333333333,0.26,0.026,0.276
"B",50,"blk3",100197,0.453333333333333,0.533333333333333,0.426,0.558
"B",50,"blk3",100198,0.446666666666667,0.733333333333333,0.41,0.762
"B",50,"blk3",100199,0.933333333333333,0.6,0.938,0.6
"B",50,"blk3",100200,0.973333333333333,0.98,0.964,0.992
"B",50,"blk3",100201,0.42,0.333333333333333,0.408,0.334
"B",50,"blk3",100202,0.34,0.92,0.312,0.924
"B",50,"blk3",100203,0.5,0.746666666666667,0.536,0.754
"B",50,"blk3",100204,0.113333333333333,0.18,0.168,0.188
"B",50,"blk3",100205,0.366666666666667,0.886666666666667,0.356,0.888
"B",50,"blk3",100206,0.04,0.226666666666667,0.03,0.27
"B",50,"blk3",100207,0.693333333333333,0.606666666666667,0.726,0.622
"B",50,"blk3",100208,0.16,0.14,0.158,0.086
"B",50,"blk3",100209,0.44,0.366666666666667,0.458,0.358
"B",50,"blk3",100210,0.446666666666667,0.3,0.442,0.298
"B",50,"blk3",100211,0.113333333333333,0.1,0.122,0.1
"B",50,"blk3",100212,0.94,0.82,0.902,0.844
"B",50,"blk3",100213,0.953333333333333,0.953333333333333,0.958,0.946
"B",50,"blk3",100214,0.746666666666667,0.653333333333333,0.742,0.704
"B",50,"blk3",100215,0.24,0.1,0.242,0.124
"B",50,"blk3",100216,0.68,0.326666666666667,0.678,0.34
"B",50,"blk3",100217,0.02,0.233333333333333,0.018,0.21
"B",50,"blk3",100218,0.406666666666667,0.673333333333333,0.424,0.628
"B",50,"blk3",100219,0.98,0.813333333333333,0.98,0.836
"B",50,"blk3",100220,0.66,0.846666666666667,0.69,0.818
"B",50,"blk3",100221,0.106666666666667,0.94,0.094,0.95
"B",50,"blk3",100222,0.306666666666667,0.153333333333333,0.332,0.154
"B",50,"blk3",100223,0.473333333333333,0.76,0.4,0.742
"B",50,"blk3",100224,0.526666666666667,0.546666666666667,0.5,0.556
"B",50,"blk3",100225,0.7,0.946666666666667,0.738,0.964
"B",50,"blk3",100226,0.32,0.353333333333333,0.31,0.344
"B",50,"blk3",100227,0.873333333333333,0.693333333333333,0.83,0.686
"B",50,"blk3",100228,0.74,0.62,0.704,0.594
"B",50,"blk3",100229,0.0466666666666667,0.966666666666667,0.052,0.932
"B",50,"blk3",100230,0.2,0.886666666666667,0.182,0.874
"B",50,"blk3",100231,0.48,0.213333333333333,0.408,0.194
"B",50,"blk3",100232,0.506666666666667,0.326666666666667,0.534,0.366
"B",50,"blk3",100233,0.953333333333333,0.846666666666667,0.956,0.85
"B",50,"blk3",100234,0.333333333333333,0.433333333333333,0.336,0.43
"B",50,"blk3",100235,0.833333333333333,0.846666666666667,0.812,0.868
"B",50,"blk3",100236,0.946666666666667,0.94,0.924,0.93
"B",50,"blk3",100237,0.313333333333333,0.486666666666667,0.358,0.556
"B",50,"blk3",100238,0.993333333333333,0.913333333333333,0.992,0.918
"B",50,"blk3",100239,0.96,0.733333333333333,0.95,0.744
"B",50,"blk3",100240,0.466666666666667,0.146666666666667,0.506,0.154
"B",50,"blk3",100241,0.38,0.82,0.42,0.828
"B",50,"blk3",100242,0.406666666666667,0.653333333333333,0.328,0.646
"B",50,"blk3",100243,0.766666666666667,0.533333333333333,0.752,0.478
"B",50,"blk3",100244,0.0133333333333333,0.193333333333333,0.026,0.19
"B",50,"blk3",100245,0.886666666666667,0.813333333333333,0.908,0.81
"B",50,"blk3",100246,0.833333333333333,0.64,0.876,0.684
"B",50,"blk3",100247,0.533333333333333,0.88,0.53,0.896
"B",50,"blk3",100248,0.453333333333333,0.74,0.47,0.698
"B",50,"blk3",100249,0.36,0.526666666666667,0.418,0.524
"B",50,"blk3",100250,0.18,0.626666666666667,0.232,0.68
"B",50,"blk3",100251,0.0666666666666667,0.953333333333333,0.064,0.97
"B",50,"blk3",100252,0.26,0.0666666666666667,0.248,0.056
"B",50,"blk3",100253,0.693333333333333,0.846666666666667,0.702,0.9
"B",50,"blk3",100254,0.533333333333333,0.293333333333333,0.474,0.24
"B",50,"blk3",100255,0.193333333333333,0.1,0.21,0.114
"B",50,"blk3",100256,0.953333333333333,0.766666666666667,0.952,0.786
"B",50,"blk3",100257,0.706666666666667,0.233333333333333,0.686,0.252
"B",50,"blk3",100258,0.333333333333333,0.173333333333333,0.252,0.126
"B",50,"blk3",100259,0.786666666666667,0.653333333333333,0.736,0.59
"B",50,"blk3",100260,0.886666666666667,0.473333333333333,0.922,0.422
"B",50,"blk3",100261,0.36,0.766666666666667,0.324,0.748
"B",50,"blk3",100262,0.173333333333333,0.866666666666667,0.164,0.888
"B",50,"blk3",100263,0.213333333333333,0.98,0.212,0.96
"B",50,"blk3",100264,0.2,0.1,0.194,0.098
"B",50,"blk3",100265,0.926666666666667,0.813333333333333,0.948,0.808
"B",50,"blk3",100266,0.853333333333333,0.4,0.868,0.41
"B",50,"blk3",100267,0.346666666666667,0.886666666666667,0.402,0.882
"B",50,"blk3",100268,0.573333333333333,0.446666666666667,0.582,0.478
"B",50,"blk3",100269,0.3,0.86,0.306,0.862
"B",50,"blk3",100270,0.226666666666667,0.133333333333333,0.214,0.118
"B",50,"blk3",100271,0.533333333333333,0.766666666666667,0.564,0.776
"B",50,"blk3",100272,0.613333333333333,1,0.59,0.994
"B",50,"blk3",100273,0.246666666666667,0.466666666666667,0.278,0.438
"B",50,"blk3",100274,0.246666666666667,0.633333333333333,0.25,0.63
"B",50,"blk3",100275,0.0933333333333333,0.513333333333333,0.08,0.552
"B",50,"blk3",100276,0.82,0.413333333333333,0.802,0.392
"B",50,"blk3",100277,0.426666666666667,0.24,0.442,0.286
"B",50,"blk3",100278,0.04,0.0133333333333333,0.028,0.008
"B",50,"blk3",100279,0.726666666666667,0.96,0.694,0.958
"B",50,"blk3",100280,0.253333333333333,0.18,0.264,0.226
"B",50,"blk3",100281,0.96,0.92,0.942,0.9
"B",50,"blk3",100282,0.826666666666667,0.84,0.822,0.828
"B",50,"blk3",100283,0.326666666666667,0.04,0.314,0.07
"B",50,"blk3",100284,0.92,0.646666666666667,0.866,0.636
"B",50,"blk3",100285,0.966666666666667,1,0.97,0.998
"B",50,"blk3",100286,0.986666666666667,0.926666666666667,0.988,0.914
"B",50,"blk3",100287,0.753333333333333,0.946666666666667,0.736,0.962
"B",50,"blk3",100288,0.573333333333333,0.306666666666667,0.606,0.328
"B",50,"blk3",100289,0.633333333333333,0.693333333333333,0.616,0.686
"B",50,"blk3",100290,0.82,0.466666666666667,0.836,0.494
"B",50,"blk3",100291,0.426666666666667,0.466666666666667,0.346,0.444
"B",50,"blk3",100292,0.44,0.566666666666667,0.5,0.61
"B",50,"blk3",100293,0.193333333333333,0.52,0.162,0.49
"B",50,"blk3",100294,0.913333333333333,0.966666666666667,0.87,0.982
"B",50,"blk3",100295,0.366666666666667,0.346666666666667,0.36,0.348
"B",50,"blk3",100296,0.78,0.313333333333333,0.762,0.286
"B",50,"blk3",100297,0.0333333333333333,0.0666666666666667,0.022,0.052
"B",50,"blk3",100298,0.693333333333333,0.993333333333333,0.672,0.996
"B",50,"blk3",100299,0.0133333333333333,0.0133333333333333,0.016,0.018
"B",50,"blk3",100300,0.00666666666666667,0.00666666666666667,0.008,0.01
"B",50,"blk3",100301,0.686666666666667,0.906666666666667,0.674,0.92
"B",50,"blk3",100302,0.26,0.286666666666667,0.242,0.326
"B",50,"blk3",100303,0.0933333333333333,0.0333333333333333,0.048,0.026
"B",50,"blk3",100304,0.586666666666667,0.3,0.578,0.26
"B",50,"blk3",100305,0.926666666666667,0.76,0.926,0.776
"B",50,"blk3",100306,0.02,0.826666666666667,0.032,0.84
"B",50,"blk3",100307,0.0133333333333333,0.0333333333333333,0.016,0.048
"B",50,"blk3",100308,0.333333333333333,0.126666666666667,0.298,0.112
"B",50,"blk3",100309,0.493333333333333,0.693333333333333,0.508,0.718
"B",50,"blk3",100310,0.906666666666667,0.98,0.912,0.986
"B",50,"blk3",100311,0.913333333333333,0.9,0.912,0.91
"B",50,"blk3",100312,0.746666666666667,0.693333333333333,0.738,0.628
"B",50,"blk3",100313,0.4,0.906666666666667,0.374,0.94
"B",50,"blk3",100314,0.0533333333333333,0.213333333333333,0.058,0.244
"B",50,"blk3",100315,0.06,0.866666666666667,0.064,0.846
"B",50,"blk3",100316,0.686666666666667,0.76,0.696,0.768
"B",50,"blk3",100317,0.02,0.5,0.026,0.51
"B",50,"blk3",100318,0.66,0.986666666666667,0.686,0.984
"B",50,"blk3",100319,0.253333333333333,0.913333333333333,0.242,0.928
"B",50,"blk3",100320,0.926666666666667,0.966666666666667,0.94,0.962
"B",50,"blk3",100321,0.886666666666667,0.893333333333333,0.888,0.928
"B",50,"blk3",100322,0.306666666666667,0.613333333333333,0.29,0.636
"B",50,"blk3",100323,0.88,0.953333333333333,0.898,0.946
"B",50,"blk3",100324,0.7,0.78,0.724,0.738
"B",50,"blk3",100325,0.12,0.14,0.1,0.112
"B",50,"blk3",100326,0.36,0.166666666666667,0.342,0.116
"B",50,"blk3",100327,0.8,0.986666666666667,0.79,0.978
"B",50,"blk3",100328,0.273333333333333,0.126666666666667,0.292,0.122
"B",50,"blk3",100329,0.226666666666667,0.0933333333333333,0.198,0.066
"B",50,"blk3",100330,0.206666666666667,0.906666666666667,0.206,0.924
"B",50,"blk3",100331,0.266666666666667,0.1,0.236,0.086
"B",50,"blk3",100332,0.28,0.786666666666667,0.25,0.78
"B",50,"blk3",100333,0.133333333333333,0.333333333333333,0.116,0.304
"B",50,"blk3",100334,0.633333333333333,0.8,0.61,0.808
"B",50,"blk3",100335,0.546666666666667,0.853333333333333,0.494,0.79
"B",50,"blk3",100336,0.246666666666667,0.946666666666667,0.24,0.902
"B",50,"blk3",100337,0.506666666666667,0.433333333333333,0.496,0.434
"B",50,"blk3",100338,0.386666666666667,0.36,0.4,0.374
"B",50,"blk3",100339,0.54,0.0933333333333333,0.54,0.084
"B",50,"blk3",100340,0.0733333333333333,0.3,0.072,0.226
"B",50,"blk3",100341,0.0666666666666667,0.02,0.058,0.026
"B",50,"blk3",100342,0.106666666666667,0.286666666666667,0.092,0.286
"B",50,"blk3",100343,0.446666666666667,0.14,0.458,0.17
"B",50,"blk3",100344,0.553333333333333,0.56,0.558,0.582
"B",50,"blk3",100345,0.98,0.546666666666667,0.988,0.566
"B",50,"blk3",100346,0.926666666666667,0.9,0.862,0.886
"B",50,"blk3",100347,0.26,0.64,0.208,0.61
"B",50,"blk3",100348,0.82,0.466666666666667,0.768,0.416
"B",50,"blk3",100349,0.406666666666667,0.946666666666667,0.386,0.944
"B",50,"blk3",100350,0.613333333333333,0.653333333333333,0.576,0.68
"B",50,"blk3",100351,0.113333333333333,0.346666666666667,0.08,0.352
"B",50,"blk3",100352,0.453333333333333,0.96,0.438,0.938
"B",50,"blk3",100353,0.96,0.74,0.966,0.748
"B",50,"blk3",100354,0.173333333333333,0.393333333333333,0.128,0.402
"B",50,"blk3",100355,0.26,0.126666666666667,0.324,0.148
"B",50,"blk3",100356,0.133333333333333,0.506666666666667,0.108,0.53
"B",50,"blk3",100357,0.0733333333333333,0.0266666666666667,0.074,0.014
"B",50,"blk3",100358,0.426666666666667,0.94,0.408,0.952
"B",50,"blk3",100359,0.78,0.626666666666667,0.734,0.622
"B",50,"blk3",100360,0.4,0.886666666666667,0.414,0.908
"B",50,"blk3",100361,0.706666666666667,0.82,0.736,0.822
"B",50,"blk3",100362,0.96,0.866666666666667,0.97,0.836
"B",50,"blk3",100363,0.426666666666667,0.9,0.458,0.9
"B",50,"blk3",100364,0.96,0.886666666666667,0.976,0.89
"B",50,"blk3",100365,0.606666666666667,0.96,0.566,0.93
"B",50,"blk3",100366,0.766666666666667,0.66,0.692,0.648
"B",50,"blk3",100367,0.493333333333333,0.133333333333333,0.496,0.114
"B",50,"blk3",100368,0.9,0.68,0.91,0.74
"B",50,"blk3",100369,0.573333333333333,0.333333333333333,0.53,0.342
"B",50,"blk3",100370,0.553333333333333,0.646666666666667,0.54,0.566
"B",50,"blk3",100371,0.613333333333333,0.72,0.584,0.71
"B",50,"blk3",100372,0.146666666666667,0.78,0.148,0.776
"B",50,"blk3",100373,0.753333333333333,0.786666666666667,0.722,0.736
"B",50,"blk3",100374,0.48,0.653333333333333,0.506,0.634
"B",50,"blk3",100375,0.366666666666667,0.686666666666667,0.416,0.708
"B",50,"blk3",100376,0.986666666666667,0.78,0.966,0.782
"B",50,"blk3",100377,0.72,0.36,0.692,0.326
"B",50,"blk3",100378,0.88,0.386666666666667,0.864,0.42
"B",50,"blk3",100379,0.44,0.406666666666667,0.422,0.444
"B",50,"blk3",100380,0.806666666666667,0.966666666666667,0.804,0.974
"B",50,"blk3",100381,0.76,0.926666666666667,0.766,0.916
"B",50,"blk3",100382,0.486666666666667,0.793333333333333,0.446,0.754
"B",50,"blk3",100383,0.94,0.686666666666667,0.946,0.67
"B",50,"blk3",100384,0.66,0.346666666666667,0.644,0.318
"B",50,"blk3",100385,0.2,0.946666666666667,0.192,0.946
"B",50,"blk3",100386,0.36,0.6,0.302,0.544
"B",50,"blk3",100387,0.346666666666667,0.466666666666667,0.356,0.498
"B",50,"blk3",100388,0.293333333333333,0.893333333333333,0.298,0.83
"B",50,"blk3",100389,0.126666666666667,0.833333333333333,0.132,0.824
"B",50,"blk3",100390,0.406666666666667,0.68,0.364,0.674
"B",50,"blk3",100391,0.14,0.64,0.142,0.652
"B",50,"blk3",100392,0.373333333333333,0.553333333333333,0.356,0.58
"B",50,"blk3",100393,0.646666666666667,0.933333333333333,0.61,0.938
"B",50,"blk3",100394,0.733333333333333,0.993333333333333,0.724,0.99
"B",50,"blk3",100395,0.0133333333333333,0.02,0.01,0.02
"B",50,"blk3",100396,0.313333333333333,0.306666666666667,0.34,0.36
"B",50,"blk3",100397,0.353333333333333,0.866666666666667,0.384,0.828
"B",50,"blk3",100398,0.993333333333333,0.946666666666667,0.99,0.956
"B",50,"blk3",100399,0.686666666666667,0.546666666666667,0.66,0.536
"B",50,"blk3",100400,0.373333333333333,0.886666666666667,0.346,0.88
"B",50,"blk3",100401,0.3,0.693333333333333,0.284,0.74
"B",50,"blk3",100402,0.58,0.813333333333333,0.584,0.81
"B",50,"blk3",100403,0.946666666666667,0.88,0.946,0.846
"B",50,"blk3",100404,0.64,0.373333333333333,0.666,0.344
"B",50,"blk3",100405,0.813333333333333,0.746666666666667,0.816,0.748
"B",50,"blk3",100406,0.626666666666667,0.68,0.656,0.642
"B",50,"blk3",100407,0.873333333333333,0.906666666666667,0.892,0.892
"B",50,"blk3",100408,0.546666666666667,0.346666666666667,0.51,0.318
"B",50,"blk3",100409,0.32,0.486666666666667,0.292,0.408
"B",50,"blk3",100410,0.613333333333333,0.333333333333333,0.65,0.34
"B",50,"blk3",100411,0.373333333333333,0.666666666666667,0.37,0.662
"B",50,"blk3",100412,0.726666666666667,0.96,0.764,0.95
"B",50,"blk3",100413,0.353333333333333,0.146666666666667,0.358,0.152
"B",50,"blk3",100414,0.106666666666667,0.746666666666667,0.13,0.756
"B",50,"blk3",100415,0.146666666666667,0.646666666666667,0.106,0.65
"B",50,"blk3",100416,0.24,0.146666666666667,0.24,0.146
"B",50,"blk3",100417,0.546666666666667,0.46,0.574,0.424
"B",50,"blk3",100418,0.48,0.506666666666667,0.47,0.496
"B",50,"blk3",100419,0.98,0.853333333333333,0.99,0.844
"B",50,"blk3",100420,0.506666666666667,0.906666666666667,0.522,0.894
"B",50,"blk3",100421,0.76,0.746666666666667,0.734,0.722
"B",50,"blk3",100422,0.673333333333333,0.473333333333333,0.652,0.508
"B",50,"blk3",100423,0.553333333333333,0.353333333333333,0.578,0.346
"B",50,"blk3",100424,0.473333333333333,0.88,0.51,0.9
"B",50,"blk3",100425,0.18,0.833333333333333,0.138,0.788
"B",50,"blk3",100426,0.373333333333333,0.88,0.336,0.884
"B",50,"blk3",100427,0.82,0.48,0.792,0.524
"B",50,"blk3",100428,0.106666666666667,0.06,0.128,0.066
"B",50,"blk3",100429,0.633333333333333,0.273333333333333,0.672,0.264
"B",50,"blk3",100430,0.0933333333333333,0.426666666666667,0.046,0.416
"B",50,"blk3",100431,0.813333333333333,0.606666666666667,0.828,0.656
"B",50,"blk3",100432,0.186666666666667,0.06,0.146,0.04
"B",50,"blk3",100433,0.406666666666667,0.38,0.336,0.35
"B",50,"blk3",100434,0.38,0.3,0.35,0.25
"B",50,"blk3",100435,0.14,0.813333333333333,0.108,0.8
"B",50,"blk3",100436,0.06,0.28,0.046,0.282
"B",50,"blk3",100437,0.486666666666667,0.546666666666667,0.468,0.546
"B",50,"blk3",100438,0.253333333333333,0.52,0.276,0.518
"B",50,"blk3",100439,0.673333333333333,0.606666666666667,0.718,0.632
"B",50,"blk3",100440,0.226666666666667,0.293333333333333,0.196,0.278
"B",50,"blk3",100441,0.0133333333333333,0.2,0.018,0.224
"B",50,"blk3",100442,0.213333333333333,0.586666666666667,0.242,0.634
"B",50,"blk3",100443,0.3,0.286666666666667,0.318,0.28
"B",50,"blk3",100444,0.406666666666667,0.573333333333333,0.45,0.672
"B",50,"blk3",100445,0.133333333333333,0.106666666666667,0.124,0.096
"B",50,"blk3",100446,0.866666666666667,0.613333333333333,0.854,0.578
"B",50,"blk3",100447,0.406666666666667,0.0666666666666667,0.41,0.066
"B",50,"blk3",100448,0.333333333333333,0.1,0.344,0.116
"B",50,"blk3",100449,0.0266666666666667,0.0266666666666667,0.024,0.018
"B",50,"blk3",100450,0.766666666666667,0.72,0.774,0.702
"B",50,"blk3",100451,0.22,0.06,0.244,0.042
"B",50,"blk3",100452,0.573333333333333,0.386666666666667,0.518,0.33
"B",50,"blk3",100453,0.253333333333333,0.9,0.268,0.874
"B",50,"blk3",100454,0.313333333333333,0.946666666666667,0.316,0.936
"B",50,"blk3",100455,0.92,0.786666666666667,0.898,0.772
"B",50,"blk3",100456,0.0866666666666667,0.06,0.092,0.062
"B",50,"blk3",100457,0.54,0.986666666666667,0.536,0.986
"B",50,"blk3",100458,0.22,0.72,0.24,0.782
"B",50,"blk3",100459,0.266666666666667,0.126666666666667,0.266,0.122
"B",50,"blk3",100460,0.753333333333333,0.733333333333333,0.812,0.7
"B",50,"blk3",100461,0.08,0.206666666666667,0.07,0.198
"B",50,"blk3",100462,0.58,0.4,0.642,0.43
"B",50,"blk3",100463,0.946666666666667,0.973333333333333,0.956,0.956
"B",50,"blk3",100464,0.746666666666667,0.44,0.718,0.45
"B",50,"blk3",100465,0.353333333333333,0.98,0.34,0.978
"B",50,"blk3",100466,0.573333333333333,0.346666666666667,0.566,0.326
"B",50,"blk3",100467,0.813333333333333,0.64,0.78,0.616
"B",50,"blk3",100468,0.326666666666667,0.153333333333333,0.31,0.132
"B",50,"blk3",100469,0.913333333333333,0.84,0.892,0.79
"B",50,"blk3",100470,0.366666666666667,0.346666666666667,0.372,0.306
"B",50,"blk3",100471,0.453333333333333,0.413333333333333,0.446,0.398
"B",50,"blk3",100472,0.86,0.933333333333333,0.856,0.932
"B",50,"blk3",100473,0.26,0.126666666666667,0.186,0.086
"B",50,"blk3",100474,0.413333333333333,0.0733333333333333,0.35,0.06
"B",50,"blk3",100475,0.886666666666667,0.653333333333333,0.898,0.66
"B",50,"blk3",100476,0.153333333333333,0.173333333333333,0.12,0.166
"B",50,"blk3",100477,0.953333333333333,0.613333333333333,0.972,0.568
"B",50,"blk3",100478,0.64,0.293333333333333,0.628,0.298
"B",50,"blk3",100479,0.0466666666666667,0.433333333333333,0.042,0.474
"B",50,"blk3",100480,0.413333333333333,0.873333333333333,0.44,0.856
"B",50,"blk3",100481,0.753333333333333,0.48,0.712,0.482
"B",50,"blk3",100482,0.846666666666667,0.673333333333333,0.852,0.702
"B",50,"blk3",100483,0.953333333333333,0.78,0.946,0.744
"B",50,"blk3",100484,0.946666666666667,0.84,0.97,0.826
"B",50,"blk3",100485,0.573333333333333,0.373333333333333,0.568,0.354
"B",50,"blk3",100486,0.886666666666667,0.853333333333333,0.886,0.832
"B",50,"blk3",100487,0.406666666666667,0.146666666666667,0.48,0.128
"B",50,"blk3",100488,0.653333333333333,0.693333333333333,0.662,0.664
"B",50,"blk3",100489,0.193333333333333,0.12,0.186,0.142
"B",50,"blk3",100490,0.92,0.753333333333333,0.89,0.762
"B",50,"blk3",100491,0.72,0.953333333333333,0.676,0.936
"B",50,"blk3",100492,0.96,0.726666666666667,0.974,0.73
"B",50,"blk3",100493,0.293333333333333,0.273333333333333,0.28,0.254
"B",50,"blk3",100494,0.946666666666667,0.546666666666667,0.944,0.554
"B",50,"blk3",100495,0.413333333333333,0.266666666666667,0.43,0.266
"B",50,"blk3",100496,0.486666666666667,0.68,0.462,0.672
"B",50,"blk3",100497,0.773333333333333,0.513333333333333,0.76,0.508
"B",50,"blk3",100498,0.0133333333333333,0.00666666666666667,0.014,0.006
"B",50,"blk3",100499,0.34,0.406666666666667,0.344,0.384
"B",50,"blk3",100500,0.586666666666667,0.533333333333333,0.602,0.55
"B",50,"blk3",100501,0.653333333333333,0.366666666666667,0.668,0.366
"B",50,"blk3",100502,0.673333333333333,0.646666666666667,0.67,0.606
"B",50,"blk3",100503,0.173333333333333,0.0866666666666667,0.212,0.088
"B",50,"blk3",100504,0.453333333333333,0.813333333333333,0.468,0.77
"B",50,"blk3",100505,0.606666666666667,0.853333333333333,0.564,0.852
"B",50,"blk3",100506,0.513333333333333,0.246666666666667,0.518,0.25
"B",50,"blk3",100507,0.526666666666667,0.32,0.528,0.318
"B",50,"blk3",100508,0.333333333333333,0.16,0.322,0.134
"B",50,"blk3",100509,0.386666666666667,0.193333333333333,0.374,0.176
"B",50,"blk3",100510,0.146666666666667,0.32,0.128,0.324
"B",50,"blk3",100511,0.953333333333333,0.846666666666667,0.96,0.862
"B",50,"blk3",100512,0.62,0.986666666666667,0.612,0.996
"B",50,"blk3",100513,0.166666666666667,0.44,0.176,0.408
"B",50,"blk3",100514,0.86,0.433333333333333,0.868,0.428
"B",50,"blk3",100515,0.00666666666666667,0.233333333333333,0.008,0.24
"B",50,"blk3",100516,0.553333333333333,0.233333333333333,0.584,0.226
"B",50,"blk3",100517,0.273333333333333,0.973333333333333,0.298,0.966
"B",50,"blk3",100518,0.06,0.773333333333333,0.062,0.748
"B",50,"blk3",100519,0.153333333333333,0.56,0.16,0.582
"B",50,"blk3",100520,0.0733333333333333,0.00666666666666667,0.082,0.004
"B",50,"blk3",100521,0.533333333333333,1,0.572,0.998
"B",50,"blk3",100522,0.506666666666667,0.18,0.49,0.174
"B",50,"blk3",100523,0.593333333333333,0.86,0.558,0.866
"B",50,"blk3",100524,0.56,0.8,0.542,0.768
"B",50,"blk3",100525,0.96,0.94,0.96,0.93
"B",50,"blk3",100526,0.393333333333333,0.106666666666667,0.324,0.114
"B",50,"blk3",100527,0.04,0.313333333333333,0.036,0.344
"B",50,"blk3",100528,0.653333333333333,0.94,0.688,0.956
"B",50,"blk3",100529,0.38,0.973333333333333,0.35,0.976
"B",50,"blk3",100530,0.72,0.893333333333333,0.742,0.926
"B",50,"blk3",100531,0.846666666666667,0.893333333333333,0.826,0.85
"B",50,"blk3",100532,0.946666666666667,0.98,0.944,0.986
"B",50,"blk3",100533,0.586666666666667,0.233333333333333,0.608,0.222
"B",50,"blk3",100534,0.0333333333333333,0.333333333333333,0.04,0.348
"B",50,"blk3",100535,0.566666666666667,0.56,0.568,0.604
"B",50,"blk3",100536,0.66,0.786666666666667,0.63,0.81
"B",50,"blk3",100537,0.0666666666666667,0.0466666666666667,0.082,0.046
"B",50,"blk3",100538,0.72,0.586666666666667,0.746,0.608
"B",50,"blk3",100539,0.813333333333333,0.92,0.81,0.914
"B",50,"blk3",100540,0.82,0.566666666666667,0.774,0.578
"B",50,"blk3",100541,0.186666666666667,0.0266666666666667,0.158,0.026
"B",50,"blk3",100542,0.92,0.766666666666667,0.93,0.748
"B",50,"blk3",100543,0.453333333333333,0.893333333333333,0.42,0.874
"B",50,"blk3",100544,0.733333333333333,0.353333333333333,0.69,0.276
"B",50,"blk3",100545,0.98,0.9,0.968,0.886
"B",50,"blk3",100546,0.2,0.8,0.2,0.85
"B",50,"blk3",100547,0.32,0.42,0.314,0.406
"B",50,"blk3",100548,0.94,0.846666666666667,0.924,0.874
"B",50,"blk3",100549,0.746666666666667,0.766666666666667,0.77,0.744
"B",50,"blk3",100550,0.833333333333333,0.76,0.818,0.742
"B",50,"blk3",100551,0.213333333333333,0.266666666666667,0.188,0.228
"B",50,"blk3",100552,0.726666666666667,0.82,0.72,0.786
"B",50,"blk3",100553,0.14,0.0333333333333333,0.138,0.022
"B",50,"blk3",100554,0.126666666666667,0.973333333333333,0.134,0.958
"B",50,"blk3",100555,0.406666666666667,0.473333333333333,0.406,0.434
"B",50,"blk3",100556,0.693333333333333,0.913333333333333,0.664,0.904
"B",50,"blk3",100557,0.893333333333333,0.773333333333333,0.884,0.736
"B",50,"blk3",100558,0.0266666666666667,0.38,0.024,0.376
"B",50,"blk3",100559,0.633333333333333,0.806666666666667,0.612,0.762
"B",50,"blk3",100560,0.713333333333333,0.866666666666667,0.668,0.824
"B",50,"blk3",100561,0.246666666666667,0.493333333333333,0.274,0.514
"B",50,"blk3",100562,0.34,0.92,0.374,0.952
"B",50,"blk3",100563,0.986666666666667,0.82,0.97,0.84
"B",50,"blk3",100564,0.633333333333333,0.68,0.61,0.728
"B",50,"blk3",100565,0.446666666666667,0.98,0.436,0.93
"B",50,"blk3",100566,0.18,0.866666666666667,0.194,0.858
"B",50,"blk3",100567,0.04,0.626666666666667,0.036,0.574
"B",50,"blk3",100568,0.0266666666666667,0.32,0.012,0.314
"B",50,"blk3",100569,0.226666666666667,0.133333333333333,0.23,0.144
"B",50,"blk3",100570,0.273333333333333,0.906666666666667,0.288,0.9
"B",50,"blk3",100571,0.673333333333333,0.82,0.712,0.816
"B",50,"blk3",100572,0.226666666666667,0.0666666666666667,0.22,0.054
"B",50,"blk3",100573,0.16,0.0666666666666667,0.186,0.062
"B",50,"blk3",100574,0.58,0.88,0.592,0.87
"B",50,"blk3",100575,0.38,0.246666666666667,0.35,0.23
"B",50,"blk3",100576,0.246666666666667,0.193333333333333,0.234,0.164
"B",50,"blk3",100577,0.633333333333333,0.646666666666667,0.606,0.614
"B",50,"blk3",100578,0.706666666666667,0.993333333333333,0.764,0.996
"B",50,"blk3",100579,0.86,0.573333333333333,0.88,0.598
"B",50,"blk3",100580,0.7,0.273333333333333,0.676,0.282
"B",50,"blk3",100581,0.526666666666667,0.793333333333333,0.536,0.808
"B",50,"blk3",100582,0.0666666666666667,0.633333333333333,0.08,0.646
"B",50,"blk3",100583,0.133333333333333,0.766666666666667,0.13,0.792
"B",50,"blk3",100584,0.466666666666667,0.953333333333333,0.458,0.962
"B",50,"blk3",100585,0.6,0.4,0.618,0.424
"B",50,"blk3",100586,0.6,0.153333333333333,0.628,0.232
"B",50,"blk3",100587,0.6,0.646666666666667,0.584,0.632
"B",50,"blk3",100588,0.306666666666667,0.966666666666667,0.27,0.94
"B",50,"blk3",100589,0.226666666666667,0.446666666666667,0.204,0.466
"B",50,"blk3",100590,0.06,0.193333333333333,0.046,0.188
"B",50,"blk3",100591,0.986666666666667,0.96,0.982,0.976
"B",50,"blk3",100592,0.786666666666667,0.853333333333333,0.814,0.872
"B",50,"blk3",100593,0.486666666666667,0.493333333333333,0.472,0.456
"B",50,"blk3",100594,0.833333333333333,0.473333333333333,0.886,0.482
"B",50,"blk3",100595,0.0933333333333333,0.0466666666666667,0.108,0.044
"B",50,"blk3",100596,0.453333333333333,0.686666666666667,0.418,0.64
"B",50,"blk3",100597,0.693333333333333,0.38,0.688,0.412
"B",50,"blk3",100598,0.913333333333333,0.646666666666667,0.898,0.618
"B",50,"blk3",100599,0.0266666666666667,0.406666666666667,0.03,0.372
"B",50,"blk3",100600,0.306666666666667,0.513333333333333,0.308,0.542
"B",50,"blk3",100601,0.133333333333333,0.853333333333333,0.108,0.852
"B",50,"blk3",100602,0.18,0.293333333333333,0.196,0.272
"B",50,"blk3",100603,0.3,0.113333333333333,0.288,0.094
"B",50,"blk3",100604,0.773333333333333,0.58,0.768,0.534
"B",50,"blk3",100605,0.966666666666667,0.8,0.962,0.84
"B",50,"blk3",100606,0.486666666666667,0.8,0.494,0.78
"B",50,"blk3",100607,0.573333333333333,0.306666666666667,0.54,0.29
"B",50,"blk3",100608,0.94,0.713333333333333,0.938,0.678
"B",50,"blk3",100609,0.133333333333333,0.16,0.142,0.144
"B",50,"blk3",100610,0.206666666666667,0.613333333333333,0.198,0.616
"B",50,"blk3",100611,0.866666666666667,0.486666666666667,0.812,0.446
"B",50,"blk3",100612,0.466666666666667,0.673333333333333,0.48,0.654
"B",50,"blk3",100613,0.18,0.686666666666667,0.172,0.664
"B",50,"blk3",100614,0.4,0.613333333333333,0.376,0.6
"B",50,"blk3",100615,0.0666666666666667,0.286666666666667,0.078,0.272
"B",50,"blk3",100616,0.493333333333333,0.853333333333333,0.544,0.86
"B",50,"blk3",100617,0.453333333333333,0.0533333333333333,0.432,0.046
"B",50,"blk3",100618,0.84,0.4,0.868,0.434
"B",50,"blk3",100619,0.98,0.993333333333333,0.978,0.99
"B",50,"blk3",100620,0.00666666666666667,0.06,0.002,0.034
"B",50,"blk3",100621,0.693333333333333,0.593333333333333,0.652,0.598
"B",50,"blk3",100622,0.0266666666666667,0.166666666666667,0.02,0.138
"B",50,"blk3",100623,0.266666666666667,0.24,0.286,0.268
"B",50,"blk3",100624,0.52,0.96,0.474,0.96
"B",50,"blk3",100625,0.02,0.826666666666667,0.008,0.832
"B",50,"blk3",100626,0.513333333333333,0.48,0.536,0.478
"B",50,"blk3",100627,0.0933333333333333,0.293333333333333,0.074,0.28
"B",50,"blk3",100628,0.0466666666666667,0.88,0.036,0.902
"B",50,"blk3",100629,0.34,0.94,0.332,0.95
"B",50,"blk3",100630,0.48,0.493333333333333,0.506,0.468
"B",50,"blk3",100631,0.72,0.94,0.678,0.914
"B",50,"blk3",100632,0.793333333333333,0.393333333333333,0.736,0.316
"B",50,"blk3",100633,0.6,0.746666666666667,0.648,0.778
"B",50,"blk3",100634,0.373333333333333,0.08,0.442,0.086
"B",50,"blk3",100635,0.733333333333333,0.44,0.764,0.452
"B",50,"blk3",100636,0.133333333333333,0.533333333333333,0.2,0.534
"B",50,"blk3",100637,0.3,0.5,0.262,0.464
"B",50,"blk3",100638,0.54,0.84,0.532,0.856
"B",50,"blk3",100639,0.153333333333333,0.64,0.174,0.672
"B",50,"blk3",100640,0.853333333333333,0.946666666666667,0.868,0.946
"B",50,"blk3",100641,0.126666666666667,0.0666666666666667,0.136,0.076
"B",50,"blk3",100642,0.16,0.566666666666667,0.188,0.56
"B",50,"blk3",100643,0.193333333333333,0.466666666666667,0.16,0.38
"B",50,"blk3",100644,0.893333333333333,0.613333333333333,0.892,0.592
"B",50,"blk3",100645,0.0866666666666667,0.68,0.092,0.686
"B",50,"blk3",100646,0.34,0.153333333333333,0.394,0.136
"B",50,"blk3",100647,0.24,0.2,0.218,0.146
"B",50,"blk3",100648,0.82,0.74,0.794,0.758
"B",50,"blk3",100649,0.666666666666667,0.993333333333333,0.642,0.994
"B",50,"blk3",100650,0.6,0.66,0.658,0.656
"B",50,"blk3",100651,0.52,0.54,0.51,0.554
"B",50,"blk3",100652,0.106666666666667,0.986666666666667,0.084,0.976
"B",50,"blk3",100653,0.666666666666667,0.566666666666667,0.64,0.502
"B",50,"blk3",100654,0.826666666666667,0.493333333333333,0.812,0.448
"B",50,"blk3",100655,0.273333333333333,0.453333333333333,0.228,0.388
"B",50,"blk3",100656,0.0333333333333333,0.726666666666667,0.046,0.702
"B",50,"blk3",100657,0.406666666666667,0.153333333333333,0.352,0.13
"B",50,"blk3",100658,0.666666666666667,0.513333333333333,0.738,0.542
"B",50,"blk3",100659,0.88,0.853333333333333,0.868,0.864
"B",50,"blk3",100660,0.82,0.726666666666667,0.856,0.768
"B",50,"blk3",100661,0.866666666666667,0.613333333333333,0.878,0.68
"B",50,"blk3",100662,0.1,0.0466666666666667,0.12,0.07
"B",50,"blk3",100663,0.9,0.6,0.864,0.532
"B",50,"blk3",100664,0.24,0.133333333333333,0.268,0.138
"B",50,"blk3",100665,0.793333333333333,0.853333333333333,0.82,0.828
"B",50,"blk3",100666,0.726666666666667,0.766666666666667,0.718,0.74
"B",50,"blk3",100667,0.893333333333333,0.32,0.894,0.348
"B",50,"blk3",100668,0.706666666666667,0.633333333333333,0.656,0.614
"B",50,"blk3",100669,0.266666666666667,0.88,0.302,0.884
"B",50,"blk3",100670,0.386666666666667,0.14,0.32,0.118
"B",50,"blk3",100671,0.173333333333333,0.18,0.184,0.19
"B",50,"blk3",100672,0.926666666666667,0.853333333333333,0.928,0.834
"B",50,"blk3",100673,0.813333333333333,0.613333333333333,0.78,0.6
"B",50,"blk3",100674,0.853333333333333,0.62,0.876,0.596
"B",50,"blk3",100675,0.273333333333333,0.84,0.294,0.804
"B",50,"blk3",100676,0.866666666666667,0.933333333333333,0.862,0.888
"B",50,"blk3",100677,0.766666666666667,0.733333333333333,0.768,0.762
"B",50,"blk3",100678,0.253333333333333,0.133333333333333,0.254,0.162
"B",50,"blk3",100679,0.586666666666667,0.606666666666667,0.57,0.642
"B",50,"blk3",100680,0.0733333333333333,0.3,0.074,0.3
"B",50,"blk3",100681,0.8,0.533333333333333,0.796,0.476
"B",50,"blk3",100682,0.473333333333333,0.793333333333333,0.432,0.806
"B",50,"blk3",100683,0.726666666666667,0.793333333333333,0.688,0.808
"B",50,"blk3",100684,0.0866666666666667,0.52,0.078,0.48
"B",50,"blk3",100685,0.54,1,0.53,1
"B",50,"blk3",100686,0.14,0.313333333333333,0.132,0.348
"B",50,"blk3",100687,0.406666666666667,0.94,0.416,0.938
"B",50,"blk3",100688,0.613333333333333,0.933333333333333,0.618,0.948
"B",50,"blk3",100689,0.546666666666667,0.326666666666667,0.524,0.308
"B",50,"blk3",100690,0.36,0.813333333333333,0.362,0.828
"B",50,"blk3",100691,0.726666666666667,0.586666666666667,0.744,0.612
"B",50,"blk3",100692,0.0666666666666667,0.113333333333333,0.054,0.112
"B",50,"blk3",100693,0.546666666666667,0.78,0.534,0.734
"B",50,"blk3",100694,0.553333333333333,0.98,0.52,0.988
"B",50,"blk3",100695,0.533333333333333,0.806666666666667,0.518,0.822
"B",50,"blk3",100696,0.14,0.873333333333333,0.124,0.874
"B",50,"blk3",100697,0.48,0.966666666666667,0.474,0.956
"B",50,"blk3",100698,0.853333333333333,0.693333333333333,0.876,0.638
"B",50,"blk3",100699,0.18,0.513333333333333,0.118,0.466
"B",50,"blk3",100700,0.486666666666667,0.366666666666667,0.47,0.36
"B",50,"blk3",100701,0.473333333333333,0.08,0.522,0.116
"B",50,"blk3",100702,0.633333333333333,0.4,0.632,0.41
"B",50,"blk3",100703,0.0266666666666667,0.0533333333333333,0.022,0.062
"B",50,"blk3",100704,0.413333333333333,0.493333333333333,0.388,0.51
"B",50,"blk3",100705,0.933333333333333,0.613333333333333,0.912,0.588
"B",50,"blk3",100706,0.406666666666667,0.36,0.38,0.3
"B",50,"blk3",100707,0.4,0.306666666666667,0.348,0.218
"B",50,"blk3",100708,0.0866666666666667,0.113333333333333,0.096,0.092
"B",50,"blk3",100709,0.433333333333333,0.926666666666667,0.468,0.93
"B",50,"blk3",100710,0.26,0.653333333333333,0.236,0.608
"B",50,"blk3",100711,0.613333333333333,0.62,0.626,0.598
"B",50,"blk3",100712,0.606666666666667,0.54,0.606,0.588
"B",50,"blk3",100713,0.58,0.426666666666667,0.584,0.45
"B",50,"blk3",100714,0.06,0.726666666666667,0.062,0.674
"B",50,"blk3",100715,0.8,0.68,0.818,0.702
"B",50,"blk3",100716,0.96,0.82,0.974,0.842
"B",50,"blk3",100717,0.713333333333333,0.913333333333333,0.734,0.934
"B",50,"blk3",100718,0.246666666666667,0.886666666666667,0.258,0.894
"B",50,"blk3",100719,0.42,0.42,0.404,0.468
"B",50,"blk3",100720,0.46,0.306666666666667,0.464,0.298
"B",50,"blk3",100721,0.86,1,0.878,1
"B",50,"blk3",100722,0.48,0.426666666666667,0.486,0.43
"B",50,"blk3",100723,0.793333333333333,0.86,0.792,0.85
"B",50,"blk3",100724,0.273333333333333,0.246666666666667,0.246,0.256
"B",50,"blk3",100725,0.986666666666667,0.853333333333333,0.97,0.856
"B",50,"blk3",100726,0.226666666666667,0.0666666666666667,0.26,0.056
"B",50,"blk3",100727,0.68,0.446666666666667,0.688,0.45
"B",50,"blk3",100728,0.0533333333333333,0.34,0.052,0.358
"B",50,"blk3",100729,0.946666666666667,0.953333333333333,0.952,0.954
"B",50,"blk3",100730,0.586666666666667,0.573333333333333,0.526,0.576
"B",50,"blk3",100731,0.906666666666667,0.72,0.858,0.708
"B",50,"blk3",100732,0.673333333333333,0.293333333333333,0.624,0.286
"B",50,"blk3",100733,0.1,0.286666666666667,0.102,0.322
"B",50,"blk3",100734,0.126666666666667,0.46,0.156,0.524
"B",50,"blk3",100735,0.06,0.266666666666667,0.07,0.25
"B",50,"blk3",100736,0.0733333333333333,0.113333333333333,0.074,0.104
"B",50,"blk3",100737,0.733333333333333,0.92,0.738,0.846
"B",50,"blk3",100738,0.0133333333333333,0.753333333333333,0.006,0.76
"B",50,"blk3",100739,0.92,0.866666666666667,0.918,0.85
"B",50,"blk3",100740,0.28,0.633333333333333,0.262,0.638
"B",50,"blk3",100741,0.373333333333333,0.806666666666667,0.402,0.776
"B",50,"blk3",100742,0.366666666666667,0.886666666666667,0.378,0.898
"B",50,"blk3",100743,0.886666666666667,0.866666666666667,0.848,0.872
"B",50,"blk3",100744,0.16,0.986666666666667,0.148,0.988
"B",50,"blk3",100745,0.826666666666667,0.62,0.802,0.59
"B",50,"blk3",100746,0.98,0.933333333333333,0.984,0.95
"B",50,"blk3",100747,0.213333333333333,0.24,0.202,0.218
"B",50,"blk3",100748,0.38,0.753333333333333,0.442,0.792
"B",50,"blk3",100749,0.386666666666667,0.6,0.336,0.606
"B",50,"blk3",100750,0.48,0.193333333333333,0.448,0.166
"B",50,"blk3",100751,0.213333333333333,0.0866666666666667,0.178,0.07
"B",50,"blk3",100752,0.32,0.853333333333333,0.354,0.87
"B",50,"blk3",100753,0.14,0.0533333333333333,0.16,0.088
"B",50,"blk3",100754,0.586666666666667,0.886666666666667,0.532,0.892
"B",50,"blk3",100755,0.613333333333333,0.913333333333333,0.646,0.902
"B",50,"blk3",100756,0.526666666666667,0.92,0.482,0.906
"B",50,"blk3",100757,0.8,0.946666666666667,0.766,0.954
"B",50,"blk3",100758,0.806666666666667,0.833333333333333,0.76,0.814
"B",50,"blk3",100759,0.126666666666667,0.226666666666667,0.084,0.168
"B",50,"blk3",100760,0.26,0.0666666666666667,0.298,0.078
"B",50,"blk3",100761,0.166666666666667,0.52,0.188,0.464
"B",50,"blk3",100762,0.226666666666667,0.206666666666667,0.206,0.18
"B",50,"blk3",100763,0.286666666666667,0.193333333333333,0.298,0.164
"B",50,"blk3",100764,0.366666666666667,0.1,0.342,0.086
"B",50,"blk3",100765,0.466666666666667,1,0.472,1
"B",50,"blk3",100766,0.7,0.273333333333333,0.628,0.274
"B",50,"blk3",100767,0.793333333333333,0.286666666666667,0.758,0.312
"B",50,"blk3",100768,0.706666666666667,0.8,0.68,0.78
"B",50,"blk3",100769,0.06,0.1,0.052,0.06
"B",50,"blk3",100770,0.813333333333333,0.733333333333333,0.846,0.706
"B",50,"blk3",100771,0.22,0.793333333333333,0.212,0.806
"B",50,"blk3",100772,0.846666666666667,0.62,0.816,0.588
"B",50,"blk3",100773,0.06,0.0533333333333333,0.036,0.028
"B",50,"blk3",100774,0.313333333333333,0.873333333333333,0.28,0.866
"B",50,"blk3",100775,0.02,0.453333333333333,0.01,0.508
"B",50,"blk3",100776,0.0266666666666667,0.0666666666666667,0.034,0.064
"B",50,"blk3",100777,0.726666666666667,0.946666666666667,0.74,0.914
"B",50,"blk3",100778,0.806666666666667,0.433333333333333,0.826,0.44
"B",50,"blk3",100779,0.893333333333333,0.44,0.884,0.442
"B",50,"blk3",100780,0.726666666666667,0.533333333333333,0.78,0.584
"B",50,"blk3",100781,0.58,0.686666666666667,0.566,0.67
"B",50,"blk3",100782,0.713333333333333,0.84,0.706,0.862
"B",50,"blk3",100783,0.366666666666667,0.713333333333333,0.3,0.678
"B",50,"blk3",100784,0.373333333333333,0.993333333333333,0.376,0.998
"B",50,"blk3",100785,0.5,0.3,0.432,0.306
"B",50,"blk3",100786,0.766666666666667,0.913333333333333,0.716,0.866
"B",50,"blk3",100787,0.06,0.846666666666667,0.058,0.88
"B",50,"blk3",100788,0.0866666666666667,0.766666666666667,0.108,0.756
"B",50,"blk3",100789,0.0866666666666667,0.913333333333333,0.076,0.91
"B",50,"blk3",100790,0.42,0.6,0.43,0.568
"B",50,"blk3",100791,0.526666666666667,0.6,0.574,0.598
"B",50,"blk3",100792,0.553333333333333,0.106666666666667,0.54,0.102
"B",50,"blk3",100793,0.566666666666667,0.106666666666667,0.556,0.08
"B",50,"blk3",100794,0.0533333333333333,0.126666666666667,0.038,0.116
"B",50,"blk3",100795,0.626666666666667,0.946666666666667,0.63,0.898
"B",50,"blk3",100796,0.646666666666667,0.56,0.64,0.554
"B",50,"blk3",100797,0.753333333333333,0.52,0.744,0.506
"B",50,"blk3",100798,0.28,0.713333333333333,0.334,0.714
"B",50,"blk3",100799,0.98,0.846666666666667,0.972,0.804
"B",50,"blk3",100800,0.58,0.233333333333333,0.608,0.222
"B",50,"blk3",100801,0.02,0.0133333333333333,0.014,0.016
"B",50,"blk3",100802,0.14,0.673333333333333,0.132,0.644
"B",50,"blk3",100803,0.0666666666666667,0.34,0.066,0.364
"B",50,"blk3",100804,0.12,0.78,0.136,0.802
"B",50,"blk3",100805,0.246666666666667,0.546666666666667,0.23,0.478
"B",50,"blk3",100806,0.826666666666667,0.6,0.814,0.59
"B",50,"blk3",100807,0.113333333333333,0.153333333333333,0.12,0.124
"B",50,"blk3",100808,0.146666666666667,0.06,0.158,0.054
"B",50,"blk3",100809,0.0466666666666667,0.9,0.052,0.88
"B",50,"blk3",100810,0.913333333333333,0.633333333333333,0.852,0.596
"B",50,"blk3",100811,0.193333333333333,0.88,0.188,0.858
"B",50,"blk3",100812,0.6,0.126666666666667,0.618,0.16
"B",50,"blk3",100813,0.42,0.96,0.452,0.966
"B",50,"blk3",100814,0.706666666666667,1,0.67,1
"B",50,"blk3",100815,0.04,0.0266666666666667,0.028,0.026
"B",50,"blk3",100816,0.693333333333333,0.686666666666667,0.682,0.738
"B",50,"blk3",100817,0.953333333333333,0.48,0.944,0.542
"B",50,"blk3",100818,0.84,0.68,0.818,0.678
"B",50,"blk3",100819,0.633333333333333,0.433333333333333,0.656,0.446
"B",50,"blk3",100820,0.32,0.406666666666667,0.318,0.43
"B",50,"blk3",100821,0.4,0.306666666666667,0.414,0.314
"B",50,"blk3",100822,0.226666666666667,0.433333333333333,0.186,0.402
"B",50,"blk3",100823,0.0133333333333333,0.666666666666667,0.01,0.584
"B",50,"blk3",100824,0.233333333333333,0.426666666666667,0.24,0.468
"B",50,"blk3",100825,0.773333333333333,0.986666666666667,0.782,0.97
"B",50,"blk3",100826,0.32,0.62,0.368,0.618
"B",50,"blk3",100827,0.78,0.533333333333333,0.78,0.534
"B",50,"blk3",100828,0.48,0.76,0.464,0.776
"B",50,"blk3",100829,0.246666666666667,0.36,0.256,0.348
"B",50,"blk3",100830,0.5,0.74,0.512,0.754
"B",50,"blk3",100831,0.313333333333333,0.16,0.284,0.146
"B",50,"blk3",100832,0.36,0.113333333333333,0.294,0.094
"B",50,"blk3",100833,0.566666666666667,0.886666666666667,0.53,0.882
"B",50,"blk3",100834,0.173333333333333,0.246666666666667,0.166,0.302
"B",50,"blk3",100835,0.466666666666667,0.16,0.468,0.19
"B",50,"blk3",100836,0.62,0.706666666666667,0.666,0.694
"B",50,"blk3",100837,0.92,0.82,0.898,0.78
"B",50,"blk3",100838,0.473333333333333,0.64,0.428,0.696
"B",50,"blk3",100839,0.213333333333333,0.186666666666667,0.192,0.132
"B",50,"blk3",100840,0.546666666666667,0.44,0.496,0.446
"B",50,"blk3",100841,0.72,0.76,0.694,0.73
"B",50,"blk3",100842,0.233333333333333,0.706666666666667,0.228,0.728
"B",50,"blk3",100843,0.0933333333333333,0.553333333333333,0.108,0.574
"B",50,"blk3",100844,0.466666666666667,0.793333333333333,0.502,0.768
"B",50,"blk3",100845,0.0466666666666667,0.0133333333333333,0.028,0.006
"B",50,"blk3",100846,0.44,0.52,0.442,0.522
"B",50,"blk3",100847,0.98,0.593333333333333,0.988,0.59
"B",50,"blk3",100848,0.586666666666667,0.52,0.616,0.568
"B",50,"blk3",100849,0.726666666666667,0.386666666666667,0.698,0.38
"B",50,"blk3",100850,0.8,0.86,0.772,0.862
"B",50,"blk3",100851,0.78,0.58,0.792,0.616
"B",50,"blk3",100852,0.0333333333333333,0.08,0.022,0.078
"B",50,"blk3",100853,0.593333333333333,0.86,0.658,0.878
"B",50,"blk3",100854,0.16,0.78,0.196,0.802
"B",50,"blk3",100855,0.986666666666667,0.806666666666667,0.97,0.806
"B",50,"blk3",100856,0.56,0.78,0.484,0.74
"B",50,"blk3",100857,0.313333333333333,0.326666666666667,0.304,0.322
"B",50,"blk3",100858,0.84,0.96,0.816,0.968
"B",50,"blk3",100859,0.233333333333333,0.12,0.238,0.106
"B",50,"blk3",100860,0.213333333333333,0.286666666666667,0.222,0.332
"B",50,"blk3",100861,0.513333333333333,0.193333333333333,0.552,0.208
"B",50,"blk3",100862,0.806666666666667,0.86,0.81,0.85
"B",50,"blk3",100863,0.18,1,0.166,0.998
"B",50,"blk3",100864,0.0466666666666667,0.253333333333333,0.028,0.252
"B",50,"blk3",100865,0.7,0.446666666666667,0.732,0.456
"B",50,"blk3",100866,0.0933333333333333,0.186666666666667,0.106,0.194
"B",50,"blk3",100867,0.786666666666667,0.6,0.752,0.672
"B",50,"blk3",100868,0.76,0.66,0.822,0.668
"B",50,"blk3",100869,0.36,0.146666666666667,0.342,0.17
"B",50,"blk3",100870,0.36,0.64,0.406,0.64
"B",50,"blk3",100871,0.653333333333333,0.133333333333333,0.682,0.158
"B",50,"blk3",100872,0.0266666666666667,0.793333333333333,0.054,0.794
"B",50,"blk3",100873,0.38,0.693333333333333,0.31,0.63
"B",50,"blk3",100874,0.193333333333333,0.3,0.182,0.35
"B",50,"blk3",100875,0.953333333333333,0.926666666666667,0.968,0.926
"B",50,"blk3",100876,0.08,0.12,0.066,0.122
"B",50,"blk3",100877,0.00666666666666667,0.16,0.002,0.15
"B",50,"blk3",100878,0.04,0.5,0.03,0.476
"B",50,"blk3",100879,0.846666666666667,0.68,0.84,0.666
"B",50,"blk3",100880,0.233333333333333,0.226666666666667,0.174,0.206
"B",50,"blk3",100881,0.96,0.926666666666667,0.952,0.946
"B",50,"blk3",100882,0.666666666666667,0.733333333333333,0.71,0.716
"B",50,"blk3",100883,0.52,0.266666666666667,0.544,0.272
"B",50,"blk3",100884,0.506666666666667,0.24,0.532,0.234
"B",50,"blk3",100885,0.553333333333333,0.54,0.542,0.524
"B",50,"blk3",100886,0.4,0.806666666666667,0.42,0.8
"B",50,"blk3",100887,0.906666666666667,0.866666666666667,0.918,0.816
"B",50,"blk3",100888,0.506666666666667,0.52,0.458,0.52
"B",50,"blk3",100889,0.52,0.62,0.526,0.632
"B",50,"blk3",100890,0.746666666666667,0.826666666666667,0.73,0.8
"B",50,"blk3",100891,0.74,0.793333333333333,0.73,0.762
"B",50,"blk3",100892,0.273333333333333,0.02,0.264,0.024
"B",50,"blk3",100893,0.1,0.233333333333333,0.112,0.266
"B",50,"blk3",100894,0.333333333333333,0.8,0.344,0.778
"B",50,"blk3",100895,0.32,0.84,0.346,0.846
"B",50,"blk3",100896,0.173333333333333,0.193333333333333,0.172,0.192
"B",50,"blk3",100897,0.573333333333333,0.82,0.574,0.866
"B",50,"blk3",100898,0.846666666666667,0.78,0.852,0.758
"B",50,"blk3",100899,0.693333333333333,0.206666666666667,0.72,0.212
"B",50,"blk3",100900,0.18,0.44,0.144,0.484
"B",50,"blk3",100901,0.7,0.266666666666667,0.698,0.284
"B",50,"blk3",100902,0.653333333333333,0.466666666666667,0.618,0.46
"B",50,"blk3",100903,0.393333333333333,0.166666666666667,0.39,0.17
"B",50,"blk3",100904,0.82,0.586666666666667,0.766,0.604
"B",50,"blk3",100905,0.34,0.0333333333333333,0.37,0.044
"B",50,"blk3",100906,0.8,0.566666666666667,0.828,0.554
"B",50,"blk3",100907,0.373333333333333,0.06,0.362,0.102
"B",50,"blk3",100908,0.4,0.353333333333333,0.33,0.324
"B",50,"blk3",100909,0.953333333333333,0.786666666666667,0.964,0.768
"B",50,"blk3",100910,0.593333333333333,0.753333333333333,0.554,0.732
"B",50,"blk3",100911,0.493333333333333,0.56,0.474,0.57
"B",50,"blk3",100912,0.693333333333333,0.9,0.684,0.908
"B",50,"blk3",100913,0.306666666666667,0.586666666666667,0.346,0.594
"B",50,"blk3",100914,0.746666666666667,0.306666666666667,0.722,0.276
"B",50,"blk3",100915,0.52,0.613333333333333,0.53,0.624
"B",50,"blk3",100916,0.726666666666667,0.68,0.746,0.724
"B",50,"blk3",100917,0.78,0.98,0.728,0.98
"B",50,"blk3",100918,0.593333333333333,0.586666666666667,0.622,0.602
"B",50,"blk3",100919,0.66,0.393333333333333,0.648,0.354
"B",50,"blk3",100920,0.726666666666667,0.133333333333333,0.698,0.148
"B",50,"blk3",100921,0.133333333333333,0.173333333333333,0.154,0.204
"B",50,"blk3",100922,0.933333333333333,0.6,0.898,0.568
"B",50,"blk3",100923,0.373333333333333,0.226666666666667,0.34,0.214
"B",50,"blk3",100924,0.0733333333333333,0.0266666666666667,0.086,0.058
"B",50,"blk3",100925,0.966666666666667,0.626666666666667,0.964,0.626
"B",50,"blk3",100926,0.44,0.713333333333333,0.53,0.744
"B",50,"blk3",100927,0.833333333333333,0.2,0.782,0.22
"B",50,"blk3",100928,0.0333333333333333,0.946666666666667,0.02,0.938
"B",50,"blk3",100929,0.793333333333333,0.42,0.812,0.432
"B",50,"blk3",100930,0.48,0.12,0.506,0.156
"B",50,"blk3",100931,0.953333333333333,0.7,0.93,0.704
"B",50,"blk3",100932,0.846666666666667,0.92,0.844,0.926
"B",50,"blk3",100933,0.92,0.8,0.91,0.754
"B",50,"blk3",100934,0.166666666666667,0.64,0.146,0.632
"B",50,"blk3",100935,0.706666666666667,0.446666666666667,0.694,0.422
"B",50,"blk3",100936,0.2,0.153333333333333,0.21,0.154
"B",50,"blk3",100937,0.66,0.82,0.628,0.808
"B",50,"blk3",100938,0.16,0.0333333333333333,0.17,0.04
"B",50,"blk3",100939,0.04,0.146666666666667,0.028,0.184
"B",50,"blk3",100940,0.26,0.173333333333333,0.286,0.172
"B",50,"blk3",100941,0.0266666666666667,0.113333333333333,0.014,0.09
"B",50,"blk3",100942,0.16,0.466666666666667,0.172,0.422
"B",50,"blk3",100943,0.0933333333333333,0.153333333333333,0.116,0.204
"B",50,"blk3",100944,0.166666666666667,0.353333333333333,0.15,0.354
"B",50,"blk3",100945,0.286666666666667,0.193333333333333,0.308,0.202
"B",50,"blk3",100946,0.966666666666667,0.593333333333333,0.96,0.614
"B",50,"blk3",100947,0.66,0.146666666666667,0.638,0.17
"B",50,"blk3",100948,0.866666666666667,0.933333333333333,0.864,0.93
"B",50,"blk3",100949,0.9,0.586666666666667,0.878,0.628
"B",50,"blk3",100950,0.673333333333333,0.886666666666667,0.64,0.9
"B",50,"blk3",100951,0.4,0.853333333333333,0.422,0.78
"B",50,"blk3",100952,0.406666666666667,0.506666666666667,0.42,0.54
"B",50,"blk3",100953,0.746666666666667,0.62,0.774,0.642
"B",50,"blk3",100954,0.16,0.0866666666666667,0.182,0.08
"B",50,"blk3",100955,0.366666666666667,0.18,0.346,0.18
"B",50,"blk3",100956,0.913333333333333,0.586666666666667,0.91,0.576
"B",50,"blk3",100957,0.526666666666667,0.56,0.534,0.59
"B",50,"blk3",100958,0.413333333333333,0.56,0.426,0.542
"B",50,"blk3",100959,0.286666666666667,0.386666666666667,0.31,0.4
"B",50,"blk3",100960,0.92,0.593333333333333,0.908,0.598
"B",50,"blk3",100961,0.493333333333333,0.94,0.462,0.908
"B",50,"blk3",100962,0.96,0.98,0.954,0.972
"B",50,"blk3",100963,0.913333333333333,0.86,0.878,0.828
"B",50,"blk3",100964,0.253333333333333,0.626666666666667,0.246,0.626
"B",50,"blk3",100965,0.526666666666667,0.92,0.548,0.898
"B",50,"blk3",100966,0.0866666666666667,0.0466666666666667,0.078,0.064
"B",50,"blk3",100967,0.893333333333333,0.426666666666667,0.898,0.438
"B",50,"blk3",100968,0.22,0.42,0.22,0.388
"B",50,"blk3",100969,0.94,0.773333333333333,0.954,0.768
"B",50,"blk3",100970,0.0133333333333333,0.04,0.004,0.046
"B",50,"blk3",100971,0.373333333333333,0.36,0.344,0.392
"B",50,"blk3",100972,0.273333333333333,0.44,0.2,0.43
"B",50,"blk3",100973,0.513333333333333,0.933333333333333,0.494,0.922
"B",50,"blk3",100974,0.32,0.766666666666667,0.314,0.732
"B",50,"blk3",100975,0.753333333333333,0.786666666666667,0.746,0.79
"B",50,"blk3",100976,0.293333333333333,0.48,0.256,0.456
"B",50,"blk3",100977,0.58,0.246666666666667,0.592,0.264
"B",50,"blk3",100978,0.666666666666667,0.9,0.658,0.906
"B",50,"blk3",100979,0.953333333333333,0.94,0.968,0.942
"B",50,"blk3",100980,0.393333333333333,0.186666666666667,0.334,0.138
"B",50,"blk3",100981,0.806666666666667,0.486666666666667,0.818,0.512
"B",50,"blk3",100982,0.473333333333333,0.933333333333333,0.424,0.942
"B",50,"blk3",100983,0.146666666666667,0.6,0.14,0.62
"B",50,"blk3",100984,0.526666666666667,0.76,0.506,0.774
"B",50,"blk3",100985,0.16,0.9,0.212,0.922
"B",50,"blk3",100986,0.0866666666666667,0.706666666666667,0.076,0.732
"B",50,"blk3",100987,0.186666666666667,0.953333333333333,0.242,0.968
"B",50,"blk3",100988,0.82,0.6,0.762,0.594
"B",50,"blk3",100989,0.4,0.24,0.38,0.218
"B",50,"blk3",100990,0.686666666666667,0.893333333333333,0.684,0.882
"B",50,"blk3",100991,0.953333333333333,0.906666666666667,0.946,0.934
"B",50,"blk3",100992,0.0733333333333333,0.633333333333333,0.082,0.59
"B",50,"blk3",100993,0.326666666666667,0.306666666666667,0.352,0.294
"B",50,"blk3",100994,0.446666666666667,0.3,0.438,0.31
"B",50,"blk3",100995,0.36,0.94,0.346,0.942
"B",50,"blk3",100996,0.52,0.553333333333333,0.518,0.494
"B",50,"blk3",100997,0.946666666666667,0.56,0.928,0.526
"B",50,"blk3",100998,0.453333333333333,0.366666666666667,0.412,0.324
"B",50,"blk3",100999,0.14,0.9,0.18,0.886
"B",50,"blk3",101000,0.506666666666667,0.18,0.498,0.206
"B",50,"blk3",101001,0.486666666666667,0.46,0.458,0.454
"B",50,"blk3",101002,0.0733333333333333,0.313333333333333,0.042,0.34
"B",50,"blk3",101003,0.86,0.72,0.838,0.716
"B",50,"blk3",101004,0.0866666666666667,0.153333333333333,0.096,0.182
"B",50,"blk3",101005,0.8,0.966666666666667,0.836,0.964
"B",50,"blk3",101006,0.366666666666667,0.893333333333333,0.392,0.884
"B",50,"blk3",101007,0.553333333333333,0.913333333333333,0.566,0.906
"B",50,"blk3",101008,0.0733333333333333,0.88,0.06,0.91
"B",50,"blk3",101009,0.82,0.62,0.81,0.628
"B",50,"blk3",101010,0.626666666666667,0.746666666666667,0.644,0.734
"B",50,"blk3",101011,0.266666666666667,0.593333333333333,0.286,0.62
"B",50,"blk3",101012,0.566666666666667,0.606666666666667,0.524,0.594
"B",50,"blk3",101013,0.573333333333333,0.213333333333333,0.582,0.194
"B",50,"blk3",101014,0.1,0.02,0.09,0.022
"B",50,"blk3",101015,0.0733333333333333,0.24,0.11,0.22
"B",50,"blk3",101016,0.173333333333333,0.193333333333333,0.164,0.204
"B",50,"blk3",101017,0.646666666666667,0.36,0.67,0.348
"B",50,"blk3",101018,0.866666666666667,0.806666666666667,0.834,0.738
"B",50,"blk3",101019,0.28,0.446666666666667,0.304,0.444
"B",50,"blk3",101020,0.86,0.76,0.852,0.734
"B",50,"blk3",101021,0.753333333333333,0.466666666666667,0.742,0.474
"B",50,"blk3",101022,0.933333333333333,0.526666666666667,0.91,0.544
"B",50,"blk3",101023,0.0266666666666667,0.0133333333333333,0.028,0.006
"B",50,"blk3",101024,0.706666666666667,0.64,0.658,0.57
"B",50,"blk3",101025,0.473333333333333,0.386666666666667,0.424,0.39
"B",50,"blk3",101026,0.206666666666667,0.0333333333333333,0.212,0.028
"B",50,"blk3",101027,0.673333333333333,0.646666666666667,0.654,0.638
"B",50,"blk3",101028,0.58,0.873333333333333,0.588,0.858
"B",50,"blk3",101029,0.806666666666667,0.753333333333333,0.794,0.75
"B",50,"blk3",101030,0.453333333333333,0.88,0.462,0.856
"B",50,"blk3",101031,0.00666666666666667,0.0933333333333333,0.012,0.09
"B",50,"blk3",101032,0.993333333333333,0.793333333333333,0.968,0.77
"B",50,"blk3",101033,0.553333333333333,0.84,0.562,0.854
"B",50,"blk3",101034,0.62,0.34,0.648,0.31
"B",50,"blk3",101035,0.7,0.74,0.666,0.728
"B",50,"blk3",101036,0.506666666666667,0.346666666666667,0.49,0.354
"B",50,"blk3",101037,0.213333333333333,0.713333333333333,0.222,0.678
"B",50,"blk3",101038,0.4,0.606666666666667,0.386,0.63
"B",50,"blk3",101039,0.606666666666667,0.206666666666667,0.696,0.218
"B",50,"blk3",101040,0.646666666666667,0.38,0.66,0.392
"B",50,"blk3",101041,0.506666666666667,0.486666666666667,0.562,0.55
"B",50,"blk3",101042,0.0866666666666667,0.353333333333333,0.09,0.324
"B",50,"blk3",101043,0.413333333333333,0.466666666666667,0.38,0.452
"B",50,"blk3",101044,0.3,0.133333333333333,0.32,0.156
"B",50,"blk3",101045,0.18,0.1,0.204,0.106
"B",50,"blk3",101046,0.593333333333333,0.4,0.62,0.378
"B",50,"blk3",101047,0.5,0.753333333333333,0.446,0.764
"B",50,"blk3",101048,0.313333333333333,0.773333333333333,0.27,0.794
"B",50,"blk3",101049,0.753333333333333,0.36,0.796,0.344
"B",50,"blk3",101050,0.36,0.06,0.374,0.064
"B",50,"blk3",101051,0.933333333333333,0.733333333333333,0.938,0.738
"B",50,"blk3",101052,0.3,0.0733333333333333,0.286,0.088
"B",50,"blk3",101053,0.106666666666667,0.28,0.108,0.344
"B",50,"blk3",101054,0.166666666666667,0.253333333333333,0.202,0.226
"B",50,"blk3",101055,0.706666666666667,0.946666666666667,0.678,0.908
"B",50,"blk3",101056,0.72,0.72,0.734,0.722
"B",50,"blk3",101057,0.566666666666667,0.113333333333333,0.56,0.114
"B",50,"blk3",101058,0.853333333333333,0.726666666666667,0.822,0.692
"B",50,"blk3",101059,0.02,0.02,0.016,0.016
"B",50,"blk3",101060,0.233333333333333,0.766666666666667,0.218,0.75
"B",50,"blk3",101061,0.72,0.406666666666667,0.668,0.398
"B",50,"blk3",101062,0.5,0.886666666666667,0.474,0.878
"B",50,"blk3",101063,0.546666666666667,0.273333333333333,0.542,0.28
"B",50,"blk3",101064,0.28,0.946666666666667,0.268,0.958
"B",50,"blk3",101065,0.58,0.633333333333333,0.594,0.64
"B",50,"blk3",101066,0.46,0.773333333333333,0.51,0.784
"B",50,"blk3",101067,0.26,0.253333333333333,0.304,0.32
"B",50,"blk3",101068,0.14,0.04,0.16,0.024
"B",50,"blk3",101069,0.12,0.12,0.122,0.178
"B",50,"blk3",101070,0.933333333333333,0.686666666666667,0.95,0.672
"B",50,"blk3",101071,0.66,0.826666666666667,0.64,0.814
"B",50,"blk3",101072,0.586666666666667,0.386666666666667,0.62,0.408
"B",50,"blk3",101073,0.52,0.753333333333333,0.51,0.772
"B",50,"blk3",101074,0.5,0.84,0.512,0.824
"B",50,"blk3",101075,0.8,0.94,0.776,0.942
"B",50,"blk3",101076,0.0533333333333333,0.0333333333333333,0.054,0.036
"B",50,"blk3",101077,0.46,0.386666666666667,0.416,0.384
"B",50,"blk3",101078,0.446666666666667,0.946666666666667,0.44,0.922
"B",50,"blk3",101079,0.446666666666667,0.353333333333333,0.484,0.388
"B",50,"blk3",101080,0.933333333333333,0.686666666666667,0.948,0.674
"B",50,"blk3",101081,0.04,0.3,0.04,0.304
"B",50,"blk3",101082,0.973333333333333,0.826666666666667,0.964,0.794
"B",50,"blk3",101083,0.0466666666666667,0.373333333333333,0.06,0.388
"B",50,"blk3",101084,0.826666666666667,0.96,0.842,0.966
"B",50,"blk3",101085,0.573333333333333,0.22,0.614,0.248
"B",50,"blk3",101086,0.32,0.56,0.308,0.56
"B",50,"blk3",101087,0.5,0.62,0.53,0.59
"B",50,"blk3",101088,0.48,0.746666666666667,0.432,0.68
"B",50,"blk3",101089,0.5,0.326666666666667,0.526,0.306
"B",50,"blk3",101090,0.14,0.9,0.106,0.894
"B",50,"blk3",101091,0.08,0.713333333333333,0.116,0.708
"B",50,"blk3",101092,0.586666666666667,0.813333333333333,0.658,0.858
"B",50,"blk3",101093,0.7,0.626666666666667,0.754,0.62
"B",50,"blk3",101094,0.873333333333333,0.653333333333333,0.872,0.682
"B",50,"blk3",101095,0.946666666666667,0.506666666666667,0.954,0.556
"B",50,"blk3",101096,0.493333333333333,0.426666666666667,0.446,0.392
"B",50,"blk3",101097,0.5,0.686666666666667,0.492,0.74
"B",50,"blk3",101098,0.2,0.313333333333333,0.206,0.306
"B",50,"blk3",101099,0.413333333333333,0.953333333333333,0.34,0.972
"B",50,"blk3",101100,0.286666666666667,0.72,0.244,0.706
"B",50,"blk3",101101,0.613333333333333,0.473333333333333,0.568,0.456
"B",50,"blk3",101102,0.0733333333333333,0.846666666666667,0.11,0.824
"B",50,"blk3",101103,0.64,0.426666666666667,0.584,0.386
"B",50,"blk3",101104,0.566666666666667,0.246666666666667,0.61,0.316
"B",50,"blk3",101105,0.06,0.92,0.054,0.924
"B",50,"blk3",101106,0.92,0.92,0.918,0.93
"B",50,"blk3",101107,0.226666666666667,0.573333333333333,0.176,0.566
"B",50,"blk3",101108,0.606666666666667,0.44,0.612,0.442
"B",50,"blk3",101109,0.193333333333333,0.853333333333333,0.172,0.882
"B",50,"blk3",101110,0.00666666666666667,0.22,0.004,0.228
"B",50,"blk3",101111,0.64,0.52,0.65,0.488
"B",50,"blk3",101112,0.113333333333333,0.58,0.14,0.622
"B",50,"blk3",101113,0.286666666666667,0.4,0.24,0.344
"B",50,"blk3",101114,0.0733333333333333,0.653333333333333,0.082,0.63
"B",50,"blk3",101115,0.413333333333333,0.553333333333333,0.42,0.52
"B",50,"blk3",101116,0.153333333333333,0.646666666666667,0.164,0.622
"B",50,"blk3",101117,0.766666666666667,1,0.834,0.996
"B",50,"blk3",101118,0.706666666666667,0.733333333333333,0.698,0.672
"B",50,"blk3",101119,0.553333333333333,0.846666666666667,0.542,0.862
"B",50,"blk3",101120,0.473333333333333,0.506666666666667,0.472,0.488
"B",50,"blk3",101121,1,0.8,0.99,0.776
"B",50,"blk3",101122,0.173333333333333,0.226666666666667,0.174,0.206
"B",50,"blk3",101123,0.173333333333333,0.246666666666667,0.184,0.222
"B",50,"blk3",101124,0.866666666666667,0.966666666666667,0.87,0.982
"B",50,"blk3",101125,0.506666666666667,0.746666666666667,0.502,0.772
"B",50,"blk3",101126,0.0266666666666667,0.986666666666667,0.028,0.99
"B",50,"blk3",101127,0.293333333333333,0.486666666666667,0.284,0.45
"B",50,"blk3",101128,0.133333333333333,0.2,0.154,0.174
"B",50,"blk3",101129,0.56,0.853333333333333,0.564,0.858
"B",50,"blk3",101130,0.466666666666667,0.28,0.494,0.32
"B",50,"blk3",101131,0.1,0.613333333333333,0.094,0.68
"B",50,"blk3",101132,0.72,0.966666666666667,0.67,0.964
"B",50,"blk3",101133,0.426666666666667,0.706666666666667,0.452,0.718
"B",50,"blk3",101134,0.553333333333333,0.566666666666667,0.562,0.608
"B",50,"blk3",101135,0.353333333333333,0.726666666666667,0.352,0.788
"B",50,"blk3",101136,0.933333333333333,0.813333333333333,0.908,0.796
"B",50,"blk3",101137,0.626666666666667,0.666666666666667,0.578,0.646
"B",50,"blk3",101138,0.953333333333333,0.993333333333333,0.962,0.98
"B",50,"blk3",101139,0.113333333333333,0.686666666666667,0.14,0.706
"B",50,"blk3",101140,0.906666666666667,0.646666666666667,0.89,0.644
"B",50,"blk3",101141,0.06,0.0133333333333333,0.08,0.014
"B",50,"blk3",101142,0.853333333333333,0.866666666666667,0.836,0.846
"B",50,"blk3",101143,0.813333333333333,0.733333333333333,0.834,0.742
"B",50,"blk3",101144,0.86,0.8,0.872,0.814
"B",50,"blk3",101145,0.56,0.446666666666667,0.56,0.428
"B",50,"blk3",101146,0.126666666666667,0.32,0.126,0.304
"B",50,"blk3",101147,0.32,0.446666666666667,0.292,0.464
"B",50,"blk3",101148,0.553333333333333,0.873333333333333,0.564,0.86
"B",50,"blk3",101149,0.773333333333333,0.573333333333333,0.798,0.55
"B",50,"blk3",101150,0.746666666666667,0.533333333333333,0.788,0.558
"B",50,"blk3",101151,0.766666666666667,0.806666666666667,0.804,0.838
"B",50,"blk3",101152,0.513333333333333,0.3,0.512,0.264
"B",50,"blk3",101153,0.7,0.486666666666667,0.682,0.542
"B",50,"blk3",101154,0.74,0.393333333333333,0.732,0.356
"B",50,"blk3",101155,0.613333333333333,0.52,0.624,0.538
"B",50,"blk3",101156,0.173333333333333,0.653333333333333,0.17,0.622
"B",50,"blk3",101157,0.98,0.98,0.98,0.99
"B",50,"blk3",101158,0.806666666666667,0.406666666666667,0.828,0.39
"B",50,"blk3",101159,0.953333333333333,0.706666666666667,0.94,0.714
"B",50,"blk3",101160,0.96,0.846666666666667,0.952,0.832
"B",50,"blk3",101161,0.0866666666666667,0.02,0.078,0.032
"B",50,"blk3",101162,0.486666666666667,0.446666666666667,0.47,0.474
"B",50,"blk3",101163,0.48,0.54,0.482,0.548
"B",50,"blk3",101164,0.546666666666667,0.286666666666667,0.498,0.284
"B",50,"blk3",101165,0.433333333333333,0.866666666666667,0.406,0.89
"B",50,"blk3",101166,0.393333333333333,0.92,0.468,0.878
"B",50,"blk3",101167,0.66,0.466666666666667,0.69,0.502
"B",50,"blk3",101168,0.246666666666667,0.0733333333333333,0.214,0.06
"B",50,"blk3",101169,0.8,0.673333333333333,0.838,0.686
"B",50,"blk3",101170,0.873333333333333,0.88,0.878,0.9
"B",50,"blk3",101171,0.78,0.393333333333333,0.806,0.398
"B",50,"blk3",101172,0.16,0.0133333333333333,0.132,0.036
"B",50,"blk3",101173,0.266666666666667,0.806666666666667,0.278,0.806
"B",50,"blk3",101174,0.326666666666667,0.22,0.294,0.218
"B",50,"blk3",101175,0.113333333333333,0.84,0.138,0.83
"B",50,"blk3",101176,0.02,0.00666666666666667,0.024,0.006
"B",50,"blk3",101177,0.646666666666667,0.82,0.624,0.816
"B",50,"blk3",101178,0.02,0.446666666666667,0.014,0.472
"B",50,"blk3",101179,0.00666666666666667,0.00666666666666667,0.002,0.002
"B",50,"blk3",101180,0.733333333333333,0.973333333333333,0.728,0.952
"B",50,"blk3",101181,0.546666666666667,0.286666666666667,0.556,0.234
"B",50,"blk3",101182,0.64,0.64,0.674,0.632
"B",50,"blk3",101183,0.153333333333333,0.266666666666667,0.176,0.282
"B",50,"blk3",101184,0.06,0.64,0.082,0.664
"B",50,"blk3",101185,0.54,0.113333333333333,0.504,0.112
"B",50,"blk3",101186,0.473333333333333,0.473333333333333,0.448,0.468
"B",50,"blk3",101187,0.586666666666667,0.913333333333333,0.612,0.924
"B",50,"blk3",101188,0.48,0.326666666666667,0.416,0.356
"B",50,"blk3",101189,0.786666666666667,0.8,0.77,0.808
"B",50,"blk3",101190,0.206666666666667,0.746666666666667,0.232,0.744
"B",50,"blk3",101191,0.446666666666667,0.566666666666667,0.496,0.614
"B",50,"blk3",101192,0.153333333333333,0.0333333333333333,0.164,0.02
"B",50,"blk3",101193,0.4,0.36,0.368,0.324
"B",50,"blk3",101194,0.226666666666667,0.173333333333333,0.22,0.176
"B",50,"blk3",101195,0.106666666666667,0.993333333333333,0.096,0.998
"B",50,"blk3",101196,0.06,0.793333333333333,0.072,0.806
"B",50,"blk3",101197,0.673333333333333,0.526666666666667,0.654,0.486
"B",50,"blk3",101198,0.626666666666667,0.526666666666667,0.618,0.51
"B",50,"blk3",101199,0.64,0.526666666666667,0.636,0.458
"B",50,"blk3",101200,0.433333333333333,0.646666666666667,0.476,0.682
"B",50,"blk3",101201,0.666666666666667,0.94,0.66,0.942
"B",50,"blk3",101202,1,0.966666666666667,0.996,0.974
"B",50,"blk3",101203,0.713333333333333,0.606666666666667,0.674,0.578
"B",50,"blk3",101204,0.153333333333333,0.0333333333333333,0.144,0.028
"B",50,"blk3",101205,0.553333333333333,0.986666666666667,0.506,0.97
"B",50,"blk3",101206,0.48,0.82,0.502,0.848
"B",50,"blk3",101207,0.32,0.833333333333333,0.372,0.852
"B",50,"blk3",101208,0.3,0.166666666666667,0.268,0.124
"B",50,"blk3",101209,0.04,0.613333333333333,0.064,0.636
"B",50,"blk3",101210,0.44,0.58,0.452,0.538
"B",50,"blk3",101211,0.00666666666666667,0.293333333333333,0.006,0.314
"B",50,"blk3",101212,0.0466666666666667,0.0466666666666667,0.036,0.038
"B",50,"blk3",101213,0.626666666666667,0.646666666666667,0.618,0.652
"B",50,"blk3",101214,0.1,0.0733333333333333,0.07,0.068
"B",50,"blk3",101215,0.306666666666667,0.68,0.352,0.7
"B",50,"blk3",101216,0.96,0.853333333333333,0.974,0.896
"B",50,"blk3",101217,0.766666666666667,0.266666666666667,0.754,0.324
"B",50,"blk3",101218,0.326666666666667,0.293333333333333,0.294,0.242
"B",50,"blk3",101219,0.0866666666666667,0.0933333333333333,0.1,0.134
"B",50,"blk3",101220,0.1,0.04,0.126,0.046
"B",50,"blk3",101221,0.0866666666666667,0.0733333333333333,0.086,0.066
"B",50,"blk3",101222,0.966666666666667,0.9,0.952,0.896
"B",50,"blk3",101223,0.2,0.24,0.2,0.202
"B",50,"blk3",101224,0.48,0.08,0.492,0.094
"B",50,"blk3",101225,0.533333333333333,0.906666666666667,0.512,0.906
"B",50,"blk3",101226,0.393333333333333,0.673333333333333,0.4,0.65
"B",50,"blk3",101227,0.24,0.18,0.266,0.236
"B",50,"blk3",101228,0.113333333333333,0.873333333333333,0.112,0.874
"B",50,"blk3",101229,0.0933333333333333,0.64,0.104,0.62
"B",50,"blk3",101230,0.686666666666667,0.673333333333333,0.702,0.644
"B",50,"blk3",101231,0.533333333333333,0.533333333333333,0.556,0.53
"B",50,"blk3",101232,0.706666666666667,0.9,0.706,0.886
"B",50,"blk3",101233,0.746666666666667,0.793333333333333,0.688,0.744
"B",50,"blk3",101234,0.626666666666667,0.88,0.626,0.896
"B",50,"blk3",101235,0.28,0.533333333333333,0.258,0.522
"B",50,"blk3",101236,0.58,0.44,0.536,0.444
"B",50,"blk3",101237,0.693333333333333,0.646666666666667,0.664,0.618
"B",50,"blk3",101238,0.46,0.166666666666667,0.438,0.156
"B",50,"blk3",101239,0.98,0.8,0.97,0.748
"B",50,"blk3",101240,0.8,0.446666666666667,0.814,0.412
"B",50,"blk3",101241,0.52,0.92,0.522,0.918
"B",50,"blk3",101242,0.08,0.08,0.08,0.06
"B",50,"blk3",101243,0.0266666666666667,0.0333333333333333,0.012,0.016
"B",50,"blk3",101244,0.933333333333333,0.506666666666667,0.918,0.496
"B",50,"blk3",101245,0.846666666666667,0.253333333333333,0.846,0.248
"B",50,"blk3",101246,0.14,0.08,0.156,0.094
"B",50,"blk3",101247,0.293333333333333,0.726666666666667,0.322,0.706
"B",50,"blk3",101248,0.3,0.753333333333333,0.278,0.732
"B",50,"blk3",101249,0.0133333333333333,0.346666666666667,0.014,0.406
"B",50,"blk3",101250,0.106666666666667,0.4,0.152,0.428
"B",50,"blk3",101251,0.713333333333333,0.586666666666667,0.71,0.572
"B",50,"blk3",101252,0.38,0.58,0.364,0.62
"B",50,"blk3",101253,0.92,0.986666666666667,0.92,0.98
"B",50,"blk3",101254,0.873333333333333,0.593333333333333,0.864,0.582
"B",50,"blk3",101255,0.553333333333333,0.993333333333333,0.528,0.994
"B",50,"blk3",101256,0.26,0.153333333333333,0.224,0.112
"B",50,"blk3",101257,0.04,0.986666666666667,0.036,0.994
"B",50,"blk3",101258,0.453333333333333,0.366666666666667,0.438,0.342
"B",50,"blk3",101259,0.626666666666667,0.22,0.606,0.278
"B",50,"blk3",101260,0.133333333333333,1,0.158,0.998
"B",50,"blk3",101261,0.0866666666666667,0.186666666666667,0.104,0.176
"B",50,"blk3",101262,0.0666666666666667,0.0866666666666667,0.054,0.088
"B",50,"blk3",101263,0.833333333333333,0.366666666666667,0.826,0.368
"B",50,"blk3",101264,0.793333333333333,0.586666666666667,0.732,0.586
"B",50,"blk3",101265,0.893333333333333,0.56,0.916,0.556
"B",50,"blk3",101266,0.78,0.96,0.792,0.936
"B",50,"blk3",101267,0.373333333333333,0.453333333333333,0.378,0.47
"B",50,"blk3",101268,0.206666666666667,0.82,0.27,0.844
"B",50,"blk3",101269,0.593333333333333,0.833333333333333,0.576,0.836
"B",50,"blk3",101270,0.613333333333333,0.386666666666667,0.598,0.414
"B",50,"blk3",101271,0.4,0.813333333333333,0.412,0.816
"B",50,"blk3",101272,0.76,0.933333333333333,0.726,0.912
"B",50,"blk3",101273,0.14,0.0533333333333333,0.142,0.042
"B",50,"blk3",101274,0.0733333333333333,0.233333333333333,0.068,0.216
"B",50,"blk3",101275,0.34,0.653333333333333,0.346,0.65
"B",50,"blk3",101276,0.16,0.0266666666666667,0.138,0.022
"B",50,"blk3",101277,0.76,0.833333333333333,0.782,0.796
"B",50,"blk3",101278,0.413333333333333,0.446666666666667,0.482,0.508
"B",50,"blk3",101279,0.3,0.0533333333333333,0.254,0.054
"B",50,"blk3",101280,0.553333333333333,0.953333333333333,0.51,0.948
"B",50,"blk3",101281,0.933333333333333,0.806666666666667,0.932,0.814
"B",50,"blk3",101282,0.78,0.846666666666667,0.702,0.788
"B",50,"blk3",101283,0.88,0.6,0.848,0.596
"B",50,"blk3",101284,0.313333333333333,0.453333333333333,0.338,0.52
"B",50,"blk3",101285,0.513333333333333,0.473333333333333,0.508,0.474
"B",50,"blk3",101286,0.0733333333333333,0.04,0.06,0.034
"B",50,"blk3",101287,0.686666666666667,0.346666666666667,0.672,0.342
"B",50,"blk3",101288,0.326666666666667,0.626666666666667,0.326,0.61
"B",50,"blk3",101289,0.293333333333333,0.553333333333333,0.264,0.526
"B",50,"blk3",101290,0.56,0.826666666666667,0.51,0.858
"B",50,"blk3",101291,0.0666666666666667,0.0333333333333333,0.066,0.018
"B",50,"blk3",101292,0.313333333333333,0.92,0.324,0.914
"B",50,"blk3",101293,0.98,0.866666666666667,0.972,0.83
"B",50,"blk3",101294,0.913333333333333,0.406666666666667,0.878,0.378
"B",50,"blk3",101295,0.0666666666666667,0.353333333333333,0.062,0.27
"B",50,"blk3",101296,0.0266666666666667,0.02,0.016,0.006
"B",50,"blk3",101297,0.36,0.206666666666667,0.362,0.2
"B",50,"blk3",101298,0.173333333333333,0.02,0.158,0.02
"B",50,"blk3",101299,0.58,0.326666666666667,0.534,0.308
"B",50,"blk3",101300,0.5,0.253333333333333,0.472,0.302
"B",50,"blk3",101301,0.76,0.92,0.702,0.9
"B",50,"blk3",101302,0.173333333333333,0.466666666666667,0.17,0.476
"B",50,"blk3",101303,0.92,0.72,0.932,0.742
"B",50,"blk3",101304,0.766666666666667,0.64,0.804,0.658
"B",50,"blk3",101305,0.393333333333333,0.506666666666667,0.432,0.526
"B",50,"blk3",101306,0.94,0.886666666666667,0.91,0.852
"B",50,"blk3",101307,0.733333333333333,0.946666666666667,0.706,0.96
"B",50,"blk3",101308,0.62,0.646666666666667,0.616,0.664
"B",50,"blk3",101309,0.706666666666667,0.806666666666667,0.642,0.776
"B",50,"blk3",101310,0.946666666666667,0.853333333333333,0.966,0.89
"B",50,"blk3",101311,0.3,0.02,0.272,0.014
"B",50,"blk3",101312,0.92,0.96,0.926,0.964
"B",50,"blk3",101313,0.953333333333333,0.98,0.962,0.966
"B",50,"blk3",101314,0.193333333333333,0.666666666666667,0.22,0.706
"B",50,"blk3",101315,0.16,0.326666666666667,0.218,0.31
"B",50,"blk3",101316,0.28,0.0533333333333333,0.254,0.042
"B",50,"blk3",101317,0.16,0.946666666666667,0.122,0.92
"B",50,"blk3",101318,0.333333333333333,0.1,0.378,0.1
"B",50,"blk3",101319,0.553333333333333,0.746666666666667,0.556,0.758
"B",50,"blk3",101320,0.473333333333333,0.973333333333333,0.508,0.972
"B",50,"blk3",101321,0.466666666666667,0.266666666666667,0.432,0.288
"B",50,"blk3",101322,0.76,0.466666666666667,0.738,0.434
"B",50,"blk3",101323,0.0266666666666667,0.233333333333333,0.022,0.262
"B",50,"blk3",101324,0.52,0.38,0.428,0.324
"B",50,"blk3",101325,0.966666666666667,0.973333333333333,0.946,0.974
"B",50,"blk3",101326,0.9,0.806666666666667,0.912,0.846
"B",50,"blk3",101327,0.72,0.8,0.668,0.76
"B",50,"blk3",101328,0.466666666666667,0.32,0.476,0.344
"B",50,"blk3",101329,0.2,0.446666666666667,0.188,0.364
"B",50,"blk3",101330,0.906666666666667,0.92,0.922,0.95
"B",50,"blk3",101331,0.74,0.566666666666667,0.704,0.52
"B",50,"blk3",101332,0.306666666666667,0.313333333333333,0.3,0.352
"B",50,"blk3",101333,0.106666666666667,0.0666666666666667,0.094,0.088
"B",50,"blk3",101334,0.58,0.44,0.634,0.516
"B",50,"blk3",101335,0.266666666666667,0.886666666666667,0.252,0.816
"B",50,"blk3",101336,0.633333333333333,0.86,0.652,0.81
"B",50,"blk3",101337,0.606666666666667,0.38,0.6,0.396
"B",50,"blk3",101338,0.653333333333333,0.2,0.62,0.178
"B",50,"blk3",101339,0.0866666666666667,0.533333333333333,0.1,0.516
"B",50,"blk3",101340,0.78,1,0.788,0.998
"B",50,"blk3",101341,0.206666666666667,0.566666666666667,0.202,0.628
"B",50,"blk3",101342,0.713333333333333,0.433333333333333,0.726,0.428
"B",50,"blk3",101343,0.826666666666667,0.866666666666667,0.83,0.876
"B",50,"blk3",101344,0.5,0.453333333333333,0.472,0.476
"B",50,"blk3",101345,0.08,0.0533333333333333,0.07,0.08
"B",50,"blk3",101346,0.8,0.86,0.808,0.832
"B",50,"blk3",101347,0.753333333333333,0.64,0.75,0.7
"B",50,"blk3",101348,0.406666666666667,0.293333333333333,0.37,0.302
"B",50,"blk3",101349,0.04,0.0666666666666667,0.05,0.08
"B",50,"blk3",101350,0.833333333333333,0.486666666666667,0.796,0.5
"B",50,"blk3",101351,0.446666666666667,0.593333333333333,0.44,0.614
"B",50,"blk3",101352,0.593333333333333,0.38,0.602,0.4
"B",50,"blk3",101353,0.513333333333333,0.6,0.492,0.582
"B",50,"blk3",101354,0.213333333333333,0.133333333333333,0.176,0.122
"B",50,"blk3",101355,0.813333333333333,0.66,0.792,0.662
"B",50,"blk3",101356,0.426666666666667,0.46,0.358,0.47
"B",50,"blk3",101357,0.56,0.94,0.582,0.944
"B",50,"blk3",101358,0.853333333333333,0.506666666666667,0.848,0.532
"B",50,"blk3",101359,0.226666666666667,0.286666666666667,0.206,0.26
"B",50,"blk3",101360,0.313333333333333,0.453333333333333,0.324,0.438
"B",50,"blk3",101361,0.0333333333333333,0.366666666666667,0.04,0.388
"B",50,"blk3",101362,0.833333333333333,0.406666666666667,0.804,0.41
"B",50,"blk3",101363,0.12,0.406666666666667,0.132,0.386
"B",50,"blk3",101364,0.98,0.993333333333333,0.974,0.984
"B",50,"blk3",101365,0.22,0.26,0.236,0.25
"B",50,"blk3",101366,0.633333333333333,0.78,0.608,0.75
"B",50,"blk3",101367,0.813333333333333,0.753333333333333,0.796,0.772
"B",50,"blk3",101368,0.16,0.533333333333333,0.2,0.63
"B",50,"blk3",101369,0.3,0.48,0.312,0.52
"B",50,"blk3",101370,0.44,0.28,0.482,0.306
"B",50,"blk3",101371,0.373333333333333,0.48,0.352,0.442
"B",50,"blk3",101372,0.373333333333333,0.86,0.324,0.864
"B",50,"blk3",101373,0.24,0.0466666666666667,0.214,0.07
"B",50,"blk3",101374,0.606666666666667,0.286666666666667,0.61,0.286
"B",50,"blk3",101375,0.206666666666667,0.26,0.288,0.29
"B",50,"blk3",101376,0.446666666666667,0.853333333333333,0.486,0.862
"B",50,"blk3",101377,0.00666666666666667,0.88,0.006,0.886
"B",50,"blk3",101378,0.393333333333333,0.32,0.408,0.294
"B",50,"blk3",101379,0.593333333333333,0.2,0.618,0.202
"B",50,"blk3",101380,0.106666666666667,0.76,0.116,0.78
"B",50,"blk3",101381,0.8,0.986666666666667,0.746,0.996
"B",50,"blk3",101382,0.733333333333333,0.72,0.736,0.728
"B",50,"blk3",101383,0.02,0.186666666666667,0.024,0.192
"B",50,"blk3",101384,0.76,0.786666666666667,0.732,0.776
"B",50,"blk3",101385,0.873333333333333,0.98,0.84,0.97
"B",50,"blk3",101386,0.0133333333333333,0.646666666666667,0.012,0.664
"B",50,"blk3",101387,0.713333333333333,0.533333333333333,0.708,0.508
"B",50,"blk3",101388,0.226666666666667,0.0733333333333333,0.2,0.044
"B",50,"blk3",101389,0.286666666666667,0.633333333333333,0.318,0.648
"B",50,"blk3",101390,0.386666666666667,0.0866666666666667,0.424,0.098
"B",50,"blk3",101391,0.266666666666667,0.486666666666667,0.252,0.452
"B",50,"blk3",101392,0.406666666666667,0.16,0.46,0.144
"B",50,"blk3",101393,0.86,0.733333333333333,0.866,0.722
"B",50,"blk3",101394,0.02,0.06,0.02,0.048
"B",50,"blk3",101395,0.433333333333333,0.946666666666667,0.424,0.926
"B",50,"blk3",101396,0.393333333333333,0.22,0.43,0.248
"B",50,"blk3",101397,0.333333333333333,0.413333333333333,0.324,0.446
"B",50,"blk3",101398,0.266666666666667,0.14,0.276,0.124
"B",50,"blk3",101399,0.706666666666667,0.9,0.75,0.9
"B",50,"blk3",101400,0.613333333333333,0.946666666666667,0.596,0.956
"B",50,"blk3",101401,0.0866666666666667,0.0266666666666667,0.068,0.026
"B",50,"blk3",101402,0.893333333333333,0.986666666666667,0.888,0.992
"B",50,"blk3",101403,0.8,0.166666666666667,0.784,0.2
"B",50,"blk3",101404,0.946666666666667,0.866666666666667,0.972,0.894
"B",50,"blk3",101405,0.626666666666667,0.82,0.684,0.812
"B",50,"blk3",101406,0.826666666666667,0.52,0.824,0.506
"B",50,"blk3",101407,0.5,0.353333333333333,0.526,0.378
"B",50,"blk3",101408,0.6,0.993333333333333,0.562,0.99
"B",50,"blk3",101409,0.246666666666667,0.686666666666667,0.214,0.63
"B",50,"blk3",101410,0.406666666666667,0.193333333333333,0.392,0.172
"B",50,"blk3",101411,0.473333333333333,0.98,0.442,0.964
"B",50,"blk3",101412,0.453333333333333,0.473333333333333,0.474,0.464
"B",50,"blk3",101413,0.7,0.86,0.654,0.836
"B",50,"blk3",101414,0.0466666666666667,0.493333333333333,0.05,0.516
"B",50,"blk3",101415,0.113333333333333,0.233333333333333,0.128,0.246
"B",50,"blk3",101416,0.786666666666667,0.733333333333333,0.764,0.668
"B",50,"blk3",101417,0.3,0.366666666666667,0.3,0.378
"B",50,"blk3",101418,0.573333333333333,0.186666666666667,0.526,0.198
"B",50,"blk3",101419,0.293333333333333,0.173333333333333,0.294,0.13
"B",50,"blk3",101420,0.68,0.626666666666667,0.672,0.646
"B",50,"blk3",101421,0.76,0.6,0.796,0.604
"B",50,"blk3",101422,0.5,0.18,0.536,0.178
"B",50,"blk3",101423,0.0466666666666667,0.366666666666667,0.042,0.336
"B",50,"blk3",101424,0.0266666666666667,0.293333333333333,0.026,0.304
"B",50,"blk3",101425,0.64,0.693333333333333,0.598,0.686
"B",50,"blk3",101426,0.36,0.273333333333333,0.418,0.304
"B",50,"blk3",101427,0.88,0.446666666666667,0.846,0.414
"B",50,"blk3",101428,0.92,0.753333333333333,0.926,0.756
"B",50,"blk3",101429,0.293333333333333,0.106666666666667,0.3,0.102
"B",50,"blk3",101430,0.453333333333333,0.793333333333333,0.476,0.794
"B",50,"blk3",101431,0.106666666666667,0.3,0.094,0.244
"B",50,"blk3",101432,0.7,0.613333333333333,0.65,0.534
"B",50,"blk3",101433,0.133333333333333,0.88,0.154,0.892
"B",50,"blk3",101434,0.653333333333333,0.813333333333333,0.666,0.828
"B",50,"blk3",101435,0.926666666666667,0.986666666666667,0.934,0.992
"B",50,"blk3",101436,0.846666666666667,0.966666666666667,0.85,0.98
"B",50,"blk3",101437,0.793333333333333,0.893333333333333,0.778,0.928
"B",50,"blk3",101438,0.293333333333333,0.193333333333333,0.312,0.216
"B",50,"blk3",101439,0.473333333333333,0.653333333333333,0.478,0.632
"B",50,"blk3",101440,0.466666666666667,0.24,0.488,0.228
"B",50,"blk3",101441,0.0266666666666667,0.106666666666667,0.034,0.126
"B",50,"blk3",101442,0.793333333333333,0.56,0.766,0.562
"B",50,"blk3",101443,0.58,0.633333333333333,0.612,0.618
"B",50,"blk3",101444,0.706666666666667,0.6,0.734,0.568
"B",50,"blk3",101445,0.28,0.0866666666666667,0.23,0.092
"B",50,"blk3",101446,0.82,0.526666666666667,0.764,0.52
"B",50,"blk3",101447,0.553333333333333,0.673333333333333,0.562,0.686
"B",50,"blk3",101448,0.6,0.746666666666667,0.564,0.778
"B",50,"blk3",101449,0.26,0.106666666666667,0.36,0.108
"B",50,"blk3",101450,0.953333333333333,0.92,0.966,0.914
"B",50,"blk3",101451,0.22,0.413333333333333,0.198,0.394
"B",50,"blk3",101452,0.6,0.233333333333333,0.544,0.232
"B",50,"blk3",101453,0.146666666666667,0.693333333333333,0.088,0.69
"B",50,"blk3",101454,0.333333333333333,0.646666666666667,0.36,0.632
"B",50,"blk3",101455,0.613333333333333,0.28,0.556,0.306
"B",50,"blk3",101456,0.84,0.96,0.8,0.958
"B",50,"blk3",101457,0.393333333333333,0.166666666666667,0.438,0.184
"B",50,"blk3",101458,0.82,0.44,0.794,0.416
"B",50,"blk3",101459,0.473333333333333,0.926666666666667,0.498,0.912
"B",50,"blk3",101460,0.5,0.46,0.454,0.472
"B",50,"blk3",101461,0.14,0.486666666666667,0.126,0.438
"B",50,"blk3",101462,0.266666666666667,0.266666666666667,0.318,0.332
"B",50,"blk3",101463,0.773333333333333,0.9,0.81,0.896
"B",50,"blk3",101464,0.806666666666667,0.24,0.808,0.276
"B",50,"blk3",101465,0.0466666666666667,0.213333333333333,0.072,0.212
"B",50,"blk3",101466,0.36,0.56,0.372,0.51
"B",50,"blk3",101467,0.42,0.58,0.44,0.566
"B",50,"blk3",101468,0.6,0.446666666666667,0.634,0.446
"B",50,"blk3",101469,0.98,0.873333333333333,0.988,0.878
"B",50,"blk3",101470,0.833333333333333,0.633333333333333,0.832,0.622
"B",50,"blk3",101471,0.293333333333333,0.333333333333333,0.308,0.376
"B",50,"blk3",101472,0.58,0.4,0.636,0.4
"B",50,"blk3",101473,0.02,0.42,0.016,0.4
"B",50,"blk3",101474,0.76,0.9,0.788,0.882
"B",50,"blk3",101475,0.726666666666667,0.54,0.746,0.53
"B",50,"blk3",101476,1,0.986666666666667,0.996,0.98
"B",50,"blk3",101477,0.893333333333333,0.826666666666667,0.864,0.838
"B",50,"blk3",101478,0.326666666666667,0.866666666666667,0.342,0.884
"B",50,"blk3",101479,0.973333333333333,0.586666666666667,0.97,0.566
"B",50,"blk3",101480,0.946666666666667,0.7,0.95,0.73
"B",50,"blk3",101481,0.533333333333333,0.573333333333333,0.518,0.516
"B",50,"blk3",101482,0.673333333333333,0.446666666666667,0.626,0.432
"B",50,"blk3",101483,0.726666666666667,0.606666666666667,0.746,0.596
"B",50,"blk3",101484,0.993333333333333,0.926666666666667,0.996,0.926
"B",50,"blk3",101485,0.92,0.946666666666667,0.946,0.938
"B",50,"blk3",101486,0.646666666666667,0.773333333333333,0.6,0.78
"B",50,"blk3",101487,0.36,0.193333333333333,0.3,0.174
"B",50,"blk3",101488,0.513333333333333,0.88,0.51,0.872
"B",50,"blk3",101489,0.146666666666667,0.766666666666667,0.154,0.742
"B",50,"blk3",101490,0.753333333333333,0.986666666666667,0.734,0.984
"B",50,"blk3",101491,0.833333333333333,0.486666666666667,0.792,0.518
"B",50,"blk3",101492,0.0933333333333333,0.146666666666667,0.072,0.098
"B",50,"blk3",101493,0.366666666666667,0.9,0.36,0.888
"B",50,"blk3",101494,0.8,0.806666666666667,0.742,0.792
"B",50,"blk3",101495,0.34,0.366666666666667,0.33,0.362
"B",50,"blk3",101496,0.366666666666667,0.526666666666667,0.38,0.512
"B",50,"blk3",101497,0.58,0.4,0.592,0.474
"B",50,"blk3",101498,0.946666666666667,0.986666666666667,0.91,0.956
"B",50,"blk3",101499,0.76,0.873333333333333,0.768,0.884
"B",50,"blk3",101500,0.78,0.633333333333333,0.786,0.622
