"panel","seed","lam_1se","lam_min","dec_1se","edge_1se","dec_min","edge_min"
"A",300001,167.559238282953,11.2836915469538,0.634,0.084,0.434,0.112
"A",300002,136.439218240311,11.0670056443559,0.754,0.78,0.956,1
"A",300003,71.7505638049861,5.30288472831408,0.472,0.084,0.468,0.092
"A",300004,151.159699992612,10.1793219313067,0.472,0.246,0.592,0.298
"A",300005,221.380447459945,19.7076213951416,0.3,0.114,0.384,0.076
"A",300006,109.908974910695,9.78426274913008,0.754,0.716,0.992,0.876
"A",300007,82.4746553720719,8.05785595233363,0.66,0.146,0.804,0.264
"A",300008,114.329765956562,14.7662570922428,0.62,0.524,0.21,0.622
"A",300009,116.397334658239,16.4990214511599,0.218,0.43,0.542,0.608
"A",300010,150.911367712722,7.00468519240605,0.442,0.32,0.168,0.244
"A",300011,92.2450810243773,5.66007263594064,0.338,0.624,0.3,0.686
"A",300012,108.351514030675,8.7887253593022,0.18,0.958,0.314,0.982
"A",300013,106.177356821398,9.45206847750888,0.024,0.012,0.016,0.01
"A",300014,178.8668187259,19.1793026825045,0.42,0.614,0.32,0.636
"A",300015,141.236867802412,11.4561577918704,0.816,0.66,0.226,0.53
"A",300016,158.118969494391,12.8255171089595,0.758,0.366,0.406,0.216
"A",300017,118.305640814891,13.9223492151445,0.054,0.322,0.128,0.178
"A",300018,101.522442965141,9.03768102388025,0.704,0.97,0.124,0.718
"A",300019,166.245551878765,14.7994298170612,0.694,0.608,0.83,0.44
"A",300020,124.323269563031,8.37211627501621,0.332,0.224,0.266,0.314
"A",300021,94.8358263242109,7.69242625949837,0.01,0.032,0.024,0.05
"A",300022,102.025513881637,7.54042213426806,0.234,0.352,0.25,0.594
"A",300023,172.522447898418,13.9938276493714,0.658,0.11,0.44,0.078
"A",300024,100.240787419767,5.60427215009474,0.47,0.454,0.504,0.484
"A",300025,102.341149983102,5.21339942608946,0.894,0.598,0.89,0.522
"A",300026,96.0157578887771,9.38083515149669,0.634,0.334,0.66,0.196
"A",300027,114.51768858063,10.1945373924774,0.302,0.346,0.708,0.386
"A",300028,166.4412173944,5.8440702674792,0.696,0.76,0.632,0.728
"A",300029,161.398621071794,14.3679487248138,0.254,0.254,0.168,0.234
"A",300030,103.020880985947,5.7597019042761,0.85,0.302,0.534,0.106
"A",300031,74.0474627399925,11.5193871303187,0.304,0.952,0.494,0.884
"A",300032,83.6826225693702,8.97301332329969,0.592,0.444,0.496,0.348
"A",300033,68.3331746792277,6.67621920754728,0.782,0.498,0.648,0.472
"A",300034,150.994430565641,13.4417519907717,0.756,0.806,0.456,0.514
"A",300035,78.0430683656853,6.33031388808347,0.688,0.9,0.46,0.552
"A",300036,208.083743646511,18.5239287630003,0.314,0.608,0.344,0.738
"A",300037,205.504003085449,16.6690632753307,0.646,0.736,0.324,0.696
"A",300038,152.98208459279,5.37149430905203,0.452,0.362,0.738,0.478
"A",300039,114.218812987344,14.7519269652202,0.584,0.87,0.334,0.76
"A",300040,76.9562564870203,7.5187028864292,0.39,0.708,0.5,0.636
"A",300041,114.764738271697,9.3089217499683,0.486,0.724,0.474,0.824
"A",300042,192.38473296974,6.75499684192538,0.93,0.668,0.996,0.902
"A",300043,114.395540189525,5.30977061958803,0.75,0.684,0.71,0.898
"A",300044,162.336541996121,17.4068152916943,0.84,0.446,0.83,0.472
"A",300045,120.506868326936,11.7736410278363,0.312,0.2,0.704,0.362
"A",300046,103.157108417506,7.62405514096067,0.972,0.898,0.748,0.758
"A",300047,115.157998496494,4.87031144570255,0.024,0.01,0.016,0.016
"A",300048,98.5710512515078,6.63792309620531,0.342,0.626,0.568,0.48
"A",300049,161.272212915039,9.89551344224823,0.136,0.416,0.64,0.508
"A",300050,152.591721898663,13.5839452748224,0.022,0.388,0.078,0.396
"A",300051,104.70684172996,9.32116100573162,0.352,0.066,0.324,0.12
"A",300052,104.01600346219,10.162467110103,0.89,0.828,0.938,0.886
"A",300053,75.0407923551701,6.68024453783212,0.76,0.286,0.418,0.228
"A",300054,78.9433652948756,6.40333974769662,0.762,0.784,0.704,0.886
"A",300055,190.656584164818,18.6273381153685,0.052,0.76,0.276,0.708
"A",300056,92.4773777560659,5.67432614799623,0.112,0.874,0.036,0.802
"A",300057,95.5696083135805,9.3372458937555,0.038,0.312,0.012,0.252
"A",300058,97.9231238893777,10.4999756023436,0.654,0.354,0.35,0.278
"A",300059,129.916331385978,11.5653478045474,0.488,0.872,0.46,0.774
"A",300060,188.808509888973,13.954312141536,0.54,0.784,0.632,0.904
"A",300061,123.158168031559,7.55687099005082,0.106,0.296,0.092,0.47
"A",300062,134.180464737733,10.8837911838464,0.844,0.258,0.772,0.22
"A",300063,128.262701088423,16.5657648624656,0.528,0.978,0.336,0.922
"A",300064,117.636579820018,10.4721857955939,0.706,0.146,0.256,0.088
"A",300065,134.436545797247,11.9677441103832,0.52,0.554,0.38,0.716
"A",300066,68.6227538078958,5.07171698569231,0.204,0.796,0.776,0.834
"A",300067,117.455016399662,7.2069308942555,0.942,0.98,0.968,0.994
"A",300068,129.036559397429,5.45726949367313,0.94,0.522,0.638,0.358
"A",300069,129.093119215711,20.0827085909454,0.2,0.678,0.008,0.536
"A",300070,115.848334667627,10.3129935144807,0.778,0.99,0.872,0.892
"A",300071,89.8480691988823,9.63411395628768,0.838,0.86,0.798,0.698
"A",300072,88.4425460695007,8.64092481587976,0.198,0.53,0.19,0.334
"A",300073,131.970858878919,12.8936843198035,0.616,0.994,0.776,0.968
"A",300074,131.374439664474,9.70951965870328,0.434,0.502,0.618,0.558
"A",300075,99.2551035462282,8.83583904842617,0.19,0.48,0.604,0.674
"A",300076,75.1252532691272,5.0590477371599,0.972,0.714,0.702,0.454
"A",300077,155.231460572861,13.8189387937628,0.696,0.43,0.824,0.286
"A",300078,104.497225021544,11.2048949181639,0.354,0.43,0.776,0.786
"A",300079,120.620074330365,12.9336952020899,0.702,0.84,0.584,0.732
"A",300080,127.743777851216,15.0330404624512,0.536,0.366,0.504,0.384
"A",300081,84.774578557682,10.9490578537952,0.71,0.47,0.762,0.412
"A",300082,122.402260154886,5.68140963943885,0.166,0.298,0.08,0.254
"A",300083,103.035105794525,9.17234055087119,0.648,0.098,0.66,0.098
"A",300084,83.0144551572876,8.110594928844,0.74,0.276,0.842,0.36
"A",300085,159.801940942423,18.8056834123355,0.86,0.6,0.996,0.744
"A",300086,129.024450108311,13.8348688689048,0.448,0.56,0.482,0.558
"A",300087,154.832808756617,15.1273195871822,0.604,0.186,0.878,0.478
"A",300088,168.886826442512,16.5004111091,0.358,0.9,0.246,0.73
"A",300089,134.030933487755,6.82772073441299,0.224,0.286,0.312,0.294
"A",300090,154.58684247009,9.48530531086199,0.722,0.47,0.31,0.48
"A",300091,198.112896277391,19.35582723324,0.734,0.238,0.756,0.314
"A",300092,125.075183075378,14.71899703961,0.446,0.854,0.398,0.932
"A",300093,62.0430230813997,6.06166513314732,0.528,0.446,0.362,0.532
"A",300094,99.1702205360446,8.04400233729983,0.922,0.892,0.872,0.946
"A",300095,71.6048453397163,8.42654378480377,0.92,0.732,0.638,0.538
"A",300096,118.799392312697,10.5757011178467,0.124,0.678,0.034,0.656
"A",300097,200.810479261501,16.2883570874657,0.036,0.07,0.042,0.132
"A",300098,96.0114935111536,7.78778824970607,0.62,0.136,0.312,0.088
"A",300099,116.978733568823,8.64557303641045,0.428,0.226,0.518,0.362
"A",300100,122.208809012964,9.03211337463056,0.412,0.76,0.404,0.542
"A",300101,74.439457929628,6.03801393539932,0.33,0.106,0.294,0.05
"A",300102,194.233305858629,14.3552437325392,0.9,0.364,0.86,0.468
"A",300103,109.959834216219,8.91918116812984,0.346,0.022,0.258,0.054
"A",300104,99.8778547585538,14.1574278568806,0.642,0.432,0.88,0.352
"A",300105,91.3630514881768,8.13327666870667,0.596,0.348,0.446,0.468
"A",300106,105.835040218837,5.91703620522067,0.666,0.286,0.596,0.348
"A",300107,95.573411237335,8.5080892450918,0.07,0.488,0.096,0.292
"A",300108,145.809415601747,6.76787355292676,0.98,0.992,0.996,0.976
"A",300109,95.5631396746009,5.34275374365597,0.196,0.01,0.112,0.01
"A",300110,250.79018414435,20.3423650418905,0.884,0.788,0.838,0.816
"A",300111,198.4360798219,17.6650791754032,0.976,0.65,0.598,0.588
"A",300112,63.8289305026293,7.51146483266371,0.28,0.17,0.152,0.098
"A",300113,120.392369685385,9.76539628436454,0.112,0.374,0.09,0.262
"A",300114,129.219888729451,11.5033494286486,0.624,0.472,0.354,0.358
"A",300115,103.209996663456,10.0837194433016,0.68,0.742,0.85,0.888
"A",300116,124.307985370055,6.94982350374486,0.504,0.59,0.532,0.368
"A",300117,181.727727223723,16.17767642182,0.936,0.624,0.992,1
"A",300118,165.273706941979,16.1474057362067,0.31,0.982,0.168,0.93
"A",300119,59.6699639486275,7.70667219493,0.112,0.618,0.076,0.558
"A",300120,92.5031145956147,5.17167354995258,0.522,0.372,0.382,0.218
"A",300121,118.714241328286,10.5681208487603,0.234,0.408,0.548,0.466
"A",300122,125.0583714186,11.1328848798026,0.964,0.372,0.848,0.3
"A",300123,102.24232084771,5.71617408479059,0.53,0.826,0.436,0.818
"A",300124,98.82225206389,8.0157775417091,0.606,0.306,0.536,0.238
"A",300125,121.057952218021,11.827482472726,0.26,0.962,0.056,0.772
"A",300126,137.408380162198,11.1456173558429,0.79,0.584,0.79,0.304
"A",300127,142.396653961733,9.5892052093792,0.35,0.018,0.45,0.042
"A",300128,140.414219383422,5.93845836790303,0.736,0.968,0.646,0.954
"A",300129,166.658361244677,16.282687840322,0.788,0.842,0.982,0.87
"A",300130,180.972512890096,13.3751753847936,0.504,0.702,0.798,0.642
"A",300131,98.5597509304239,6.63716211555872,0.116,0.108,0.04,0.078
"A",300132,94.2710286212382,10.1083733975751,0.662,0.132,0.8,0.298
"A",300133,154.04520855829,7.15014519915713,0.498,0.834,0.254,0.67
"A",300134,175.936867047012,14.2707817134378,0.002,0.262,0.012,0.168
"A",300135,113.849362280173,11.1231960579895,0.55,0.376,0.37,0.236
"A",300136,128.625603957769,16.6126355703993,0.57,0.964,0.938,0.994
"A",300137,271.478262628096,22.0204388706868,0.16,0.388,0.548,0.186
"A",300138,118.06993251464,11.535549972445,0.378,0.094,0.136,0.058
"A",300139,139.922990678321,13.6706155147807,0.816,0.884,0.848,0.942
"A",300140,108.895789861258,14.0644320916839,0.244,0.894,0.076,0.752
"A",300141,70.4314783515206,6.88122556567405,0.424,0.45,0.64,0.544
"A",300142,200.245160188965,17.8261262387575,0.494,0.616,0.608,0.902
"A",300143,98.3623860124116,9.61010305578362,0.19,0.984,0.174,0.682
"A",300144,229.537064616518,15.4573717466552,0.184,0.968,0.234,1
"A",300145,74.1586038521288,6.01523299527805,0.342,0.908,0.802,0.976
"A",300146,81.7643244278799,11.5898817325685,0.096,0.182,0.09,0.112
"A",300147,89.7763151646258,6.0456723181631,0.568,0.272,0.236,0.19
"A",300148,53.9527451895005,6.34922354056841,0.892,0.534,0.834,0.464
"A",300149,118.440165386995,20.2219129940352,0.504,0.394,0.614,0.434
"A",300150,107.097255225628,12.6033330022501,0.37,0.232,0.158,0.252
"A",300151,96.9714879369466,11.4117206049605,0.736,0.89,0.792,0.852
"A",300152,109.675121227584,9.76344474148086,0.416,0.108,0.278,0.232
"A",300153,127.157304011492,8.56296442446807,0.378,0.348,0.296,0.378
"A",300154,114.102635623262,11.1479411158012,0.56,0.308,0.484,0.664
"A",300155,192.31861119134,14.2137339718891,0.022,0.028,0.044,0.036
"A",300156,165.120784266896,12.2036181847441,0.144,0.77,0.058,0.968
"A",300157,110.036853204466,7.41004747383685,0.898,0.502,0.638,0.716
"A",300158,126.031114354621,9.31460933770506,0.39,0.264,0.478,0.33
"A",300159,116.229822222603,11.3557693646602,0.664,0.336,0.564,0.23
"A",300160,67.9053624439724,6.04503780302372,0.024,0.17,0.136,0.3
"A",300161,164.344045135543,11.0671755964695,0.306,0.976,0.272,0.774
"A",300162,108.187948330791,10.5700702778957,0.66,0.36,0.342,0.098
"A",300163,130.303841908708,6.04816857580306,0.45,0.92,0.176,0.778
"A",300164,111.252657023232,10.8694953687693,0.844,0.758,0.51,0.55
"A",300165,132.428300376697,5.60071445735657,0.24,0.05,0.164,0.064
"A",300166,109.31108287502,8.86655894669349,0.908,0.478,0.756,0.33
"A",300167,79.8065409583375,7.79717851739042,0.978,0.76,0.836,0.896
"A",300168,146.702814728394,10.8423972519339,0.46,0.548,0.486,0.71
"A",300169,147.811151018026,6.25129257198296,0.176,0.666,0.562,0.646
"A",300170,115.159072191712,5.3452106357426,0.906,0.97,0.964,0.872
"A",300171,77.0950856844443,7.5322666372539,0.192,0.296,0.35,0.174
"A",300172,168.305082283648,12.4389607998813,0.34,0.582,0.14,0.422
"A",300173,123.289974802305,12.0455533017022,0.706,0.284,0.58,0.254
"A",300174,57.2722087598821,6.73986198109817,0.462,0.96,0.166,0.804
"A",300175,178.819260656225,15.91876034043,0.68,0.212,0.338,0.076
"A",300176,85.3631742991421,6.9240702488108,0.582,0.862,0.776,0.796
"A",300177,79.6497827764087,8.54058513113855,0.284,0.13,0.404,0.144
"A",300178,151.275047230452,5.82942720017459,0.254,0.838,0.724,0.988
"A",300179,140.814541739479,5.95538897262113,0.146,0.064,0.212,0.08
"A",300180,163.568852036489,11.0149729252907,0.424,0.29,0.732,0.466
"A",300181,89.7063963086501,6.62995039746536,0.268,0.912,0.256,0.946
"A",300182,67.1495770879477,5.97775665049456,0.834,0.192,0.892,0.356
"A",300183,159.235610671205,10.7231659233885,0.598,0.606,0.644,0.566
"A",300184,122.077364586022,6.82511372981791,0.552,0.924,0.118,0.888
"A",300185,109.533593549194,11.7449282071802,0.124,0.604,0.192,0.256
"A",300186,74.9063543787404,6.66827666636468,0.424,0.06,0.25,0.06
"A",300187,209.402282457866,12.8487298800254,0.884,0.722,0.636,0.574
"A",300188,115.688162249773,7.09851836196186,0.004,0.004,0.002,0.002
"A",300189,142.998880488,15.3333012331454,0.004,0.068,0.014,0.054
"A",300190,86.9521596696871,6.42639242333408,0.546,0.666,0.292,0.298
"A",300191,106.654835830609,12.5512685590453,0.294,0.044,0.166,0.056
"A",300192,127.692170970855,10.3575056724928,0.148,0.052,0.162,0.072
"A",300193,232.778185939854,18.881356335111,0.51,0.164,0.354,0.238
"A",300194,191.276475713179,18.6879021368879,0.546,0.214,0.522,0.146
"A",300195,139.172290182126,21.6507011732502,0.664,0.584,0.338,0.764
"A",300196,72.2668555336106,10.2436400554857,0.778,0.882,0.616,0.728
"A",300197,84.5407523699739,7.52594530946242,0.78,0.86,0.628,0.902
"A",300198,148.889495924685,11.0040087809112,0.772,0.688,0.682,0.584
"A",300199,164.357339909259,5.77090133346977,0.23,0.056,0.024,0.026
"A",300200,76.0279333341529,7.42800479003491,0.69,0.496,0.882,0.458
"A",300201,162.354219469923,7.53581532181515,0.228,0.186,0.11,0.228
"A",300202,143.611117335754,11.6487404915186,0.558,0.352,0.486,0.354
"A",300203,243.673046312185,13.6232974852594,0.502,0.968,0.35,1
"A",300204,99.5154986178965,11.7111028226069,0.732,0.588,0.368,0.432
"A",300205,163.12034352676,6.28588907996255,0.15,0.012,0.268,0.016
"A",300206,72.9632913651094,7.82361457407956,1,0.98,0.976,0.868
"A",300207,163.884866593334,12.1122749449278,0.936,0.434,0.796,0.286
"A",300208,92.4740444781988,8.2321789406608,0.492,0.382,0.496,0.3
"A",300209,73.001965238381,6.4987450722341,0.282,0.758,0.47,0.738
"A",300210,123.893443626151,9.15662003617177,0.876,0.596,0.872,0.854
"A",300211,60.2104480756103,9.36679576865913,0.16,0.038,0.138,0.012
"A",300212,100.06597070076,5.59449847916777,0.592,0.438,0.528,0.502
"A",300213,109.763556538392,9.77131738625763,0.334,0.102,0.332,0.118
"A",300214,183.910379836356,14.9175379187511,0.31,0.526,0.702,0.512
"A",300215,206.352627006179,26.6514666284772,0.462,0.44,0.446,0.556
"A",300216,118.364536373732,10.5369895861604,0.398,0.758,0.648,0.94
"A",300217,284.054168052571,19.1286356262808,0.25,0.134,0.684,0.178
"A",300218,126.897912230533,19.7412054771623,0.264,0.656,0.296,0.458
"A",300219,100.598359154841,5.62426330706908,0.186,0.644,0.358,0.518
"A",300220,163.960908795494,6.31828050294201,0.912,0.77,0.826,0.862
"A",300221,123.596258213242,9.13465588837947,0.628,0.198,0.644,0.358
"A",300222,141.732501062221,16.6792501298528,0.158,0.816,0.572,0.806
"A",300223,130.587788420852,5.52287473661172,0.788,0.83,0.714,0.434
"A",300224,136.206397750501,6.32214094865346,0.354,0.372,0.232,0.364
"A",300225,115.920961083747,13.6417172541105,0.76,0.436,0.482,0.516
"A",300226,163.14775531969,14.5236592942084,0.548,0.098,0.744,0.238
"A",300227,111.874691747714,9.07450116616637,0.2,0.706,0.226,0.576
"A",300228,175.434700801289,20.6453652774815,0.056,0.34,0.006,0.18
"A",300229,120.093108391521,6.71417773244859,0.994,0.948,0.998,0.936
"A",300230,143.204520456696,6.05646697721847,0.1,0.126,0.246,0.394
"A",300231,124.739032493605,6.97392253021972,0.736,0.468,0.88,0.684
"A",300232,152.833634807081,13.6054807268662,0.494,0.318,0.504,0.236
"A",300233,162.941008686637,10.972693008217,0.064,0.354,0.118,0.224
"A",300234,63.6813949186141,5.66901384187333,0.198,0.298,0.084,0.23
"A",300235,75.6462142171145,6.73414010528823,0.614,0.078,0.162,0.08
"A",300236,90.1876642562255,11.6481847558603,0.748,0.3,0.732,0.344
"A",300237,147.834824415641,15.8518436492543,0.518,0.608,0.544,0.57
"A",300238,78.4485219423278,7.66449870730611,0.586,0.562,0.546,0.782
"A",300239,157.341583273977,14.0067850998301,0.016,0.012,0.016,0.016
"A",300240,235.212758090918,17.3839211378891,0.766,0.416,0.444,0.21
"A",300241,73.0833791718817,5.92801820646061,0.462,0.682,0.458,0.65
"A",300242,161.973492358086,13.1381693422321,0.156,0.35,0.484,0.554
"A",300243,144.446445565944,6.70461008793941,0.78,0.18,0.91,0.52
"A",300244,119.25504748819,14.0340765272305,0.31,0.642,0.378,0.88
"A",300245,104.398698770304,9.29372965461571,0.994,0.706,0.994,0.756
"A",300246,62.7200092981157,6.72526101345522,0.064,0.376,0.254,0.266
"A",300247,120.764949171248,12.9492296564072,0.814,0.462,0.666,0.326
"A",300248,219.405017515792,19.5317656414891,0.128,0.864,0.148,0.56
"A",300249,157.298302711402,14.0029321988591,0.784,0.56,0.596,0.566
"A",300250,139.482080842819,11.313821611431,0.618,0.268,0.482,0.34
"A",300251,72.9677812675117,7.12902488603909,0.488,0.332,0.454,0.378
"A",300252,174.475194499914,12.8949766429421,0.306,0.128,0.442,0.324
"A",300253,155.006074315875,16.620793270141,0.918,0.99,0.542,0.954
"A",300254,91.0678476626755,6.13264606237558,0.364,0.278,0.576,0.366
"A",300255,116.93832495277,6.53779977871871,0.404,0.654,0.308,0.674
"A",300256,150.997936443342,10.1684285301895,0.77,0.186,0.806,0.21
"A",300257,145.917385054399,12.9897857404119,0.254,0.204,0.462,0.276
"A",300258,173.49149912882,11.6831789297252,0.342,0.008,0.434,0.016
"A",300259,114.361353403653,12.2625930719476,0.658,0.256,0.62,0.206
"A",300260,93.3623483147382,7.57290791530098,0.95,0.356,0.68,0.346
"A",300261,145.329313441745,11.7881086750097,0.974,0.952,0.964,0.958
"A",300262,151.403519169057,11.1898132507609,0.044,0.068,0.048,0.078
"A",300263,90.0238651136356,6.653413634385,0.884,0.474,0.848,0.39
"A",300264,84.7706470615578,6.26516289034092,0.02,0.002,0.008,0.002
"A",300265,166.383899100251,13.4959110307214,0.644,0.264,0.196,0.268
"A",300266,131.402134113216,11.6976162047257,0.418,0.404,0.48,0.33
"A",300267,197.715503715891,17.6009324034251,0.706,0.358,0.578,0.164
"A",300268,188.438734680273,16.7751004294554,0.68,0.326,0.34,0.31
"A",300269,120.063221232039,6.11618619459437,0.44,0.686,0.744,0.778
"A",300270,123.083659060165,5.2055068803399,0.044,0.32,0.204,0.652
"A",300271,60.579843944116,7.12910844300827,0.338,0.81,0.36,0.816
"A",300272,89.9660905073344,9.64676899434288,0.1,0.154,0.27,0.362
"A",300273,178.645180207337,7.55533855435908,0.934,0.65,0.708,0.762
"A",300274,91.9013435396408,6.18877493045657,0.286,0.132,0.246,0.142
"A",300275,113.367142454199,11.0760827008312,0.144,0.786,0.686,0.92
"A",300276,126.893071285065,4.88986078540748,0.552,0.556,0.502,0.562
"A",300277,119.482035050559,11.6735137962771,0.82,0.51,0.952,0.59
"A",300278,151.749487823184,25.9089889787235,0.224,0.19,0.59,0.234
"A",300279,125.765933968251,12.2874569776018,0.556,0.064,0.318,0.086
"A",300280,140.160604934593,9.43862629911046,0.06,0.89,0.05,0.778
"A",300281,154.491936113124,15.0940159904958,0.554,0.672,0.546,0.358
"A",300282,196.802704846112,15.9632741483485,0.306,0.204,0.248,0.314
"A",300283,84.7775005954203,9.97671759982558,0.162,0.102,0.138,0.028
"A",300284,81.9940421300054,6.05995173788073,0.682,0.686,0.254,0.822
"A",300285,127.625306854525,5.92384199182366,0.866,0.376,0.834,0.42
"A",300286,68.8598482690646,8.10350924858957,0.478,0.338,0.66,0.302
"A",300287,103.659311934486,10.1276179926779,0.656,0.662,0.968,0.482
"A",300288,99.7918660869066,9.74976468243787,0.374,0.16,0.702,0.318
"A",300289,152.725826310127,12.3880626377975,0.17,0.428,0.128,0.354
"A",300290,112.335680709992,9.11189340216206,0.49,0.544,0.134,0.364
"A",300291,171.396744483596,16.7456326009144,0.92,0.984,0.82,0.688
"A",300292,155.913723159429,11.5231498908343,0.78,0.686,0.684,0.83
"A",300293,106.438570827892,5.95077845596628,0.81,0.664,0.758,0.642
"A",300294,92.6355325901637,11.9643391085301,0.966,0.616,0.712,0.28
"A",300295,113.733961429843,11.1119212800043,0.972,0.446,0.884,0.41
"A",300296,172.793391165413,12.7706792333386,0.164,0.71,0.374,0.896
"A",300297,98.8130390687895,5.52444944990767,0.592,0.766,0.516,0.394
"A",300298,99.1310154523285,6.08258718734777,0.608,0.154,0.724,0.146
"A",300299,86.3238758574346,5.81317985384944,0.786,0.6,0.706,0.656
"A",300300,82.7170862589917,5.5702932083822,0.392,0.422,0.554,0.23
"A",300301,110.459138421021,11.8441713500362,0.56,0.678,0.672,0.638
"A",300302,138.004322041896,10.1995158363683,0.998,0.758,0.998,0.73
"A",300303,93.2612167084716,5.72242177928873,0.982,0.97,0.796,0.82
"A",300304,122.410268159489,6.23574800435122,0.44,0.942,0.532,0.776
"A",300305,84.9252273514137,9.10625376106955,0.052,0.99,0.226,0.92
"A",300306,224.884026084127,11.4559026620011,0.826,0.192,0.752,0.242
"A",300307,234.780240535614,22.9382632780402,0.6,0.89,0.742,0.858
"A",300308,104.515409459138,9.30411941619893,0.252,0.332,0.29,0.428
"A",300309,154.271677739037,11.4017908781489,0.824,0.65,0.976,0.69
"A",300310,135.135519682919,17.4534235178086,0.544,0.174,0.738,0.562
"A",300311,205.312762454202,15.1740955723431,0.936,0.354,0.922,0.418
"A",300312,90.4674883523337,6.6862005948333,0.278,0.396,0.202,0.272
"A",300313,100.140742652846,8.91467997772332,0.476,0.8,0.204,0.756
"A",300314,122.347117929308,13.1188804263029,0.57,0.792,0.356,0.712
"A",300315,104.576410454483,11.213385712584,0.128,0.06,0.078,0.04
"A",300316,146.129486501606,11.8530131788918,0.148,0.082,0.236,0.052
"A",300317,107.885757625494,11.5682361623568,0.426,0.05,0.45,0.07
"A",300318,194.013806641451,22.8317766593073,0.592,0.388,0.786,0.346
"A",300319,72.1977510102894,7.74152819111961,0.904,0.29,0.646,0.312
"A",300320,94.6758534613756,5.29314725569894,0.886,0.926,0.92,0.894
"A",300321,138.937122234072,11.2696183385251,0.388,0.808,0.496,0.816
"A",300322,190.757705660397,14.0983717828912,0.606,0.15,0.564,0.418
"A",300323,89.3597753996395,9.58175581272379,0.076,0.272,0.422,0.452
"A",300324,123.200302867497,6.88789507760192,0.154,0.168,0.086,0.07
"A",300325,138.8034975287,10.2585806751581,0.76,0.698,0.416,0.628
"A",300326,99.1502839034096,7.32792187875266,0.532,0.218,0.53,0.284
"A",300327,151.535716714617,5.32070955966729,0.118,0.094,0.14,0.07
"A",300328,138.877622714415,14.8913922707384,0.108,0.06,0.448,0.134
"A",300329,100.93120829323,9.86107955047277,0.714,0.944,0.394,0.596
"A",300330,124.258924895393,5.25521172693142,0.708,0.894,0.966,0.952
"A",300331,168.965004798708,16.5080492123449,0.69,0.516,0.672,0.44
"A",300332,95.7346388445157,5.87418866803647,0.762,0.714,0.808,0.776
"A",300333,176.063548283496,14.2810572190973,0.46,0.42,0.262,0.322
"A",300334,131.656161357089,5.56805882288942,0.822,0.978,0.848,0.84
"A",300335,161.188420094222,15.7482691433386,0.566,0.244,0.76,0.216
"A",300336,97.4568609094115,6.56289183995444,0.172,0.142,0.384,0.182
"A",300337,88.8580390681915,6.56725067197178,0.892,0.566,0.872,0.42
"A",300338,103.950097226944,10.1560280052947,0.022,0.072,0.042,0.118
"A",300339,102.298795990447,8.2977707380516,0.504,0.126,0.638,0.142
"A",300340,126.408187165125,11.2530475138154,0.864,0.85,0.786,0.94
"A",300341,106.341217721291,5.94533562856944,0.908,0.86,0.984,0.93
"A",300342,115.311129403034,11.2660121614184,0.694,0.85,0.478,0.716
"A",300343,118.080701587202,9.57788975786566,0.276,0.744,0.18,0.768
"A",300344,118.124917778632,12.6661477436691,0.472,0.208,0.242,0.188
"A",300345,162.278887407141,13.1629408762181,0.816,0.488,0.15,0.312
"A",300346,114.576490125607,14.7981227440309,0.108,0.444,0.16,0.466
"A",300347,116.634459112453,5.94152032002293,0.064,0.048,0.134,0.022
"A",300348,141.150158113203,11.4491245016458,0.656,0.508,0.62,0.514
"A",300349,166.520938416051,5.84686942540186,0.698,0.726,0.554,0.684
"A",300350,102.495463685822,6.90219894196357,0.55,0.79,0.592,0.808
"A",300351,170.405456781057,15.1697508268649,0.956,0.55,0.894,0.398
"A",300352,87.8469278492177,10.3379314677654,0.54,0.82,0.928,0.698
"A",300353,82.3900874213335,7.33448987136066,0.792,0.98,0.516,0.912
"A",300354,141.956708213931,11.5145462669735,0.23,0.086,0.314,0.09
"A",300355,100.70300752793,10.7980534130058,0.556,0.684,0.792,0.832
"A",300356,134.739890626143,13.164221478715,0.26,0.64,0.322,0.75
"A",300357,166.93506449429,14.8608112702557,0.524,0.598,0.448,0.262
"A",300358,108.255070135419,6.64243072227771,0.594,0.836,0.622,0.688
"A",300359,101.10738153645,13.0585204753934,0.952,0.774,0.734,0.644
"A",300360,106.62045926777,8.64831417050442,0.426,0.736,0.882,0.582
"A",300361,120.221630493214,10.7023109061859,0.92,0.722,0.958,0.768
"A",300362,131.520250939571,10.6680130410282,0.764,0.772,0.47,0.562
"A",300363,133.170623632078,14.279449465535,0.066,0.008,0.026,0.002
"A",300364,142.303462690346,11.542672591627,0.568,0.94,0.91,0.91
"A",300365,86.0378792957319,10.1250404717377,0.11,0.338,0.074,0.442
"A",300366,145.630401964134,12.9642380727897,0.314,0.876,0.198,0.882
"A",300367,78.4506147561346,7.66470317729891,0.85,0.816,0.982,0.954
"A",300368,146.649523244293,13.0549617865392,0.878,0.316,0.846,0.378
"A",300369,182.087263969616,13.4575635384467,0.242,0.71,0.514,0.448
"A",300370,150.179948944048,4.80465775412781,0.262,0.602,0.432,0.916
"A",300371,162.98906358809,12.0460686348423,0.006,0.142,0.018,0.376
"A",300372,140.538475426975,11.3995090330999,0.552,0.24,0.91,0.392
"A",300373,107.419637910606,11.5182556731761,0.28,0.094,0.228,0.062
"A",300374,123.355017305017,12.051908018982,0.146,0.268,0.096,0.35
"A",300375,117.185104156446,16.6106857421649,0.606,0.756,0.79,0.844
"A",300376,124.444118936694,6.33935516995745,0.666,0.824,0.57,0.84
"A",300377,184.79301506658,14.9891311835086,0.752,0.568,0.812,0.548
"A",300378,66.5567071465221,8.59612928195843,0.076,1,0.38,0.982
"A",300379,101.224915714407,5.15653691187346,0.472,0.978,0.096,0.938
"A",300380,74.4672373518468,6.04026720998163,0.69,0.186,0.126,0.224
"A",300381,160.482807831576,14.2864216486246,0.386,0.124,0.182,0.144
"A",300382,110.295448002184,15.6340947831533,0.762,1,0.338,0.888
"A",300383,76.1668500170397,8.16712166770481,0.63,0.944,0.6,0.98
"A",300384,114.57301691711,11.1938978365829,0.48,0.05,0.332,0.03
"A",300385,91.1288041360078,8.11242361604404,0.092,0.39,0.474,0.242
"A",300386,72.6325704290824,5.89145171945321,0.496,0.898,0.53,0.952
"A",300387,61.1381716817098,7.1948131185059,0.156,0.96,0.038,0.752
"A",300388,95.5323078630245,9.33360160259501,0.304,0.684,0.122,0.662
"A",300389,96.4106878389136,12.4519191582203,0.222,0.368,0.582,0.698
"A",300390,180.750191172838,14.6612052731419,0.69,0.132,0.592,0.114
"A",300391,98.2390995512105,11.5608946548316,0.084,0.436,0.096,0.42
"A",300392,123.327673462682,5.72436352019827,0.118,0.022,0.31,0.058
"A",300393,222.815321457702,18.0732376806657,0.006,0.634,0.022,0.472
"A",300394,146.061875909053,6.17731147908325,0.384,0.246,0.394,0.322
"A",300395,122.006345832694,6.82114320612533,0.942,0.83,0.958,0.634
"A",300396,116.706316214339,11.4023233021121,0.422,0.456,0.102,0.436
"A",300397,97.6412768271856,16.6708092493314,0.656,0.586,0.414,0.766
"A",300398,123.194028311836,5.71816026179996,0.572,0.592,0.604,0.332
"A",300399,115.669732558969,7.09738753322333,0.87,0.612,0.486,0.874
"A",300400,141.376223771112,9.52048790298561,0.076,0.262,0.258,0.438
"A",300401,85.6979863089717,8.37277859443581,0.622,0.986,0.778,0.966
"A",300402,156.725307184962,11.58313181023,0.602,0.172,0.24,0.094
"A",300403,76.5549638182958,7.47949619311569,0.82,0.846,0.74,0.732
"A",300404,123.486965504424,9.12657836806782,0.598,0.3,0.38,0.192
"A",300405,94.8254423326029,11.1591713931943,0.238,0.396,0.25,0.372
"A",300406,90.7423271969655,5.56786505454299,0.924,0.534,0.854,0.744
"A",300407,307.793108356246,24.9660479692342,0.516,0.578,0.12,0.556
"A",300408,137.200643435879,5.80254843612845,0.194,0.026,0.478,0.072
"A",300409,120.898541301557,6.75920795759622,0.264,0.826,0.296,0.856
"A",300410,78.4614770390513,8.41316700194903,0.018,0.254,0.016,0.218
"A",300411,100.458991031813,8.94301092851078,0.66,0.526,0.8,0.378
"A",300412,70.5532258864914,7.5651911525175,0.82,0.208,0.796,0.806
"A",300413,71.1403541677772,6.95048343877118,0.81,0.336,0.746,0.242
"A",300414,177.192147050151,15.773912232644,0.342,0.516,0.338,0.326
"A",300415,150.004077933461,13.353589305464,0.462,0.174,0.622,0.322
"A",300416,116.263517329095,5.92262403362407,0.692,0.85,0.564,0.986
"A",300417,90.8113478003435,8.87235910366987,0.516,0.45,0.798,0.518
"A",300418,104.45746220241,8.47286680984236,0.992,0.778,0.97,0.474
"A",300419,113.173906033055,5.76523497008242,0.562,0.048,0.642,0.076
"A",300420,169.734377939848,13.7676786991919,0.934,0.782,0.998,0.906
"A",300421,100.536518063804,9.82251792205297,0.55,0.938,0.94,0.892
"A",300422,71.349110480242,9.21509197398665,0.038,0.342,0.01,0.482
"A",300423,99.2883528474948,6.09224126402157,0.902,0.22,0.832,0.182
"A",300424,153.933519427306,12.4860223499452,0.55,0.45,0.534,0.312
"A",300425,95.0184973149187,11.1818903342609,0.936,0.79,0.862,0.522
"A",300426,129.536739518914,12.6558684346055,0.684,0.322,0.61,0.284
"A",300427,141.264053349163,15.1472814054625,0.642,0.182,0.608,0.438
"A",300428,96.3897680397198,5.38896896646457,0.342,0.692,0.634,0.682
"A",300429,159.616420579954,17.1151455882499,0.04,0.486,0.006,0.502
"A",300430,161.878540720588,14.4106718959297,0.236,0.766,0.162,0.938
"A",300431,63.2460128765686,7.44286638970038,0.616,0.946,0.67,1
"A",300432,135.376534540613,13.2264222230841,0.04,0.1,0.202,0.056
"A",300433,136.70305458722,6.96384227114279,0.79,0.47,0.582,0.6
"A",300434,103.06591072353,6.94061370490546,0.25,0.128,0.314,0.212
"A",300435,196.235810747125,13.2148151401702,0.846,0.538,0.998,0.718
"A",300436,107.95949549598,8.75692752732901,0.116,0.228,0.596,0.122
"A",300437,124.496547398418,10.0982987921727,0.108,0.036,0.086,0.03
"A",300438,119.312697198541,8.03469678317579,0.924,0.674,0.94,0.842
"A",300439,114.676863061878,7.72251272816945,0.16,0.016,0.32,0.024
"A",300440,114.833478536736,5.33009791701026,0.99,0.824,0.962,0.88
"A",300441,118.511812683365,6.62577049098139,0.726,0.83,0.602,0.798
"A",300442,101.098108603275,6.20328619907153,0.968,0.906,0.962,0.948
"A",300443,97.8594550521156,10.4931486016176,0.138,0.984,0.462,0.862
"A",300444,86.9521213032073,6.4263895877742,0.32,0.75,0.242,0.272
"A",300445,117.384152284307,6.56272513856667,0.374,0.026,0.392,0.04
"A",300446,146.230292637253,15.6797949659904,0.402,0.534,0.298,0.386
"A",300447,85.4265723449313,5.75275408346017,0.318,0.758,0.384,0.952
"A",300448,148.742801735843,6.90402927617367,0.904,0.912,0.876,0.908
"A",300449,98.4964454066367,11.5911794226891,0.368,0.442,0.456,0.474
"A",300450,205.285057964958,12.5961008029023,0.222,0.376,0.856,0.478
"A",300451,83.9007809266508,10.8362025500303,0.698,0.51,0.922,0.314
"A",300452,74.4326505828627,6.62610683985239,0.094,0.11,0.346,0.164
"A",300453,149.077411683997,14.5650115623661,0.954,0.834,0.822,0.834
"A",300454,152.00641500463,19.6323834379343,0.312,0.764,0.648,0.252
"A",300455,110.433018774455,14.2629728404729,0.85,0.242,0.644,0.09
"A",300456,107.523866752245,11.5294317902238,0.638,0.212,0.678,0.242
"A",300457,158.487235673745,12.8553883141605,0.182,0.18,0.506,0.094
"A",300458,137.831143768473,13.466239988774,0.56,0.192,0.764,0.23
"A",300459,111.644287135805,13.13843315225,0.624,0.404,0.642,0.774
"A",300460,98.565979755752,9.62999436723236,0.506,0.036,0.34,0.048
"A",300461,187.748284798002,15.2288422227542,0.71,0.436,0.816,0.424
"A",300462,91.32210826601,10.7468948529004,0.774,0.896,0.75,0.87
"A",300463,176.073029932786,13.0130682183388,0.846,0.704,0.884,0.598
"A",300464,75.8869853998533,6.75557391918968,0.752,0.676,0.428,0.698
"A",300465,85.9785011783799,6.97398130908714,0.66,0.312,0.474,0.282
"A",300466,98.3529117697219,6.03484346689201,0.648,0.354,0.586,0.392
"A",300467,136.904865987561,12.1874776972958,0.54,0.37,0.718,0.55
"A",300468,158.727301823222,12.8748608196876,0.198,0.03,0.512,0.1
"A",300469,154.320941330953,4.93713916274077,0.436,0.458,0.592,0.516
"A",300470,143.311754259827,10.5917733987134,0.938,0.856,0.736,0.782
"A",300471,112.982606937876,14.5922648143122,0.942,0.564,0.748,0.852
"A",300472,174.46934026636,15.5315238652757,0.058,0.012,0.074,0.05
"A",300473,228.155187678853,22.2909890171712,0.114,0.808,0.604,0.878
"A",300474,72.9395989212753,7.12627144274978,0.524,0.922,0.716,0.888
"A",300475,115.282922541268,12.3614099098557,0.862,0.926,0.522,0.922
"A",300476,115.011111098131,11.2367000742922,0.792,0.45,0.616,0.572
"A",300477,65.180884462507,6.36823731454397,0.222,0.762,0.414,0.76
"A",300478,72.8394638680458,7.11648814834179,0.32,0.656,0.474,0.7
"A",300479,70.7919791062593,5.74215568257063,0.05,0.504,0.028,0.612
"A",300480,123.425315765371,7.57326292728056,0.884,0.888,0.95,0.806
"A",300481,113.542830665473,6.96688280524194,0.106,0.042,0.136,0.152
"A",300482,175.877474646596,14.2659642127285,0.288,0.22,0.234,0.156
"A",300483,103.027911371177,10.0659295289382,0.744,0.788,0.714,0.874
"A",300484,108.636878353499,5.04247721484149,0.02,0.014,0.162,0.036
"A",300485,104.347574037014,9.28917845373429,0.65,0.226,0.784,0.476
"A",300486,136.727714955253,12.1717074451595,0.808,0.564,0.84,0.848
"A",300487,116.683828397828,6.52357135941086,0.79,0.726,0.526,0.656
"A",300488,200.697370629333,12.3146045619942,0.378,0.268,0.478,0.436
"A",300489,138.301350818221,10.2214684075861,0.376,0.95,0.344,0.902
"A",300490,183.593093114204,12.3634354875353,0.462,0.448,0.546,0.532
"A",300491,84.8853486884146,6.27364016874985,0.824,0.238,0.778,0.22
"A",300492,96.7001557588659,5.40632215467186,0.12,0.116,0.324,0.286
"A",300493,153.091874449471,7.79871137392546,0.314,0.588,0.058,0.496
"A",300494,113.5596332652,6.34890353981436,0.734,0.148,0.69,0.056
"A",300495,109.052694730634,12.8334514604256,0.906,0.462,0.942,0.584
"A",300496,127.499667224024,6.49500901682341,0.22,0.156,0.274,0.286
"A",300497,94.617107797953,10.1454823333162,0.474,0.096,0.316,0.146
"A",300498,90.367611433674,8.04466109338922,0.004,0.02,0.016,0.012
"A",300499,79.8932050083368,6.48038417528631,0.02,0.008,0.02,0.032
"A",300500,88.7210277884192,11.4587613719909,0.676,0.358,0.44,0.366
"A",300501,99.2811650068083,10.6455938999799,0.622,0.19,0.546,0.24
"A",300502,51.2852383754743,8.75619875165315,0.292,0.946,0.1,0.714
"A",300503,162.085455774606,13.1472510401381,0.774,0.974,0.472,0.502
"A",300504,65.1455015294603,6.98533859514636,0.492,0.114,0.696,0.172
"A",300505,83.9563454765456,6.80995802564564,0.29,0.066,0.032,0.018
"A",300506,76.7024353337101,6.22157100958245,0.06,0.446,0.084,0.198
"A",300507,135.138365172385,9.98770093054195,0.702,0.194,0.816,0.394
"A",300508,108.031167741104,5.01436261869257,0.794,0.778,0.894,0.718
"A",300509,128.585478967635,10.4299646382507,0.414,0.558,0.81,0.73
"A",300510,157.157978275084,10.5832550277194,0.876,0.376,0.806,0.384
"A",300511,126.339532836352,11.2469358018999,0.056,0.922,0.102,0.706
"A",300512,52.385495907441,6.16478777181113,0.878,0.326,0.83,0.282
"A",300513,54.004402085682,6.97493674230916,0.222,0.26,0.294,0.55
"A",300514,259.13315135012,19.151810913003,0.244,0.066,0.12,0.062
"A",300515,295.172240462283,21.8153598126977,0.662,0.31,0.786,0.334
"A",300516,102.025353726029,9.96797864873055,0.566,0.19,0.234,0.048
"A",300517,94.4284886842454,9.22575736972249,0.6,0.118,0.722,0.184
"A",300518,133.441019205229,13.0373204475666,0.988,0.618,0.992,0.624
"A",300519,116.938958207199,15.1032472299698,0.704,0.784,0.79,0.944
"A",300520,102.949225094667,11.0389079600374,0.722,0.446,0.564,0.342
"A",300521,219.338134539657,14.7705604298007,0.19,0.65,0.052,0.582
"A",300522,80.9675381665538,6.56752665000325,0.874,0.494,0.938,0.764
"A",300523,145.902499568344,9.82529413435653,0.806,0.582,0.756,0.478
"A",300524,192.853827717866,15.6429685497764,0.188,0.212,0.122,0.17
"A",300525,140.713024662569,13.7478026217021,0.756,0.944,0.988,0.992
"A",300526,107.40615858627,6.00487445088642,0.222,0.032,0.238,0.018
"A",300527,224.764632473053,24.1007748068052,0.684,0.826,0.724,0.932
"A",300528,95.1371606878254,8.46925356307109,0.772,0.936,0.676,0.898
"A",300529,111.072932555033,10.8519361092693,0.986,0.812,0.674,0.342
"A",300530,88.2973881306699,7.16207337909897,0.872,0.558,0.992,0.868
"A",300531,74.5703328605718,6.6383635239139,0.666,0.336,0.39,0.496
"A",300532,120.398887778609,5.58842133092589,0.504,0.286,0.182,0.668
"A",300533,67.0344875294702,11.4451509755282,0.046,0.636,0.054,0.916
"A",300534,128.801118494985,12.5839975280878,0.144,0.14,0.422,0.318
"A",300535,188.165974137856,13.9068241102049,0.942,0.738,0.948,0.822
"A",300536,93.9187284832495,10.0705974085476,0.834,0.948,0.518,0.824
"A",300537,46.4799150968268,7.23076950880473,0.252,0.802,0.194,0.774
"A",300538,118.576939931843,15.3148007047462,0.286,0.62,0.732,0.95
"A",300539,96.9852024533857,9.47555085076391,0.028,0.046,0.022,0.03
"A",300540,84.0356282086298,8.2103645527727,0.928,0.404,0.724,0.506
"A",300541,86.4396427569145,10.1723204760548,0.648,0.548,0.59,0.376
"A",300542,104.670213793954,7.04864989067473,0.596,0.598,0.698,0.48
"A",300543,91.5883223009598,8.94827028603685,0.196,0.696,0.404,0.838
"A",300544,120.226946129317,11.746292350402,0.626,0.944,0.696,0.94
"A",300545,110.113274672311,5.11100546151537,0.796,0.312,0.894,0.294
"A",300546,145.746444945878,14.2395727953086,0.828,0.656,0.814,0.688
"A",300547,140.44145582374,5.41195165759116,0.776,0.676,0.75,0.47
"A",300548,103.794991107645,8.41913173689522,0.938,0.454,0.934,0.502
"A",300549,140.791662981339,13.7554856637485,0.182,0.454,0.386,0.51
"A",300550,90.9688002036541,12.894592392113,0.166,0.354,0.18,0.226
"A",300551,127.344624666794,12.441696630799,0.73,0.47,0.736,0.172
"A",300552,150.461016594506,12.2043569391762,0.104,0.28,0.238,0.552
"A",300553,146.273344840361,14.2910514396496,0.62,0.316,0.436,0.222
"A",300554,77.1158668851069,6.86497080282937,0.43,0.122,0.764,0.262
"A",300555,33.9966317955143,5.80442393011577,0.292,0.764,0.322,0.564
"A",300556,181.681450395281,19.4811064106154,0.724,0.886,0.62,0.848
"A",300557,65.7015935308468,5.32925881448822,0.326,0.772,0.474,0.766
"A",300558,101.561380502852,6.8392963731536,0.072,0.34,0.408,0.414
"A",300559,122.484026458516,15.8194203342171,0.796,0.832,0.914,0.9
"A",300560,106.0174646803,10.3580118640272,0.682,0.144,0.756,0.168
"A",300561,147.023937529784,11.9255648594505,0.01,0.816,0.074,0.54
"A",300562,93.2563791065576,7.56431242611401,0.666,0.156,0.546,0.058
"A",300563,78.2221307180512,6.96345207808629,0.74,0.202,0.594,0.198
"A",300564,116.419508736408,12.4832823220595,0.53,0.112,0.606,0.172
"A",300565,157.154636205382,9.64286275343203,0.754,0.626,0.388,0.44
"A",300566,128.999220396793,11.4837052007875,0.52,0.226,0.168,0.3
"A",300567,237.179804943719,13.2602726856561,0.776,0.418,0.582,0.156
"A",300568,77.4364336661043,5.72311156493734,0.532,0.12,0.508,0.204
"A",300569,185.210476751979,16.4877160387079,0.152,0.016,0.102,0.024
"A",300570,93.1318693913827,12.028443471465,0.804,0.856,0.822,0.768
"A",300571,89.8812208872628,6.64287119611691,0.764,0.912,0.354,0.946
"A",300572,124.156281851504,11.0525795056975,0.706,0.18,0.802,0.346
"A",300573,126.642824288711,12.3731300350567,0.62,0.218,0.646,0.132
"A",300574,100.966551660549,9.86453263265227,0.792,0.812,0.76,0.944
"A",300575,166.148637159919,13.4768282094099,0.946,0.614,0.894,0.424
"A",300576,109.573169185514,17.0460365316762,0.624,0.512,0.616,0.464
"A",300577,99.6048165548018,9.73148975690041,0.846,0.148,0.69,0.058
"A",300578,167.812549917614,19.7483814511643,0.388,0.172,0.302,0.13
"A",300579,131.640592879045,12.8614170027601,0.462,0.132,0.09,0.108
"A",300580,85.9992253979878,10.1204916348504,0.754,0.798,0.846,0.83
"A",300581,120.38391250298,10.7167574955048,0.728,0.828,0.406,0.774
"A",300582,89.7623871171396,6.63408852248514,0.828,0.92,0.582,0.896
"A",300583,227.799230951537,16.8360079541376,0.364,0.284,0.478,0.192
"A",300584,176.039571218792,14.2791123654559,0.916,0.304,0.482,0.402
"A",300585,149.897974010939,10.0943554028128,0.982,0.892,0.832,0.658
"A",300586,137.360818370345,11.1417594722689,0.488,0.266,0.406,0.16
"A",300587,121.803216845258,10.8431061091382,0.934,0.972,0.988,0.99
"A",300588,84.7696086044017,9.08956727291442,0.856,0.61,0.818,0.684
"A",300589,130.383648935329,5.51424118196641,0.226,0.504,0.192,0.8
"A",300590,173.975349101667,15.4875480265871,0.558,0.592,0.394,0.79
"A",300591,93.4752731994687,6.2947657249964,0.724,0.344,0.348,0.17
"A",300592,151.557140512332,13.4918452790991,0.436,0.536,0.44,0.434
"A",300593,116.625252054034,6.52029646721749,0.562,0.166,0.25,0.068
"A",300594,163.613665198601,13.2712088181087,0.75,0.888,0.43,0.84
"A",300595,157.031770136307,11.6057816350996,0.04,0.178,0.074,0.278
"A",300596,97.732994708188,5.99680593082422,0.12,0.06,0.242,0.41
"A",300597,290.974514042491,16.267832759603,0.18,0.066,0.114,0.126
"A",300598,73.5347845108571,4.95194317481353,0.56,0.9,0.758,0.836
"A",300599,105.670574319119,10.3241203303307,0.194,0.34,0.258,0.212
"A",300600,87.8084084975702,13.6601446336172,0.012,0.422,0.014,0.248
"A",300601,125.191592503559,11.1447444217556,0.606,0.784,0.752,0.594
"A",300602,265.179887393101,21.5095582369881,0.492,0.77,0.588,0.882
"A",300603,97.2449401636653,9.50092748368684,0.752,0.334,0.508,0.338
"A",300604,88.4041279043016,11.4178321780734,0.406,0.296,0.558,0.166
"A",300605,78.0335195952207,6.32953935787147,0.43,0.094,0.32,0.16
"A",300606,102.930159637312,6.31569915172159,0.926,0.646,0.968,0.774
"A",300607,82.0466719493298,7.30391850798537,0.196,0.074,0.054,0.096
"A",300608,176.19281520869,18.8925780502001,0.052,0.576,0.156,0.582
"A",300609,146.875878268335,11.913555316276,0.334,0.486,0.298,0.84
"A",300610,99.8096572496383,12.8909129386021,0.864,0.434,0.842,0.596
"A",300611,137.848984415374,12.2715245439844,0.542,0.734,0.408,0.628
"A",300612,136.438709597034,12.1459797521934,0.99,0.852,0.962,0.878
"A",300613,198.637526674758,14.680747450802,0.304,0.442,0.706,0.45
"A",300614,101.96981069681,9.96255203947009,0.83,0.554,0.878,0.678
"A",300615,78.9199305044935,8.4623254643301,0.472,0.136,0.482,0.144
"A",300616,92.6457060519227,7.51477885189932,0.24,0.078,0.184,0.07
"A",300617,173.861390685851,11.708087984446,0.976,0.766,0.944,0.54
"A",300618,30.9649354406793,6.36797708609783,0.476,0.196,0.6,0.274
"A",300619,198.883912634889,5.79757158672988,0.96,0.826,0.848,0.626
"A",300620,73.7919998348124,5.98549661316439,0.036,0.214,0.07,0.376
"A",300621,77.3043284931728,9.09726577457272,0.79,0.726,0.56,0.536
"A",300622,112.34239756042,13.2205876214307,0.278,0.08,0.338,0.062
"A",300623,154.821622451157,6.54778243552976,0.922,0.998,0.874,0.596
"A",300624,100.636294880917,6.1749497372917,0.184,0.062,0.152,0.132
"A",300625,101.940544465688,10.9307504424444,0.736,0.54,0.912,0.772
"A",300626,148.432565602228,10.9702383308915,0.022,0.766,0.014,0.972
"A",300627,155.031565147903,5.9741856922514,0.908,0.446,0.93,0.33
"A",300628,177.786139475828,20.9220853912431,0.998,0.842,0.976,0.97
"A",300629,261.465709117679,17.6074947703411,0.078,0.124,0.018,0.144
"A",300630,93.351412261486,5.72795609478644,0.006,0.018,0.004,0.026
"A",300631,190.133108632289,15.4222826365534,0.5,0.272,0.646,0.21
"A",300632,132.767014895327,9.81244102312337,0.874,0.872,0.378,0.898
"A",300633,89.4654966738815,6.61214617507984,0.67,0.236,0.57,0.224
"A",300634,84.5862310294384,7.52999388833453,0.278,0.946,0.272,0.874
"A",300635,171.766038069585,11.5669837824555,0.936,0.814,0.644,0.646
"A",300636,179.934224703092,12.1170417763621,0.91,0.72,0.96,0.748
"A",300637,96.8910075561189,6.52478642264178,0.656,0.708,0.712,0.648
"A",300638,139.123755591347,5.8838815199301,0.456,0.926,0.238,0.79
"A",300639,85.2766602147128,5.74265877475702,0.636,0.828,0.89,0.858
"A",300640,86.4922842814407,10.1785153935805,0.676,0.552,0.408,0.522
"A",300641,72.7079590621705,5.37364315053474,0.174,0.242,0.298,0.304
"A",300642,158.782271103145,14.1350373037243,0.594,0.326,0.618,0.206
"A",300643,90.5655411053666,12.8374314568343,0.896,0.824,0.814,0.906
"A",300644,92.2752863209664,6.21395680072482,0.058,0.418,0.048,0.248
"A",300645,100.263681222783,6.15208650874055,0.682,0.282,0.714,0.66
"A",300646,84.639281759389,9.07559275250891,0.356,0.794,0.678,0.92
"A",300647,126.036830598957,5.85011145532064,0.08,0.164,0.096,0.064
"A",300648,116.375436658812,6.50632976266392,0.2,0.22,0.128,0.17
"A",300649,100.820225890163,9.85023645918461,0.298,0.17,0.51,0.068
"A",300650,55.9163404801168,5.46308214248078,0.704,1,0.692,0.994
"A",300651,141.413182017445,5.98070692392025,0.422,0.696,0.988,0.728
"A",300652,131.042991154046,6.67551082813074,0.406,0.058,0.366,0.106
"A",300653,184.021070348002,17.979041808286,0.462,0.772,0.504,0.83
"A",300654,143.982795080262,5.54841817844154,0.038,0.812,0.41,0.694
"A",300655,58.5934226268123,6.8953440081308,0.49,0.094,0.714,0.212
"A",300656,82.2240901271267,6.66944945357424,0.804,0.952,0.6,0.94
"A",300657,211.3360471385,20.6477422390573,0.718,0.378,0.908,0.808
"A",300658,61.1773195468391,9.5172096568629,0.66,0.252,0.882,0.364
"A",300659,95.6258297674522,12.3505508402923,0.136,0.838,0.074,0.514
"A",300660,142.00511771573,10.4952035237507,0.908,0.346,0.608,0.148
"A",300661,174.161231772157,12.8717725304447,0.01,0.038,0.012,0.026
"A",300662,81.8972562512925,5.02513970304888,0.746,0.878,0.36,0.77
"A",300663,121.180893901875,7.43554728291224,0.536,0.662,0.66,0.604
"A",300664,177.599384043699,14.4056335927102,0.034,0.036,0.044,0.04
"A",300665,149.694797150507,5.25607134409872,0.278,0.348,0.184,0.288
"A",300666,124.347057350337,10.0861731934832,0.358,0.442,0.192,0.258
"A",300667,191.628571671166,14.1627350690316,0.792,0.682,0.3,0.342
"A",300668,69.1419177694614,8.93002207336346,0.302,0.79,0.118,0.856
"A",300669,107.378555468768,5.47001181389518,0.248,0.154,0.18,0.156
"A",300670,199.67207869843,17.7751096599511,0.002,0.55,0.02,0.46
"A",300671,107.891534985384,9.60466720358103,0.27,0.626,0.178,0.334
"A",300672,154.351480160565,15.0802933040746,0.24,0.268,0.084,0.35
"A",300673,82.8882091190001,6.12603713455287,0.672,0.628,0.458,0.514
"A",300674,169.472022284539,4.50132567941232,0.032,0.008,0.028,0.018
"A",300675,73.3251902314076,7.16394409769452,0.54,0.262,0.31,0.482
"A",300676,282.772937186004,25.1728734438584,0.83,0.398,0.974,0.492
"A",300677,156.622346150711,20.2285538704795,0.01,0.614,0.01,0.562
"A",300678,100.337492276662,12.9590854538356,0.926,0.632,0.664,0.786
"A",300679,184.128890057825,16.3914315595727,0.888,0.656,0.698,0.41
"A",300680,148.322734845785,13.2039136074182,0.442,0.112,0.47,0.252
"A",300681,162.603371511369,15.8865113057032,0.972,0.454,0.734,0.194
"A",300682,183.233884963855,13.5423071089089,0.654,0.942,0.562,0.866
"A",300683,150.14167445755,13.3658383556089,0.936,0.68,0.82,0.926
"A",300684,89.2420103887936,6.59562892496594,0.324,0.994,0.362,0.95
"A",300685,136.512496369076,5.77344502534035,0.2,0.208,0.486,0.512
"A",300686,144.408337712744,12.8554480695926,0.536,0.112,0.384,0.092
"A",300687,126.076238177048,13.5187417671615,0.66,0.198,0.908,0.424
"A",300688,143.883460063052,11.6708310497838,0.074,0.062,0.124,0.018
"A",300689,54.6111548903263,8.49572708553725,0.902,0.846,0.952,0.902
"A",300690,136.603812440772,6.34058730454024,0.178,0.448,0.284,0.29
"A",300691,92.404807566513,11.9345398258295,0.738,0.238,0.574,0.176
"A",300692,60.0567758906493,5.86760680484525,0.026,0.206,0.104,0.532
"A",300693,125.154824984948,12.2277510214337,0.864,0.918,1,0.986
"A",300694,106.324514841122,8.62430920563897,0.506,0.256,0.552,0.234
"A",300695,247.356104406656,13.8292102722329,0.094,0.008,0.13,0.044
"A",300696,81.0574854805906,7.21585963630639,0.042,0.44,0.078,0.172
"A",300697,239.856848387892,17.7271529427245,0.492,0.294,0.22,0.196
"A",300698,116.401144171956,7.14226627158323,0.14,0.034,0.112,0.016
"A",300699,141.424099986949,10.452262118451,0.348,0.114,0.566,0.214
"A",300700,79.0731308487255,7.03920939349049,0.238,0.326,0.16,0.208
"A",300701,82.5551210986707,7.34918141827787,0.876,0.61,0.92,0.818
"A",300702,133.133592594353,9.8395337618953,0.582,0.46,0.544,0.374
"A",300703,183.37048392243,14.8737452966307,0.23,0.264,0.066,0.222
"A",300704,79.084119685353,6.41475677026514,0.664,0.224,0.954,0.538
"A",300705,111.712545748606,6.85457821990377,0.994,0.708,0.97,0.876
"A",300706,212.153737623963,17.2084437454063,0.582,0.778,0.498,0.73
"A",300707,95.294760893345,6.41729276750126,0.63,0.166,0.236,0.062
"A",300708,151.324974091945,12.2744351954427,0.736,0.496,0.734,0.422
"A",300709,105.271846453138,6.45938288337443,0.448,0.594,0.546,0.406
"A",300710,97.9349718882292,8.71831893675374,0.122,0.028,0.166,0.008
"A",300711,112.426883128725,10.984218428488,0.58,0.528,0.786,0.438
"A",300712,123.850029816146,14.5748195397072,0.75,0.57,0.238,0.438
"A",300713,60.1351247292983,9.35507789536528,0.926,0.398,0.876,0.23
"A",300714,179.490944556848,13.2656767875465,0.674,0.78,0.692,0.722
"A",300715,94.1702974374615,8.38318193796744,0.876,0.264,0.504,0.208
"A",300716,192.554776882592,15.61871161453,0.956,0.944,0.994,0.992
"A",300717,97.9509967382967,6.01018233324585,0.094,0.048,0.032,0.046
"A",300718,49.8359326112264,7.75285714738116,0.738,0.572,0.796,0.602
"A",300719,77.7771391401602,6.92383825653284,0.63,0.308,0.392,0.494
"A",300720,120.764032099588,14.2116556399039,0.638,0.272,0.698,0.434
"A",300721,207.531284889334,16.8335023527137,0.036,0.03,0.022,0.01
"A",300722,110.070212507639,11.8024680991652,0.568,0.576,0.894,0.354
"A",300723,97.3594949181991,5.97388833004411,0.378,0.962,0.872,0.914
"A",300724,57.7629652473238,6.79761479111381,0.654,0.26,0.592,0.394
"A",300725,116.016444812875,7.81272218146533,0.52,0.402,0.442,0.096
"A",300726,102.570148991135,6.29360923229778,0.396,0.986,0.35,0.95
"A",300727,128.408238939496,5.96018248005445,0.208,0.18,0.096,0.29
"A",300728,125.472222285105,14.7657210883692,0.448,0.214,0.33,0.154
"A",300729,125.487502490546,7.01576806702171,0.544,0.722,0.302,0.228
"A",300730,132.971918820465,14.2581429999003,0.15,0.452,0.024,0.392
"A",300731,75.7173013715311,9.77926552222319,0.58,0.91,0.854,0.962
"A",300732,80.3258862711487,7.84791907157974,0.764,0.778,0.874,0.496
"A",300733,92.9218456185832,8.27204287370577,0.394,0.846,0.42,0.79
"A",300734,181.215043095692,17.70489015169,0.612,0.952,0.546,0.792
"A",300735,121.572217782679,10.822542224115,0.088,0.07,0.228,0.152
"A",300736,93.8708919408225,6.32140728706946,0.67,0.122,0.252,0.084
"A",300737,117.57624813339,10.4668149778373,0.982,0.878,0.824,0.528
"A",300738,169.608000049645,13.7574277988846,0.16,0.85,0.064,0.93
"A",300739,250.211081539196,24.4458718090403,0.592,0.874,0.95,0.784
"A",300740,92.3756781355252,8.22342222044599,0.098,0.162,0.014,0.146
"A",300741,92.2124512882118,7.47963622225608,0.48,0.99,0.402,0.958
"A",300742,185.568557456747,15.0520378178335,0.272,0.022,0.304,0.014
"A",300743,105.298822712619,6.46103812164205,0.656,0.356,0.438,0.404
"A",300744,164.614954757992,5.7799466847446,0.682,0.912,0.33,0.846
"A",300745,161.466092483887,5.16573163552254,0.628,0.206,0.69,0.096
"A",300746,94.8009922428874,6.38404164267871,0.15,0.058,0.144,0.168
"A",300747,124.521844755009,13.3520692555055,0.684,0.104,0.73,0.15
"A",300748,98.0684886450893,4.99574416062538,0.388,0.882,0.184,0.766
"A",300749,145.282496986593,8.12246863493446,0.012,0.008,0.024,0.004
"A",300750,215.83369160023,17.50693615801,0.982,0.464,0.632,0.682
"A",300751,170.225676122064,13.8075294094626,0.462,0.796,0.31,0.884
"A",300752,105.286020795022,11.28947490344,0.156,0.05,0.168,0.032
"A",300753,160.391349942132,11.8540788400426,0.068,0.068,0.198,0.254
"A",300754,56.4976473748972,6.64871067152369,0.376,0.146,0.674,0.188
"A",300755,85.353010215343,9.15212351538247,0.704,0.194,0.552,0.08
"A",300756,92.9414050495852,9.96580222022549,0.368,0.484,0.258,0.584
"A",300757,171.320650481353,13.8963461556369,0.724,0.194,0.666,0.226
"A",300758,143.330382263386,10.5931501426768,0.036,0.03,0.18,0.032
"A",300759,117.357006353486,9.51918860624933,0.862,0.934,0.76,0.846
"A",300760,62.6198542315693,8.08766517560642,0.946,0.4,0.96,0.792
"A",300761,185.890009719267,13.7386139064451,0.764,0.498,0.442,0.278
"A",300762,131.929120695681,15.5255766108917,0.746,0.946,0.738,0.88
"A",300763,105.51176213182,8.55838432760667,0.352,0.39,0.49,0.276
"A",300764,150.926652608818,12.2421261118897,0.54,0.762,0.586,0.882
"A",300765,166.567252610149,17.8604605234177,0.012,0.34,0.024,0.142
"A",300766,154.699919976849,13.7716202480531,0.82,0.822,0.8,0.632
"A",300767,102.393380405514,5.21606011589285,0.458,0.428,0.672,0.38
"A",300768,145.98439195967,4.67043067827907,0.572,0.404,0.38,0.26
"A",300769,110.829211356201,10.8281243054628,0.27,0.432,0.496,0.406
"A",300770,103.255264452168,6.33564728170257,0.778,0.806,0.964,0.536
"A",300771,119.556634171628,7.33588421198491,0.66,0.308,0.286,0.188
"A",300772,89.2525617807512,4.98994131219125,0.324,0.228,0.258,0.302
"A",300773,177.091312482569,13.0883266511092,0.472,0.87,0.288,0.706
"A",300774,95.5323835506614,7.06053292023109,0.472,0.336,0.866,0.518
"A",300775,124.018289173781,10.0595057930645,0.572,0.542,0.626,0.628
"A",300776,429.525359256386,34.8401261498872,0.588,0.446,0.598,0.328
"A",300777,119.709570439175,10.6567265477099,0.618,0.742,0.752,0.728
"A",300778,101.134932578799,9.88098361602723,0.194,0.08,0.296,0.09
"A",300779,65.8674161207331,7.06274713047765,0.232,0.222,0.362,0.25
"A",300780,49.8754719902828,7.75900819425555,0.192,0.978,0.116,0.998
"A",300781,176.56001447182,14.3213271222767,0.386,0.912,0.334,0.864
"A",300782,141.901674112549,7.93345324543968,0.212,0.52,0.092,0.366
"A",300783,172.481678511792,11.6151760880015,0.77,0.93,0.912,0.578
"A",300784,132.802850242,11.8223100675526,0.538,0.112,0.628,0.128
"A",300785,166.486066036337,6.41558815925403,0.234,0.098,0.222,0.242
"A",300786,135.024944241088,9.979318304782,0.478,0.742,0.406,0.686
"A",300787,113.95653922757,12.2191861747457,0.346,0.878,0.472,0.832
"A",300788,102.437110532348,4.75470948394506,0.738,0.496,0.566,0.466
"A",300789,63.1449135332897,6.77082210184226,0.68,0.704,0.56,0.788
"A",300790,284.915940522367,21.0573451932138,0.342,0.364,0.17,0.324
"A",300791,107.113181131674,13.8341993209292,0.514,0.904,0.596,0.84
"A",300792,142.721113132828,12.7052487922352,0.994,0.812,0.982,0.748
"A",300793,138.175788726189,10.2121884623845,0.648,0.246,0.806,0.298
"A",300794,151.664214375924,12.3019520207809,0.618,0.324,0.22,0.342
"A",300795,128.5637078636,11.4449352180926,0.918,0.314,0.772,0.242
"A",300796,134.199502100233,9.0371966533812,0.628,0.584,0.696,0.918
"A",300797,243.212624079117,17.9751689961315,0.052,0.186,0.056,0.094
"A",300798,114.343046072206,16.2078313517702,0.768,0.824,0.792,0.902
"A",300799,229.853950413762,12.8506980646392,0.438,0.304,0.94,0.59
"A",300800,88.0657920568588,7.83974966006815,0.168,0.068,0.178,0.318
"A",300801,122.470928916803,9.9339946319871,0.084,0.068,0.196,0.142
"A",300802,135.073658704693,23.0618368793009,0.474,0.55,0.882,0.724
"A",300803,121.570742214566,7.45946801388595,0.016,0.038,0.028,0.038
"A",300804,78.5832683908977,8.42622628939996,0.236,0.366,0.356,0.112
"A",300805,116.752433389047,15.0791566233297,0.054,0.686,0.158,0.6
"A",300806,125.301945632638,10.1636271260565,0.098,0.082,0.092,0.12
"A",300807,170.515555660957,4.97061892788811,0.192,0.268,0.124,0.286
"A",300808,171.246306762711,12.6563385255108,0.4,0.3,0.312,0.116
"A",300809,101.950143205201,10.9317796838196,0.85,0.85,0.326,0.62
"A",300810,73.1885418191093,6.51535440090961,0.13,0.65,0.096,0.548
"A",300811,103.554037890238,6.97348492371303,0.154,0.074,0.102,0.01
"A",300812,79.6762862490249,4.45454992465807,0.958,0.578,0.958,0.5
"A",300813,85.8279705613455,7.64053541468425,1,0.988,0.992,0.768
"A",300814,169.894219725961,15.1242397329965,0.89,0.546,0.844,0.46
"A",300815,60.6568493962171,7.83413335185425,0.04,0.01,0.128,0.082
"A",300816,144.317875588142,9.71858316817089,0.102,0.07,0.24,0.096
"A",300817,102.314606893302,12.0405052300726,0.832,0.482,0.914,0.734
"A",300818,121.877260928721,6.20859588038694,0.226,0.744,0.594,0.846
"A",300819,114.682085674418,10.2091722697667,0.72,0.96,0.632,0.984
"A",300820,207.946402436772,12.7593984319189,0.62,0.838,0.3,0.974
"A",300821,85.4281047952756,5.75285728097512,0.156,0.066,0.318,0.236
"A",300822,78.8943405195549,4.84088357825073,0.03,0.012,0.01,0.034
"A",300823,124.498229370367,12.1636009760971,0.728,0.676,0.284,0.404
"A",300824,117.524031284213,13.8303684713607,0.372,0.836,0.542,0.868
"A",300825,143.255613000722,11.6199044388561,0.712,0.54,0.762,0.676
"A",300826,118.201098184161,11.5483649889628,0.03,0.138,0.03,0.114
"A",300827,189.906302269151,18.5540348270837,0.336,0.994,0.136,0.996
"A",300828,86.1904938446581,6.37009981938182,0.84,0.596,0.968,0.686
"A",300829,109.313096383719,9.73121674374945,0.574,0.558,0.816,0.432
"A",300830,143.824699643458,10.6296837662013,0.364,0.688,0.128,0.76
"A",300831,150.11754261432,14.6666333899481,0.284,0.714,0.398,0.362
"A",300832,105.358247426632,11.2972195284031,0.848,0.728,0.83,0.592
"A",300833,150.238712377022,16.1096046758918,0.912,0.99,0.898,0.858
"A",300834,74.7119142389509,6.65096731179901,0.142,0.216,0.078,0.068
"A",300835,103.42231632692,5.2684755318133,0.386,0.3,0.292,0.424
"A",300836,141.865740542601,10.4849025443065,0.676,0.69,0.908,0.904
"A",300837,113.37814546764,12.1571669077269,0.474,0.824,0.576,0.722
"A",300838,70.4318369023202,6.269948370605,0.018,0.478,0.164,0.502
"A",300839,155.328976975011,9.53084199592795,0.812,0.67,0.704,0.78
"A",300840,94.3060817764276,6.96990036480528,0.206,0.52,0.742,0.752
"A",300841,128.449769220767,10.4189568022784,0.416,0.89,0.234,0.81
"A",300842,149.379945303137,10.059470569179,0.308,0.378,0.442,0.56
"A",300843,83.6746532221152,7.44884385677093,0.362,0.348,0.408,0.304
"A",300844,302.402881800419,18.555160419403,0.444,0.294,0.59,0.314
"A",300845,89.2470646678833,6.59600247268425,0.914,0.556,0.824,0.542
"A",300846,113.629692832125,6.97221258724338,0.508,0.108,0.344,0.076
"A",300847,82.0061281959089,8.79324832684497,0.522,1,0.108,0.934
"A",300848,90.6927609841021,6.70284986886491,0.044,0.388,0.086,0.536
"A",300849,64.9151009449275,6.34227000022785,0.264,0.55,0.286,0.628
"A",300850,105.704858135976,5.90975797207622,0.71,0.174,0.254,0.204
"A",300851,91.1787021470401,8.90824998912785,0.462,0.61,0.066,0.252
"A",300852,157.975379533234,11.6755211827087,0.832,0.448,0.924,0.294
"A",300853,105.793667810599,8.58125056634995,0.63,0.172,0.878,0.244
"A",300854,153.502468122038,14.9973439825238,0.914,0.688,0.972,0.708
"A",300855,113.202330759739,12.1383148728839,0.022,0.198,0.022,0.056
"A",300856,57.34117460181,8.12796334699404,0.058,0.11,0.122,0.264
"A",300857,59.7682786531365,7.71937002729748,0.736,0.696,0.882,0.532
"A",300858,106.647368829249,10.4195541265939,0.81,0.434,0.874,0.492
"A",300859,93.0690842811171,8.28515028156062,0.676,0.72,0.816,0.61
"A",300860,115.530862121102,5.88530156615617,0.934,0.87,0.976,0.974
"A",300861,137.564330068891,8.4408197343192,0.068,0.402,0.274,0.278
"A",300862,107.347006582323,6.0015673746266,0.046,0.004,0.098,0.006
"A",300863,87.8006781423365,8.57821368026872,0.576,0.15,0.666,0.12
"A",300864,109.219693714973,6.10626575752539,0.572,0.578,0.128,0.35
"A",300865,125.928450221478,11.2103406073874,0.054,0.354,0.194,0.256
"A",300866,127.054590190755,13.6236472467501,0.572,0.666,0.828,0.816
"A",300867,111.079886986988,10.8526155641959,0.93,0.83,0.792,0.446
"A",300868,110.359090736374,7.43174743471136,0.294,0.5,0.16,0.3
"A",300869,119.313308872872,6.07798462402827,0.316,0.676,0.22,0.506
"A",300870,108.899087282366,10.6395492615669,0.674,0.102,0.648,0.152
"A",300871,205.630152813733,16.6792956687213,0.308,0.712,0.518,0.814
"A",300872,105.665664136791,5.90756670997887,0.004,0.828,0.272,0.756
"A",300873,98.6448837637005,9.63770336737601,0.052,0.232,0.034,0.222
"A",300874,77.4899983502457,8.30899852646025,0.048,0.05,0.014,0.034
"A",300875,117.030489077598,5.96169463302747,0.868,0.664,0.808,0.792
"A",300876,66.7254644323936,6.51914431558639,0.454,0.874,0.512,0.832
"A",300877,86.4110114950969,6.38639766596063,0.232,0.544,0.622,0.388
"A",300878,60.0884771084556,5.87070404539077,0.072,0.052,0.09,0.152
"A",300879,76.9337374662676,5.68595868613432,0.61,0.592,0.4,0.746
"A",300880,107.505868521154,8.72013244483307,0.27,0.994,0.166,1
"A",300881,166.631592334422,13.5160021926028,0.102,0.254,0.208,0.58
"A",300882,241.943677235255,21.5381911302869,0.406,0.146,0.426,0.134
"A",300883,90.5558457522974,9.71000651616113,0.8,0.332,0.62,0.288
"A",300884,133.589257797434,5.1479002473498,0.884,0.644,0.582,0.564
"A",300885,147.501577213011,14.4110509654452,0.796,0.518,0.94,0.662
"A",300886,201.080853637787,23.6634351966781,0.43,0.956,0.444,0.996
"A",300887,148.110205023947,9.97396434581623,0.374,0.594,0.44,0.866
"A",300888,146.283890064293,11.8655373278997,0.792,0.18,0.494,0.1
"A",300889,172.461936996894,6.05546927650225,0.404,0.124,0.322,0.072
"A",300890,104.205982390459,7.01738784856279,0.346,0.35,0.318,0.364
"A",300891,84.8399949352339,6.88163355760092,0.274,0.88,0.036,0.716
"A",300892,108.715563125734,6.07808077320903,0.55,0.526,0.234,0.406
"A",300893,84.0887942307826,8.21555892607602,0.116,0.432,0.244,0.498
"A",300894,127.933153433883,10.377052503037,0.738,0.358,0.856,0.4
"A",300895,72.2876252580555,7.06257296666352,0.412,0.29,0.352,0.362
"A",300896,87.1598182213352,6.44173988966524,0.83,0.73,0.792,0.554
"A",300897,217.764200778379,17.6635257093619,0.028,0.056,0.106,0.056
"A",300898,139.221807955909,4.88834461317274,0.188,0.818,0.354,0.788
"A",300899,165.818829064,16.2006647103227,0.384,0.516,0.67,0.438
"A",300900,224.991646551383,18.2497661187963,0.958,0.618,0.612,0.71
"A",300901,131.927114190866,9.75036629669903,0.61,0.638,0.84,0.698
"A",300902,102.776929979836,9.14935735037787,0.14,0.056,0.162,0.028
"A",300903,216.80166303004,14.5997506169522,0.62,0.924,0.798,0.724
"A",300904,141.076134794828,15.1271315148404,0.554,0.106,0.518,0.048
"A",300905,124.500686246522,9.20149965031252,0.18,0.826,0.122,0.686
"A",300906,87.7061166999194,5.3815659938186,0.41,0.206,0.712,0.334
"A",300907,126.360083927922,9.33892256444263,0.14,0.044,0.05,0.016
"A",300908,119.073649541941,11.6336141254434,0.45,0.838,0.492,0.616
"A",300909,82.9766358407237,7.38670529648917,0.084,0.134,0.128,0.178
"A",300910,96.2673110732047,7.80853840086978,0.126,0.58,0.112,0.596
"A",300911,111.096418213592,6.21118986189189,0.34,0.442,0.588,0.284
"A",300912,136.447029401679,19.3410138784994,0.07,0.056,0.11,0.038
"A",300913,206.517521932169,13.9072010615658,0.316,0.632,0.47,0.896
"A",300914,142.221387834066,11.5360152469908,0.262,0.38,0.37,0.37
"A",300915,86.4924023889024,5.82452868437676,0.358,0.192,0.374,0.254
"A",300916,117.344633881185,11.464687573755,0.472,0.956,0.344,0.938
"A",300917,78.3296991618449,6.35356339566535,0.072,0.702,0.378,0.664
"A",300918,81.6803463314877,6.6253447179049,0.2,0.914,0.432,0.796
"A",300919,150.047329856483,10.1044132504679,0.318,0.21,0.184,0.08
"A",300920,209.905557288925,27.1103452201274,0.874,0.912,0.86,0.686
"A",300921,171.025854694354,15.2249795850045,0.274,0.562,0.674,0.504
"A",300922,191.80885672868,17.0751137781837,0.316,0.242,0.676,0.246
"A",300923,109.341722941027,9.7337651230654,0.748,0.466,0.984,0.882
"A",300924,128.145615563422,8.62951881334304,0.524,0.832,0.426,0.69
"A",300925,114.844223853485,13.5150055298901,0.472,0.462,0.608,0.496
"A",300926,223.204521166054,16.4964257256453,0.154,0.74,0.11,0.544
"A",300927,99.9601683864431,12.9103521994342,0.976,0.794,0.476,0.88
"A",300928,128.019121719567,5.94212125862457,0.092,0.14,0.028,0.1
"A",300929,138.84392712056,12.3600958445154,0.356,0.284,0.682,0.204
"A",300930,113.515676971912,11.090594671112,0.672,0.664,0.974,0.75
"A",300931,190.472666799378,14.0773053529858,0.966,0.608,0.428,0.836
"A",300932,69.7393412702119,8.20700903617288,0.184,0.416,0.202,0.474
"A",300933,102.946748184221,6.31671700957798,0.476,0.14,0.766,0.162
"A",300934,86.0235953566001,8.40459092260777,0.132,0.682,0.344,0.6
"A",300935,117.04144351494,9.49359233150977,0.058,0.038,0.056,0.068
"A",300936,138.771487012048,13.5581124599991,0.834,0.42,0.906,0.408
"A",300937,79.1225160370985,5.32822943414127,0.29,0.198,0.352,0.178
"A",300938,175.682968838339,15.639562911566,0.552,0.82,0.31,0.55
"A",300939,69.620158280339,6.80195878686394,0.93,0.386,0.836,0.602
"A",300940,95.6442029968433,11.2555241267805,0.194,0.462,0.346,0.396
"A",300941,182.668023449383,16.2613830103069,0.374,0.408,0.406,0.382
"A",300942,86.7685368315455,7.03806353665771,0.486,0.958,0.39,0.984
"A",300943,144.814812164117,11.7463758901333,0.238,0.692,0.168,0.352
"A",300944,182.712602970604,16.2653515465362,0.868,0.568,0.954,0.796
"A",300945,114.371859034041,10.1815554262497,0.79,0.22,0.874,0.448
"A",300946,98.6497798047179,6.64322479558915,0.818,0.442,0.93,0.512
"A",300947,143.476445199614,11.6378168193514,0.032,0.484,0.018,0.368
"A",300948,91.5153231697197,10.7696326137078,0.922,0.846,0.966,0.946
"A",300949,105.341151287781,5.36622363299608,0.678,0.326,0.356,0.308
"A",300950,87.7335446138302,4.07223041012823,0.42,0.276,0.288,0.184
"A",300951,130.317787252324,12.7321775758723,0.028,0.02,0.094,0.03
"A",300952,121.326896906524,13.0094854701091,0.702,0.208,0.6,0.16
"A",300953,153.858056916635,13.696676328445,0.99,0.976,0.746,0.736
"A",300954,106.532944764909,8.64121559936327,0.972,0.878,0.928,0.742
"A",300955,83.3137643828147,11.8095108428811,0.256,0.666,0.382,0.596
"A",300956,245.954675011884,21.8952562031311,0.092,0.008,0.182,0.004
"A",300957,74.6838659777013,6.64847041327052,0.994,0.992,0.972,0.898
"A",300958,88.2969627336149,5.94605049669973,0.906,0.226,0.906,0.246
"A",300959,105.419062530007,4.89311943489209,0.238,0.704,0.22,0.502
"A",300960,140.353983764721,5.93591085729124,0.398,0.884,0.316,0.946
"A",300961,108.770927622846,14.0483055134645,0.924,0.516,0.898,0.638
"A",300962,155.047841195989,15.148328470623,0.918,0.802,0.578,0.724
"A",300963,162.92228562315,5.72051382599442,0.652,0.246,0.48,0.378
"A",300964,153.679605933857,15.01465052312,0.528,0.158,0.336,0.32
"A",300965,112.20371882923,14.4916675467316,0.116,0.112,0.134,0.172
"A",300966,73.0554033245659,8.59724718223087,0.956,0.492,0.87,0.346
"A",300967,164.41040731789,21.2344206496382,0.99,0.802,0.898,0.9
"A",300968,140.839734646457,12.5377656412352,0.9,0.608,0.5,0.328
"A",300969,88.3824868785882,11.4150371321223,0.382,0.396,0.25,0.35
"A",300970,92.9222660980505,6.25752539363884,0.716,0.66,0.66,0.634
"A",300971,71.7560028123081,5.82035061752945,0.32,0.038,0.456,0.092
"A",300972,119.306374002941,6.67019290614255,0.818,0.468,0.67,0.468
"A",300973,117.919451198167,12.644116235724,0.014,1,0.096,0.934
"A",300974,156.851177737997,13.9631284592186,0.088,0.836,0.19,0.58
"A",300975,99.587807740376,6.11061553857446,0.388,0.81,0.566,0.742
"A",300976,119.239971235044,6.07424870354048,0.634,0.436,0.658,0.258
"A",300977,88.1866857938281,5.41105326780553,0.418,0.388,0.188,0.152
"A",300978,191.439817161508,14.1487847478971,0.818,0.348,0.45,0.276
"A",300979,181.912577391853,12.2502670269649,0.672,0.344,0.842,0.56
"A",300980,169.5860346628,15.096804633763,0.638,0.612,0.47,0.68
"A",300981,318.322719946122,21.4363315390221,0.486,0.074,0.49,0.056
"A",300982,100.09435907358,12.9276835931361,0.596,0.994,0.854,0.932
"A",300983,184.814515867535,6.48919200477061,0.172,0.082,0.098,0.056
"A",300984,99.5670319823279,11.7171673305281,0.804,0.178,0.862,0.372
"A",300985,110.0647013002,12.9525456031264,0.912,0.978,0.882,0.88
"A",300986,113.990078782204,6.99432553496664,0.288,0.05,0.198,0.034
"A",300987,158.125235194523,6.09340115209298,0.84,0.59,0.366,0.254
"A",300988,161.457591011855,11.9328817537131,0.768,0.926,0.786,0.778
"A",300989,144.834658111772,5.58124496394004,0.63,0.544,0.856,0.504
"A",300990,164.253055844281,25.5524560544628,0.056,0.28,0.048,0.24
"A",300991,137.259365905887,19.4561604791311,0.526,0.262,0.696,0.582
"A",300992,50.0249461944313,6.46097024998054,0.008,0.76,0.012,0.832
"A",300993,134.665796405443,13.1569823995748,0.586,0.244,0.884,0.628
"A",300994,85.6811894358994,8.37113752321149,0.042,0.284,0.01,0.052
"A",300995,90.1077268358744,8.8036146348248,0.166,0.084,0.08,0.078
"A",300996,151.739111426567,14.8250622775493,0.356,0.702,0.464,0.584
"A",300997,120.204807174637,11.7441293524853,0.216,0.61,0.414,0.782
"A",300998,148.124113592392,12.0148035318183,0.688,0.99,0.324,0.676
"A",300999,206.08050326432,12.6449085888819,0.34,0.12,0.542,0.172
"A",301000,141.930796011161,11.5124444483175,0.568,0.298,0.768,0.554
"A",301001,79.8343558741956,11.3163136765576,0.256,0.258,0.304,0.228
"A",301002,84.9904415076551,9.11324646128443,0.304,0.618,0.534,0.61
"A",301003,73.4253573046623,7.17373052049085,0.446,0.124,0.236,0.074
"A",301004,64.9200081850135,5.26586201739833,0.886,0.334,0.902,0.376
"A",301005,190.564493018072,27.0120245224362,0.022,0.408,0.032,0.436
"A",301006,195.52535344372,15.8596642379252,0.36,0.132,0.224,0.034
"A",301007,184.207225222736,12.4047920689614,0.04,0.438,0.228,0.316
"A",301008,125.690640940597,5.83404275479509,0.366,0.098,0.406,0.108
"A",301009,109.175301252055,6.10378385918831,0.466,0.45,0.87,0.828
"A",301010,73.3821300278346,7.16950717250209,0.57,0.25,0.444,0.43
"A",301011,73.0586486589964,5.39956164383663,0.302,0.866,0.17,0.824
"A",301012,100.256933467955,8.13214897362884,0.112,0.018,0.126,0.026
"A",301013,68.6780298531259,5.07580228454639,0.786,0.87,0.95,0.784
"A",301014,91.1860406899417,8.11751890041913,0.482,0.102,0.76,0.226
"A",301015,120.478161662314,17.0774681353248,0.02,0.544,0.096,0.39
"A",301016,118.559275146472,6.03957310532716,0.398,0.304,0.298,0.236
"A",301017,76.0315134570169,7.42835457160355,0.518,0.34,0.766,0.21
"A",301018,173.031972072222,14.0351567260119,0.152,0.814,0.286,0.964
"A",301019,137.090284278607,13.393857278918,0.044,0.172,0.032,0.228
"A",301020,110.175351700855,6.15969478151004,0.144,0.704,0.096,0.634
"A",301021,204.727510666135,21.9522599131065,0.438,0.214,0.694,0.264
"A",301022,161.978500276335,9.93885057982125,0.206,0.73,0.058,0.372
"A",301023,114.904306296919,6.42408165659319,0.29,0.112,0.476,0.106
"A",301024,107.237117220639,7.22150903466669,0.578,0.496,0.266,0.462
"A",301025,108.289752743454,9.64011714913356,0.896,0.29,0.152,0.386
"A",301026,115.289153638699,6.44559774096455,0.302,0.174,0.976,0.66
"A",301027,161.122144232839,11.9080898147056,0.586,0.34,0.572,0.478
"A",301028,156.907982022952,12.727290181581,0.332,0.292,0.388,0.29
"A",301029,89.2739486735627,6.59798939481549,0.494,0.338,0.496,0.36
"A",301030,99.5933787824602,8.8659528202588,0.732,0.964,0.79,0.852
"A",301031,87.7654330789424,5.91025648896346,0.192,0.64,0.074,0.454
"A",301032,189.915484646921,12.7891948585213,0.128,0.176,0.262,0.15
"A",301033,118.15475970754,15.2602740320187,0.702,0.586,0.362,0.466
"A",301034,140.725232998731,12.5275725318238,0.018,0.114,0.03,0.104
"A",301035,122.995589216134,15.8854912050406,0.158,0.576,0.38,0.538
"A",301036,74.0868892691958,6.59532664611343,0.898,0.908,0.928,0.916
"A",301037,74.7640184919441,8.01670064146853,0.014,0.056,0.056,0.1
"A",301038,149.794588348966,12.1503008895296,0.868,0.484,0.48,0.4
"A",301039,105.832890927567,6.49380805208802,0.374,0.378,0.414,0.306
"A",301040,174.259650357169,12.8790463744922,0.718,0.828,0.456,0.632
"A",301041,84.1295356213826,7.48933817416405,0.594,0.336,0.3,0.198
"A",301042,143.675232193041,5.53656615463884,0.468,0.476,0.326,0.324
"A",301043,140.222650734883,13.6998926006872,0.468,0.92,0.538,0.93
"A",301044,74.2414275484199,6.02195108063623,0.8,0.284,0.874,0.338
"A",301045,206.858057528169,12.6926185975121,0.876,0.722,0.808,0.732
"A",301046,79.8458617904703,5.90118570020683,0.432,0.652,0.276,0.416
"A",301047,81.8270761713839,9.62950812712937,0.884,0.612,0.94,0.79
"A",301048,175.22126450124,24.8371615225872,0.576,0.448,0.85,0.658
"A",301049,140.735857810351,6.53237986101439,0.568,0.866,0.722,0.646
"A",301050,120.007557453169,14.1226327993419,0.936,0.714,0.818,0.754
"A",301051,132.471575536611,15.589413344938,0.244,0.548,0.564,0.854
"A",301052,77.8228392409573,6.31245042479299,0.944,0.888,0.952,0.992
"A",301053,97.5664957400605,6.57027481462371,1,0.93,0.958,0.742
"A",301054,114.429852296405,12.2699379836918,0.858,0.792,0.78,0.652
"A",301055,90.4400217347697,8.05110716762692,0.876,0.46,0.882,0.588
"A",301056,145.819719373152,14.2467317798148,0.128,0.884,0.21,0.928
"A",301057,206.241540761152,15.2427389953175,0.654,0.382,0.378,0.132
"A",301058,98.2612949741471,6.02922194526867,0.664,0.592,0.7,0.506
"A",301059,74.7682692473293,7.30493435446702,0.064,0.018,0.032,0.016
"A",301060,136.642872407431,11.0835246617329,0.742,0.67,0.532,0.708
"A",301061,57.6815297428564,8.17620780885931,0.518,0.136,0.464,0.292
"A",301062,121.060441256202,6.76825947674596,0.64,0.608,0.134,0.266
"A",301063,123.749670053318,17.5411959971295,0.206,0.414,0.166,0.316
"A",301064,114.829748889884,10.2223174719641,0.362,0.208,0.282,0.154
"A",301065,169.015508843813,12.4914664521954,0.426,0.746,0.662,0.59
"A",301066,78.3550502296742,5.79100396170472,0.054,0.102,0.51,0.26
"A",301067,86.1734706154771,7.67129235070525,0.47,0.166,0.356,0.068
"A",301068,116.136509166623,6.49297178010182,0.318,0.186,0.244,0.3
"A",301069,78.4671401262709,6.9852631852136,0.604,0.07,0.628,0.166
"A",301070,144.858562004558,11.7499245745756,0.928,0.818,0.92,0.8
"A",301071,82.6584185663006,6.10905395354354,0.614,0.676,0.56,0.612
"A",301072,66.9324003433013,5.95842324906535,0.536,0.272,0.108,0.104
"A",301073,148.467349507267,14.5054078802424,0.996,0.914,0.982,0.86
"A",301074,117.114894401906,11.4422417978709,0.74,0.608,0.596,0.6
"A",301075,204.222078385601,10.403354529689,0.348,0.398,0.394,0.268
"A",301076,67.8812228350443,5.50605526732094,0.832,0.824,0.394,0.616
"A",301077,101.569786444908,9.92346927174308,0.248,0.852,0.316,0.908
"A",301078,110.143435213354,6.7582990524433,0.172,0.152,0.334,0.148
"A",301079,66.2628340288882,7.10514649666871,0.32,0.208,0.274,0.136
"A",301080,433.395904641978,20.1164559151971,0.216,0.47,0.154,0.858
"A",301081,136.373348840694,4.78832975216683,0.062,0.154,0.186,0.182
"A",301082,113.793971420305,9.23017985770096,0.348,0.158,0.136,0.04
"A",301083,161.592122852455,17.3269936669753,0.974,0.69,0.874,0.794
"A",301084,104.218986050968,9.27773135723579,0.076,0.126,0.2,0.06
"A",301085,108.914644393098,7.33447624178479,0.192,0.86,0.04,0.98
"A",301086,163.042565373334,13.2248851505354,0.698,0.79,0.778,0.876
"A",301087,129.538139275835,4.99178923675488,0.33,0.604,0.464,0.516
"A",301088,120.487605477374,5.59253924172522,0.434,0.322,0.408,0.246
"A",301089,102.833502502501,9.15439352168765,0.36,0.988,0.472,0.976
"A",301090,92.523312416832,7.50485112680788,0.192,0.588,0.08,0.936
"A",301091,119.914492513323,8.86254681957279,0.228,0.53,0.168,0.386
"A",301092,112.727318872748,6.30237042201061,0.002,0.008,0.01,0.004
"A",301093,128.522269093297,8.65488322950257,0.606,0.656,0.744,0.908
"A",301094,118.891194146646,11.6157880516469,0.102,0.14,0.01,0.098
"A",301095,141.761260772535,11.498692922422,0.896,0.936,0.992,0.764
"A",301096,102.927927747216,14.5897678225276,0.634,0.604,0.698,0.66
"A",301097,150.547621873007,14.7086525617646,0.2,0.746,0.762,0.408
"A",301098,92.7808669546318,8.25949274036823,0.022,0.178,0.024,0.226
"A",301099,102.388709269554,14.5133349965017,0.39,0.246,0.086,0.096
"A",301100,123.660254293735,6.29942402319576,0.58,0.138,0.672,0.182
"A",301101,161.482467625876,13.0983408123346,0.28,0.73,0.152,0.9
"A",301102,150.275502200335,6.97517092978629,0.564,0.136,0.17,0.146
"A",301103,91.7816342765107,5.13133695480729,0.164,0.472,0.912,0.77
"A",301104,64.1796141479575,6.27041220781767,0.046,0.444,0.084,0.624
"A",301105,57.5194259547752,6.16761950801553,0.548,0.106,0.32,0.048
"A",301106,129.006683785529,18.2863641110856,0.54,0.886,0.706,0.932
"A",301107,84.816803862487,9.09462786574234,0.828,0.408,0.908,0.4
"A",301108,135.676479885844,11.0051375848425,0.878,0.48,0.992,0.822
"A",301109,112.134258949619,10.9556287548148,0.848,0.478,0.852,0.294
"A",301110,80.1581133941064,7.83152749443623,0.87,0.246,0.832,0.426
"A",301111,97.7865072639155,5.46705800523404,0.85,0.894,0.892,0.66
"A",301112,130.6589068328,9.65663661605566,0.84,0.712,0.704,0.288
"A",301113,148.187161124706,12.0199175115448,0.368,0.57,0.674,0.572
"A",301114,171.340200506072,13.8979319184162,0.29,0.11,0.486,0.178
"A",301115,81.0677266364978,11.4911407954449,0.752,0.526,0.322,0.536
"A",301116,82.6093770249837,9.72157022662101,0.498,0.274,0.644,0.162
"A",301117,164.710888031614,21.2732292261535,0.406,0.3,0.37,0.226
"A",301118,96.0007867644264,6.46483761334258,0.768,1,0.866,0.98
"A",301119,144.71612519985,10.6955665512101,0.336,0.048,0.484,0.068
"A",301120,161.909805711431,15.8187492364451,0.238,0.196,0.166,0.128
"A",301121,109.411066085065,8.87466889311645,0.31,0.99,0.248,0.834
"A",301122,136.398082273389,16.0514893508536,0.474,0.614,0.556,0.598
"A",301123,106.017408678061,4.92089220288653,0.984,0.882,0.886,0.986
"A",301124,54.9331832323646,7.78663679192008,0.422,0.162,0.528,0.096
"A",301125,92.4179080032242,5.67067713910613,0.01,0.018,0.004,0.004
"A",301126,77.783065251799,6.92436580793073,0.302,0.152,0.272,0.066
"A",301127,189.261294543487,11.6128975376497,0.372,0.764,0.25,0.634
"A",301128,90.8332688817508,6.71323441701527,0.388,0.962,0.602,0.764
"A",301129,172.775100414635,5.03648585643611,0.878,0.492,0.66,0.634
"A",301130,123.643721556669,10.0291234588189,0.876,1,0.268,0.934
"A",301131,125.451779166818,11.1679066310221,0.582,0.976,0.23,0.906
"A",301132,127.640369544643,11.3627382480421,0.768,0.616,0.94,0.836
"A",301133,65.9540532223333,6.44377667224627,0.06,0.1,0.002,0.112
"A",301134,138.780864909315,10.2569079611704,0.542,0.812,0.516,0.936
"A",301135,68.9867880927882,6.74007788887457,0.576,0.448,0.32,0.256
"A",301136,105.397837643514,10.297473685552,0.524,0.27,0.464,0.176
"A",301137,65.0277136505035,10.116206282043,0.554,0.38,0.398,0.224
"A",301138,101.540753794122,10.8878821991657,0.134,0.016,0.094,0.022
"A",301139,95.0989215596812,7.02849694935675,0.024,0.108,0.112,0.128
"A",301140,87.0843751979018,10.2481933603225,0.822,0.448,0.614,0.542
"A",301141,132.767072420117,15.6241877713796,0.776,0.634,0.854,0.588
"A",301142,106.075700387386,11.3741496577182,0.194,0.024,0.084,0.002
"A",301143,144.500456055,6.11127524116642,0.38,0.352,0.656,0.238
"A",301144,44.200093425511,7.5465146528498,0.312,0.06,0.322,0.03
"A",301145,70.9169076558361,11.0323741441504,0.084,0.562,0.022,0.534
"A",301146,111.569922462736,10.9004925181196,0.528,0.176,0.288,0.286
"A",301147,101.808000931711,9.946743064301,0.616,0.332,0.346,0.466
"A",301148,102.611651978322,11.0027111012686,0.716,0.354,0.854,0.4
"A",301149,141.890562618583,12.6313119325346,0.404,0.876,0.332,0.814
"A",301150,98.0842367701139,7.95591484587149,0.022,0.026,0.064,0.032
"A",301151,113.946931070983,7.6733580082035,0.132,0.374,0.274,0.14
"A",301152,117.523666552441,8.68584751849865,0.144,0.844,0.77,0.98
"A",301153,64.9362555826267,5.78072343119689,0.878,0.734,0.938,0.586
"A",301154,73.4032365849244,5.42502917960306,0.62,0.574,0.346,0.498
"A",301155,99.6286547924744,10.6828540906952,0.79,0.814,0.842,0.734
"A",301156,103.468338905727,6.3487213325963,0.082,0.612,0.074,0.798
"A",301157,102.788373971596,6.3069993147463,0.268,0.984,0.72,0.884
"A",301158,76.4767888110805,7.47185841706957,0.53,0.34,0.958,0.602
"A",301159,121.257392031678,7.44024113722286,0.636,0.198,0.558,0.24
"A",301160,79.4135157651048,4.87273968990418,0.212,0.478,0.078,0.464
"A",301161,120.057267031294,9.73821507494331,0.468,0.358,0.674,0.524
"A",301162,69.5250411395152,6.79266574749446,0.9,0.608,0.866,0.564
"A",301163,159.76934434527,14.2229080527822,0.328,0.902,0.264,0.916
"A",301164,141.961614784859,9.55990901578826,0.266,0.044,0.458,0.104
"A",301165,63.7446190591952,6.22791275450798,0.752,0.366,0.488,0.432
"A",301166,88.2208931241183,7.85355699105246,0.93,0.63,0.718,0.496
"A",301167,216.264795682378,19.2522183567142,0.446,0.202,0.31,0.182
"A",301168,198.122941196596,13.3418973477458,0.988,0.986,0.99,0.98
"A",301169,71.9143146779066,6.4019207785714,0.182,0.382,0.158,0.12
"A",301170,115.703606953511,11.3043576089016,0.48,0.272,0.506,0.17
"A",301171,103.047751429759,5.76120417978486,0.75,0.882,0.518,0.73
"A",301172,138.654594167539,11.2467016159923,0.318,0.282,0.236,0.334
"A",301173,76.7647995815363,5.67347295666451,0.098,0.068,0.366,0.086
"A",301174,82.7935525907337,7.37040694938583,0.666,0.656,0.642,0.74
"A",301175,86.5310190544636,9.2784375419252,0.922,0.91,0.88,0.818
"A",301176,133.577613202361,10.8348920371735,0.898,0.668,0.956,0.662
"A",301177,124.259479273257,11.0617662958599,0.902,0.934,0.764,0.666
"A",301178,89.055562309262,10.4801650156359,0.226,0.776,0.396,0.644
"A",301179,73.1793562936149,7.14969597676095,0.004,0.016,0.01,0.022
"A",301180,78.8266480129076,11.1734736908422,0.836,0.376,0.69,0.342
"A",301181,161.575224147675,11.9415756918008,0.092,0.042,0.178,0.032
"A",301182,149.659737335928,13.3229355860185,0.19,0.372,0.262,0.234
"A",301183,193.909158335265,17.2620857956003,0.734,0.664,0.742,0.572
"A",301184,111.634726251901,8.25061231016541,0.976,0.532,0.982,0.852
"A",301185,162.178771407731,10.9213628014859,0.344,0.508,0.42,0.75
"A",301186,98.7568917346418,5.52131035903293,0.75,0.626,0.662,0.598
"A",301187,135.217255429769,9.99353149017679,0.722,0.288,0.51,0.074
"A",301188,74.4294719764637,6.62582387551567,0.572,0.888,0.746,0.794
"A",301189,82.5970051654991,10.6678134352733,0.126,0.162,0.192,0.234
"A",301190,277.446664147721,18.6836763586115,0.12,0.034,0.27,0.068
"A",301191,173.581676649002,15.4525027109784,0.118,0.032,0.046,0.016
"A",301192,231.238643550086,17.0902053788823,0.278,0.864,0.428,0.772
"A",301193,90.3083584632879,10.6275955644382,0.74,0.466,0.826,0.396
"A",301194,171.125501013653,4.54524352592995,0.41,0.214,0.338,0.31
"A",301195,86.2010365965139,6.37087900486617,0.714,0.938,0.898,0.892
"A",301196,78.6938513919007,9.26078649011322,0.322,0.042,0.278,0.132
"A",301197,174.093150620222,12.866740841748,0.578,0.664,0.472,0.654
"A",301198,143.826946146697,12.8036917153281,0.086,0.772,0.036,0.462
"A",301199,107.437509934759,9.56424920865738,0.268,0.852,0.842,0.89
"A",301200,106.17338466081,12.4946108099319,0.294,0.918,0.184,0.994
"A",301201,118.610109370798,15.3190847025233,0.526,0.086,0.346,0.088
"A",301202,100.765926363443,13.014419843962,0.758,0.37,0.814,0.346
"A",301203,76.8191324971332,6.23103667629427,0.846,0.936,0.694,0.856
"A",301204,71.68964323126,8.43652290203476,0.322,0.34,0.324,0.242
"A",301205,67.272821365771,7.91674602572639,0.958,0.392,0.914,0.494
"A",301206,141.701683165196,15.1942070161732,0.034,0.006,0.09,0.048
"A",301207,107.14673348772,12.6091556632717,0.52,0.256,0.274,0.348
"A",301208,100.723390547866,6.18029384665485,0.636,0.8,0.682,0.818
"A",301209,119.001949072983,6.06212352609924,0.514,0.566,0.508,0.636
"A",301210,85.4986612936487,5.75760866187439,0.422,0.97,0.216,0.648
"A",301211,83.8046775145129,6.19377076619033,0.336,0.932,0.552,0.984
"A",301212,103.674257772153,11.1166508375329,0.064,0.012,0.104,0.012
"A",301213,61.9133332567062,7.99641448276538,0.232,0.392,0.094,0.402
"A",301214,128.49139050678,11.4384974178945,0.922,0.864,0.986,0.774
"A",301215,167.418316308017,14.9038310757206,0.69,0.562,0.39,0.326
"A",301216,112.715585510412,6.9161238096036,0.058,0.16,0.052,0.028
"A",301217,89.6983324390745,10.5558069727791,0.334,0.142,0.198,0.132
"A",301218,63.7300359672697,6.83356286252423,0.438,0.146,0.278,0.124
"A",301219,48.980351120784,7.61975637599418,0.846,0.882,0.834,0.718
"A",301220,126.411081364904,13.5546459046467,0.414,0.942,0.18,0.886
"A",301221,102.488003521311,13.2368346615993,0.48,0.24,0.736,0.336
"A",301222,128.58567521334,10.4299805563449,0.466,0.652,0.58,0.64
"A",301223,97.2086399501708,8.65365977192373,0.592,0.236,0.41,0.41
"A",301224,110.290014419493,14.2445031177983,0.206,0.612,0.22,0.528
"A",301225,160.954668320707,15.7254313623124,0.076,0.94,0.164,0.946
"A",301226,197.383010911982,14.5880296779085,0.682,0.618,0.84,0.396
"A",301227,318.419353253035,25.8279754543649,0.876,0.794,0.796,0.782
"A",301228,134.507194045878,11.9740333240524,0.594,0.752,0.772,0.702
"A",301229,175.670410721063,18.8365623293287,0.746,0.37,0.564,0.338
"A",301230,134.835775381119,13.1735895147515,0.34,0.264,0.32,0.364
"A",301231,202.969115488356,18.0686168487171,0.99,0.548,0.998,0.566
"A",301232,223.185500635768,12.4778776954354,0.444,0.568,0.578,0.806
"A",301233,132.168483593682,10.7205931901557,0.906,0.932,0.862,0.726
"A",301234,137.523516991381,9.26104082403712,0.708,0.89,0.906,0.89
"A",301235,108.945370733794,6.68478692690181,0.22,0.686,0.03,0.65
"A",301236,80.7420071445032,8.65770077003742,0.13,0.878,0.274,0.938
"A",301237,149.668988775194,10.0789351920537,0.712,0.938,0.08,0.856
"A",301238,106.211424403044,5.41055654659345,0.39,0.988,0.342,0.716
"A",301239,134.876546457665,10.940252518225,0.202,0.224,0.546,0.226
"A",301240,111.433193993119,9.03868992211868,0.61,0.764,0.29,0.426
"A",301241,81.1841102243445,7.22713196201443,0.6,0.974,0.472,0.92
"A",301242,79.4198385248999,5.34825157840919,0.204,0.22,0.152,0.258
"A",301243,122.712849335912,11.9891675689746,0.194,0.23,0.32,0.416
"A",301244,93.3935537619526,6.2892626149574,0.82,0.866,0.914,0.904
"A",301245,109.024088783071,11.6902956811631,0.828,0.632,0.786,0.61
"A",301246,57.7018077351108,8.97653257551746,0.802,0.23,0.584,0.326
"A",301247,134.990301268364,12.0170402577868,0.584,0.188,0.562,0.138
"A",301248,97.4976208141175,5.45090691218284,0.256,0.68,0.88,0.568
"A",301249,139.865504293992,11.3449222696805,0.228,0.024,0.218,0.054
"A",301250,27.9696280057469,6.31280019597958,0.882,0.418,0.854,0.442
"A",301251,154.526190955929,15.0973627227464,0.658,0.968,0.992,0.95
"A",301252,95.6615613168698,11.2575668746286,0.966,0.326,0.932,0.358
"A",301253,130.374442171048,10.5750729591944,0.152,0.868,0.162,0.92
"A",301254,106.737964972961,10.4284054600439,0.796,0.816,0.2,0.91
"A",301255,118.98140632831,9.65094869636072,0.522,0.946,0.476,0.854
"A",301256,84.6906254824985,5.19653824887974,0.764,0.57,0.672,0.178
"A",301257,75.3178996680597,6.70491304885426,0.412,0.874,0.53,0.77
"A",301258,106.5906673772,10.4140143382694,0.522,0.32,0.404,0.384
"A",301259,213.848792148089,15.8049697997176,0.662,0.32,0.69,0.352
"A",301260,152.683976329047,19.7198938480921,0.542,0.332,0.894,0.548
"A",301261,78.8318139680476,6.39429147565606,0.586,0.15,0.09,0.124
"A",301262,63.3359228890237,6.18798273173121,0.424,0.074,0.544,0.1
"A",301263,80.6384615483815,6.54083423093409,0.352,0.74,0.446,0.678
"A",301264,161.954694302602,11.9696212761517,0.636,0.176,0.33,0.186
"A",301265,168.269388983683,12.4363228072962,0.926,0.692,0.96,0.804
"A",301266,131.232898445801,12.8215848506785,0.494,0.49,0.576,0.426
"A",301267,202.984957725164,15.0020539953367,0.514,0.556,0.81,0.784
"A",301268,118.780940463189,11.6050161569902,0.798,0.794,0.882,0.726
"A",301269,186.014506087265,12.5264970851875,0.27,0.864,0.634,0.99
"A",301270,116.714676881464,7.16150434791045,0.69,0.14,0.702,0.286
"A",301271,104.785592428445,11.2358156099955,0.586,0.238,0.494,0.178
"A",301272,85.1920619414178,9.13486555952555,0.12,0.638,0.408,0.394
"A",301273,250.751972177738,18.5323812572405,0.268,0.33,0.214,0.354
"A",301274,85.399420199917,6.31163376521853,0.554,0.648,0.718,0.65
"A",301275,98.2309842177384,10.5329864562494,0.816,0.332,0.934,0.624
"A",301276,91.6337547369726,8.15737508028238,0.066,0.004,0.076,0.012
"A",301277,197.71353536698,23.2671651578042,0.684,0.212,0.46,0.222
"A",301278,142.002120286686,12.6412429644389,0.228,0.032,0.118,0.04
"A",301279,101.820184500464,9.06418642451103,0.062,0.036,0.062,0.048
"A",301280,124.390344517524,11.0734161173205,0.116,0.066,0.222,0.044
"A",301281,93.8108001734398,5.24478376839287,0.94,0.99,0.81,0.968
"A",301282,64.17850036381,6.27030338999743,0.68,0.374,0.368,0.382
"A",301283,198.206927131937,12.1617932582973,0.406,0.562,0.152,0.876
"A",301284,145.895952314091,15.6439447490381,0.064,0.026,0.128,0.028
"A",301285,174.070077078068,18.6649637983623,0.112,0.02,0.098,0.05
"A",301286,93.208656955253,7.56044153529054,0.924,0.51,0.73,0.77
"A",301287,103.354673095917,5.26502969226828,0.498,0.638,0.95,0.848
"A",301288,94.5312510317097,6.36587686313196,0.024,0.062,0.068,0.056
"A",301289,70.4431101870279,6.88236200758528,0.79,0.3,0.816,0.274
"A",301290,199.653696318232,6.38745509570698,0.876,0.906,0.638,0.446
"A",301291,116.502346745242,5.40755991742398,0.638,0.934,0.652,0.828
"A",301292,109.493344464207,5.57774208404501,0.234,0.256,0.064,0.092
"A",301293,128.226920328888,11.4149538836935,0.754,0.502,0.79,0.376
"A",301294,90.3074282910842,8.82312566584751,0.632,0.72,0.93,0.682
"A",301295,178.069999981118,5.69693499167172,0.8,0.102,0.686,0.142
"A",301296,101.71088101202,9.93725435144201,0.518,0.032,0.65,0.062
"A",301297,89.7726504200778,6.04542552874401,0.942,0.738,0.944,0.658
"A",301298,184.630356841441,16.4360728891351,0.412,0.342,0.412,0.436
"A",301299,75.7318566124557,6.14284437713067,0.476,0.904,0.618,0.976
"A",301300,95.6105303365659,12.3485748428087,0.62,0.6,0.774,0.602
"A",301301,155.722411045744,12.6311248644108,0.676,0.924,0.79,0.826
"A",301302,88.1528453685654,7.15034907002793,0.396,0.872,0.228,0.754
"A",301303,141.318436536084,12.5803804055929,0.594,0.658,0.756,0.6
"A",301304,179.869016980671,11.0365960955338,0.932,0.83,0.926,0.842
"A",301305,99.4865551665209,6.6995745091199,0.868,0.598,0.904,0.762
"A",301306,113.924092615692,11.1304972861811,0.304,0.086,0.04,0.038
"A",301307,89.861686163226,5.5138297373011,0.926,0.688,0.982,0.814
"A",301308,78.3990952255174,5.27951318679988,0.818,0.62,0.754,0.566
"A",301309,119.867280823183,14.1061248778604,0.592,0.092,0.58,0.072
"A",301310,192.919247043957,17.1739623991229,0.326,0.038,0.284,0.124
"A",301311,133.991308143772,13.0910842248014,0.528,0.156,0.638,0.438
"A",301312,91.3410222651931,8.92410882629839,0.894,0.528,0.872,0.786
"A",301313,192.961795938565,15.6517261850318,0.23,1,0.158,0.922
"A",301314,139.786454537903,12.4440010570518,0.296,0.878,0.234,0.914
"A",301315,156.5538939042,11.5704631311203,0.668,0.388,0.824,0.88
"A",301316,203.667116919782,16.5200677751683,0.844,0.286,0.416,0.2
"A",301317,159.003456038026,14.1547275202948,0.602,0.862,0.832,0.79
"A",301318,101.798094330632,9.94577517951129,0.902,0.898,0.868,0.936
"A",301319,105.530515449701,8.55990546703798,0.566,0.34,0.518,0.674
"A",301320,93.9751213223384,7.622611823175,0.422,0.378,0.718,0.496
"A",301321,98.7660581743861,5.52182283727953,0.742,0.546,0.2,0.426
"A",301322,202.032209213466,5.36615282653617,0.466,0.55,0.688,0.528
"A",301323,96.8193274080993,5.94074415250328,0.156,0.032,0.146,0.034
"A",301324,76.9118215293864,5.68433894015838,0.894,0.878,0.506,0.988
"A",301325,177.888679250536,14.4290992188568,0.718,0.852,0.388,0.756
"A",301326,120.152849373008,10.6961879071057,0.194,0.35,0.342,0.496
"A",301327,104.212790734932,17.7927984161595,0.536,0.296,0.148,0.266
"A",301328,153.239524024017,12.4297302431417,0.898,0.848,0.882,0.394
"A",301329,220.838678964222,21.5761588304852,0.996,0.804,0.818,0.456
"A",301330,137.600693002439,11.1612164432305,0.572,0.306,0.658,0.418
"A",301331,92.8145198947137,6.85966317216978,0.626,0.816,0.464,0.646
"A",301332,123.07206487214,13.1966141107524,0.18,0.016,0.188,0.018
"A",301333,92.837966943742,9.07036181194523,0.944,0.908,0.544,0.774
"A",301334,125.258041781794,12.2378354052615,0.832,0.7,0.926,0.854
"A",301335,141.7930330207,12.6226297006033,0.346,0.546,0.404,0.362
"A",301336,75.1378757287303,6.68888704620103,0.372,0.564,0.188,0.524
"A",301337,107.719956286538,5.4874032427361,0.452,0.342,0.478,0.268
"A",301338,55.3081873878122,6.5087335985492,0.136,0.624,0.288,0.92
"A",301339,112.57489805923,5.73472067717604,0.358,0.99,0.458,0.968
"A",301340,116.141057793861,13.667618498026,1,0.968,0.994,0.924
"A",301341,115.81180067068,7.10610470082299,0.292,0.124,0.286,0.35
"A",301342,173.818957792159,14.0989915640952,0.222,0.066,0.238,0.086
"A",301343,122.213867065965,7.49892955842005,0.158,0.016,0.554,0.074
"A",301344,201.159359438193,23.6726738531033,0.692,0.84,0.878,0.524
"A",301345,114.943772530284,9.323443770659,0.942,0.752,0.952,0.95
"A",301346,87.4529808887533,5.88921548774268,0.536,0.736,0.89,0.598
"A",301347,144.107685668456,12.8286835710631,0.836,0.754,0.492,0.748
"A",301348,109.442288073472,6.71527731408997,0.162,0.314,0.208,0.37
"A",301349,86.0419331032645,9.22599445850355,0.892,0.538,0.464,0.412
"A",301350,85.4625816979961,12.1141001453931,0.162,0.83,0.09,0.708
"A",301351,178.473290958703,14.4765188769102,0.718,0.396,0.67,0.568
"A",301352,187.147028507231,16.660110797335,0.104,0.852,0.222,0.634
"A",301353,128.298905833249,12.534930850968,0.39,0.516,0.652,0.57
"A",301354,157.314867801364,5.03292286843844,0.274,0.794,0.136,0.478
"A",301355,118.264673017366,10.5280995995284,0.218,0.096,0.162,0.206
"A",301356,130.139976894518,13.9544831497173,0.336,0.126,0.752,0.234
"A",301357,102.438585185268,6.28553659916443,0.474,0.07,0.41,0.074
"A",301358,163.480095421357,17.5294347771441,0.442,0.194,0.492,0.256
"A",301359,136.068466299659,12.1130201353326,0.778,0.336,0.886,0.266
"A",301360,108.684874072686,14.0371912700763,0.552,0.88,0.38,0.748
"A",301361,89.3948612504489,7.25109280744055,0.122,0.232,0.384,0.33
"A",301362,109.221309500419,10.671030693117,0.912,0.846,0.884,0.798
"A",301363,123.397375475685,5.21877470948906,0.396,0.204,0.482,0.174
"A",301364,174.08236050575,17.0080199604272,0.156,0.302,0.25,0.284
"A",301365,113.181157611446,13.3192939067579,0.72,0.46,0.902,0.614
"A",301366,94.3441273213945,11.1025296673866,0.252,0.242,0.514,0.396
"A",301367,79.5830369066162,5.35924160330497,0.048,0.226,0.412,0.45
"A",301368,136.579095582061,16.0727912133732,0.786,0.722,0.76,0.79
"A",301369,78.8731324262831,5.82929397676128,0.994,0.94,0.946,0.75
"A",301370,163.957470757546,13.2990959469744,0.968,0.756,0.668,0.57
"A",301371,60.3787042854845,7.10543808756964,0.09,0.02,0.136,0.028
"A",301372,206.377323520265,16.7399009883145,0.838,0.186,0.618,0.122
"A",301373,146.144057095112,13.009964427421,0.206,0.474,0.346,0.348
"A",301374,77.4504387341163,6.89475489354471,0.806,0.986,0.832,0.946
"A",301375,99.5351374137969,11.7134139395816,0.59,0.242,0.842,0.192
"A",301376,115.018752663369,10.2391428730002,0.11,0.02,0.06,0.114
"A",301377,99.1580948579465,8.82720318865341,0.78,0.712,0.722,0.686
"A",301378,87.4738330360292,7.78705257503738,0.092,0.348,0.226,0.676
"A",301379,206.120066514306,20.1381357383656,0.742,0.966,0.142,0.98
"A",301380,190.297003802535,15.4355766791139,0.576,0.196,0.902,0.35
"A",301381,136.468565269057,16.0597838740282,0.252,0.11,0.422,0.26
"A",301382,88.8365974738607,5.45093124585141,0.578,0.242,0.072,0.596
"A",301383,125.739158625869,13.4825978317676,0.774,0.296,0.652,0.408
"A",301384,284.431345993867,15.9020166540817,0.616,0.562,0.592,0.494
"A",301385,138.539881709029,6.43045167950663,0.528,0.628,0.336,0.59
"A",301386,86.8359794368924,5.84766568041386,0.57,0.448,0.418,0.492
"A",301387,100.15182182736,8.91566626255195,0.02,0.79,0.056,0.822
"A",301388,144.762696682269,17.0358471722417,0.652,0.922,0.262,0.91
"A",301389,72.6057727471848,5.88927807685512,0.348,0.376,0.426,0.382
"A",301390,112.423576663534,6.89820641752903,0.336,0.36,0.512,0.492
"A",301391,107.869423469709,8.74962150757893,0.364,0.44,0.474,0.904
"A",301392,145.246553584563,6.14282951777145,0.85,0.41,0.442,0.536
"A",301393,183.779870263249,17.9554763198354,0.898,0.624,0.708,0.74
"A",301394,93.576055395962,6.91594614425366,0.262,0.446,0.126,0.154
"A",301395,90.5003273148079,6.09442838713679,0.47,0.042,0.3,0.034
"A",301396,66.0908704206293,7.77765262578293,0.352,0.214,0.42,0.148
"A",301397,216.43574225976,17.5557703431741,0.078,0.026,0.258,0.034
"A",301398,168.676277647795,19.850025962817,0.814,0.866,0.588,0.82
"A",301399,144.272428114488,10.6627741329601,0.112,0.016,0.128,0.018
"A",301400,140.36709657323,5.93646542981075,0.764,0.62,0.592,0.628
"A",301401,122.417300938695,9.04752243332367,0.724,0.716,0.916,0.892
"A",301402,89.8644448358443,7.28918217981524,0.294,0.484,0.25,0.406
"A",301403,128.575220659064,4.95468289252344,0.468,0.086,0.334,0.2
"A",301404,128.888181070584,11.4738203124605,0.538,0.132,0.596,0.106
"A",301405,102.932157899342,6.31582176322689,0.97,0.726,0.716,0.882
"A",301406,130.325011549342,11.6017291292023,0.824,0.724,0.812,0.636
"A",301407,100.131337585881,8.91384272447407,0.196,0.436,0.206,0.534
"A",301408,105.533624757854,7.1067932857793,0.836,0.816,0.512,0.88
"A",301409,123.163646271904,10.9642135889666,0.022,0.526,0.184,0.714
"A",301410,71.8904158160097,8.46015005978023,0.57,0.362,0.712,0.574
"A",301411,126.172833624599,5.85642415657222,0.24,0.896,0.366,0.848
"A",301412,201.659244745154,13.5800373564211,0.304,0.918,0.308,0.82
"A",301413,100.163774569216,9.78610051147992,0.04,0.01,0.022,0.014
"A",301414,125.861109668902,11.2043458498109,0.612,0.398,0.624,0.382
"A",301415,51.277648112307,6.03441491913189,0.068,0.488,0.032,0.682
"A",301416,210.425160488847,17.0682335246371,0.704,0.416,0.52,0.812
"A",301417,110.78974552863,5.64378254349225,0.042,0.06,0.02,0.004
"A",301418,208.645617233185,15.4204176048389,0.816,0.894,0.796,0.892
"A",301419,138.141245313555,16.2566268609247,0.738,0.622,0.852,0.76
"A",301420,214.708189491424,14.4587729548816,0.072,0.008,0.106,0.016
"A",301421,169.194192395937,13.7238625842906,0.854,0.574,0.472,0.41
"A",301422,135.37868041186,12.0516143550281,0.242,0.624,0.286,0.402
"A",301423,115.835202529878,5.37659382601957,0.372,0.55,0.572,0.534
"A",301424,82.0287312341447,11.6273607142067,0.454,0.876,0.698,0.762
"A",301425,116.181722699363,9.42385772557111,0.808,0.512,0.872,0.426
"A",301426,74.1392933726972,7.94971341465504,0.862,0.69,0.796,0.868
"A",301427,132.742442072761,6.76208320342414,0.248,0.036,0.832,0.23
"A",301428,93.0771809981051,9.0937332632491,0.338,0.16,0.234,0.078
"A",301429,108.970300905874,16.9522497516193,0.12,0.348,0.046,0.194
"A",301430,83.9440500738028,8.20141727781301,0.012,0.018,0.042,0.018
"A",301431,138.437767572433,13.5255077384543,0.634,0.9,0.556,0.962
"A",301432,114.32211924659,14.7652694816725,0.972,0.496,0.996,0.798
"A",301433,163.565120824578,10.0362041454423,0.502,0.296,0.598,0.462
"A",301434,102.184232738739,6.26992976889774,0.75,0.776,0.706,0.612
"A",301435,244.632026297872,16.4738892080073,0.128,0.402,0.518,0.384
"A",301436,162.973134754036,12.0448913789942,0.998,0.76,0.99,0.826
"A",301437,151.824292066913,12.3149364158292,0.344,0.606,0.574,0.562
"A",301438,163.331549685446,12.0713808303014,0.7,0.92,0.706,0.98
"A",301439,103.134911886008,9.18122543969695,0.826,0.892,0.314,0.776
"A",301440,153.28106003446,13.6453111955683,0.964,0.742,0.85,0.526
"A",301441,125.317918416198,13.4374296248253,0.396,0.548,0.56,0.754
"A",301442,116.248741840862,10.3486383650742,0.758,0.242,0.718,0.364
"A",301443,147.93297312492,14.4531987755925,0.162,0.882,0.168,0.972
"A",301444,106.668216101943,9.49576551114614,0.788,0.522,0.79,0.508
"A",301445,105.681478963762,6.48451755438811,0.338,0.318,0.372,0.452
"A",301446,119.684967366498,5.55528408079647,0.2,0.33,0.234,0.466
"A",301447,52.0383219715447,7.37629768767309,0.968,0.766,0.71,0.618
"A",301448,128.312299549647,5.95572936804818,0.872,0.986,0.94,0.796
"A",301449,92.8528903223027,13.161657298494,0.064,0.964,0.02,0.984
"A",301450,96.6852724277861,6.51093190914393,0.992,0.714,0.944,0.624
"A",301451,87.9130848731311,11.3544115318318,0.692,0.204,0.45,0.202
"A",301452,139.766104954447,11.3368596827939,0.348,0.698,0.14,0.44
"A",301453,176.404217387767,14.3086899404544,0.15,0.066,0.31,0.166
"A",301454,170.664586955469,12.6133452315436,0.366,0.838,0.298,0.39
"A",301455,197.4495350042,12.1153203796432,0.762,0.36,0.742,0.328
"A",301456,116.767313625497,7.16473408971603,0.384,0.722,0.356,0.808
"A",301457,139.979884789954,11.354200024352,0.786,0.506,0.94,0.628
"A",301458,80.6582673566802,6.54244074110807,0.96,0.864,0.98,0.698
"A",301459,166.676626175914,13.5196550263291,0.45,0.368,0.33,0.458
"A",301460,181.017074838683,12.1899625358905,0.766,0.168,0.708,0.138
"A",301461,189.474772222206,16.8673300543471,0.358,0.508,0.508,0.38
"A",301462,186.261067486299,16.58124121074,0.69,0.388,0.306,0.484
"A",301463,137.971598921009,11.1913017658179,0.092,0.454,0.16,0.362
"A",301464,194.95333845527,11.9621560740387,0.814,0.774,0.898,0.876
"A",301465,80.1817746146615,5.92601208331777,0.634,0.442,0.294,0.154
"A",301466,178.358795736483,13.1820028152275,0.646,0.864,0.56,0.964
"A",301467,148.43222415793,12.0397953297183,0.172,0.558,0.058,0.428
"A",301468,136.775170450052,11.0942557638552,0.188,0.018,0.174,0.012
"A",301469,111.724757844815,7.52371351527712,0.304,0.19,0.416,0.358
"A",301470,128.264279562449,9.47965637076504,0.796,0.306,0.974,0.496
"A",301471,93.6718671135217,8.338810918626,0.036,0.02,0.19,0.046
"A",301472,212.445317949638,17.2320947245869,0.062,0.03,0.178,0.034
"A",301473,80.9995733687158,6.57012512401767,0.402,0.65,0.16,0.774
"A",301474,79.2935589475963,6.43174503454348,0.96,0.748,0.632,0.586
"A",301475,84.0091354633366,7.4786199704658,0.034,0.164,0.046,0.136
"A",301476,89.6636582155473,9.6143401710068,0.452,0.426,0.574,0.418
"A",301477,130.945169397922,5.53798924611889,0.908,0.418,0.586,0.248
"A",301478,127.76953651323,7.8398202841216,0.754,0.342,0.778,0.568
"A",301479,169.701796678916,16.580034512687,0.534,0.328,0.65,0.256
"A",301480,103.986648743929,16.1769548738208,0.704,0.346,0.532,0.328
"A",301481,113.212557609703,5.7672039347418,0.882,0.43,0.436,0.176
"A",301482,138.874316394418,4.87614351818857,0.214,0.044,0.088,0.036
"A",301483,153.540441674395,11.3477472532023,0.62,0.51,0.826,0.546
"A",301484,216.275973533749,14.5643498942799,0.564,0.832,0.54,0.882
"A",301485,123.361884841374,12.0525789841223,0.546,0.564,0.864,0.69
"A",301486,74.5881995385972,5.51260649770928,0.35,0.34,0.202,0.318
"A",301487,199.370898509367,6.37840763834155,0.056,0.554,0.23,0.766
"A",301488,138.713937978502,14.873840893032,0.226,0.37,0.288,0.524
"A",301489,168.495704334789,5.39062769738316,0.97,0.412,0.898,0.41
"A",301490,97.3597715462038,5.97390530368197,0.208,0.724,0.088,0.294
"A",301491,117.493857278094,15.1749152008829,0.81,1,0.736,0.954
"A",301492,100.695165201672,5.12955068962051,0.646,0.676,0.574,0.798
"A",301493,115.139926400627,5.86538676100594,0.388,0.994,0.14,0.982
"A",301494,94.473004066912,10.1300305625798,0.146,0.238,0.04,0.256
"A",301495,175.965346964552,11.8497715700269,0.082,0.866,0.132,0.736
"A",301496,74.163448563029,6.01562596471579,0.056,0.942,0.054,0.932
"A",301497,97.2329386872162,7.1862162234007,0.116,0.172,0.076,0.082
"A",301498,83.6508006724831,8.17276651930688,0.594,0.604,0.438,0.632
"A",301499,138.27249982593,12.3092265247239,0.538,0.228,0.71,0.278
"A",301500,70.6685240063082,6.90438516218025,0.506,0.23,0.568,0.556
"A",301501,145.662034532879,11.815096708517,0.636,0.156,0.598,0.238
"A",301502,105.71847500754,10.3288002752856,0.048,0.578,0.134,0.508
"A",301503,58.598485551189,6.28332353159855,0.242,0.21,0.3,0.246
"A",301504,133.456518183687,10.8250696468633,0.262,0.512,0.388,0.872
"A",301505,84.8429165583429,9.98441582853032,0.05,0.21,0.024,0.124
"A",301506,131.872402420669,17.0319757171124,0.594,0.856,0.548,0.78
"A",301507,137.177937629515,12.2117869468033,0.296,0.052,0.47,0.148
"A",301508,91.6375968809352,7.43300800896035,0.306,0.496,0.372,0.288
"A",301509,154.907328721366,6.55140716185549,0.5,0.09,0.698,0.244
"A",301510,95.2553226841807,8.47977252223927,0.598,0.166,0.308,0.128
"A",301511,71.964480351736,5.83726087350518,0.33,0.456,0.608,0.644
"A",301512,178.28357437339,12.0058844963273,0.946,0.666,0.934,0.904
"A",301513,63.1247338714106,6.76865830284384,0.542,0.94,0.344,0.76
"A",301514,157.000404074465,15.3390958080754,0.952,0.592,0.878,0.296
"A",301515,181.460099106932,19.4573716375108,0.3,0.534,0.446,0.646
"A",301516,84.6900784621065,9.08103951643992,0.44,0.104,0.67,0.086
"A",301517,113.920262666341,9.24042373003284,0.16,0.266,0.21,0.448
"A",301518,174.140449203927,6.11440505837338,0.312,0.15,0.376,0.3
"A",301519,136.606506283552,13.346591687089,0.832,0.666,0.696,0.778
"A",301520,185.571291984339,18.1305000057581,0.696,0.682,0.7,0.764
"A",301521,131.765977496287,10.6879446796379,0.796,0.848,0.652,0.682
"A",301522,117.972025297269,9.56907468893159,0.254,0.048,0.162,0.048
"A",301523,115.579000487075,5.88775380095688,0.634,0.466,0.852,0.36
"A",301524,154.257189911226,15.0710810528266,0.486,0.456,0.382,0.772
"A",301525,148.090998867477,13.1832841210452,0.826,0.954,0.922,0.988
"A",301526,99.7107649006243,11.7340819921491,0.098,0.54,0.49,0.36
"A",301527,100.139073319665,12.9334586600914,0.836,0.748,0.768,0.508
"A",301528,118.910432059326,11.6176676148714,0.794,0.926,0.892,0.934
"A",301529,178.141435154656,19.1015221798215,0.228,0.048,0.206,0.096
"A",301530,72.4526874495031,7.7688641898661,0.458,0.7,0.74,0.732
"A",301531,176.980193470079,14.3554091362705,0.576,0.302,0.468,0.588
"A",301532,98.8828457753737,8.02069248446274,0.394,0.046,0.254,0.074
"A",301533,214.527163110281,15.8551063118893,0.044,0.954,0.072,0.97
"A",301534,140.440893365118,13.7212151229719,0.412,0.216,0.528,0.174
"A",301535,195.050698106147,17.3637073880678,0.728,0.78,0.5,0.902
"A",301536,113.570915859782,13.3651611232781,0.666,0.328,0.496,0.608
"A",301537,61.9116264875065,7.99619404504656,0.884,0.69,0.786,0.284
"A",301538,118.776032695814,12.7359646620148,0.548,0.146,0.566,0.186
"A",301539,141.110577615372,10.4290905514548,0.192,0.074,0.22,0.09
"A",301540,119.743442186987,10.6597418617971,0.702,0.956,0.658,0.814
"A",301541,136.931754593891,5.27670431714513,1,0.794,0.982,0.72
"A",301542,96.301407899276,6.4850818934724,0.102,0.69,0.448,0.39
"A",301543,103.498186839502,6.96972382981251,0.554,0.772,0.846,0.822
"A",301544,204.694405859369,18.222204800222,0.306,0.674,0.326,0.688
"A",301545,59.6331737003158,7.70192055164173,0.388,0.658,0.54,0.668
"A",301546,225.841521847871,13.8574263654505,0.796,0.808,0.776,0.808
"A",301547,138.746148556163,5.34662250728383,0.832,0.708,0.744,0.826
"A",301548,100.472353268547,10.7733211128105,0.486,0.426,0.878,0.47
"A",301549,127.817803712965,12.4879266947685,0.4,0.25,0.158,0.094
"A",301550,337.255561129868,20.693688505358,0.71,0.302,0.148,0.42
"A",301551,156.733857616396,6.62865550499721,0.684,0.338,0.564,0.186
"A",301552,61.2994926461416,5.45697330837225,0.278,0.246,0.288,0.35
"A",301553,82.1973558974806,6.66728095778391,0.494,0.234,0.56,0.226
"A",301554,91.8826613088624,5.1369851844191,0.75,0.774,0.87,0.458
"A",301555,98.9010677832667,7.30950300805015,0.206,0.062,0.292,0.05
"A",301556,92.8725756075304,6.86395390852864,0.24,0.4,0.094,0.134
"A",301557,105.514600521299,5.89912102998191,0.108,0.88,0.258,0.946
"A",301558,85.4875606631493,7.61023161202334,0.502,0.272,0.258,0.408
"A",301559,113.141415421009,13.3146169982857,0.21,0.382,0.206,0.546
"A",301560,108.066470155619,10.5582017392219,0.41,0.634,0.576,0.18
"A",301561,106.619965767956,11.4325094504842,0.212,0.62,0.102,0.452
"A",301562,121.050674264894,9.81879339841356,0.124,0.7,0.104,0.652
"A",301563,103.681771889022,8.40994817700891,0.74,0.282,0.802,0.422
"A",301564,182.291146516017,11.1852157178646,0.266,0.168,0.232,0.26
"A",301565,95.3378778095776,5.84984377883564,0.916,0.538,0.858,0.37
"A",301566,99.5706410631898,7.35898930798003,0.02,0.346,0.008,0.264
"A",301567,130.728626386045,12.7723169683217,0.43,0.812,0.418,0.954
"A",301568,135.400844321266,14.5185887198216,0.562,0.866,0.38,0.73
"A",301569,132.667747770634,8.93404600911937,0.488,0.35,0.344,0.574
"A",301570,128.887837278084,16.6465043061003,0.01,0.042,0.03,0.078
"A",301571,225.988152103839,16.7021561506962,0.622,0.578,0.742,0.566
"A",301572,92.5354435737912,6.839037417029,0.244,0.828,0.402,0.868
"A",301573,145.347461610545,11.7895807289333,0.022,0.488,0.432,0.542
"A",301574,181.681698343901,11.147820543144,0.738,0.298,0.582,0.568
"A",301575,247.980718188807,22.0756176231171,0.046,0.368,0.066,0.318
"A",301576,61.2989124399608,6.57288145542508,0.852,0.818,0.986,0.958
"A",301577,127.152848806529,10.3137595889715,0.206,0.834,0.384,0.88
"A",301578,287.390702119365,17.6340269944553,0.866,0.932,0.808,0.946
"A",301579,78.8665675982139,9.28111193971009,0.742,0.55,0.536,0.476
"A",301580,120.125176115966,15.514763097243,0.804,0.25,0.882,0.454
"A",301581,170.638739953936,12.6114349515063,0.352,0.498,0.226,0.512
"A",301582,120.902299407904,8.93555288137924,0.472,0.896,0.414,0.528
"A",301583,96.5105888101799,11.3574814448359,0.562,0.318,0.676,0.26
"A",301584,85.2769916621954,6.30258541230582,0.364,0.578,0.498,0.668
"A",301585,119.925376641168,5.56644289084452,0.308,0.142,0.256,0.182
"A",301586,101.801181105288,5.69151079915215,0.096,0.63,0.12,0.344
"A",301587,76.3645722091749,9.86286376557648,0.394,0.842,0.072,0.742
"A",301588,124.980293168872,13.4012271762222,0.474,0.47,0.774,0.388
"A",301589,116.240968155678,6.49881188389842,0.89,0.832,0.886,0.702
"A",301590,118.609104733116,11.5882276350601,0.696,0.328,0.198,0.366
"A",301591,135.27702715281,12.042565028559,0.31,0.216,0.432,0.368
"A",301592,122.264773015285,5.67502805171949,0.98,0.958,0.872,0.818
"A",301593,117.3540827781,8.6733140531231,0.874,0.93,0.924,0.86
"A",301594,130.425275229813,6.6440435264108,0.642,0.496,0.92,0.772
"A",301595,77.0017748795464,7.52315007870302,0.348,0.46,0.754,0.708
"A",301596,106.911854795202,10.4453946688241,0.874,0.764,0.75,0.9
"A",301597,101.89371992026,10.9257295999196,0.89,0.312,0.792,0.376
"A",301598,122.764720191226,11.9942354031881,0.81,0.196,0.542,0.088
"A",301599,92.1817339513942,10.8480566310184,0.772,0.928,0.884,0.786
"A",301600,113.363279801808,16.0689520143706,0.972,0.858,0.966,0.936
"A",301601,91.668861340084,6.17311922888596,0.432,0.228,0.248,0.066
"A",301602,126.481634993249,16.3357313306066,0.86,0.546,0.804,0.462
"A",301603,156.489527381756,16.7798590799343,0.062,0.096,0.066,0.064
"A",301604,134.450163964932,11.9689564202141,0.89,0.486,0.566,0.178
"A",301605,92.7751984306705,8.25898811981398,0.534,0.654,0.392,0.624
"A",301606,109.388648057602,6.11571167411689,0.682,0.09,0.58,0.288
"A",301607,123.037153512456,10.9529530127006,0.304,0.138,0.096,0.046
"A",301608,90.5258373390766,6.69051300625284,0.318,0.202,0.116,0.394
"A",301609,123.504837711968,9.12789925324871,0.284,0.02,0.178,0.014
"A",301610,110.089301848153,11.8045149865775,0.982,0.874,0.97,0.84
"A",301611,101.56472734119,9.92297499227239,0.134,0.792,0.28,0.68
"A",301612,246.261760997419,19.9750506789568,0.228,0.488,0.358,0.264
"A",301613,104.767462971995,9.32655760014747,0.314,0.754,0.644,0.622
"A",301614,123.532954929357,6.90649302294872,0.734,0.786,0.75,0.808
"A",301615,129.313295419742,4.54043774001916,0.072,0.128,0.03,0.1
"A",301616,108.6576936896,5.53517288026463,0.736,0.504,0.49,0.366
"A",301617,131.964291224423,9.75311394790955,0.566,0.668,0.47,0.588
"A",301618,151.184204894748,13.4586459878319,0.65,0.524,0.752,0.712
"A",301619,111.847336384292,6.25317227144168,0.956,0.434,0.94,0.554
"A",301620,84.4568344560255,13.1387482555124,0.228,0.136,0.186,0.106
"A",301621,172.35475022695,15.3432798700142,0.472,0.166,0.466,0.208
"A",301622,72.6241624836993,6.46511250108008,0.99,0.712,0.866,0.73
"A",301623,175.222699552803,15.5985890454309,0.872,0.476,0.988,0.554
"A",301624,131.713785477678,6.11361235906057,0.712,0.602,0.224,0.76
"A",301625,103.308225191886,5.77576677340061,0.088,0.624,0.096,0.414
"A",301626,117.902507902223,13.8749080521398,0.404,0.452,0.42,0.476
"A",301627,108.590736687793,8.02563950275269,0.704,0.822,0.212,0.66
"A",301628,164.573049418809,12.1631366246412,0.476,0.194,0.182,0.118
"A",301629,87.6087057301598,9.39399435171984,0.378,0.33,0.34,0.448
"A",301630,176.940471472648,11.9154379235027,0.35,0.742,0.652,0.776
"A",301631,292.801775110532,23.7500547102101,0.15,0.672,0.136,0.634
"A",301632,96.447325844385,8.58588644175047,0.012,0.312,0.022,0.488
"A",301633,108.146598595385,12.7268209842239,0.144,0.92,0.068,0.714
"A",301634,147.480759886323,15.8138784703279,0.462,0.15,0.416,0.122
"A",301635,116.69982900954,5.94485035280069,0.682,0.416,0.818,0.514
"A",301636,108.608922447913,5.53268840590155,0.792,0.29,0.932,0.31
"A",301637,182.945710697775,21.5292698995857,0.4,0.37,0.558,0.336
"A",301638,169.399020820197,12.5198107563352,0.604,0.352,0.282,0.288
"A",301639,135.742966610967,13.2622230012251,0.14,0.026,0.148,0.02
"A",301640,126.386804844281,10.2516234014196,0.654,0.36,0.766,0.392
"A",301641,115.011475833549,19.6365147753921,0.046,0.062,0.016,0.052
"A",301642,144.773414237708,11.7430179766892,0.868,0.278,0.83,0.51
"A",301643,111.483185148695,7.50744564597241,0.654,0.106,0.906,0.28
"A",301644,92.2506338327854,9.01297878217961,0.398,0.102,0.3,0.054
"A",301645,100.443263765215,6.16310552702343,0.052,0.95,0.096,0.818
"A",301646,65.2833985482308,7.00012484047042,0.026,0.986,0.118,0.908
"A",301647,164.048992254651,19.305481487019,0.584,0.962,0.894,0.728
"A",301648,147.162987488079,10.8764073414763,0.612,0.906,0.816,0.68
"A",301649,98.6715697004667,6.05439602204189,0.85,0.394,0.908,0.52
"A",301650,152.325885824412,13.560280146467,0.502,0.248,0.554,0.17
"A",301651,147.060442399809,6.21954328123959,0.37,0.16,0.42,0.542
"A",301652,174.8302001457,10.7274189668628,0.076,0.262,0.392,0.478
"A",301653,154.425001682729,13.7471466067841,0.034,0.012,0.034,0.004
"A",301654,69.3017803199389,7.43100274640306,0.082,0.396,0.062,0.234
"A",301655,46.3971761756477,9.54163638778404,0.17,0.146,0.626,0.276
"A",301656,117.715628328849,7.22292180057387,0.544,0.502,0.25,0.354
"A",301657,128.53232032963,12.5577356796822,0.346,0.234,0.16,0.084
"A",301658,70.6621977133427,9.12637377858833,0.3,0.682,0.036,0.358
"A",301659,164.894834574168,16.110389528617,0.75,0.396,0.446,0.132
"A",301660,110.076089634672,12.9538857959388,0.446,0.13,0.496,0.112
"A",301661,113.506717812705,14.6599563367938,0.18,0.516,0.42,0.524
"A",301662,166.332607491945,21.4826823487273,0.004,0.006,0.034,0.054
"A",301663,82.9379663855952,9.76023901532206,0.492,0.614,0.716,0.778
"A",301664,129.318362531817,13.8663841346915,0.548,0.992,0.166,0.99
"A",301665,135.156592466479,13.2049336634384,0.438,0.52,0.43,0.59
"A",301666,118.092609690815,9.57885566086327,0.924,0.83,0.67,0.614
"A",301667,74.2785287083037,10.5287895304237,0.144,0.046,0.222,0.032
"A",301668,81.6654739368443,11.5758699308649,0.684,0.598,0.7,0.19
"A",301669,182.544374630178,12.2928132048453,0.378,0.538,0.5,0.46
"A",301670,217.197747553761,14.6264235455116,0.158,0.888,0.552,0.646
"A",301671,131.408882364187,8.84927211607088,0.47,0.15,0.324,0.158
"A",301672,85.6390381913806,6.32934326490992,0.946,0.898,0.852,0.922
"A",301673,97.9171984988133,7.23678796406297,0.194,0.308,0.292,0.516
"A",301674,135.012210902624,9.97837721913052,0.256,0.334,0.09,0.238
"A",301675,37.1499327217905,6.96121911921822,0.198,0.092,0.11,0.05
"A",301676,138.689551548035,11.2495371169006,0.098,0.714,0.14,0.864
"A",301677,103.356891284165,9.20098638058661,0.134,0.066,0.066,0.062
"A",301678,174.982074368243,14.1933355355616,0.956,0.71,0.988,0.628
"A",301679,113.578649831118,12.1786663334096,0.714,0.888,0.524,0.942
"A",301680,106.559958894973,10.4110140889785,0.494,0.578,0.146,0.47
"A",301681,90.6162283398656,5.06618132103374,0.71,0.638,0.648,0.608
"A",301682,183.183557147403,16.3072765978102,0.608,0.638,0.536,0.796
"A",301683,79.4833667901455,8.52274089040969,0.116,0.166,0.18,0.05
"A",301684,71.7557579298465,7.69413472186817,0.408,0.062,0.206,0.044
"A",301685,117.772148060293,5.46649887347248,0.34,0.708,0.552,0.668
"A",301686,134.572083515272,10.9155565902842,0.734,0.916,0.696,0.776
"A",301687,175.296068452676,14.2188045638185,0.894,0.782,0.89,0.596
"A",301688,245.390377914756,15.0569260467276,0.61,0.886,0.464,0.898
"A",301689,68.6352229736913,8.86457992398929,0.39,0.036,0.61,0.168
"A",301690,125.621931839673,11.1830538786425,0.826,0.322,0.606,0.396
"A",301691,69.3723995874756,6.17563566262919,0.038,0.672,0.106,0.518
"A",301692,166.769199005007,19.6255986687103,0.466,0.802,0.296,0.898
"A",301693,79.6120795268041,7.77817944189854,0.258,0.768,0.828,0.92
"A",301694,86.5943986817081,11.1840966609525,0.004,0.268,0.002,0.3
"A",301695,174.9599321005,12.9308022515934,0.492,0.486,0.41,0.14
"A",301696,205.118828942266,21.9942196891935,0.052,0.028,0.19,0.044
"A",301697,101.88589603625,9.0700361645555,0.324,0.702,0.188,0.66
"A",301698,215.06301438174,17.4444241527595,0.548,0.33,0.866,0.236
"A",301699,82.8395953941787,14.1436402511652,0.168,0.674,0.104,0.628
"A",301700,169.333040332206,15.0742826968003,0.726,0.608,0.362,0.752
"A",301701,140.045129851975,6.5003191092278,0.758,0.792,0.614,0.636
"A",301702,288.550626384043,16.1323178015819,0.066,0.902,0.384,0.896
"A",301703,129.172797583506,9.54680241232581,0.74,0.35,0.626,0.372
"A",301704,108.483133898731,6.6564245033188,0.664,0.274,0.596,0.33
"A",301705,179.195892816325,9.12848609694604,0.834,0.658,0.766,0.51
"A",301706,120.742573636433,12.9468304011515,0.572,0.318,0.8,0.468
"A",301707,120.157115171607,9.7463140654438,0.734,0.314,0.612,0.188
"A",301708,144.702940614028,11.7373016437967,0.852,0.988,0.754,0.822
"A",301709,88.3471005973353,7.16610571053767,0.822,0.828,0.772,0.922
"A",301710,99.7007107851096,11.7328988118182,0.926,0.44,0.83,0.414
"A",301711,140.167908815321,9.43911815344248,0.688,0.506,0.228,0.452
"A",301712,165.527778794372,12.2336980189615,0.088,0.316,0.016,0.068
"A",301713,116.506252476767,7.14871561970307,0.716,0.676,0.624,0.702
"A",301714,231.629210070821,18.7881593599904,0.268,0.146,0.586,0.368
"A",301715,122.043773807588,14.3622571737043,0.126,0.978,0.61,0.954
"A",301716,117.077335078483,13.7778007279596,0.72,0.436,0.464,0.272
"A",301717,104.517515112789,5.32426646950205,0.428,0.81,0.426,0.81
"A",301718,155.729580799598,16.6983724988817,0.486,0.978,0.68,0.89
"A",301719,202.435757373724,14.9614641239546,0.006,0.18,0.078,0.462
"A",301720,121.475868506445,17.218890502698,0.632,0.968,0.862,0.96
"A",301721,92.5069098447179,9.91921272359551,0.168,0.38,0.322,0.136
"A",301722,114.192637704719,9.26251690914945,0.53,0.612,0.604,0.868
"A",301723,99.0172635785347,4.5959742496102,0.35,0.23,0.312,0.394
"A",301724,58.7953134296397,6.9191027591162,0.882,0.506,0.88,0.596
"A",301725,63.4479982153214,7.46663626578647,0.622,0.634,0.288,0.342
"A",301726,75.1192041038152,6.68722486998412,0.118,0.24,0.228,0.104
"A",301727,116.872302589854,5.953636395021,0.78,0.39,0.548,0.36
"A",301728,129.410503960473,11.5203182840658,0.544,0.154,0.806,0.216
"A",301729,116.205962712529,4.91463239763536,0.44,0.602,0.072,0.458
"A",301730,117.196082126247,5.97013017146859,0.316,0.424,0.52,0.312
"A",301731,150.053065166434,14.6603338790876,0.996,0.744,0.976,0.578
"A",301732,99.0051586693711,10.6159986451098,0.962,0.86,0.956,0.71
"A",301733,67.5046810433351,4.98908333553107,0.696,0.12,0.31,0.12
"A",301734,188.802829561539,15.3143795997695,0.752,0.324,0.6,0.26
"A",301735,120.437338917892,9.7690438774569,0.756,0.602,0.58,0.458
"A",301736,386.466335471886,23.7132159875128,0.762,0.6,0.722,0.74
"A",301737,69.3300383819977,9.82735381212054,0.598,0.97,0.506,0.954
"A",301738,127.524635961043,12.4592839134898,0.524,0.322,0.658,0.184
"A",301739,126.987837860142,9.38531811262748,0.9,0.738,0.96,0.588
"A",301740,147.350799125537,10.8902879775474,0.012,0.042,0.196,0.036
"A",301741,283.822249153074,30.4333294644089,0.364,0.482,0.302,0.456
"A",301742,123.270720954439,9.11059633446579,0.162,0.034,0.06,0.056
"A",301743,120.273794013932,15.5339578368763,0.816,0.406,0.904,0.376
"A",301744,117.154833463854,9.50278973985635,0.474,0.256,0.34,0.228
"A",301745,76.6642219960005,6.21847140794609,0.836,0.78,0.77,0.952
"A",301746,93.6610009466404,6.30727291130419,0.598,0.266,0.942,0.556
"A",301747,167.893218069833,19.7578745757356,0.854,1,0.806,0.866
"A",301748,73.7773690409194,8.68220897065617,0.266,0.334,0.496,0.434
"A",301749,119.165276571451,11.6425661774624,0.118,0.77,0.45,0.672
"A",301750,228.888288577343,14.0443731468081,0.784,0.654,0.478,0.658
"A",301751,72.2503713345438,8.50251005543582,0.46,0.24,0.264,0.082
"A",301752,117.255851988825,6.55555211258271,0.992,0.864,0.71,0.596
"A",301753,144.279884165106,18.6344636061829,0.91,0.89,0.912,0.87
"A",301754,93.0352091757163,5.2014219479175,0.22,0.32,0.472,0.198
"A",301755,60.6163129098061,6.49968854523063,0.452,0.78,0.282,0.842
"A",301756,96.7646878342961,9.45400635290586,0.376,0.726,0.596,0.74
"A",301757,134.607348952313,10.9184170786087,0.448,0.642,0.424,0.648
"A",301758,249.180469931682,20.211796159225,0.352,0.578,0.58,0.706
"A",301759,177.441805370937,15.7961371929811,0.494,0.082,0.35,0.062
"A",301760,178.28382696297,17.4185074168234,0.03,0.37,0.088,0.476
"A",301761,164.176728273963,16.0402298280472,0.928,0.474,0.696,0.636
"A",301762,165.207201628123,12.2100050517011,0.35,0.136,0.27,0.188
"A",301763,123.567942762844,13.2497854715846,0.722,0.192,0.906,0.51
"A",301764,128.662695942877,9.50910221797848,0.022,0.448,0.056,0.396
"A",301765,118.132177244674,6.0178161487512,0.79,0.484,0.358,0.554
"A",301766,151.142740182778,14.7667962132064,0.218,0.122,0.056,0.09
"A",301767,165.63194345534,13.434917590024,0.04,0.04,0.17,0.038
"A",301768,97.7883563133664,6.58521523988028,0.922,0.516,0.984,0.668
"A",301769,136.890069651743,12.1861605051604,0.882,0.586,0.966,0.572
"A",301770,107.443830912769,12.6441184433552,0.066,0.778,0.086,0.768
"A",301771,92.2778473145814,11.9181422787442,0.536,0.726,0.496,0.482
"A",301772,139.902373025259,16.4638784750145,0.714,0.468,0.738,0.76
"A",301773,79.5599109097754,7.08254328885454,0.256,0.142,0.378,0.108
"A",301774,107.838410433185,6.02904083115784,0.092,0.838,0.598,0.772
"A",301775,142.315017766686,11.5436098594941,0.812,0.82,0.582,0.446
"A",301776,101.688344119674,5.1801445944376,0.262,0.346,0.344,0.342
"A",301777,46.4362273707792,6.58221525218741,0.908,0.324,0.834,0.502
"A",301778,76.3658901073186,6.79820673869731,0.748,0.604,0.56,0.482
"A",301779,79.7194178188882,6.4662877605505,0.794,0.862,0.382,0.906
"A",301780,111.176056988629,13.0833312688813,0.766,0.692,0.708,0.592
"A",301781,97.6856611327291,11.4957653602511,0.692,0.652,0.714,0.532
"A",301782,204.841390106376,11.4522932960669,0.84,0.464,0.346,0.286
"A",301783,156.716340198236,13.9511250180207,0.466,0.49,0.326,0.42
"A",301784,154.925393576721,5.4397276134661,0.834,0.538,0.694,0.376
"A",301785,127.309674915592,5.90919165499086,0.186,0.17,0.22,0.284
"A",301786,109.994806554528,6.74917933575602,0.65,1,0.17,0.804
"A",301787,144.735524354076,12.8845747179796,0.768,0.528,0.668,0.496
"A",301788,114.642407346965,9.29899911150733,0.992,0.87,0.998,0.838
"A",301789,286.975210827093,19.3253430474945,0.008,0.806,0.08,0.626
"A",301790,91.1542650394523,6.1384655387222,0.994,0.912,0.954,0.82
"A",301791,121.882486167481,13.0690594854516,0.896,0.916,0.784,0.862
"A",301792,83.7982106471948,8.18716862061673,0.442,0.106,0.368,0.138
"A",301793,120.33847155906,9.76102444116615,0.51,0.372,0.338,0.612
"A",301794,66.2293852425969,7.10155989295309,0.06,0.144,0.01,0.156
"A",301795,153.324269294583,12.4366041933137,0.874,0.406,0.822,0.338
"A",301796,122.58027334243,6.24440830300257,0.584,0.772,0.238,0.488
"A",301797,263.603079547038,14.7375478127316,0.796,0.362,0.778,0.58
"A",301798,93.3185872775224,6.28421425895305,0.574,0.212,0.274,0.046
"A",301799,98.420973772741,6.6278166526818,0.706,0.156,0.398,0.072
"A",301800,192.066820812552,27.2249756057285,0.822,0.168,0.38,0.084
"A",301801,118.021954885571,4.9914351172132,0.542,0.724,0.22,0.838
"A",301802,142.742131371866,16.7980646314458,0.112,0.456,0.3,0.5
"A",301803,148.970029071039,10.031866192539,0.86,0.898,0.426,0.894
"A",301804,209.225471871288,12.8378809463834,0.694,0.62,0.452,0.598
"A",301805,221.29226310336,23.7284440210218,0.78,0.344,0.652,0.402
"A",301806,92.45089426883,7.49897706755256,0.512,0.402,0.552,0.554
"A",301807,73.049482074259,5.92526870836501,0.252,0.946,0.1,0.958
"A",301808,153.852623439776,13.6961926321384,0.838,0.414,0.682,0.532
"A",301809,113.389341361998,10.0940902209128,0.156,0.81,0.078,0.576
"A",301810,62.0258644585291,7.29927786549103,0.074,0.344,0.104,0.176
"A",301811,149.257519694498,5.24071769420774,0.902,0.954,0.552,0.994
"A",301812,77.1322034550571,6.25643082691397,0.362,0.188,0.58,0.266
"A",301813,120.54522373704,9.77779474775536,0.892,0.782,0.926,0.798
"A",301814,69.3361173286205,6.17240576121252,0.736,0.414,0.644,0.696
"A",301815,104.066423946451,9.26415004854492,0.58,0.324,0.592,0.206
"A",301816,158.834184367817,11.7389930608432,0.416,0.068,0.252,0.076
"A",301817,112.26103162642,12.0373824522075,0.106,0.024,0.1,0.06
"A",301818,165.821293776906,11.1666557455684,0.442,0.226,0.364,0.108
"A",301819,104.557444119458,16.2657521486984,0.61,0.352,0.718,0.32
"A",301820,130.542762195308,6.05925827314712,0.484,0.25,0.75,0.418
"A",301821,172.526126677208,16.85597436579,0.86,0.582,0.66,0.35
"A",301822,92.470878975683,11.9430732764675,0.5,0.096,0.684,0.078
"A",301823,76.7768858886879,5.6743662220302,0.45,0.738,0.29,0.612
"A",301824,133.721100559653,9.88295484253543,0.276,0.794,0.498,0.396
"A",301825,197.142652004899,21.1389603805041,0.838,0.956,0.848,0.518
"A",301826,126.62187443109,11.2720702765883,0.664,0.23,0.834,0.314
"A",301827,68.3336459066288,8.04158512563817,0.39,0.05,0.444,0.068
"A",301828,107.329697727042,11.5086116820983,0.748,0.756,0.864,0.816
"A",301829,70.6342404149576,6.90103562116809,0.816,0.462,0.68,0.428
"A",301830,114.423833559752,5.82890800337753,0.656,0.188,0.762,0.32
"A",301831,157.818255228615,15.4190006801947,0.374,0.196,0.17,0.228
"A",301832,114.717577034302,5.3247182458153,0.91,0.55,0.904,0.858
"A",301833,120.251691311673,12.8941946984811,0.526,0.8,0.374,0.858
"A",301834,117.746327947637,7.92921511796323,0.316,0.122,0.314,0.092
"A",301835,145.77488281597,17.1549624462645,0.334,0.046,0.3,0.038
"A",301836,144.998768351042,7.38643737958595,0.22,0.278,0.028,0.098
"A",301837,117.275458405612,20.0230564392161,0.648,0.29,0.516,0.382
"A",301838,93.5464765272489,5.23000593506684,0.644,0.512,0.526,0.524
"A",301839,78.8980849722715,8.45998303951521,0.192,0.5,0.136,0.696
"A",301840,196.048219777592,15.9020755383037,0.036,0.008,0.016,0.006
"A",301841,123.300575940444,13.2211166035933,0.786,0.458,0.84,0.354
"A",301842,126.188527074047,8.497725525963,0.698,0.924,0.732,0.992
"A",301843,77.7182113096381,9.14597199910511,0.022,0.12,0.084,0.512
"A",301844,70.443668059636,8.28989505459432,0.206,0.21,0.336,0.218
"A",301845,169.22238567476,12.5067561437225,0.36,0.196,0.532,0.41
"A",301846,96.3467302465715,5.91174602889515,0.788,0.606,0.378,0.708
"A",301847,108.757805577317,10.6257458983052,0.158,0.954,0.192,0.92
"A",301848,166.770858427105,21.5392846335773,0.598,0.804,0.272,0.922
"A",301849,130.685154766639,11.6337896216982,0.896,0.92,0.722,0.64
"A",301850,73.473685493192,6.54073832092838,0.856,0.634,0.936,0.788
"A",301851,91.1195015627066,5.59100812388395,0.346,0.168,0.454,0.454
"A",301852,109.446565944774,10.6930384720251,0.368,0.188,0.17,0.13
"A",301853,71.2497104629382,6.96116765769774,0.63,0.286,0.376,0.214
"A",301854,136.06169285138,12.1124171527488,0.94,0.68,0.916,0.558
"A",301855,70.2089348459983,5.69486316504936,0.536,0.494,0.614,0.474
"A",301856,127.593881949323,6.49980844496041,0.204,0.25,0.442,0.39
"A",301857,75.036423504388,5.54573348510852,0.534,0.086,0.708,0.156
"A",301858,100.035872318321,6.73656635371099,0.566,0.368,0.874,0.472
"A",301859,189.204886076398,18.4855057666306,0.646,0.228,0.936,0.472
"A",301860,82.1418901175535,6.07087877167256,0.172,0.488,0.698,0.49
"A",301861,113.30249676881,11.0697667529991,0.1,0.108,0.224,0.242
"A",301862,100.451194737778,10.7710523529096,0.522,0.712,0.668,0.662
"A",301863,151.874177235732,16.2849702119662,0.888,0.942,0.44,0.932
"A",301864,93.8036617239142,7.60870420652334,0.452,0.53,0.75,0.612
"A",301865,71.6429920046139,6.37776722489256,0.35,0.7,0.434,0.688
"A",301866,197.99988634228,13.3336106484645,0.246,0.48,0.134,0.824
"A",301867,98.7185909435893,10.5852709271856,0.662,0.924,0.494,0.806
"A",301868,107.51698529499,8.72103416063275,0.208,0.446,0.062,0.212
"A",301869,91.6042648413883,8.94982788811117,0.134,0.496,0.216,0.554
"A",301870,127.067599495705,14.9534669853769,0.138,0.274,0.086,0.35
"A",301871,128.789583993661,10.4465202261837,0.492,0.076,0.494,0.2
"A",301872,157.737536368629,16.9136789928742,0.856,0.988,0.576,0.972
"A",301873,151.460365588371,14.7978285316019,0.902,0.524,0.924,0.662
"A",301874,121.994985220662,17.2924739556926,0.704,0.522,0.524,0.642
"A",301875,331.514524063752,20.3414237944488,0.146,0.29,0.214,0.3
"A",301876,99.9808534857407,8.10975527509508,0.752,0.196,0.8,0.394
"A",301877,67.418939666221,9.55646050687895,0.978,0.486,0.952,0.428
"A",301878,104.322859896704,10.1924472893012,0.932,0.726,0.988,0.93
"A",301879,130.032436248109,4.56568815334215,0.858,0.352,0.692,0.554
"A",301880,122.351901725868,11.953902628067,0.304,0.51,0.334,0.316
"A",301881,78.4977836355018,6.36719724554137,0.778,0.128,0.386,0.076
"A",301882,155.474859158863,5.45902040356861,0.334,0.036,0.392,0.048
"A",301883,93.8272713412041,11.0417054378691,0.888,0.74,0.824,0.68
"A",301884,169.651310566596,13.7609408484442,0.344,0.616,0.442,0.614
"A",301885,60.9417776011764,7.17170122836998,0.886,0.558,0.748,0.698
"A",301886,118.772046088684,6.05041195077889,0.982,0.65,0.928,0.892
"A",301887,122.419837444453,6.23623547693429,0.722,0.544,0.848,0.728
"A",301888,113.017757592758,11.0419474519754,0.848,0.572,0.73,0.41
"A",301889,187.338130039814,11.4948939469892,0.718,0.334,0.834,0.298
"A",301890,54.951691688176,7.09728389918649,0.866,0.88,0.932,0.924
"A",301891,111.430957412216,5.17216687643324,0.762,0.86,0.84,0.97
"A",301892,102.531392096572,5.2230906219119,0.83,0.304,0.632,0.178
"A",301893,106.540483500595,8.64182708945727,0.308,0.126,0.23,0.022
"A",301894,91.2498642859874,6.14490333601155,0.442,0.766,0.42,0.606
"A",301895,124.410522357159,16.0682368474715,0.8,0.834,0.374,0.576
"A",301896,63.9237438157721,5.69058810629243,0.694,0.468,0.89,0.522
"A",301897,123.117020815014,5.20691782997964,0.056,0.212,0.26,0.262
"A",301898,139.302854608844,12.400950261835,0.02,0.538,0.278,0.536
"A",301899,120.055753793181,9.73809233153451,0.506,0.282,0.22,0.07
"A",301900,68.5621289923999,6.69858827192086,0.14,0.962,0.296,0.898
"A",301901,100.554648280423,10.7821453371874,0.732,0.144,0.85,0.232
"A",301902,128.392692655736,12.5440939169113,0.074,0.336,0.02,0.36
"A",301903,131.187026841609,10.6409842070864,0.088,0.338,0.07,0.284
"A",301904,122.983468820322,12.0156073620654,0.166,0.972,0.402,0.934
"A",301905,115.258583943195,5.34982956208754,0.43,0.422,0.728,0.598
"A",301906,153.120137891129,10.3113407729444,0.366,0.144,0.154,0.1
"A",301907,121.983227150814,11.9178827549838,0.806,0.726,0.636,0.406
"A",301908,157.484408926105,14.0194996548414,0.944,0.766,0.91,0.888
"A",301909,94.9328016857436,9.27502925212842,0.89,0.788,0.92,0.73
"A",301910,99.219962052925,6.68162172720716,0.942,0.842,0.964,0.868
"A",301911,162.488532551092,13.1799458401964,0.976,0.582,0.896,0.67
"A",301912,408.456904064294,27.5061032916743,0.71,0.388,0.566,0.138
"A",301913,116.170094213721,13.6710355386207,0.086,0.394,0.464,0.492
"A",301914,150.054629372275,10.1049048108586,0.5,0.906,0.1,0.632
"A",301915,75.9029970933246,6.75699930429685,0.26,0.942,0.556,0.87
"A",301916,141.580771644065,11.4840528927495,0.35,0.072,0.386,0.212
"A",301917,132.270339758027,10.7288550576763,0.852,0.594,0.384,0.362
"A",301918,116.053750335786,7.12095050792227,0.58,0.464,0.266,0.538
"A",301919,89.8779686936626,11.6081860358518,0.99,0.838,0.96,0.418
"A",301920,74.0601235764985,8.71548386236365,0.444,0.142,0.562,0.306
"A",301921,122.50641945507,13.1359618067519,0.786,0.696,0.242,0.75
"A",301922,118.9915899951,10.5928108454729,0.248,0.08,0.22,0.038
"A",301923,313.536494343393,15.9719817486694,0.22,0.538,0.2,0.456
"A",301924,119.795359203464,9.71697092354548,0.636,0.152,0.624,0.256
"A",301925,154.357679530806,11.4081470315224,0.736,0.258,0.874,0.618
"A",301926,93.075268390346,9.09354639956659,0.016,0.194,0.03,0.334
"A",301927,174.948266341112,17.0926198227503,0.742,0.678,0.884,0.694
"A",301928,251.0820023118,24.5309616357256,0.264,0.418,0.332,0.528
"A",301929,90.4591201371821,5.05739769964054,0.298,0.144,0.354,0.274
"A",301930,205.99091458789,13.8717385296273,0.968,0.992,0.968,0.764
"A",301931,200.297832518385,13.4883578059975,0.042,0.076,0.258,0.44
"A",301932,82.2705510957188,10.6256502708265,0.488,0.214,0.486,0.464
"A",301933,71.2070229510252,6.95699704527861,0.074,0.404,0.098,0.47
"A",301934,119.928172824881,7.35868147923341,0.94,0.616,0.712,0.3
"A",301935,134.410764926839,9.93392601887846,0.112,0.246,0.106,0.45
"A",301936,221.900453812794,14.9431108699863,0.834,0.5,0.28,0.294
"A",301937,197.900824752691,19.3351076341108,0.902,0.662,0.894,0.744
"A",301938,74.2591179685682,7.25518976755489,0.528,0.924,0.266,0.67
"A",301939,104.528568668078,6.41377604769931,0.488,0.054,0.63,0.104
"A",301940,120.034381217953,12.8708932494302,0.036,0.486,0.882,0.436
"A",301941,131.420862066766,12.8399490836079,0.63,0.168,0.594,0.126
"A",301942,110.626562324411,6.18492111099642,0.674,0.614,0.722,0.894
"A",301943,112.350091778251,14.5105723400591,0.396,0.318,0.554,0.352
"A",301944,106.331109488739,7.16049710902965,0.814,0.85,0.888,0.72
"A",301945,139.215670926994,14.9276400725191,0.402,0.072,0.626,0.134
"A",301946,94.7944035761755,10.1644931784751,0.3,0.044,0.374,0.106
"A",301947,56.5778415604583,5.52771145670657,0.748,0.492,0.492,0.582
"A",301948,194.624400513721,19.0149977235298,0.614,0.486,0.766,0.544
"A",301949,78.7699969017458,5.8216715168249,0.002,0.526,0.016,0.456
"A",301950,117.20915675127,11.4514513232637,0.88,0.614,0.888,0.516
"A",301951,152.623107430528,14.9114295673576,0.664,0.94,0.562,0.934
"A",301952,139.477659795139,13.6271062440645,0.4,0.03,0.304,0.006
"A",301953,84.9501968283704,6.27843291451789,0.676,0.134,0.626,0.07
"A",301954,140.637502807361,10.3941269073841,0.644,0.968,0.504,0.902
"A",301955,119.559577427225,6.68434902896988,0.84,0.276,0.754,0.198
"A",301956,166.356874940571,13.4937190178122,0.58,0.382,0.528,0.258
"A",301957,108.126075862668,6.04512365928093,0.478,0.194,0.5,0.316
"A",301958,124.072458840767,11.0451174548309,0.242,0.246,0.696,0.192
"A",301959,144.066460661249,12.8250136587318,0.614,0.092,0.43,0.078
"A",301960,123.124400141946,6.2721268731455,0.988,0.962,0.902,0.89
"A",301961,114.617985683761,6.4080740145981,0.332,0.978,0.334,0.934
"A",301962,110.741600580245,8.98259264816334,0.58,0.23,0.668,0.318
"A",301963,193.258569613845,11.8581666294302,0.424,0.074,0.482,0.108
"A",301964,84.2142111202327,8.22781228105665,0.852,0.968,0.894,0.928
"A",301965,110.360380079214,5.62191007491107,0.154,0.024,0.058,0.016
"A",301966,93.4387034682484,14.5360361905348,0.118,0.524,0.416,0.562
"A",301967,138.780892661812,12.3544844219074,0.742,0.342,0.786,0.65
"A",301968,64.2335714176625,7.55908345918924,0.048,0.074,0.05,0.076
"A",301969,98.7687853589218,7.29972638176762,0.164,0.278,0.056,0.456
"A",301970,118.81670787184,10.5772425750428,0.696,0.646,0.148,0.368
"A",301971,140.873352173335,13.7634667791469,0.856,0.248,0.702,0.41
"A",301972,100.025874062973,8.9044542025684,0.888,0.814,0.636,0.874
"A",301973,104.346559190026,5.83381805629712,0.866,0.576,0.934,0.588
"A",301974,82.6234603991089,6.10647029257839,0.886,0.958,0.696,0.978
"A",301975,91.1128046878151,5.59059720985039,0.89,0.766,0.506,0.442
"A",301976,104.203220608532,12.2627595494342,0.064,0.73,0.056,0.68
"A",301977,132.914590429257,12.9858878319732,0.456,0.752,0.358,0.68
"A",301978,127.878815307642,4.49007039289416,0.346,0.802,0.492,0.82
"A",301979,68.3745104686242,6.68025775533059,0.442,0.86,0.6,0.814
"A",301980,147.89147608011,11.9959335859573,0.54,0.522,0.278,0.672
"A",301981,114.981442364778,12.329083178722,0.026,0.036,0.11,0.174
"A",301982,100.065883805157,10.7297367245763,0.066,0.564,0.144,0.366
"A",301983,80.639669587553,8.64672744924758,0.092,0.154,0.024,0.144
"A",301984,117.865801887418,9.56045858066338,0.036,0.294,0.022,0.228
"A",301985,120.023222813725,5.57098450786405,0.818,0.212,0.654,0.394
"A",301986,69.1354155487926,9.79976652836216,0.016,0.002,0.038,0.002
"A",301987,121.238428285015,12.9999992698071,0.298,0.09,0.216,0.072
"A",301988,88.1909736826691,5.93891303432831,0.58,0.892,0.422,0.968
"A",301989,81.7643259448733,7.27878364073714,0.454,0.146,0.594,0.142
"A",301990,157.892118482578,12.8071165239917,0.42,0.91,0.454,0.956
"A",301991,325.749769215751,16.5941428267962,0.182,0.022,0.176,0.094
"A",301992,117.591134046268,5.99025466150462,0.992,0.686,0.898,0.48
"A",301993,143.580454415341,6.66441433939294,0.27,0.036,0.21,0.06
"A",301994,66.3183751117492,6.47937128360841,0.038,0.294,0.094,0.514
"A",301995,128.828038249179,9.52132220824109,0.5,0.102,0.174,0.078
"A",301996,116.367961954182,15.0295002280389,0.004,0.028,0.01,0.02
"A",301997,194.945952941849,14.40791349754,0.122,0.698,0.532,0.58
"A",301998,80.1375477189679,8.59288656713374,0.952,0.864,0.346,0.766
"A",301999,139.921962215938,12.4560641549698,0.988,0.77,0.776,0.762
"A",302000,108.504461223424,5.03633095611818,0.294,0.376,0.314,0.218
"B",310001,796.754660677486,136.034117929232,0.272,0.516,0.986,0.864
"B",310002,1302.63591559098,55.09163663937,0.524,0.414,0.894,0.62
"B",310003,316.694658378517,37.2690059252158,0.114,0.246,0.77,0.678
"B",310004,784.457966259684,63.6298041891806,0.72,0.748,0.806,0.482
"B",310005,342.209117595997,40.2715779819204,0.456,0.868,0.598,0.586
"B",310006,317.045123028448,30.9756242111952,0.892,0.512,0.304,0.192
"B",310007,802.653864037748,137.041319976743,0.538,0.95,0.77,0.85
"B",310008,231.973317957617,36.0875356775063,0.324,0.864,0.162,0.188
"B",310009,518.277766931472,66.9381476265005,0.546,0.874,0.306,0.53
"B",310010,136.911994174194,16.1119671175902,0.728,0.52,0.324,0.954
"B",310011,352.809503597954,31.4076342391275,0.388,0.358,0.77,0.894
"B",310012,209.905976745143,27.1103993949812,0.15,0.042,0.51,0.336
"B",310013,425.534491421613,60.3184147024335,0.796,0.408,0.786,0.724
"B",310014,844.687063692396,90.5730251253503,0.916,0.8,0.892,0.73
"B",310015,142.496683684245,16.7691800541969,0.37,0.342,0.44,0.456
"B",310016,203.902920211073,34.8134190649381,0.8,0.42,0.18,0.348
"B",310017,418.382888888605,59.3046935210274,0.822,0.992,0.05,0.772
"B",310018,226.893950889256,24.3290946410969,0.052,0.128,0.038,0.082
"B",310019,459.334844220015,40.8906807595204,0.628,0.664,0.62,0.452
"B",310020,454.806521166259,102.650728689035,0.496,0.174,0.136,0.048
"B",310021,196.836805289739,19.2311518731044,0.202,0.274,0.756,0.648
"B",310022,526.103400640321,118.742574981167,0.522,0.452,0.286,0.402
"B",310023,511.612934966641,60.2072216889093,0.51,0.536,0.868,0.898
"B",310024,668.125591266926,114.072599709251,0.398,0.356,0.562,0.56
"B",310025,230.164219354841,35.8060985236706,0.036,0.43,0.276,0.628
"B",310026,417.142202984557,59.1288294996978,0.578,0.58,0.082,0.426
"B",310027,409.815779822169,36.4824189451117,0.816,0.44,0.178,0.526
"B",310028,424.000992073373,79.4500446257174,0.756,0.502,0.66,0.542
"B",310029,428.180780928085,50.3888260799122,0.64,0.384,0.514,0.248
"B",310030,387.936742389644,50.103956968031,0.336,0.05,0.19,0.032
"B",310031,1000.40653543504,170.8046746822,0.918,0.894,0.312,1
"B",310032,128.043591019706,19.9194359932547,0.982,0.878,0.992,0.908
"B",310033,1729.16714422294,245.104975031795,0.746,0.63,0.592,0.756
"B",310034,777.929819613528,69.25248608375,0.25,0.186,0.396,0.518
"B",310035,211.254344708852,27.2845478141656,0.158,0.478,0.188,0.188
"B",310036,205.95973574353,38.5930941243947,0.874,0.934,0.112,0.974
"B",310037,645.215135225741,52.3353888673736,0.488,0.092,0.372,0.862
"B",310038,182.906008660463,34.2732465773828,0.012,0.352,0.03,0.41
"B",310039,601.867111777475,33.6492477704473,0.266,0.178,0.022,0.226
"B",310040,317.295551366869,37.3397197302985,0.526,0.494,0.312,0.86
"B",310041,415.993847816254,124.117889601181,0.038,0.068,0.044,0.028
"B",310042,155.673666775818,20.1060272175946,0.548,0.552,0.168,0.852
"B",310043,711.311025708477,110.656959360939,0.208,0.204,0.282,0.452
"B",310044,550.533280170595,28.0449251093858,0.968,0.764,0.368,0.318
"B",310045,43.2535689268017,10.7142392900838,0.534,0.978,0.948,0.958
"B",310046,320.456325312389,21.5800117388284,0.094,0.01,0.392,0.168
"B",310047,247.209585923055,42.2073941005861,0.798,0.888,0.538,0.994
"B",310048,940.593651253027,33.0260465353486,0.822,0.656,0.28,0.698
"B",310049,681.069932234432,140.062869848629,0.138,0.606,0.256,0.8
"B",310050,374.587959935135,53.0968754951515,0.232,0.138,0.264,0.082
"B",310051,376.244498669223,53.3316855806973,0.712,0.48,0.76,0.492
"B",310052,1522.75171409121,102.544394570385,0.988,0.88,0.724,0.604
"B",310053,338.887910866917,39.8807344043915,0.378,0.204,0.47,0.264
"B",310054,85.7392506940998,17.6323824361007,0.394,0.888,0.906,0.772
"B",310055,313.959531994635,33.6648515195549,0.032,0.568,0.442,0.942
"B",310056,960.315568884027,197.490078730884,0.198,0.296,0.686,0.296
"B",310057,536.358352531543,32.910451164542,0.826,0.31,0.944,0.906
"B",310058,591.507332173853,63.4253923868795,0.322,0.148,0.03,0.378
"B",310059,492.049398798875,76.5469511346741,0.852,0.484,0.764,0.744
"B",310060,632.754969547982,46.765160952612,0.436,0.462,0.296,0.166
"B",310061,87.9125939267751,19.8420458096901,0.334,0.602,0.686,0.414
"B",310062,835.978292767354,46.7379595156291,0.628,0.85,0.744,0.528
"B",310063,576.473164850014,24.3804502471868,0.676,0.486,0.58,0.43
"B",310064,444.780881358781,83.3438164845282,0.126,0.656,0.956,0.424
"B",310065,181.001030374507,28.1578984980455,0.326,0.254,0.34,0.38
"B",310066,460.79411470855,78.6738051686556,0.168,0.448,0.84,0.168
"B",310067,613.700695866843,138.513457252452,0.902,0.844,0.84,0.87
"B",310068,446.485800053046,32.9985244010843,0.438,0.722,0.21,0.906
"B",310069,545.292483608111,123.073588847166,0.744,0.176,0.408,0.454
"B",310070,1234.97190914276,192.121633747767,0.672,0.988,0.864,0.818
"B",310071,393.497411877869,26.498708550206,0.372,0.146,0.302,0.648
"B",310072,257.282001176358,43.9271105855012,0.726,0.418,0.568,0.724
"B",310073,734.273611851406,86.4101962784352,0.032,0.014,0.096,0.046
"B",310074,732.512954104955,165.329618230218,0.954,0.688,0.752,0.6
"B",310075,465.908802087194,49.9578736924193,0.042,0.496,0.386,0.962
"B",310076,226.700441919403,24.3083453085431,0.61,0.234,0.436,0.542
"B",310077,774.783063687286,120.531152889968,0.756,0.176,0.426,0.552
"B",310078,303.468139253075,35.7124933456228,0.758,0.422,0.502,0.928
"B",310079,392.069124234556,116.979596052274,0.434,0.228,0.588,0.258
"B",310080,416.631146262207,85.6807080329635,0.49,0.67,0.654,0.752
"B",310081,469.616387067726,55.265017736064,0.794,0.872,0.902,0.766
"B",310082,265.34049569184,54.5675995293602,0.512,0.272,0.854,0.684
"B",310083,391.549601649359,41.9845803639807,0.382,0.872,0.388,0.146
"B",310084,664.479736961152,103.371527491566,0.428,0.318,0.82,0.622
"B",310085,359.343544629768,42.287977835067,0.884,0.654,0.314,0.554
"B",310086,645.371894883532,52.3481041265194,0.016,0.016,0.15,0.044
"B",310087,492.674546777729,92.3182149551953,0.166,0.042,0.402,0.08
"B",310088,425.16329053117,60.2657979352877,0.352,0.532,0.066,0.332
"B",310089,269.777607516377,21.8824934913213,0.684,0.584,0.648,0.452
"B",310090,520.181064602012,141.415812631933,0.892,0.924,0.602,0.802
"B",310091,726.38708751861,27.9915341185508,0.778,0.716,0.45,0.958
"B",310092,660.326760758978,123.733178909113,0.808,0.862,0.612,0.698
"B",310093,216.703303921286,33.712016022126,0.47,0.596,0.468,0.314
"B",310094,710.82359174753,57.6570930519083,0.514,0.1,0.078,0.06
"B",310095,389.869246101598,87.9942576530118,0.136,0.284,0.098,0.324
"B",310096,395.169543639107,56.0142618084011,0.218,0.796,0.27,0.692
"B",310097,406.162437237361,69.3462512520356,0.796,0.838,0.536,0.546
"B",310098,285.413516206237,112.572972006605,0.598,0.374,0.364,0.37
"B",310099,612.975898455683,54.5680391819475,0.274,0.304,0.196,0.378
"B",310100,719.256277811138,101.952719032019,0.478,0.072,0.388,0.118
"B",310101,346.281540117499,33.8320512723708,0.792,0.854,0.622,0.99
"B",310102,709.15331382191,36.125248542732,0.112,0.056,0.46,0.586
"B",310103,1052.48451690092,123.857635924178,0.154,0.59,0.746,0.54
"B",310104,838.114271626572,118.800532561088,0.93,0.824,0.916,0.998
"B",310105,857.528171189322,146.410299336079,0.192,0.31,0.906,0.696
"B",310106,633.450569540757,89.7899815815292,0.486,0.216,0.63,0.294
"B",310107,746.871557376156,72.9700948380084,0.81,0.646,0.142,0.85
"B",310108,346.924314303749,17.6728033775883,0.256,0.136,0.254,0.41
"B",310109,428.936340588248,66.7286032317974,0.566,0.878,0.1,0.408
"B",310110,324.648635704804,31.7184949707202,0.196,0.238,0.664,0.876
"B",310111,759.599259525311,171.443050776795,0.446,0.544,0.164,0.566
"B",310112,137.384728287782,23.4564179564186,0.09,0.578,0.638,0.924
"B",310113,205.025145544125,26.4800158047143,0.842,0.766,0.73,0.986
"B",310114,653.277699701848,70.0488264260595,0.014,0.244,0.564,0.504
"B",310115,291.82945136713,28.5120279818856,0.222,0.234,0.684,0.478
"B",310116,404.556337935033,39.5255570451037,0.6,0.926,0.364,0.726
"B",310117,567.090357374164,106.262379198383,0.104,0.11,0.04,0.248
"B",310118,83.9256256980324,20.7890183078406,0.674,0.424,0.764,0.538
"B",310119,622.84404554847,116.709602427357,0.836,0.676,0.56,0.756
"B",310120,503.199979381826,78.2816203550612,0.066,0.004,0.366,0.166
"B",310121,256.724571297386,11.9160990344797,0.476,0.998,0.73,0.424
"B",310122,531.141299142927,47.282999699991,0.932,0.718,0.884,0.7
"B",310123,582.945909406573,51.8947242552208,0.022,0.384,0.642,0.834
"B",310124,368.013106138791,62.8328151069978,0.13,0.052,0.012,0.02
"B",310125,2313.82233055629,248.103584261104,0.936,0.978,0.398,0.928
"B",310126,378.815606743888,40.6191558297424,0.322,0.026,0.484,0.114
"B",310127,1865.25897425299,240.907460336246,0.222,0.176,0.656,0.326
"B",310128,829.65041653179,141.650583514071,0.616,0.458,0.216,0.298
"B",310129,325.51726081837,50.6399437092731,0.07,0.096,0.228,0.19
"B",310130,508.726683946627,59.8675642191013,0.05,0.002,0.002,0.002
"B",310131,238.075327165396,17.5954856612015,0.724,0.618,0.56,0.784
"B",310132,561.788552636733,54.8873009822808,0.814,0.524,0.054,0.596
"B",310133,440.798512685664,75.2598507635012,0.178,0.134,0.634,0.19
"B",310134,691.69992903476,51.1216190610542,0.482,0.796,0.882,0.75
"B",310135,114.114981485,17.7525954361282,0.77,0.98,0.71,0.734
"B",310136,812.62289862031,45.4322037614902,0.398,0.244,0.616,0.44
"B",310137,551.887010651622,71.2789483733168,0.078,0.06,0.632,0.232
"B",310138,185.780948593376,26.3339694595144,0.424,0.464,0.23,0.998
"B",310139,924.081119307387,119.349666008804,0.916,0.538,0.27,0.23
"B",310140,588.122948751969,159.886413375853,0.078,0.098,0.516,0.42
"B",310141,683.631187223116,41.946975740144,0.034,0.692,0.884,0.834
"B",310142,101.664451017246,17.3577069597949,0.844,0.756,0.198,0.474
"B",310143,278.083487135237,17.062944913292,0.498,0.3,0.374,0.472
"B",310144,496.802313279711,58.4642900264921,0.336,0.04,0.944,0.794
"B",310145,303.342244422038,99.3309092537636,0.33,0.818,0.156,0.766
"B",310146,713.354635943771,110.974878929993,0.282,0.35,0.168,0.31
"B",310147,248.803185744172,26.6783500805222,0.408,0.422,0.68,0.648
"B",310148,170.270252261285,55.755831200517,0.914,0.708,0.182,0.75
"B",310149,268.290757955425,34.6510838563919,0.37,0.354,0.946,0.576
"B",310150,504.176792883956,30.9358205054279,0.958,0.618,0.872,0.614
"B",310151,121.224319168937,18.8585781395329,0.194,0.258,0.67,0.63
"B",310152,168.338621370462,28.7413390868424,0.05,0.308,0.884,0.962
"B",310153,487.996308600024,47.6777252627489,0.156,0.694,0.71,0.28
"B",310154,396.204450859161,74.2414803034728,0.926,0.924,0.79,0.912
"B",310155,347.053591889309,25.6497662839058,0.902,0.66,0.182,0.216
"B",310156,785.878927056819,76.7811536966144,0.514,0.278,0.598,0.61
"B",310157,647.158335861427,18.865008890857,0.77,0.924,0.894,0.952
"B",310158,584.365263186583,174.353980482409,0.296,0.696,0.436,0.582
"B",310159,139.965545130977,31.5904995429926,0.022,0.064,0.094,0.086
"B",310160,192.788904314289,27.3273290764473,0.052,0.042,0.234,0.08
"B",310161,301.061581683259,81.8462476302689,0.32,0.14,0.464,0.326
"B",310162,667.509235164065,86.2121329070489,0.51,0.258,0.056,0.134
"B",310163,241.628680358493,16.2716393676761,0.038,0.002,0.014,0.01
"B",310164,380.615763886379,44.7913180226668,0.91,0.412,0.154,0.2
"B",310165,216.120931149169,17.5302350434066,0.242,0.034,0.052,0.186
"B",310166,372.815426774368,43.8733650280231,0.706,0.982,0.01,0.56
"B",310167,248.983875089479,81.5309939744305,0.13,0.638,0.356,0.446
"B",310168,395.690086256454,81.3741532677937,0.136,0.572,0.958,0.456
"B",310169,384.707979074209,28.4326973741693,0.916,0.952,0.528,0.776
"B",310170,746.785292709078,87.8825858362713,0.062,0.416,0.524,0.86
"B",310171,627.637951546146,55.8732772664201,0.876,0.658,0.57,0.396
"B",310172,612.278079206461,65.6525715088529,0.168,0.462,0.78,0.886
"B",310173,580.730636849391,51.6975173503432,0.172,0.378,0.168,0.626
"B",310174,479.568263715568,56.436166474898,0.042,0.004,0.008,0.004
"B",310175,334.11782326432,24.6937195819328,0.692,0.284,0.502,0.794
"B",310176,583.030413864542,99.5438520667559,0.218,0.322,0.26,0.57
"B",310177,331.072509960804,22.2949216071576,0.544,0.444,0.044,0.1
"B",310178,597.252770843731,25.2592702530023,0.27,0.778,0.686,0.656
"B",310179,208.178567960505,29.5087741359117,0.346,0.334,0.658,0.802
"B",310180,219.096908178629,17.7716257154383,0.106,0.146,0.922,0.856
"B",310181,393.42846328359,61.2047274673506,0.104,0.97,0.998,0.952
"B",310182,474.620926231307,97.606377659452,0.296,0.072,0.15,0.164
"B",310183,236.889021394442,30.5953936227695,0.202,0.066,0.678,0.628
"B",310184,1619.69028869933,251.971354268541,0.956,0.858,0.952,0.774
"B",310185,395.260543295602,107.455066581966,0.282,0.304,0.282,0.138
"B",310186,493.683049695587,40.0441542246368,0.996,0.926,0.132,0.83
"B",310187,189.773710159719,26.8999330954161,0.754,0.804,0.156,0.852
"B",310188,468.965938308212,87.8756545929997,0.792,0.84,0.988,0.698
"B",310189,533.9113270121,47.529591759615,0.594,0.448,0.5,0.752
"B",310190,611.924180863198,59.7856017815517,0.276,0.632,0.466,0.31
"B",310191,252.396678047926,18.6539368963752,0.896,0.952,0.502,0.962
"B",310192,609.613215768326,114.230386491264,0.274,0.154,0.18,0.512
"B",310193,428.953645225318,26.3201979169513,0.364,0.794,0.972,0.958
"B",310194,130.445224085026,18.4902734817721,0.876,0.668,0.65,0.54
"B",310195,569.376621073911,154.790058773854,0.546,0.314,0.466,0.634
"B",310196,179.773717602632,25.482459987503,0.412,0.562,0.544,0.692
"B",310197,509.429669296911,79.2507583535594,0.462,0.654,0.142,0.35
"B",310198,460.76648863513,94.7571955152734,0.552,0.996,0.212,0.528
"B",310199,586.545859204562,62.8933899030934,0.04,0.854,0.264,0.808
"B",310200,294.029423436128,37.975360334345,0.542,0.256,0.06,0.35
"B",310201,352.622717414531,31.3910062513038,0.602,0.822,0.064,0.142
"B",310202,181.024108030058,25.6596995999477,0.86,0.614,0.79,0.698
"B",310203,1176.43237952188,166.756250240276,0.478,0.17,0.172,0.058
"B",310204,376.927935766499,77.5156939264256,0.656,0.314,0.978,0.644
"B",310205,603.950406759049,28.032894640687,0.37,0.07,0.798,0.536
"B",310206,1179.21092682021,72.3552890276445,0.7,0.294,0.878,0.788
"B",310207,867.685472880487,77.2426697379722,0.834,0.844,1,0.86
"B",310208,415.608636201338,53.6779194863132,0.55,0.11,0.074,0.072
"B",310209,126.299655713042,28.506081352731,0.578,0.684,0.782,0.828
"B",310210,350.672882342783,72.1163098742031,0.2,0.888,0.052,0.876
"B",310211,175.359987472226,32.8592599798036,0.684,0.31,0.706,0.812
"B",310212,332.282673337361,32.4643480488608,0.988,0.686,0.316,0.236
"B",310213,376.641612870184,102.393346047285,0.148,0.974,0.902,0.784
"B",310214,582.760838890243,109.198741327327,0.714,0.8,0.43,0.826
"B",310215,930.725896225134,62.6764840625021,0.044,0.15,0.278,0.264
"B",310216,411.935515143618,84.7150457138793,0.094,0.05,0.318,0.104
"B",310217,206.060484972735,32.0563380678827,0.812,0.192,0.362,0.286
"B",310218,251.33193974477,20.3863085089159,0.014,0.014,0.374,0.18
"B",310219,588.799504856543,110.330277077176,0.618,0.626,0.102,0.966
"B",310220,948.16882209538,147.504361695244,0.026,0.422,0.062,0.672
"B",310221,453.135722137138,112.245178336114,0.542,0.38,0.046,0.2
"B",310222,623.965312375673,73.428983750853,0.346,0.578,0.322,0.026
"B",310223,213.12465489262,30.2098691792981,0.292,0.58,0.364,0.26
"B",310224,258.51352205293,36.6436238277237,0.736,0.516,0.512,0.474
"B",310225,81.8659134939759,16.8358258734568,0.642,0.472,0.338,0.472
"B",310226,816.003499941979,87.4973806033487,0.994,0.892,0.596,0.94
"B",310227,590.876513395758,91.9212495898594,0.84,0.7,0.81,0.448
"B",310228,390.083982404004,106.047772824197,0.818,0.868,0.642,0.842
"B",310229,654.287477470912,48.3565687600427,0.178,0.04,0.67,0.56
"B",310230,550.032352269657,37.0400072682094,0.376,0.062,0.03,0.034
"B",310231,184.228895086436,28.6600497108639,0.51,0.308,0.774,0.528
"B",310232,587.835668789765,145.61138363677,0.364,0.468,0.952,0.556
"B",310233,610.198846498915,86.4941099159952,0.7,0.478,0.562,0.86
"B",310234,742.578863150672,45.5639504748909,0.428,0.166,0.276,0.198
"B",310235,193.447410681307,20.7427317656335,0.908,0.652,0.95,0.994
"B",310236,297.991783135923,26.5276780686265,0.354,0.112,0.134,0.084
"B",310237,142.564954290065,20.2082139245009,0.078,0.098,0.422,0.136
"B",310238,495.434929502277,58.303374669207,0.998,0.95,0.202,0.748
"B",310239,213.317916895185,57.9923580835531,0.588,0.114,0.108,0.04
"B",310240,324.286111856047,31.6830760297209,0.914,0.962,0.23,0.95
"B",310241,115.824239394154,21.7033477766319,0.918,0.912,0.824,0.794
"B",310242,405.176188464686,43.445714602976,0.392,0.544,0.606,0.524
"B",310243,970.461181031597,45.0448178133093,0.782,0.632,0.574,0.96
"B",310244,245.458475081525,21.8510837367909,0.458,0.63,0.052,0.564
"B",310245,370.384221991351,30.0430061695236,0.332,0.042,0.256,0.812
"B",310246,122.044556598857,14.3623492935165,0.352,0.272,0.534,0.242
"B",310247,234.059641994241,27.5444184281479,0.23,0.77,0.224,0.6
"B",310248,396.84916969049,38.7725590333539,0.578,0.906,0.644,1
"B",310249,190.570673533406,18.6189445611357,0.936,0.776,0.99,0.962
"B",310250,631.257306397443,171.612869131136,0.498,0.742,0.654,0.942
"B",310251,457.245216410735,23.2927023901087,0.584,0.152,0.948,0.824
"B",310252,131.862986861153,14.1392358607592,0.436,0.488,0.382,0.516
"B",310253,488.922311173575,100.547475075473,0.842,0.898,0.994,0.878
"B",310254,274.296727135508,81.8404672936612,0.986,0.726,0.906,0.694
"B",310255,726.977880093864,93.8928037508461,0.154,0.042,0.198,0.04
"B",310256,239.808188846621,33.9921911748358,0.224,0.834,0.808,0.706
"B",310257,285.619605364667,44.4331606304649,0.272,0.652,0.27,0.772
"B",310258,576.164552955366,98.3716074867112,0.976,0.878,0.572,0.944
"B",310259,338.901997712576,17.2641354984485,0.504,0.906,0.984,0.908
"B",310260,259.825203581906,44.3613249215179,0.306,0.072,0.026,0.02
"B",310261,119.630030899511,22.416483619683,0.28,0.622,0.278,0.538
"B",310262,130.249843005859,16.8224141102458,0.682,0.488,0.968,0.972
"B",310263,273.34285122459,18.4073194136556,0.964,0.818,0.894,0.974
"B",310264,398.219003172002,98.6418877263955,0.626,0.62,0.896,0.53
"B",310265,425.463554963874,34.5106606808581,0.478,0.32,0.37,0.234
"B",310266,143.792047540883,22.3693858046268,0.316,0.292,0.186,0.252
"B",310267,1204.87439761728,61.3779647198118,0.056,0.344,0.69,0.654
"B",310268,912.594767876043,155.812109300106,0.05,0.03,0.024,0.106
"B",310269,362.114938633214,35.3789900731448,0.604,0.11,0.478,0.508
"B",310270,480.763634922806,29.499210843154,0.652,0.098,0.066,0.106
"B",310271,856.997022050129,193.425917843469,0.02,0.03,0.018,0.26
"B",310272,808.75738626448,31.1656971334477,0.25,0.318,0.546,0.908
"B",310273,504.216583285679,78.4397709991663,0.296,0.184,0.108,0.122
"B",310274,88.9270787781182,31.9587350795032,0.588,0.75,0.814,0.942
"B",310275,107.599063132404,18.3709545304476,0.914,0.764,0.328,0.856
"B",310276,318.178415940151,31.0863480571222,0.612,0.546,0.542,0.588
"B",310277,323.862256034274,21.8093722449387,0.62,0.126,0.32,0.138
"B",310278,513.68541829623,55.080803646371,0.24,0.932,0.422,0.846
"B",310279,550.515848183766,149.662591231054,0.866,0.862,0.592,0.858
"B",310280,443.357007645932,29.8563288465729,0.988,0.714,0.716,0.622
"B",310281,500.368892488254,93.7599948601845,0.09,0.61,0.484,0.58
"B",310282,252.989580563302,43.1942430157253,0.046,0.002,0.046,0.012
"B",310283,696.099404253117,157.111008222471,0.014,0.214,0.662,0.686
"B",310284,510.900718833514,23.7139107162238,0.44,0.064,0.018,0.356
"B",310285,618.754474429261,72.815766113099,0.526,0.31,0.2,0.474
"B",310286,550.388930325318,103.132836699307,0.458,0.584,0.688,0.564
"B",310287,353.762423258588,72.7516777662532,0.602,0.378,0.598,0.344
"B",310288,182.193830896708,28.3434596297312,0.416,0.092,0.096,0.074
"B",310289,394.552638256589,55.9268170643321,0.79,0.654,0.672,0.6
"B",310290,334.701792961137,39.3881070458091,0.278,0.136,0.648,0.264
"B",310291,711.198772352004,133.26566507501,0.024,0.006,0.04,0.002
"B",310292,172.333065484105,20.2803611261458,0.678,0.402,0.202,0.108
"B",310293,398.197326233847,38.9042752700397,0.512,0.69,0.528,0.776
"B",310294,98.5870468446998,20.274547527987,0.728,0.46,0.9,0.842
"B",310295,300.496794056711,51.305399688918,0.392,0.248,0.258,0.556
"B",310296,190.707952614592,22.4427398061259,0.614,0.688,0.702,0.736
"B",310297,276.053289213229,56.7706987027135,0.95,0.896,0.178,0.792
"B",310298,214.718690347775,25.2683521212451,0.154,0.038,0.334,0.174
"B",310299,568.92228368947,46.1470404623806,0.584,0.734,0.238,0.078
"B",310300,237.417577388629,30.6636592544929,0.904,0.614,0.956,0.902
"B",310301,468.724690281923,38.0197047440015,0.47,0.17,0.596,0.366
"B",310302,737.011074750712,23.5789531164268,0.42,0.304,0.344,0.34
"B",310303,83.6941570649844,14.2895440642729,0.936,0.93,0.648,0.878
"B",310304,348.26753273798,25.7394852776825,0.008,0.02,0.47,0.096
"B",310305,887.368903780668,95.1496589355242,0.13,0.266,0.174,0.196
"B",310306,123.213512603719,30.5209278809359,0.806,0.634,0.428,0.298
"B",310307,472.112223924047,97.0904599421658,0.37,0.336,0.572,0.366
"B",310308,828.988383854415,73.7977964965902,0.942,0.378,0.306,0.604
"B",310309,1013.00795832945,157.591231438484,0.266,0.712,0.388,0.984
"B",310310,95.2776331673195,14.8221140968558,0.35,0.09,0.744,0.502
"B",310311,825.09233620497,60.9802810888333,0.678,0.61,0.876,0.566
"B",310312,824.166309341595,116.823444944645,0.55,0.452,0.584,0.43
"B",310313,506.562114755656,86.4880167736422,0.08,0.43,0.152,0.584
"B",310314,317.311318696311,40.9823327367651,0.642,0.684,0.406,0.764
"B",310315,231.527496841246,52.2562126008172,0.506,0.256,0.69,0.738
"B",310316,643.017440608797,62.8234442191858,0.594,0.166,0.966,0.892
"B",310317,363.587457471059,38.9862912980289,0.612,0.176,0.34,0.394
"B",310318,293.015657644967,60.259030648575,0.904,0.416,0.4,0.756
"B",310319,634.792665776869,81.986625483802,0.586,0.768,0.912,0.434
"B",310320,419.329289686885,54.1584603626026,0.88,0.216,0.028,0.116
"B",310321,637.823214218984,51.7358073646393,0.496,0.114,0.51,0.382
"B",310322,330.962117975821,35.4879830832587,0.444,0.132,0.074,0.038
"B",310323,464.856146596808,65.8921577278691,0.506,0.62,0.056,0.55
"B",310324,701.364510953002,24.6262527353002,0.002,0.002,0.028,0.034
"B",310325,166.083540839685,21.450514153598,0.176,0.46,0.792,0.788
"B",310326,424.172092352576,54.7839323786632,0.164,0.238,0.386,0.372
"B",310327,401.694761321139,32.5827005474281,0.83,0.64,0.394,0.142
"B",310328,41.9667535480116,9.4719790326879,0.538,0.46,0.932,0.928
"B",310329,487.672698434103,62.985351029947,0.75,0.53,0.712,0.524
"B",310330,310.756119482999,27.6639785458127,0.572,0.266,0.46,0.314
"B",310331,430.257119516269,55.5698438581506,0.852,0.918,0.55,0.98
"B",310332,331.89224240458,62.1905466329905,0.624,0.85,0.03,0.958
"B",310333,322.328822202711,45.6892777438971,0.248,0.374,0.44,0.514
"B",310334,630.304320714334,171.353791563776,0.186,0.43,0.598,0.404
"B",310335,612.790965266305,79.1449965913844,0.894,0.374,0.898,0.842
"B",310336,503.200346833089,124.646568146707,0.428,0.36,0.006,0.14
"B",310337,510.889716584475,65.9839442314228,0.938,0.718,0.74,0.968
"B",310338,702.661628338184,174.054650581915,0.198,0.322,0.892,0.776
"B",310339,929.892413877168,120.100223564294,0.736,0.586,0.926,0.938
"B",310340,506.561646213565,125.479187668786,0.83,0.684,0.1,0.772
"B",310341,159.156949492863,27.1737039079998,0.132,0.254,0.084,0.076
"B",310342,319.895109652812,25.9476786058244,0.21,0.316,0.722,0.714
"B",310343,510.465421368455,115.213052221984,0.946,0.46,0.478,0.348
"B",310344,429.852762742151,80.5465596090913,0.114,0.46,0.06,0.626
"B",310345,502.187810497144,37.1153051600931,0.472,0.464,0.854,0.868
"B",310346,1450.43811057615,155.525724352539,0.16,0.052,0.004,0.166
"B",310347,247.567263332118,16.6715524920555,0.518,0.904,0.986,0.79
"B",310348,111.609826200375,17.3628744048149,0.438,0.426,0.762,0.9
"B",310349,554.466135963507,44.9744577508827,0.66,0.268,0.466,0.526
"B",310350,1509.92125207279,101.680371927979,1,0.89,0.302,0.216
"B",310351,782.262803661888,39.8495468571087,0.958,0.732,0.286,0.118
"B",310352,239.136851482157,40.8290936485867,0.25,0.044,0.322,0.036
"B",310353,332.296855109078,26.9536224153427,0.11,0.036,0.414,0.142
"B",310354,1547.1704676925,199.824749926917,0.222,0.298,0.176,0.19
"B",310355,167.34940588539,21.6140069111715,0.304,0.12,0.062,0.568
"B",310356,684.172925555391,34.8527130877986,0.51,0.638,0.616,0.66
"B",310357,627.290029791016,88.9167409890351,0.002,0.344,0.182,0.61
"B",310358,671.376664210371,71.9895190655413,0.152,0.734,0.958,0.6
"B",310359,396.925057988781,46.7106152462152,0.046,0.04,0.206,0.358
"B",310360,542.22513092567,84.3526700820642,0.654,0.258,0.442,0.128
"B",310361,257.264915349902,20.8675504520804,0.442,0.674,0.276,0.712
"B",310362,281.51626519648,48.0647540689271,0.918,0.69,0.282,0.71
"B",310363,187.403821932673,29.1539655062053,0.764,0.652,0.466,0.636
"B",310364,856.585692058935,193.333079853329,0.992,0.928,0.336,0.958
"B",310365,905.233339359402,140.824991073194,0.602,0.668,0.86,0.8
"B",310366,659.800395863477,58.7364265780276,0.476,0.306,0.546,0.176
"B",310367,83.7677061698035,15.6965387294027,0.822,0.99,0.694,0.99
"B",310368,833.316455017951,156.148289216889,0.116,0.47,0.004,0.42
"B",310369,399.589803898549,74.8758336542465,0.124,0.032,0.374,0.124
"B",310370,859.541033942549,121.837720758896,0.006,0.018,0.04,0.09
"B",310371,378.605086096126,44.5546990570602,0.104,0.05,0.72,0.206
"B",310372,456.349517852267,77.9149557477042,0.894,0.352,0.762,0.948
"B",310373,330.347786168698,38.8757223223765,0.434,0.764,0.26,0.946
"B",310374,341.742703699161,84.6522771165873,0.978,0.738,0.782,0.914
"B",310375,305.157743119027,39.4126380902077,0.242,0.816,0.998,0.984
"B",310376,428.206251724177,106.069958163379,0.338,0.398,0.398,0.288
"B",310377,420.579454748687,78.808911000521,0.388,0.076,0.602,0.148
"B",310378,571.138679951724,107.020960936302,0.642,0.074,0.394,0.244
"B",310379,539.859084299289,83.9845898528554,0.48,0.064,0.156,0.14
"B",310380,382.67833325233,65.3366865408038,0.142,0.8,0.574,0.87
"B",310381,512.123380692939,37.8496155357101,0.596,0.1,0.772,0.942
"B",310382,264.309460060148,45.1269456385243,0.198,0.126,0.458,0.192
"B",310383,206.640150291021,29.2907074060834,0.116,0.414,0.368,0.638
"B",310384,260.569078043394,17.5471142829545,0.394,0.126,0.312,0.316
"B",310385,607.251347201547,54.058430993564,0.412,0.948,0.166,0.56
"B",310386,827.675563921908,186.808006923087,0.682,0.766,0.77,0.64
"B",310387,260.026467936461,36.8580799977049,0.794,0.696,0.578,0.48
"B",310388,729.143246958967,85.8064488058576,0.664,0.388,0.978,0.838
"B",310389,3223.18692236623,197.771760805172,0.548,0.41,0.506,0.396
"B",310390,224.903943460699,38.3990343294224,0.088,0.136,0.2,0.064
"B",310391,427.662648072757,23.9098068752531,0.79,0.56,0.18,0.926
"B",310392,363.848462067681,62.1217634989394,0.594,0.16,0.3,0.588
"B",310393,985.333407685456,139.668464726276,0.604,0.256,0.438,0.574
"B",310394,299.707895177058,46.6248422674564,0.494,0.384,0.878,0.626
"B",310395,517.214271813632,28.916468173963,0.776,0.78,0.232,0.6
"B",310396,71.8318871656014,16.2125985831281,0.456,0.12,0.308,0.208
"B",310397,162.119094886405,30.3781584576501,0.346,0.292,0.79,0.918
"B",310398,516.279246089278,140.355068838534,0.854,0.544,0.422,0.474
"B",310399,200.137541672282,41.158531781169,0.478,0.22,0.434,0.282
"B",310400,634.908983569807,118.970351534368,0.162,0.058,0.238,0.032
"B",310401,737.908173890521,138.270519270715,0.264,0.926,0.352,0.966
"B",310402,105.326664781587,16.3854179720477,0.224,0.826,0.624,0.77
"B",310403,554.198360965103,71.5774707456277,0.144,0.362,0.786,0.534
"B",310404,430.787093664294,46.1918880201314,0.142,0.694,0.856,0.762
"B",310405,784.638231232842,33.1842564841508,0.24,0.648,0.84,0.958
"B",310406,355.634435636703,41.8514854554747,0.712,0.534,0.516,0.672
"B",310407,640.014960054544,144.452638570382,0.574,0.706,0.696,0.746
"B",310408,443.874876662283,62.9181169241108,0.776,0.936,0.174,1
"B",310409,174.454077295218,35.8766957199223,0.142,0.65,0.668,0.592
"B",310410,188.659994604375,18.4322693272493,0.174,0.212,0.01,0.32
"B",310411,302.695586753311,68.3189908348382,0.094,0.962,0.24,0.92
"B",310412,433.624812669439,42.3655759710053,0.49,0.546,0.978,0.916
"B",310413,604.622149311409,124.341289195913,0.508,0.1,0.688,0.212
"B",310414,269.740926699722,16.5510531407404,0.788,0.782,0.532,0.2
"B",310415,454.474257097742,64.4205517151403,0.144,0.914,0.778,0.744
"B",310416,988.671149170558,223.145027991108,0.754,0.65,0.808,0.706
"B",310417,327.465365750952,29.1514608552275,0.858,0.618,0.782,0.406
"B",310418,650.969692315315,63.6003871292076,0.598,0.482,0.042,0.262
"B",310419,105.657336876632,23.8470692854564,0.534,0.7,0.868,0.872
"B",310420,1421.50690135425,65.9805056022939,0.778,0.814,0.602,0.338
"B",310421,392.53375829065,73.5536595345886,0.97,0.996,0.802,0.986
"B",310422,483.051331795571,51.7960109632824,0.854,0.87,0.288,0.536
"B",310423,413.093321404434,40.3596288305941,0.288,0.138,0.214,0.056
"B",310424,891.06249209312,34.337347920638,0.718,0.39,0.108,0.264
"B",310425,357.561696394621,67.0005336451757,0.03,0.09,0.13,0.156
"B",310426,767.642423295557,119.420300498987,0.98,0.746,0.97,0.856
"B",310427,215.376619456488,36.7723841432323,0.932,0.716,0.732,0.416
"B",310428,115.314331783281,21.6078004001014,0.232,0.354,0.154,0.188
"B",310429,426.222158369783,50.1583330362203,0.998,0.942,0.448,0.792
"B",310430,618.457287213135,105.592468667089,0.138,0.022,0.244,0.058
"B",310431,247.814599479631,42.3106912503437,0.046,0.008,0.322,0.174
"B",310432,115.752323687704,21.6898720862595,0.302,0.742,0.884,0.678
"B",310433,796.649297421569,149.277533341802,0.484,0.428,0.456,0.444
"B",310434,655.22439295192,58.3290638957367,0.168,0.128,0.306,0.434
"B",310435,558.039428935669,125.950599544106,0.142,0.826,0.812,0.86
"B",310436,623.79538753852,106.50387063939,0.648,0.632,0.31,0.64
"B",310437,42.5205795593341,15.2811039813227,0.722,0.806,0.884,0.836
"B",310438,233.673942911977,27.4990288991428,0.872,0.34,0.3,0.92
"B",310439,365.477601501466,39.1889652468973,0.322,0.242,0.052,0.554
"B",310440,589.673782528365,146.066698444921,0.79,0.9,0.96,0.906
"B",310441,273.105859906949,26.6827144525856,0.23,0.188,0.582,0.864
"B",310442,382.719314623563,86.3805040190161,0.272,0.158,0.79,0.474
"B",310443,340.33875133113,40.0514710443277,0.768,0.6,0.734,0.794
"B",310444,782.873491798856,146.696198882824,0.81,0.738,0.85,0.672
"B",310445,1012.11131447658,46.9780457564766,0.936,0.772,0.762,0.382
"B",310446,799.844705728159,113.375920472346,0.026,0.254,0.488,0.194
"B",310447,176.789253000988,18.956532119665,0.668,0.14,0.944,0.796
"B",310448,923.859312090904,51.6512204924656,0.564,0.098,0.012,0.03
"B",310449,790.235768080878,162.512958355568,0.952,0.664,0.998,0.982
"B",310450,864.673074186754,162.023947148939,0.252,0.248,0.156,0.066
"B",310451,134.544517304484,30.3669628724848,0.268,0.094,0.168,0.866
"B",310452,143.249309337516,16.8577499406447,0.904,0.542,0.888,0.81
"B",310453,428.591380453342,50.4371459228108,0.304,0.556,0.558,0.732
"B",310454,544.37870278246,58.3719439354131,0.406,0.434,0.218,0.026
"B",310455,135.441526486661,19.1984864382209,0.094,0.096,0.582,0.282
"B",310456,478.592768927129,35.3714612239585,0.242,0.066,0.214,0.078
"B",310457,319.176774821804,45.2424831716213,0.894,0.672,0.846,0.76
"B",310458,160.815338233829,30.1338582645734,0.75,0.732,0.298,0.926
"B",310459,85.7258581761581,13.3361672482616,0.738,0.428,0.11,0.498
"B",310460,334.093012179413,57.0414588845978,0.012,0.002,0.002,0.016
"B",310461,149.292050784659,23.2250081884151,0.316,0.072,0.294,0.212
"B",310462,276.378871925249,16.9583513046386,0.018,0.008,0.006,0.01
"B",310463,492.184213416852,63.5680355964149,0.4,0.694,0.736,0.828
"B",310464,234.150627090435,20.8444420502321,0.358,0.72,0.838,0.992
"B",310465,116.828808799225,18.1747790772768,0.11,0.354,0.154,0.656
"B",310466,419.755832572664,94.7397191547857,0.536,0.834,0.662,0.83
"B",310467,1669.52367035044,70.6082108645421,0.742,0.292,0.128,0.536
"B",310468,201.949889394219,34.4799678313633,0.774,0.754,0.91,0.888
"B",310469,794.384168487841,148.853089535698,0.808,0.902,0.948,0.942
"B",310470,237.307794130583,23.1852077810294,0.336,0.076,0.366,0.174
"B",310471,615.217143196106,60.1073274803778,0.498,0.282,0.496,0.298
"B",310472,737.827633897061,54.5307895078721,0.598,0.378,0.394,0.288
"B",310473,816.441810633815,167.90226326189,0.428,0.948,0.016,0.936
"B",310474,467.108027497187,105.427202926045,0.546,0.556,0.854,0.972
"B",310475,794.63816820247,58.7294981841456,0.068,0.038,0.068,0.076
"B",310476,82.397238011647,14.0681142463458,0.406,0.65,0.618,0.89
"B",310477,327.230277376835,26.5426566748212,0.364,0.414,0.076,0.822
"B",310478,163.355110542149,23.1551648575549,0.126,0.948,0.806,0.72
"B",310479,302.438394258063,22.3523810422722,0.046,0.962,0.7,0.282
"B",310480,184.578537521111,34.5866479493147,0.098,0.284,0.896,0.776
"B",310481,435.187093543956,56.2065744885497,0.764,0.312,0.556,0.18
"B",310482,378.530573792821,85.4350969534741,0.37,0.962,0.202,0.734
"B",310483,317.029054722104,59.4054566291237,0.012,0.436,0.314,0.348
"B",310484,468.67271404428,80.0189599120775,0.942,0.516,0.942,0.81
"B",310485,386.569936170968,54.7952896686611,0.704,0.624,0.36,0.988
"B",310486,604.825521554794,53.8424803350241,0.168,0.902,0.944,0.996
"B",310487,327.142745865388,29.1227407463281,0.59,0.104,0.334,0.15
"B",310488,320.524623203607,28.5335854832438,0.564,0.22,0.854,0.86
"B",310489,724.693486976046,30.6490476590992,0.51,0.702,0.896,0.64
"B",310490,53.9597940121385,13.3662529921651,0.034,0.298,0.258,0.66
"B",310491,846.460759179774,43.1198793138802,0.814,0.488,0.458,0.388
"B",310492,461.704801552315,71.826314531309,0.348,0.59,0.984,0.884
"B",310493,521.437166309427,50.9449303590203,0.726,0.642,0.572,0.344
"B",310494,402.375562304669,43.145412639727,0.952,0.594,0.652,0.804
"B",310495,293.041253874869,54.9105807127583,0.962,0.954,0.486,0.886
"B",310496,182.922109041031,28.456756123258,0.428,0.436,0.316,0.56
"B",310497,441.820907908799,39.3315637285437,0.826,0.866,0.35,0.818
"B",310498,602.654889172172,123.936719726907,0.76,0.256,0.508,0.16
"B",310499,306.12696005818,47.6234408776467,0.652,0.842,0.79,0.926
"B",310500,423.274423915514,65.8477923621279,0.852,0.892,0.972,0.882
"B",310501,1629.56633146915,253.507746681885,0.502,0.514,0.472,0.53
"B",310502,753.066557397447,186.540336381729,0.944,0.842,0.846,0.994
"B",310503,1473.67612154438,143.979624458296,0.368,0.098,0.514,0.29
"B",310504,363.358038229465,68.0866622770741,0.17,0.126,0.664,0.344
"B",310505,110.970509992389,17.2634175074957,0.046,0.022,0.822,0.498
"B",310506,543.478485807866,48.381274668099,0.868,0.928,0.272,0.39
"B",310507,493.344674183321,84.2313335582459,0.69,0.872,0.854,0.882
"B",310508,403.457819843935,29.8184459871885,0.69,0.156,0.1,0.194
"B",310509,1140.22139937516,177.381522980696,0.168,0.064,0.164,0.084
"B",310510,171.355398230831,26.6573505161409,0.33,0.064,0.076,0.046
"B",310511,290.273806789876,49.559975251409,0.844,0.826,0.902,0.814
"B",310512,491.169056039965,121.666325551137,0.028,0.202,0.628,0.178
"B",310513,615.837499349451,95.8043706275739,0.002,0.382,0.038,0.426
"B",310514,1073.78271349736,60.0331532842667,0.492,0.6,0.788,0.782
"B",310515,418.326841233049,23.387859635839,0.328,0.068,0.06,0.024
"B",310516,753.026014378532,270.623517967391,0.206,0.064,0.084,0.204
"B",310517,311.357383830561,30.4199264281095,0.458,0.9,0.756,0.94
"B",310518,304.871017908313,27.1400779256965,0.258,0.22,0.326,0.672
"B",310519,802.14929427874,164.962989681741,0.116,0.438,0.346,0.348
"B",310520,721.985821764176,112.317611917457,0.482,0.534,0.63,0.392
"B",310521,412.645367118464,77.3222078369198,0.134,0.44,0.274,0.408
"B",310522,145.589252584294,18.8035750405013,0.422,0.37,0.524,0.982
"B",310523,343.243892386738,48.653934904063,0.938,0.874,0.874,0.924
"B",310524,300.626720954272,42.6130609638086,0.036,0.494,0.9,0.828
"B",310525,1424.45469196604,292.940860671314,0.456,0.578,0.25,0.592
"B",310526,514.201672869011,116.056331553411,0.932,0.844,0.512,0.36
"B",310527,459.008935285755,33.9240745160164,0.092,0.306,0.282,0.332
"B",310528,759.081431533384,129.601969177436,0.422,0.712,0.088,0.85
"B",310529,565.48862998679,38.0808562957616,0.996,0.876,0.662,0.552
"B",310530,398.41910430459,118.874206103455,0.356,0.206,0.032,0.312
"B",310531,951.752085072004,134.908399010128,0.09,0.058,0.016,0.158
"B",310532,482.185389905726,42.9248708075275,0.232,0.608,0.5,0.494
"B",310533,449.383021066439,111.31560562678,0.164,0.218,0.49,0.212
"B",310534,100.099254883206,17.0904727834686,0.48,0.83,0.854,0.634
"B",310535,114.298987445118,16.2015861552151,0.886,0.802,0.874,0.91
"B",310536,145.605290969525,22.6514677591345,0.12,0.044,0.046,0.034
"B",310537,358.391361778475,35.0151929067599,0.41,0.566,0.65,0.622
"B",310538,278.842575927531,39.5252146901232,0.504,0.438,0.176,0.46
"B",310539,939.969114750344,63.2989363236149,0.632,0.22,0.738,0.572
"B",310540,240.034545225112,19.469942008667,0.358,0.428,0.15,0.064
"B",310541,240.878094408511,59.6673432335662,0.374,0.332,0.606,0.332
"B",310542,498.797230138482,58.6990542268436,0.292,0.542,0.526,0.248
"B",310543,360.445923745388,61.5408302176707,0.642,0.888,0.472,0.98
"B",310544,718.998386469186,92.8622125190519,0.39,0.202,0.178,0.05
"B",310545,301.150902072451,61.9320536782295,0.242,0.06,0.58,0.222
"B",310546,110.188986334391,20.6474042400706,0.428,0.832,0.558,0.358
"B",310547,739.953930847093,104.886557873188,0.508,0.322,0.834,0.38
"B",310548,590.825286174398,76.3080200440866,0.56,0.834,0.752,0.336
"B",310549,168.747389218175,16.4867879534405,0.992,0.98,0.024,0.05
"B",310550,192.790906834676,36.1254960195869,0.638,0.674,0.78,0.608
"B",310551,32.3415933360921,8.01125961679328,0.57,0.28,0.77,0.538
"B",310552,609.90806752662,137.65745355714,0.928,0.934,0.792,0.936
"B",310553,189.918783714503,24.5289541486501,0.888,0.418,0.066,0.124
"B",310554,353.68540940759,34.5554166742669,0.748,0.386,0.65,0.682
"B",310555,791.213472870908,33.4623394226026,0.164,0.862,0.228,0.884
"B",310556,701.304169233769,68.5181156436854,0.78,0.484,0.764,0.674
"B",310557,835.398597101457,118.415592713662,0.256,0.132,0.058,0.234
"B",310558,437.450771162594,32.3307705301423,0.508,0.294,0.27,0.112
"B",310559,386.457886080255,87.2243069691174,0.652,0.564,0.056,0.704
"B",310560,305.077889881511,17.0563257320889,0.81,0.308,0.408,0.672
"B",310561,127.13166029606,18.0205843759653,0.376,0.826,0.87,0.572
"B",310562,145.45673866805,32.8298727527427,0.098,0.29,0.666,0.448
"B",310563,682.187376220593,203.54064824167,0.036,0.232,0.162,0.358
"B",310564,403.137949456754,18.7120060460402,0.048,0.776,0.638,0.978
"B",310565,1219.41270026599,119.137835021701,0.508,0.312,0.12,0.176
"B",310566,670.451108351108,78.8994877830877,0.56,0.406,0.118,0.576
"B",310567,358.742105321498,61.2499283279868,0.762,0.442,0.346,0.064
"B",310568,257.744317961876,22.9447880037405,0.974,0.59,0.18,0.064
"B",310569,568.645051958092,66.9188293837303,0.7,0.936,0.244,0.822
"B",310570,237.311002568873,53.5615612484042,0.294,0.054,0.618,0.316
"B",310571,399.626689891992,39.0439255227006,0.852,0.684,0.436,0.952
"B",310572,306.001934475664,52.2453212958178,0.086,0.566,0.31,0.742
"B",310573,230.411992627992,32.660304637866,0.486,0.566,0.626,0.692
"B",310574,489.16145788994,76.0976810569629,0.752,0.56,0.642,0.92
"B",310575,526.807481592711,56.4878394821671,0.308,0.46,0.57,0.69
"B",310576,249.466897646817,42.5927968153593,0.796,0.616,0.244,0.736
"B",310577,445.916909043034,39.6961959285132,0.868,0.51,0.65,0.754
"B",310578,435.917736322366,56.3009406321199,0.732,0.436,0.628,0.32
"B",310579,554.984448641523,71.678997873143,0.712,0.576,0.64,0.866
"B",310580,237.15852026009,36.8941852298473,0.956,0.912,0.7,0.596
"B",310581,143.708684162538,18.5606902889856,0.236,0.156,0.002,0.014
"B",310582,529.983254305846,56.8283671806521,0.378,0.718,0.038,0.666
"B",310583,410.613620836341,76.9414956786924,0.756,0.884,0.104,0.806
"B",310584,373.613299209706,48.2540131439402,0.268,0.44,0.094,0.084
"B",310585,229.370601720934,47.1703465612436,0.744,0.866,0.718,0.704
"B",310586,723.792535560401,148.848825807084,0.762,0.302,0.204,0.766
"B",310587,764.200793237303,172.481626009648,0.45,0.106,0.02,0.036
"B",310588,464.343250925017,41.3365366798042,0.192,0.126,0.698,0.918
"B",310589,1158.35481993371,124.206590487259,0.952,0.544,0.14,0.512
"B",310590,83.7260897317914,17.2183734063333,0.996,0.756,0.176,0.918
"B",310591,200.674755526054,23.6156450855032,0.522,0.132,0.362,0.324
"B",310592,466.884594341509,54.9435371028853,0.764,0.224,0.172,0.1
"B",310593,851.330262458518,120.673865115265,0.506,0.598,0.234,0.648
"B",310594,177.79445712601,44.0410445973222,0.448,0.662,0.458,0.798
"B",310595,839.940917047211,108.482541004462,0.672,0.568,0.428,0.8
"B",310596,503.448191850119,103.534740315564,0.166,0.568,0.518,0.552
"B",310597,1057.26487707639,261.89258290264,0.89,0.898,0.836,0.988
"B",310598,436.740111909213,32.2782476801194,0.434,0.62,0.918,0.794
"B",310599,394.771049681574,67.4013396818619,0.16,0.54,0.856,0.63
"B",310600,242.440682773695,60.0544083029206,0.81,0.53,0.794,0.712
"B",310601,161.623986207449,27.5949140746054,0.804,0.536,0.314,0.346
"B",310602,469.518363608164,34.7007971506383,0.554,0.624,0.596,0.498
"B",310603,661.476582880694,48.8878955575769,0.67,0.674,0.008,0.332
"B",310604,349.196221598831,34.1168185553325,0.122,0.03,0.22,0.744
"B",310605,467.164258342655,72.6756292000641,0.712,0.678,0.982,0.712
"B",310606,340.872450837651,134.447118608923,0.844,0.58,0.824,0.732
"B",310607,598.53958679266,102.191814812646,0.202,0.168,0.148,0.084
"B",310608,145.643257548827,32.8719704319425,0.204,0.12,0.044,0.464
"B",310609,422.722583287714,138.422588123429,0.008,0.052,0.02,0.016
"B",310610,780.223124036173,176.097897666403,0.48,0.166,0.012,0.514
"B",310611,469.440168754104,73.0296871533454,0.592,0.94,0.424,0.618
"B",310612,966.192410208953,164.963116953634,0.866,0.614,0.968,0.814
"B",310613,440.164261743599,68.4753041405285,0.606,0.58,0.644,0.6
"B",310614,125.685724405664,16.2329355253289,0.318,0.46,0.628,0.978
"B",310615,559.642944958168,45.3943646889506,0.4,0.81,0.03,0.786
"B",310616,520.139792417539,141.404592424387,0.506,0.55,0.692,0.548
"B",310617,417.749785343184,59.2149527292182,0.188,0.07,0.582,0.46
"B",310618,318.465052579779,37.4773480308725,0.382,0.454,0.546,0.8
"B",310619,372.976119443206,36.4401382530838,0.25,0.692,0.698,0.602
"B",310620,404.694266198811,91.3402939233496,0.672,0.45,0.85,0.838
"B",310621,905.654734988595,169.703162151763,0.156,0.206,0.12,0.204
"B",310622,630.128560027383,56.0949949906136,0.214,0.55,0.196,0.402
"B",310623,332.728368343796,51.7617585041354,0.948,1,0.962,0.952
"B",310624,635.651417269307,108.528113014325,0.7,0.818,0.392,0.734
"B",310625,110.603776373634,27.3973999338523,0.878,0.366,0.98,0.634
"B",310626,490.089017834575,36.22111702499,0.01,0.106,0.652,0.926
"B",310627,1118.95919680936,174.073812850792,0.996,0.996,0.666,0.886
"B",310628,1293.22072635663,265.952434116399,0.484,0.094,0.292,0.038
"B",310629,557.952934383753,104.550192958435,0.972,0.892,0.716,0.876
"B",310630,934.991023777121,132.532561877255,0.544,0.622,0.712,0.604
"B",310631,279.274870312683,57.4332208210506,0.192,0.296,0.002,0.49
"B",310632,441.973068947775,47.3913234844008,0.2,0.214,0.404,0.714
"B",310633,1539.45607342663,37.2568115570916,0.276,0.288,0.758,0.924
"B",310634,818.381642377011,153.349778003514,0.58,0.54,0.4,0.64
"B",310635,466.363865821441,54.8822571482463,0.586,0.274,0.54,0.276
"B",310636,414.457444544768,112.673913585255,0.264,0.7,0.926,0.49
"B",310637,264.455856563475,49.5541991606106,0.636,0.402,0.34,0.666
"B",310638,780.088380863703,76.2154115677268,0.148,0.252,0.516,0.564
"B",310639,97.6455477674766,18.2969928671444,0.212,0.544,0.3,0.63
"B",310640,402.687729261764,29.7615307328538,0.458,0.43,0.22,0.044
"B",310641,470.669759980678,73.2209717271422,0.908,0.634,0.526,0.804
"B",310642,808.985690206508,28.4050386855141,0.292,0.7,0.214,0.046
"B",310643,518.966716172167,97.2448874648047,0.144,0.466,0.144,0.05
"B",310644,1159.27036761599,64.8126057555215,0.83,0.96,0.2,0.946
"B",310645,1682.26901178419,261.706576930615,0.844,0.57,0.974,0.62
"B",310646,296.170890755662,55.4970175242039,0.86,0.988,0.368,0.926
"B",310647,767.029818085372,62.2161533584051,0.84,0.61,0.612,0.338
"B",310648,577.540278196581,108.220503568839,0.856,0.436,0.018,0.594
"B",310649,170.310939391377,35.0246543104788,0.726,0.454,0.186,0.13
"B",310650,536.089112149798,100.453311855205,0.25,0.058,0.008,0.232
"B",310651,949.086224386856,70.1443247029172,0.332,0.432,0.004,0.266
"B",310652,412.186666105265,48.506619530701,0.4,0.17,0.206,0.034
"B",310653,194.644757446044,17.3275699381259,0.222,0.246,0.474,0.934
"B",310654,289.231740208214,28.2582290150408,0.402,0.328,0.966,0.82
"B",310655,337.609002813107,32.9847357422267,0.742,0.998,0.436,0.822
"B",310656,762.092310468462,130.116032389538,0.078,0.918,0.856,0.922
"B",310657,463.595305542648,65.7134367660862,0.744,0.754,0.534,0.462
"B",310658,734.270318652714,78.7333994786381,0.504,0.204,0.732,0.966
"B",310659,439.649620914561,29.6066678386169,0.398,0.296,0.294,0.386
"B",310660,145.710579731852,18.8192450441798,0.044,0.156,0.676,0.77
"B",310661,973.003491786774,137.920731004532,0.002,0.166,0.134,0.13
"B",310662,793.787847559784,77.5538631049029,0.89,0.634,0.518,0.698
"B",310663,84.4961001863796,22.9710104523476,0.134,0.058,0.008,0.02
"B",310664,365.692938232779,62.4366806253071,0.95,0.916,0.732,0.842
"B",310665,253.396411059898,35.9182865655785,0.664,0.17,0.402,0.098
"B",310666,706.820368094131,109.95835846882,0.258,0.576,0.202,0.312
"B",310667,138.841421883691,26.0163475340369,0.342,0.438,0.692,0.488
"B",310668,2412.41622248857,111.974442003293,0.594,0.562,0.494,0.326
"B",310669,420.965223568815,41.1287215103427,0.036,0.012,0.162,0.064
"B",310670,130.45865332344,22.2738927137236,0.594,0.952,0.998,0.988
"B",310671,541.917251298145,84.3047739828899,0.036,0.066,0.14,0.024
"B",310672,266.704017390232,31.3860475427257,0.946,0.758,0.04,0.118
"B",310673,277.166091834805,39.2875774015235,0.67,0.422,0.128,0.908
"B",310674,963.279734009472,94.1133891791803,0.214,0.094,0.392,0.056
"B",310675,230.402249159234,18.6886367776342,0.48,0.346,0.13,0.628
"B",310676,507.171421002815,125.630233540079,0.37,0.25,0.506,0.144
"B",310677,189.221569729939,13.984840246214,0.268,0.512,0.9,0.854
"B",310678,210.36399724134,32.7258252050209,0.852,0.718,0.144,0.32
"B",310679,400.276738938417,39.1074359618096,0.862,0.858,0.356,0.936
"B",310680,233.116432758198,63.3747593284282,0.144,0.12,0.036,0.1
"B",310681,323.180053580619,50.276349954954,0.166,0.378,0.104,0.594
"B",310682,289.697216306492,59.5765891028643,0.64,0.132,0.568,0.176
"B",310683,239.667763641849,17.7131782147366,0.224,0.16,0.598,0.878
"B",310684,451.48360247131,48.4111068205124,0.678,0.502,0.944,0.62
"B",310685,1443.95763738319,73.5571949237815,0.25,0.106,0.666,0.714
"B",310686,302.708554980832,56.7220564371974,0.922,0.698,0.884,0.57
"B",310687,329.037399440867,51.1875632771078,0.508,0.93,0.834,0.962
"B",310688,480.511023495887,82.0401768104553,0.994,0.888,0.366,0.898
"B",310689,81.8470753611501,22.2508496778899,0.572,0.276,0.052,0.138
"B",310690,430.254994287161,80.6219304567977,0.086,0.556,0.106,0.932
"B",310691,126.708181768051,17.9605573887645,0.808,0.542,0.514,0.906
"B",310692,317.122584079866,30.983192233049,0.496,0.756,0.254,0.36
"B",310693,534.122145717641,62.8561325140748,0.154,0.33,0.948,0.852
"B",310694,423.315992584789,79.3216882280815,0.442,0.982,0.624,0.95
"B",310695,333.914224419973,29.725547982334,0.048,0.666,0.856,0.866
"B",310696,431.917160616564,80.9333900795704,0.402,0.628,0.53,0.176
"B",310697,352.278830663011,45.4985605734647,0.398,0.184,0.03,0.092
"B",310698,350.211302246298,28.4067184542978,0.934,0.854,0.896,0.832
"B",310699,571.315135523712,73.7881871903583,0.166,0.044,0.236,0.066
"B",310700,320.643065380888,45.4503260699059,0.252,0.3,0.68,0.332
"B",310701,381.771959351965,59.3913529585446,0.194,0.252,0.534,0.126
"B",310702,249.629300881772,29.3766744955662,0.174,0.264,0.152,0.358
"B",310703,370.369825384515,57.6175501782384,0.034,0.532,0.684,0.48
"B",310704,996.311497691568,154.993802888241,0.436,0.992,0.38,0.434
"B",310705,426.344225375298,28.7106624573933,0.974,0.812,0.052,0.32
"B",310706,254.118548966193,36.0206477480029,0.322,0.22,0.754,0.312
"B",310707,287.037941809583,49.007498987313,0.56,0.18,0.676,0.446
"B",310708,548.988183964357,48.8717563096147,0.016,0.67,0.314,0.198
"B",310709,192.430617828655,43.4319699100612,0.714,0.578,0.082,0.886
"B",310710,169.450433445364,38.2452969786703,0.502,1,0.976,1
"B",310711,1106.17532280229,74.4915127763675,0.81,0.716,0.778,0.414
"B",310712,126.180315204514,31.2558275384683,0.002,0.052,0.006,0.032
"B",310713,359.883102752584,32.0373367067117,0.038,0.026,0.668,0.176
"B",310714,650.37934251888,57.8977501972132,0.02,0.046,0.534,0.338
"B",310715,65.7274521374025,16.2811917629137,0.05,0.368,0.416,0.206
"B",310716,349.54041039658,59.6788745088593,0.758,0.316,0.57,0.394
"B",310717,493.363849895407,111.353193816844,0.276,0.394,0.09,0.718
"B",310718,735.987053107965,34.161492873895,0.964,0.724,0.276,0.242
"B",310719,638.110973369089,90.4505817830758,0.146,0.738,0.338,0.64
"B",310720,488.168101879901,69.196567157978,0.946,0.924,0.858,0.848
"B",310721,309.2556331486,39.9419009397041,0.148,0.478,0.91,0.924
"B",310722,172.41418271957,16.8450373296628,0.158,0.57,0.58,0.218
"B",310723,379.692892239544,64.8269664790989,0.018,0.052,0.286,0.078
"B",310724,529.550604919895,143.963004846734,0.696,0.406,0.828,0.248
"B",310725,99.2343513620064,29.6080298582558,0.65,0.156,0.344,0.436
"B",310726,76.8903314058996,17.3542994232303,0.98,0.996,0.98,0.956
"B",310727,335.598294321322,75.7451968158731,0.582,0.102,0.282,0.104
"B",310728,431.014628096261,67.0519174614418,0.586,0.972,0.992,0.946
"B",310729,507.535783828393,114.551827252054,0.064,0.288,0.258,0.6
"B",310730,766.51124943765,32.4176223982357,0.764,0.694,0.052,0.694
"B",310731,409.803005539292,58.0885172241697,0.808,0.784,0.59,0.382
"B",310732,498.381730836574,44.3666935100927,0.222,0.118,0.02,0.002
"B",310733,253.274260035882,24.745147398265,0.876,0.532,0.782,0.896
"B",310734,762.036307492003,118.548170437417,0.96,0.906,0.098,0.828
"B",310735,530.561543796128,56.8903752671782,0.06,0.226,0.898,0.81
"B",310736,462.235369322085,25.8427020952321,0.762,0.332,0.888,0.582
"B",310737,345.179370106052,27.9985629245583,0.152,0.43,0.042,0.626
"B",310738,299.340801869541,56.0910009916145,0.096,0.076,0.218,0.128
"B",310739,706.676416191275,120.654585008927,0.808,0.38,0.758,0.876
"B",310740,475.256142238999,42.308018727157,0.166,0.788,0.564,0.572
"B",310741,301.335761408526,42.7135656162461,0.236,0.092,0.118,0.116
"B",310742,527.959276528246,90.1412668537211,0.08,0.146,0.02,0.108
"B",310743,295.112572380234,50.3861231755278,0.798,0.724,0.718,0.954
"B",310744,370.096166676832,36.1587640001539,0.786,0.362,0.61,0.87
"B",310745,608.260297709863,103.851482964624,0.144,0.478,0.056,0.488
"B",310746,369.777598545281,76.0452182759978,0.974,0.71,0.958,0.768
"B",310747,369.371783849888,43.4681130126785,0.154,0.062,0.342,0.238
"B",310748,911.28232399455,107.240793091953,0.154,0.398,0.44,0.498
"B",310749,712.592754992155,121.664712680429,0.994,0.574,0.592,0.56
"B",310750,636.222216410807,108.625568556866,0.138,0.346,0.892,0.856
"B",310751,176.7323708024,22.8258634307126,0.332,0.042,0.032,0.008
"B",310752,437.130115682379,74.6335260299479,0.866,0.728,0.86,0.772
"B",310753,319.637071303827,54.5733199920367,0.742,0.874,0.214,0.834
"B",310754,815.582033511258,152.82518241653,0.302,0.218,0.042,0.406
"B",310755,975.560568653028,41.2588258351118,0.902,0.978,0.18,0.636
"B",310756,481.781098945123,99.0788759910386,0.53,0.728,0.56,0.768
"B",310757,413.097419430923,44.2950822352829,0.804,0.564,0.746,0.458
"B",310758,421.710411922697,41.2015271545233,0.13,0.038,0.176,0.07
"B",310759,76.0094349731653,18.8281174204317,0.64,0.626,0.634,0.884
"B",310760,475.768774338506,117.851558183307,0.044,0.632,0.046,0.824
"B",310761,156.047750571825,12.6575141564186,0.874,0.702,0.782,0.912
"B",310762,660.764221158809,27.9453237398742,0.182,0.058,0.27,0.224
"B",310763,972.753341938197,200.047922068319,0.528,0.544,0.296,0.854
"B",310764,452.960277161856,58.5020694233444,0.858,0.556,0.528,0.85
"B",310765,602.354173619238,64.5884636413024,0.19,0.74,0.642,0.99
"B",310766,419.385617712725,54.165735406893,0.142,0.508,0.352,0.22
"B",310767,605.385639111046,103.360677367698,0.466,0.962,0.748,0.954
"B",310768,665.192686743067,113.571849478892,0.54,0.272,0.576,0.44
"B",310769,96.6015899303887,18.1013742287577,0.83,0.71,0.55,0.776
"B",310770,690.902869427435,129.462583423736,0.388,0.29,0.642,0.546
"B",310771,709.220982235256,69.2915961569382,0.358,0.076,0.056,0.568
"B",310772,235.124435805951,27.6697246365978,0.462,0.82,0.166,0.588
"B",310773,1003.18797124198,81.3716692551726,0.204,0.228,0.286,0.664
"B",310774,128.101962945613,21.8715225581384,0.83,0.982,0.974,0.832
"B",310775,241.830275564305,34.2788167425872,0.204,0.438,0.298,0.442
"B",310776,994.108457998147,140.912305435938,0.688,0.906,0.046,0.816
"B",310777,259.956407213643,36.8481490712619,0.302,0.8,0.246,0.396
"B",310778,620.942486438743,116.353284968316,0.836,0.558,0.748,0.744
"B",310779,1080.03788897253,139.492257370586,0.758,0.442,0.858,0.382
"B",310780,633.531995010336,130.286634547143,0.336,0.442,0.224,0.372
"B",310781,150.540100775945,25.7025039610314,0.098,0.162,0.006,0.096
"B",310782,255.862695092247,30.1102277766788,0.44,0.53,0.612,0.432
"B",310783,182.963969553284,23.6307053586338,0.424,0.804,0.822,0.88
"B",310784,118.654839705538,22.2337505946943,0.292,0.446,0.894,0.794
"B",310785,550.305655963396,30.7665446485422,0.062,0.354,0.408,0.548
"B",310786,429.78646784456,41.9905658596599,0.4,0.116,0.812,0.51
"B",310787,128.98321393094,20.0656108879843,0.704,0.8,0.398,0.642
"B",310788,339.480937310009,52.8122395492336,0.234,0.636,0.662,0.514
"B",310789,268.115794643722,55.1383431747494,0.548,0.87,0.172,0.636
"B",310790,215.318874386407,23.0879371284703,0.106,0.032,0.018,0.002
"B",310791,292.078031536321,37.7233283788942,0.328,0.632,0.284,0.22
"B",310792,469.540670897248,45.874591082357,0.674,0.344,0.086,0.184
"B",310793,786.82709364818,48.2789808683442,0.88,0.342,0.348,0.294
"B",310794,605.789617823,53.9283056392019,0.108,0.458,0.426,0.268
"B",310795,473.585764791199,42.1593192069151,0.718,0.606,0.582,0.938
"B",310796,990.188405993631,73.182072695189,0.788,0.798,0.688,0.872
"B",310797,320.643337874401,104.996237361894,0.034,0.282,0.338,0.416
"B",310798,477.086379347505,89.3972769830734,0.424,0.794,0.108,0.964
"B",310799,577.346465422752,29.4108257722992,0.192,0.412,0.89,0.902
"B",310800,268.418545570393,55.2006042754557,0.078,0.746,0.142,0.612
"B",310801,99.8152745499703,17.0419873260906,0.796,0.53,0.182,0.852
"B",310802,432.232047924567,35.0596740126982,0.968,0.7,0.67,0.716
"B",310803,258.615792640671,25.2670204524767,0.842,0.82,0.13,0.308
"B",310804,132.884430639701,18.8360247087016,0.604,0.458,0.272,0.238
"B",310805,165.410988625882,23.4465802641368,0.588,0.48,0.894,0.944
"B",310806,211.347015391189,43.4637738484733,0.314,0.79,0.31,0.892
"B",310807,209.186618047864,35.7155326139461,0.704,0.876,0.56,0.616
"B",310808,203.966484775704,24.00301971802,0.748,0.748,0.91,0.846
"B",310809,440.253756158257,51.809588235144,0.7,0.566,0.586,0.344
"B",310810,99.9452940155674,24.7572124698602,0.314,0.666,0.444,0.494
"B",310811,975.477399992699,104.597244182402,0.76,0.632,0.4,0.902
"B",310812,312.178788277861,84.8685583442808,0.882,0.994,0.578,0.838
"B",310813,196.05682621609,33.4738141294742,0.48,0.544,0.792,0.89
"B",310814,385.525089048519,95.4975082723686,0.974,0.926,0.992,0.834
"B",310815,1110.88588960142,62.1075214319276,0.232,0.89,0.544,0.676
"B",310816,661.508202728989,102.909252999981,0.236,0.448,0.774,0.586
"B",310817,65.3686950123326,19.5037126474469,0.694,0.622,0.272,0.762
"B",310818,552.57810595305,71.3682067638221,0.788,0.402,0.376,0.494
"B",310819,667.555646151711,78.5587463306803,0.076,0.392,0.196,0.112
"B",310820,92.5512944886056,22.9256623294151,0.376,0.43,0.14,0.076
"B",310821,255.08701987949,39.683279145284,0.962,0.64,0.55,0.288
"B",310822,454.670534526119,148.884101821767,0.236,0.068,0.28,0.014
"B",310823,556.306635498707,94.9811606924231,0.12,0.21,0.244,0.18
"B",310824,1743.16922582227,106.959247315129,0.606,0.544,0.21,0.84
"B",310825,746.700118899068,45.8168269061127,0.332,0.926,0.32,0.538
"B",310826,473.433559017987,67.107983777048,0.656,0.842,0.586,0.606
"B",310827,836.910326269163,74.5030197609538,0.45,0.48,0.736,0.702
"B",310828,688.660601164617,73.8428189718743,0.528,0.656,0.636,0.554
"B",310829,478.177925075254,118.448323216109,0.658,0.28,0.766,0.366
"B",310830,614.355962281228,60.0231892474907,0.252,0.068,0.034,0.02
"B",310831,829.330455836858,107.112147242274,0.548,0.586,0.442,0.434
"B",310832,291.882048818701,23.6754528750909,0.998,0.952,0.794,0.874
"B",310833,1278.39894089984,165.111572387457,0.056,0.502,0.098,0.856
"B",310834,390.682360637055,45.9759671603207,0.306,0.886,0.154,0.152
"B",310835,2225.55486683663,315.466652191693,0.172,0.892,0.746,0.98
"B",310836,429.468633625166,34.8355249590493,0.596,0.288,0.302,0.564
"B",310837,228.713394473708,29.5394708016934,0.85,0.488,0.4,0.632
"B",310838,553.847773840833,71.5321906773367,0.266,0.138,0.53,0.546
"B",310839,184.476529994003,16.4223789911216,0.712,0.51,0.264,0.7
"B",310840,688.489607515991,107.106685775668,0.632,0.118,0.504,0.09
"B",310841,192.172431524409,27.2399456512671,0.888,0.572,0.786,0.304
"B",310842,314.140377095768,48.8700690493209,0.626,0.304,0.838,0.6
"B",310843,517.660774719271,140.730649587584,0.198,0.532,0.54,0.308
"B",310844,428.856963844779,96.7938624299998,0.326,0.16,0.168,0.246
"B",310845,95.9573730233285,19.7337518699278,0.316,0.462,0.194,0.104
"B",310846,116.373376058834,13.6949579891249,0.726,0.744,0.828,0.776
"B",310847,531.715829977061,75.3693451011666,0.092,0.244,0.212,0.176
"B",310848,365.316596268815,68.4536602948559,0.286,0.322,0.132,0.57
"B",310849,603.400159409208,149.466826807418,0.982,0.934,0.102,0.964
"B",310850,689.078626848846,129.120753671008,0.802,0.73,0.218,0.958
"B",310851,438.788418680638,74.9166568313865,0.458,0.274,0.374,0.38
"B",310852,273.550175635595,38.7750306227545,0.638,0.234,0.93,0.568
"B",310853,759.616563986972,46.6093679997279,0.534,0.664,0.59,0.344
"B",310854,613.309992206322,126.127954780552,0.752,0.552,0.836,0.686
"B",310855,722.753499622684,58.6247646605102,0.232,0.648,0.33,0.286
"B",310856,90.6574347954007,18.6438130500057,0.372,0.28,0.166,0.344
"B",310857,931.718352227731,109.645729320464,0.916,0.916,0.066,0.958
"B",310858,688.208068594498,170.474393471815,0.518,0.346,0.85,0.382
"B",310859,407.947105054542,33.0898474241138,0.536,0.852,0.268,0.884
"B",310860,361.601360227005,26.7249514038262,0.936,0.782,0.396,0.868
"B",310861,205.92628151157,35.1588781922574,0.974,0.838,0.34,0.198
"B",310862,402.838669486236,35.8613060577255,0.4,0.262,0.446,0.41
"B",310863,757.256293808173,55.9667077567414,0.016,0.15,0.01,0.036
"B",310864,68.3138209985825,20.3824343495631,0.066,0.204,0.428,0.408
"B",310865,253.243895062658,57.1576465033322,0.516,0.91,0.88,0.954
"B",310866,351.820180449241,37.7245247537478,0.066,0.004,0.046,0.12
"B",310867,754.066324432614,106.886953201641,0.384,0.466,0.524,0.82
"B",310868,303.363153773634,62.3870059634943,0.848,0.85,0.312,0.89
"B",310869,547.897582924203,30.6319138558647,0.978,0.694,0.832,0.78
"B",310870,228.21916183884,22.297239356303,0.956,0.67,0.954,0.878
"B",310871,150.414391206657,28.1849106891971,0.216,0.716,0.498,0.256
"B",310872,212.218892428103,15.6845084419882,0.638,0.406,0.206,0.13
"B",310873,447.723087960207,121.717472292871,0.498,0.15,0.308,0.268
"B",310874,461.538305386217,94.9159205801134,0.066,0.1,0.468,0.2
"B",310875,724.72754801214,77.7101594621331,0.306,0.134,0.126,0.414
"B",310876,155.772872704374,16.7030145479287,0.206,0.768,0.602,0.982
"B",310877,292.54034639105,37.7830386384699,0.01,0.074,0.134,0.082
"B",310878,453.977321390286,102.463576664446,0.182,0.026,0.208,0.094
"B",310879,164.512954974138,28.0881629218321,0.388,0.232,0.756,0.504
"B",310880,491.841060039967,111.009497143586,0.586,0.786,0.362,0.938
"B",310881,169.255269910772,28.8978433180523,0.026,0.004,0.002,0.002
"B",310882,764.94085511184,98.7959105175896,0.12,0.116,0.062,0.05
"B",310883,305.918245612828,43.363120912408,0.186,0.228,0.734,0.298
"B",310884,409.377565155693,39.9965957452025,0.49,0.18,0.512,0.856
"B",310885,120.262864366401,29.790029782585,0.26,0.264,0.948,0.824
"B",310886,933.305202499896,120.541002164539,0.042,0.214,0.026,0.942
"B",310887,406.092194532023,24.9174405010536,0.762,0.452,0.244,0.688
"B",310888,654.150505787051,177.836587401048,0.586,0.704,0.862,0.566
"B",310889,776.263853782536,110.033395635074,0.276,0.574,0.126,0.342
"B",310890,523.495160116113,35.252952768253,0.01,0.102,0.022,0.046
"B",310891,432.663428917012,35.0946646549771,0.734,0.868,0.72,0.394
"B",310892,409.809172521331,52.9288899489952,0.49,0.32,0.33,0.258
"B",310893,351.908595939432,41.4130241866142,0.912,0.724,0.524,0.232
"B",310894,338.498573123997,33.0716476473725,0.204,0.264,0.036,0.024
"B",310895,570.393056132394,73.669096057461,0.574,0.874,0.604,0.814
"B",310896,485.421619529682,20.5296592547052,0.992,0.852,0.546,0.964
"B",310897,258.214189371497,40.1697654429584,0.208,0.108,0.094,0.154
"B",310898,287.78547052392,37.168922805132,0.85,0.46,0.614,0.812
"B",310899,530.721164542487,99.4474564800465,0.638,0.908,0.498,0.73
"B",310900,406.635013192498,57.6394624941767,0.838,0.764,0.716,0.592
"B",310901,371.417193206114,39.8258481965991,0.528,0.696,0.998,0.932
"B",310902,476.610126352906,107.571845375572,0.882,0.732,0.854,0.926
"B",310903,236.768217855778,40.424684359298,0.144,0.146,0.402,0.572
"B",310904,1093.16854239662,80.7930483264797,0.308,0.818,0.364,0.296
"B",310905,421.304408335469,59.7188113542692,0.47,0.434,0.18,0.538
"B",310906,323.267866119482,28.777793105919,0.54,0.262,0.628,0.326
"B",310907,580.676380528069,68.3346905102125,0.026,0.142,0.838,0.378
"B",310908,211.664402678406,52.4308887279788,0.4,0.476,0.234,0.342
"B",310909,456.354278165855,93.8498190015644,0.436,0.498,0.538,0.862
"B",310910,246.161407999066,34.892743574836,0.044,0.064,0.068,0.124
"B",310911,479.966714145495,61.9900848872909,0.914,0.772,0.802,0.854
"B",310912,978.965834290306,126.438299533866,0.314,0.082,0.312,0.2
"B",310913,436.511192429578,81.7942277648106,0.018,0.156,0.356,0.166
"B",310914,167.112746380044,28.5320389958067,0.638,0.438,0.364,0.414
"B",310915,628.693689532576,225.940797178992,0.714,0.762,0.796,0.728
"B",310916,338.295015029641,100.93529879948,0.06,0.726,0.08,0.678
"B",310917,360.329036378673,89.2562536390889,0.196,0.428,0.378,0.472
"B",310918,355.543645016165,28.8392412163956,0.178,0.764,0.104,0.726
"B",310919,198.41971494946,17.6636223497714,0.074,0.84,0.866,0.918
"B",310920,845.69087972662,43.0806605919888,0.736,0.426,0.108,0.698
"B",310921,972.583523074415,54.3752986414805,0.136,0.186,0.478,0.122
"B",310922,435.06851736519,56.1912597861533,0.874,0.642,0.758,0.556
"B",310923,874.503477350762,70.9336732111994,0.592,0.44,0.882,0.882
"B",310924,915.32346169515,129.74473576736,0.512,0.638,0.802,0.928
"B",310925,535.116417831476,175.226501805219,0.048,0.766,0.134,0.956
"B",310926,519.296961630923,34.9702397573488,0.258,0.292,0.712,0.858
"B",310927,317.973984414086,34.0953080939246,0.59,0.238,0.572,0.564
"B",310928,426.363799889788,87.6822402307651,0.004,0.246,0.018,0.06
"B",310929,566.2789729799,106.110340576922,0.088,0.126,0.116,0.386
"B",310930,301.988260623639,39.0032836846889,0.01,0.038,0.028,0.044
"B",310931,218.141989698491,37.2445303636244,0.918,1,0.864,0.964
"B",310932,900.216545667208,140.044540446597,0.432,0.126,0.358,0.358
"B",310933,1357.84755924575,132.663058587755,0.416,0.25,0.166,0.214
"B",310934,260.297720874451,21.1135506585556,0.136,0.388,0.004,0.44
"B",310935,135.796111145745,27.9266373997107,0.1,0.026,0.144,0.208
"B",310936,477.844645506182,98.2693394961962,0.284,0.63,0.666,0.672
"B",310937,391.486739561697,60.9026581401254,0.358,0.378,0.166,0.626
"B",310938,383.03417859587,41.0714994617999,0.492,0.306,0.282,0.214
"B",310939,1003.11918956239,118.048265199393,0.472,0.606,0.204,0.378
"B",310940,164.352086752566,19.3411500098053,0.344,0.886,0.426,0.932
"B",310941,901.61837379286,23.9477754751147,0.318,0.692,0.32,0.82
"B",310942,482.211898628778,119.447569267122,0.018,0.118,0.098,0.23
"B",310943,369.031412348509,36.0547364420689,0.024,0.006,0.012,0.072
"B",310944,247.929174491925,29.1766015899439,0.924,0.67,0.986,0.938
"B",310945,120.969926978801,29.9651745905232,0.522,0.28,0.11,0.132
"B",310946,268.011604149059,31.539925915389,0.64,0.644,0.052,0.498
"B",310947,213.829248701042,40.0676971733158,0.934,0.608,0.856,0.81
"B",310948,385.86281270705,41.3748046258479,0.874,0.688,0.638,0.416
"B",310949,356.989766826941,42.0109824498927,0.194,0.436,0.754,0.744
"B",310950,587.965296663541,145.643493450891,0.214,0.234,0.356,0.594
"B",310951,515.099379898659,73.0140062345967,0.874,0.866,0.286,0.666
"B",310952,579.347412791909,51.5743806580912,0.122,0.006,0.042,0.008
"B",310953,471.163492457088,60.8531050850195,0.12,0.608,0.328,0.638
"B",310954,85.3178541328911,21.1338839216534,0.648,0.36,0.328,0.334
"B",310955,353.806445808641,55.0408247313332,0.556,0.666,0.416,0.732
"B",310956,154.190909266003,21.8561630042751,0.802,0.542,0.226,0.514
"B",310957,644.000249640184,52.2368457519409,0.57,0.606,0.63,0.796
"B",310958,268.59495653272,34.6903726134521,0.336,0.814,0.852,0.798
"B",310959,584.162537489123,62.6378341275964,0.376,0.364,0.79,0.322
"B",310960,399.501483273267,90.1682725770765,0.728,0.648,0.352,0.628
"B",310961,429.129827177876,55.4242484539481,0.146,0.318,0.232,0.242
"B",310962,371.427468858858,33.0650335926823,0.142,0.128,0.848,0.742
"B",310963,403.316200615691,43.2462742025945,0.476,0.92,0.736,0.954
"B",310964,911.428127221824,129.19258217017,0.536,0.38,0.818,0.308
"B",310965,445.0746834673,43.4842397489353,0.46,0.166,0.498,0.322
"B",310966,525.401906903517,89.7046336737869,0.194,0.314,0.194,0.37
"B",310967,196.202481003257,30.5227519076739,0.22,0.108,0.084,0.014
"B",310968,602.266771290454,123.856902806822,0.794,0.22,0.978,0.718
"B",310969,1059.45400081297,78.3013002731549,0.302,0.246,0.488,0.458
"B",310970,323.388785133261,31.5954063154095,0.212,0.288,0.556,0.266
"B",310971,447.490561069916,83.8515609898377,0.428,0.094,0.408,0.694
"B",310972,746.499283012945,116.131112604444,0.508,0.386,0.68,0.572
"B",310973,1113.09754387797,32.4473840450465,0.268,0.05,0.6,0.714
"B",310974,515.489939262022,55.2742965146759,0.032,0.128,0.074,0.048
"B",310975,648.086997826948,160.536097894278,0.85,0.566,0.722,0.378
"B",310976,510.242258826254,115.162683996141,0.162,0.024,0.14,0.03
"B",310977,315.764292684199,30.8504858112009,0.994,0.92,0.638,0.842
"B",310978,279.921332919307,30.0150470030813,0.206,0.416,0.628,1
"B",310979,459.975414386458,71.5572778955547,0.066,0.028,0.096,0.08
"B",310980,872.8213360293,123.720169267279,0.962,0.69,0.756,0.514
"B",310981,194.343080844042,25.1003740962083,0.38,0.974,0.342,0.876
"B",310982,255.827984410008,27.431596215582,0.554,0.8,0.864,0.458
"B",310983,469.031847406669,66.4840525288782,0.232,0.704,0.342,0.94
"B",310984,78.2669910410751,19.3873312962462,0.848,0.784,0.862,0.916
"B",310985,684.678617555964,116.898785035075,0.304,0.77,0.598,0.982
"B",310986,489.210207542741,39.6813482074939,0.618,0.634,0.802,0.36
"B",310987,1179.50806382878,45.4526805047636,0.38,0.56,0.856,0.76
"B",310988,787.214584535249,58.1808417503751,0.858,0.446,0.554,0.706
"B",310989,526.142746104931,156.982435241108,0.048,0.752,0.024,0.718
"B",310990,220.806452813419,25.9847672845606,0.64,0.794,0.594,0.166
"B",310991,596.417100111887,111.757675348152,0.858,0.314,0.02,0.174
"B",310992,867.156843751415,53.2079398476432,0.144,0.334,0.134,0.236
"B",310993,658.639981106979,135.450122791703,0.282,0.758,0.596,0.944
"B",310994,408.476810498191,36.3632218759964,0.476,0.688,0.338,0.886
"B",310995,522.849528090667,142.141257978575,0.098,0.194,0.09,0.586
"B",310996,450.554707971088,44.0196435995798,0.222,0.142,0.404,0.45
"B",310997,1052.50978085222,149.190542058577,0.044,0.47,0.49,0.286
"B",310998,760.448743555922,46.6604297664269,0.386,0.796,0.384,0.308
"B",310999,622.59826735765,106.299480008375,0.18,0.504,0.358,0.404
"B",311000,590.299464705687,36.2202277897953,0.566,0.646,0.564,0.986
