"truth","seed","lam","events","p_dec","p_edge","pu_dec","pu_edge","pinned","gen_sd"
"T1",400001,114.984191718182,95,0.592,0.558,0.002,0,0,0.346113838487087
"T1",400002,105.105406383278,98,0.048,0.146,0,0,0.00510204081632653,0.347193277331867
"T1",400003,239.576738182627,98,0.826,0.142,5e-04,0,0,0.33324420187445
"T1",400004,319.905552957241,96,0.85,0.476,0.00175,0,0,0.323338233349712
"T1",400005,124.65450033485,102,0.884,0.886,0.00825,0,0,0.346431992501087
"T1",400006,310.380877600148,90,0.974,0.648,0,0,0,0.324904726985904
"T1",400007,302.312193366645,90,0.222,0.098,0,0,0,0.344408010126782
"T1",400008,242.162604579174,98,0.372,0.814,0.013,0.00025,0,0.327690998961582
"T1",400009,325.805655823042,106,0.274,0.07,0,0,0,0.320134595231873
"T1",400010,193.336062459558,88,0.696,0.328,0,0,0,0.310651602232927
"T1",400011,200.163140717071,98,0.272,0.102,0,0,0,0.341082401588833
"T1",400012,242.927107803213,94,0.798,0.476,0,0,0,0.329102822664072
"T1",400013,203.201512316826,94,0.66,0.66,0,0,0,0.357353892766007
"T1",400014,238.102121636216,99,0.276,0.106,0,0,0,0.337367070352542
"T1",400015,238.21786570403,92,0.512,0.796,5e-04,0,0,0.317273541208064
"T1",400016,356.331494361075,91,0.608,0.13,0.0035,0,0,0.290769891099535
"T1",400017,294.276386949221,102,0.186,0.152,0,0,0,0.327528385018913
"T1",400018,126.302651379867,98,0.366,0.042,0.00025,0,0,0.355628616696666
"T1",400019,300.281383254756,106,0.372,0.872,0,0,0,0.320870883494849
"T1",400020,235.440802999586,99,0.856,0.49,0.00075,0,0,0.347472538997062
"T1",400021,163.288431518233,101,0.326,0.496,5e-04,0,0,0.323350853894811
"T1",400022,432.217072490524,97,0.5,0.876,5e-04,0,0,0.302842551584506
"T1",400023,188.334224183777,98,0.34,0.59,0.00175,0.00025,0,0.332797474752861
"T1",400024,169.485958601425,90,0.432,0.062,0.00025,0,0.00510204081632653,0.323402347040957
"T1",400025,88.5730379568594,99,0.226,0.018,0.00075,0,0.00510204081632653,0.366039607377554
"T1",400026,222.955597367345,94,0.538,0.428,5e-04,0,0,0.322385160801757
"T1",400027,142.156513756341,97,0.93,0.62,0.0025,0,0,0.337875913305536
"T1",400028,153.942324894533,93,0.102,0.292,0.00025,0,0,0.348019841215092
"T1",400029,220.89723684039,93,0.802,0.57,0,0,0,0.349058360792603
"T1",400030,224.724301853463,99,0.798,0.378,0.00075,0,0,0.336295042984626
"T1",400031,92.0714194811407,104,0.438,0.568,0.01125,5e-04,0,0.341908332621547
"T1",400032,88.1891735159293,95,0.714,0.65,0.00175,0,0,0.370808057492052
"T1",400033,311.037990458987,97,0.644,0.57,0.00025,0,0,0.328057601239049
"T1",400034,134.086639813497,103,0.798,0.234,0.00025,0,0,0.352202522238487
"T1",400035,133.480020879681,98,0.174,0.03,0.00075,0,0,0.349122523960253
"T1",400036,161.482952049004,101,0.644,0.25,0.00025,0,0,0.335747875727659
"T1",400037,107.726558683287,109,0.756,0.356,0.0235,0,0,0.34377758304587
"T1",400038,126.205740273218,102,0.854,0.54,0.003,5e-04,0,0.348674617510089
"T1",400039,267.04222585845,96,0.616,0.242,0,0,0,0.339314772294972
"T1",400040,200.510428172832,101,0.36,0.364,0.00575,0,0,0.332365108956582
"T1",400041,213.369936728042,100,0.15,0.39,0.00075,0,0,0.33047936522849
"T1",400042,251.059148162992,102,0.03,0.21,0,0,0,0.315739805175081
"T1",400043,147.169437888214,97,0.814,0.122,0.00675,0,0,0.338268851660353
"T1",400044,238.557530551718,98,0.374,0.456,0.00025,0,0,0.317258556987934
"T1",400045,90.3214167620029,107,0.098,0.332,0.0025,0,0,0.343439494199844
"T1",400046,340.177728743337,98,0.814,0.504,5e-04,0,0,0.335989096643879
"T1",400047,354.710902944251,97,0.452,0.674,0,0,0,0.317478892471697
"T1",400048,414.895711616769,94,0.19,0.202,0,0,0,0.327621951548325
"T1",400049,119.558802428189,93,0.848,0.258,0.0035,0,0,0.346491097221109
"T1",400050,272.870243364669,100,0.348,0.194,0,0,0,0.31762472718892
"T1",400051,226.866869495885,106,0.924,0.804,0.00175,0,0,0.313443729583065
"T1",400052,189.206054069356,93,0.072,0.13,0,0,0,0.336846639528948
"T1",400053,154.641803315301,97,0.898,0.638,0.00125,0,0,0.340356959810077
"T1",400054,189.968239109711,91,0.324,0.294,0.00225,0.00025,0,0.335020086848096
"T1",400055,166.125338809224,99,0.17,0.03,0.0115,0.00025,0,0.341664766145906
"T1",400056,153.070327783797,92,0.914,0.704,0.006,0,0.00510204081632653,0.33516306048684
"T1",400057,203.832451322494,110,0.254,0.02,5e-04,0,0,0.333219367625964
"T1",400058,235.019105970385,99,0.814,0.976,0.01575,0.00025,0,0.317230317564101
"T1",400059,186.257490481326,99,0.326,0.894,0,0.00025,0,0.328757316033413
"T1",400060,213.118318320985,108,0.64,0.412,0,0,0,0.333717717214066
"T1",400061,112.713276428144,87,0.544,0.412,5e-04,0.00025,0,0.345455615545159
"T1",400062,290.854197051013,96,0.394,0.136,0,0,0,0.339292190502639
"T1",400063,101.998983721086,95,0.952,0.976,0.00025,0,0,0.351462647710819
"T1",400064,198.847981863504,94,0.818,0.604,0.00175,0,0,0.335347259151618
"T1",400065,167.92376181847,98,0.494,0.284,0.0025,0.00025,0,0.332749400568055
"T1",400066,181.165808265188,104,0.658,0.244,0.00075,0,0,0.342256616062335
"T1",400067,266.508441411146,105,0.036,0.924,0,0,0,0.322082198797522
"T1",400068,489.599193264085,101,0.562,0.92,0,0,0,0.320578879651027
"T1",400069,211.455685279583,97,0.61,0.29,0.00075,0,0,0.32312267825284
"T1",400070,159.677408734789,102,0.98,0.98,0.001,0,0,0.353860294656874
"T1",400071,200.164382525877,97,0.724,0.63,0.00025,0,0,0.332273311355333
"T1",400072,145.289703777049,108,0.5,0.378,0.003,0,0,0.337617041750428
"T1",400073,138.524718943411,90,0.642,0.66,0.0145,0.00025,0,0.332876454218676
"T1",400074,145.280973796027,95,0.366,0.466,0.00125,0,0,0.340321110700303
"T1",400075,258.917372305539,95,0.266,0.734,0.00025,0,0,0.323559539351808
"T1",400076,181.520672778729,89,0.614,0.118,0.0055,0.00025,0,0.32650259124351
"T1",400077,795.742788188826,94,0.738,0.858,0,0,0,0.302287399485886
"T1",400078,141.271639393392,97,0.764,0.272,0.0055,0,0,0.342452847240251
"T1",400079,225.282160186564,88,0.464,0.114,0,0,0,0.317772517960302
"T1",400080,170.333432390476,93,0.342,0.398,0,0,0,0.347696440876268
"T1",400081,416.796848801698,102,0.812,0.228,0.00175,0,0,0.308208181186335
"T1",400082,415.210489441884,102,0.302,0.368,0,0,0,0.307261860794136
"T1",400083,224.363406596425,94,0.054,0.76,0.00025,0,0,0.308894440028787
"T1",400084,169.496201200204,92,0.758,0.92,0.00375,0.00025,0,0.335966138684739
"T1",400085,232.806862008813,92,0.708,0.878,0.0015,0,0,0.343439740537423
"T1",400086,418.541082153441,98,0.908,0.508,0.00175,0,0,0.308893639704523
"T1",400087,295.529931314249,100,0.342,0.654,0,0,0,0.324412803873102
"T1",400088,116.654809703454,93,0.85,0.298,0.00175,0,0.00510204081632653,0.356053221374296
"T1",400089,189.661625527535,93,0.412,0.046,0,0,0,0.337067940733784
"T1",400090,152.77819293417,93,0.09,0.37,0.00075,0,0,0.350858185335501
"T1",400091,353.081484363594,97,0.194,0.394,0,0,0,0.32312337608623
"T1",400092,326.936589709043,102,0.076,0.04,0,0,0,0.319579498503453
"T1",400093,163.156855264677,93,0.134,0.144,0.00025,0,0,0.343636067863268
"T1",400094,187.171591166621,91,0.71,0.786,0.001,0,0,0.329994149306648
"T1",400095,109.994716234003,101,0.954,0.794,0.0115,0,0.00510204081632653,0.339561715247976
"T1",400096,110.358181638538,90,0.23,0.09,0.0025,0.00025,0.00510204081632653,0.346007124494811
"T1",400097,212.92214258065,88,0.564,0.81,0.0045,0,0,0.320021468838395
"T1",400098,255.034414740086,101,0.764,0.558,0.00025,0,0,0.334172670473115
"T1",400099,207.223999188587,90,0.256,0.514,0.002,0,0,0.32385779586716
"T1",400100,236.530997479642,93,0.624,0.83,0,0,0,0.318103355366273
"T1",400101,144.663734511466,97,0.366,0.982,0.0165,0.00025,0,0.33637831520931
"T1",400102,270.774149717184,95,0.106,0.962,0,0,0,0.330127818774155
"T1",400103,327.134625731388,101,0.262,0.222,0,0,0,0.345237887537129
"T1",400104,217.961091879786,106,0.238,0.268,0.00025,0,0,0.326467136503801
"T1",400105,151.358085254567,85,0.492,0.852,0.00175,0,0,0.32590680539889
"T1",400106,211.279250020901,89,0.276,0.762,0.00075,0,0,0.318365191078298
"T1",400107,106.938859775024,104,0.364,0.114,0.00125,0,0,0.349911661552911
"T1",400108,164.93128817237,99,0.21,0.498,0,0,0.00510204081632653,0.3464482606845
"T1",400109,195.743197287393,95,0.238,0.074,0,0,0,0.338571819386143
"T1",400110,108.469531304262,102,0.766,0.838,0.00525,0,0,0.339092108692699
"T1",400111,354.935432996745,101,0.554,0.418,0,0,0,0.307748510716478
"T1",400112,164.463215078379,94,0.794,0.782,0,0,0,0.345635596794391
"T1",400113,174.528242651633,98,0.804,0.23,0.00025,0,0,0.344138008177924
"T1",400114,243.634700700663,89,0.104,0.05,0,0,0,0.322307889547392
"T1",400115,338.996028393534,105,0.766,0.858,0,0,0,0.329309730210759
"T1",400116,260.47324625508,107,0.458,0.568,5e-04,0,0,0.321088868200869
"T1",400117,205.869384759225,95,0.322,0.868,0.0105,0,0,0.319231526049344
"T1",400118,337.899134161355,92,0.052,0.002,0.00025,0,0,0.309502197903229
"T1",400119,114.605295292685,99,0.2,0.024,0.00075,0,0,0.356512494327676
"T1",400120,60.35421865005,95,0.862,0.606,0.0015,0,0.00510204081632653,0.380791989202146
"T1",400121,229.424385294855,97,0.324,0.848,0.0015,0,0,0.303649632117592
"T1",400122,128.673669040074,89,0.68,0.72,0.00025,0,0,0.3453051995943
"T1",400123,280.427877063163,101,0.482,0.738,0,0,0,0.318861524897711
"T1",400124,205.035418174552,102,0.804,0.424,0.00025,0,0,0.329286812467142
"T1",400125,280.744605638689,93,0.396,0.304,0,0,0,0.326844397896446
"T1",400126,275.961659016235,101,0.07,0.16,0.00075,0,0,0.319304638230421
"T1",400127,78.107768258209,103,0.254,0.766,0.00475,0.0015,0,0.351617687937131
"T1",400128,72.7812929588392,100,0.144,0.53,0,0.00025,0,0.365754531939409
"T1",400129,243.854289301509,87,0.508,0.872,0,0.00025,0.00510204081632653,0.330661809956866
"T1",400130,171.905740997157,102,0.412,0.996,0,0,0,0.325007962980121
"T1",400131,99.41968677657,91,0.17,0.764,0.0025,0.00025,0,0.341722184879806
"T1",400132,173.682049994604,100,0.808,0.568,5e-04,0,0,0.345234099632198
"T1",400133,235.22725719169,93,0.092,0.218,0,0,0,0.350671911018918
"T1",400134,380.994442422709,103,0.01,0.142,0.00025,0,0,0.327488250478261
"T1",400135,244.140221364584,100,0.624,0.97,0.001,0,0,0.315605174760833
"T1",400136,251.998347384939,93,0.396,0.042,0.00025,0,0,0.331718590994244
"T1",400137,311.288136908883,99,0.206,0.014,0,0,0,0.314235764361174
"T1",400138,288.959329597905,96,0.488,0.99,0,0,0,0.325260364797549
"T1",400139,184.49795861422,95,0.98,0.892,0.001,0,0,0.338588190575162
"T1",400140,236.031375682758,94,0.002,0.01,0,0,0,0.313960116329256
"T1",400141,133.120796008828,103,0.244,0.65,0.0185,0.00125,0,0.346807502419032
"T1",400142,190.534215790483,95,0.066,0.102,0,0,0,0.352919254828482
"T1",400143,122.982847595999,102,0.7,0.106,0.00075,0,0,0.3492368496399
"T1",400144,50.1544033854776,100,0.11,0.254,0,0,0.00510204081632653,0.381210325724028
"T1",400145,60.8833421860206,89,0.772,0.232,0.056,0,0.00510204081632653,0.364572087240884
"T1",400146,453.117555074108,93,0.314,0.03,0.00025,0,0,0.303744964502786
"T1",400147,209.810000724793,97,0.14,0.434,0,0,0,0.356280597693221
"T1",400148,333.420963135433,102,0.206,0.926,0,0,0,0.325469372765917
"T1",400149,157.035986511025,100,0.41,0.112,0,0,0,0.337759202858973
"T1",400150,393.954201984633,103,0.924,0.782,0.00075,0,0,0.303943477970708
"T1",400151,399.434248875395,96,0.81,1,0,0,0,0.312382618082132
"T1",400152,351.998376911894,105,0.546,0.518,0,0,0,0.33900573771695
"T1",400153,176.323718557444,96,0.352,0.09,0.001,0,0,0.343564928827484
"T1",400154,268.176016683713,98,0.868,0.542,0.003,0,0,0.325907735290175
"T1",400155,486.839515516822,100,0.08,0.28,0,0,0,0.31472300627081
"T1",400156,274.203602313408,99,0.32,0.662,0,0,0,0.322453914262917
"T1",400157,137.045706176827,93,0.576,0.086,0.00025,0,0,0.344037694540394
"T1",400158,247.710899564954,97,0.062,0.444,0.01125,5e-04,0,0.311148325365271
"T1",400159,377.610607995844,90,0.234,0.32,0.00025,0,0,0.325503301261344
"T1",400160,155.161305636873,87,0.714,0.864,0.001,0,0,0.341585782785199
"T1",400161,172.318409048302,100,0.548,0.956,0.002,0,0,0.345343581245076
"T1",400162,423.153012017053,108,0.754,0.258,0,0,0,0.332789658489293
"T1",400163,159.152799919213,99,0.828,0.638,5e-04,0,0,0.348696151236764
"T1",400164,133.93108203599,99,0.018,0.032,0,0,0,0.35317829753919
"T1",400165,185.562317625423,93,0.896,0.208,0,0,0,0.317013013511796
"T1",400166,130.514003291122,94,0.566,0.222,0.00425,0,0,0.354085168909248
"T1",400167,111.168024073277,105,0.306,0.586,0.003,0,0,0.354447844860807
"T1",400168,181.269198967551,94,0.724,0.928,0,0,0,0.350531682184964
"T1",400169,151.948449825023,97,0.32,0.096,0.00325,0,0,0.336622899425685
"T1",400170,186.17721566552,92,0.108,0.294,0.001,0,0,0.333587295891053
"T1",400171,539.636551785991,94,0.812,0.718,0.0025,0,0,0.299508257229947
"T1",400172,103.259841265135,104,0.736,0.778,0.002,0,0,0.352333781822128
"T1",400173,231.433719103209,98,0.454,0.978,0.00025,0,0,0.321563168180324
"T1",400174,202.744006223736,102,0.134,0.032,5e-04,0,0,0.332087569434681
"T1",400175,725.296537720268,100,0.382,0.538,0,0,0,0.305913672082278
"T1",400176,200.298454611937,93,0.544,0.046,0.00025,0,0,0.321365322109218
"T1",400177,154.14454305343,93,0.036,0.096,0,0,0,0.345978079174713
"T1",400178,309.092328115309,100,0.814,0.588,0.00025,0,0,0.327774110204973
"T1",400179,85.0718073617471,98,0.554,0.364,0.01,5e-04,0,0.344577294860813
"T1",400180,105.312712680328,94,0.77,0.364,0.00075,0,0,0.352667464439266
"T1",400181,219.870026055858,106,0.008,0.324,0,0,0,0.337159070514135
"T1",400182,191.354639499984,108,0.046,0.274,0,0,0,0.342809274123488
"T1",400183,79.8097446299658,105,0.898,0.794,0.01425,0,0,0.357290172060487
"T1",400184,213.021541589764,89,0.56,0.678,0,0,0,0.334999825095537
"T1",400185,170.01501102522,92,0.068,0.016,0.00075,0,0,0.324661349613735
"T1",400186,193.269992407601,94,0.908,0.254,0,0,0,0.352376191373275
"T1",400187,285.022353732341,97,0.582,0.054,0.0015,0,0,0.33913576869143
"T1",400188,184.902155496079,89,0.75,0.726,0.002,0,0,0.342552207622935
"T1",400189,91.1546000870982,97,0.14,0.266,0,0,0.00510204081632653,0.35821233134653
"T1",400190,169.151949310416,103,0.75,0.33,5e-04,0,0,0.348632285808852
"T1",400191,167.462140597722,96,0.086,0.424,0,0,0,0.334208406305987
"T1",400192,380.998841092979,107,0.11,0.742,0,0,0,0.322560096384289
"T1",400193,58.3505632499391,96,0.19,0.068,0.01875,0.0055,0,0.345169316307257
"T1",400194,187.006283047614,100,0.332,0.054,0.00025,0,0,0.342990198096944
"T1",400195,183.576791452208,96,0.7,0.53,0.0015,0,0,0.334572925958454
"T1",400196,170.788791441309,99,0.586,0.418,0.00125,0,0,0.346437431510167
"T1",400197,158.42669052718,101,0.772,0.418,0.0015,0,0,0.346062131853932
"T1",400198,203.925078752166,96,0.068,0.016,0,0,0,0.347339816503725
"T1",400199,238.441472387796,101,0.044,0.036,0,0,0,0.343079697839267
"T1",400200,173.692781968559,87,0.548,0.744,0.00725,0,0,0.328716656029394
"T1",400201,339.167572537936,102,0.2,0.894,0,0,0,0.329125369860073
"T1",400202,375.404823543402,96,0.604,0.404,0.001,0,0,0.309948340401284
"T1",400203,122.299628871593,92,0.5,0.61,0.00025,0,0,0.34544661016769
"T1",400204,180.901832003836,92,0.224,0.336,0.00025,0,0,0.338477221082622
"T1",400205,163.214481126869,102,0.584,0.444,0.00075,0,0,0.335488837705583
"T1",400206,319.240826258653,104,0.174,0.9,0,0,0,0.309215886470622
"T1",400207,312.764763875082,94,0.476,0.25,0.001,0,0,0.308362495043206
"T1",400208,201.701037188302,98,0.006,0.214,0,0,0,0.330828545053218
"T1",400209,123.769775279866,100,0.196,0.092,0.00275,0.00025,0.00510204081632653,0.341684384588388
"T1",400210,253.478994438836,101,0.738,0.442,0,0,0,0.320746161290797
"T1",400211,230.074504534759,95,0.864,0.636,0.00025,0,0,0.338885847177144
"T1",400212,281.21583859673,104,0.134,0.774,0,0,0,0.330762735566803
"T1",400213,267.497367172105,97,0.452,0.318,5e-04,0,0,0.319886561122627
"T1",400214,79.8985665544634,101,0.59,0.608,0.00575,0.00025,0,0.364400789607256
"T1",400215,146.754864516113,89,0.704,0.614,0.0035,0,0,0.33678523725053
"T1",400216,327.961547152526,100,0.762,0.742,0,0,0,0.318282101047614
"T1",400217,104.483307452155,103,0.054,0.06,0.0085,0,0,0.364561535279525
"T1",400218,152.415469717026,104,0.602,0.108,0,0,0,0.362448824371912
"T1",400219,151.151386205375,93,0.4,0.602,0.00225,5e-04,0,0.339778652629584
"T1",400220,215.111970044888,95,0.432,0.98,0.004,0,0,0.317289858392814
"T1",400221,289.053027014346,95,0.328,0.758,0,0,0,0.32732849886809
"T1",400222,138.679864165629,107,0.354,0.124,0.00125,0,0.00510204081632653,0.338858718685742
"T1",400223,180.552067540937,94,0.832,0.572,0.00775,0.00025,0,0.335057116338521
"T1",400224,252.085888840939,99,0.486,0.566,0.00025,0,0,0.324240413043385
"T1",400225,164.598625897184,92,0.636,0.484,0.00275,0,0,0.327832506306399
"T1",400226,114.164101179264,101,0.102,0.066,0,0,0,0.358692252041937
"T1",400227,158.656498977062,100,0.618,0.946,0.0015,0,0,0.325303396714213
"T1",400228,236.848610448459,94,0.506,0.066,0.00025,0,0,0.335026089115116
"T1",400229,156.606461046742,98,0.99,0.638,0.0015,0,0,0.344554354340595
"T1",400230,202.033325724392,96,0.14,0.006,0.00025,0,0,0.331036588333836
"T1",400231,226.549896512977,100,0.41,0.21,0,0,0,0.3162336527703
"T1",400232,307.114478581821,100,0.076,0.018,0,0,0,0.327116570467603
"T1",400233,171.532628146451,94,0.81,0.422,0.003,0,0,0.333996730003015
"T1",400234,77.8541033038229,97,0.654,0.134,0.00625,0.00025,0,0.359496458755763
"T1",400235,417.790333525198,102,0.766,0.11,0.00025,0,0,0.309288824283198
"T1",400236,355.449754087464,99,0.944,0.994,0.00325,0,0,0.307689393494038
"T1",400237,207.234040573275,97,0.812,0.522,0,0,0,0.329671767303699
"T1",400238,110.80190374011,101,0.358,0.252,0.001,0,0,0.353609209851708
"T1",400239,104.84483319269,92,0.06,0.318,0,0,0,0.355999453495671
"T1",400240,155.509151710175,101,0.386,0.172,0.013,5e-04,0,0.323649126395619
"T1",400241,229.911908757791,97,0.036,0.078,0.001,0,0,0.324309337021445
"T1",400242,80.3411524019454,95,0.436,0.274,0.01025,0.001,0,0.335913168161889
"T1",400243,182.21456395352,99,0.34,0.62,0.001,0,0,0.33372384688187
"T1",400244,399.802398545569,97,0.248,0.158,0,0,0,0.320491223979372
"T1",400245,168.157828036495,97,0.45,0.208,0.00025,0,0,0.341968163554402
"T1",400246,224.395311922463,92,0.12,0.014,0.008,0,0,0.304972895090736
"T1",400247,166.295209829076,94,0.984,0.77,0.007,0.00025,0,0.349850065408672
"T1",400248,231.292963719146,99,0.36,0.328,0.001,0,0,0.340160532111885
"T1",400249,104.544607560056,100,0.56,0.878,0,0,0,0.357227887747738
"T1",400250,174.34642151358,88,0.27,0.08,0,0,0,0.336084341709969
"T1",400251,354.657610633458,95,0.432,0.136,0,0,0,0.318552868793424
"T1",400252,174.714598842491,100,0.052,0.01,0.001,0,0,0.343590085134325
"T1",400253,179.375278357655,101,0.89,0.43,5e-04,0,0,0.349845297726631
"T1",400254,154.709906056301,104,0.604,0.374,0,0,0,0.347059657548232
"T1",400255,281.803848536792,98,0.088,0.94,0.00025,0,0,0.334917980061339
"T1",400256,171.41138420278,92,0.94,0.998,0.0095,0,0,0.340728103305319
"T1",400257,128.30226808441,98,0.308,0.254,0.00075,0,0,0.342689040020691
"T1",400258,80.7032897906331,92,0.548,0.808,0.00525,0.00025,0.00510204081632653,0.358462845024322
"T1",400259,177.767070677245,94,0.55,0.364,0.0055,0,0,0.323624802155902
"T1",400260,234.348449695662,95,0.156,0.536,0,0,0,0.335451082032701
"T1",400261,109.220398228598,100,0.206,0.062,0,0,0,0.3444712525856
"T1",400262,102.013744253378,104,0.486,0.442,0.00075,0.00025,0,0.362553183226842
"T1",400263,124.121709042172,93,0.162,0.072,5e-04,0,0,0.333452533277647
"T1",400264,120.274466911397,101,0.072,0.028,0.001,0,0,0.329537624629475
"T1",400265,237.088453357509,96,0.268,0.344,0,0,0,0.355146207102362
"T1",400266,263.792040997866,103,0.448,0.732,0,0,0,0.33990819257419
"T1",400267,291.706250874858,96,0.214,0.516,0,0,0,0.331043952208637
"T1",400268,291.494413902556,101,0.966,0.258,0.001,0,0,0.334682672898648
"T1",400269,161.549845351213,90,0.808,0.166,0.0015,0,0,0.340637903142953
"T1",400270,290.674685520672,106,0.392,0.69,0.00075,0,0,0.323810405954966
"T1",400271,116.228764035715,100,0.824,0.684,0.001,0,0,0.33514012523792
"T1",400272,69.2385307004198,101,0.442,0.25,0.00075,0,0.00510204081632653,0.378543468060996
"T1",400273,472.939143139325,102,0.226,0.632,0,0,0,0.313453372690709
"T1",400274,113.264110714375,96,0.862,0.742,0.00475,0,0,0.361341136104373
"T1",400275,263.487652296806,101,0.118,0.036,0,0,0,0.329755170296683
"T1",400276,134.858702605821,100,0.952,0.286,0.00275,0,0,0.347136601806903
"T1",400277,268.31405307669,104,0.668,0.878,5e-04,0,0.00510204081632653,0.328331835995349
"T1",400278,73.4109019778405,104,0.614,0.548,0.00425,0.00025,0,0.365148667326407
"T1",400279,329.108066699168,99,0.936,0.302,0.00275,0,0,0.324666842300895
"T1",400280,317.877445694011,102,0.31,0.218,0,0,0,0.334434751196253
"T1",400281,301.343568198821,108,0.982,0.522,0.00025,0,0,0.332031024530934
"T1",400282,166.147888059647,94,0.302,0.226,5e-04,0,0,0.337742338209144
"T1",400283,350.021962296482,108,0.404,0.02,0,0,0,0.307957113248526
"T1",400284,260.156568648482,92,0.722,0.176,5e-04,0,0,0.307308057747894
"T1",400285,267.567421315239,99,0.452,0.116,5e-04,0,0,0.321814658028856
"T1",400286,116.405441755261,97,0.068,0.012,0,0,0,0.35370027543377
"T1",400287,362.151012010272,105,0.192,0.26,0,0,0,0.314525519217835
"T1",400288,176.67695368877,106,0.138,0.108,0.00075,0,0,0.34219094026373
"T1",400289,421.15398322433,102,0.226,0.494,0,0,0,0.328603208517822
"T1",400290,486.197424903749,98,0.434,0.182,0,0,0,0.309043120368496
"T1",400291,257.535852074883,101,0.23,0.31,5e-04,0,0,0.333789955147746
"T1",400292,171.861744953599,100,0.88,0.74,0.00675,0,0.00510204081632653,0.337172731691938
"T1",400293,414.068537198148,95,0.096,0.726,0,0,0,0.30545656833275
"T1",400294,599.965746084788,105,0.29,0.854,0,0,0,0.30181646304453
"T1",400295,129.254009253948,104,0.874,0.22,0.00125,0,0.00510204081632653,0.367262226760038
"T1",400296,133.58735337375,102,0.354,0.018,5e-04,0,0,0.343350333923308
"T1",400297,60.4486740467106,89,0.304,0.818,0.00225,0.003,0,0.333289574707255
"T1",400298,111.122087872294,98,0.532,0.382,0.0045,0,0,0.347347328401918
"T1",400299,216.025084876384,97,0.47,0.476,0,0,0,0.339933132908249
"T1",400300,145.312264074307,103,0.928,0.524,0.00225,0,0,0.331629634175115
"T1",400301,289.322482268186,99,0.476,0.196,0,0,0,0.317650933393915
"T1",400302,170.661731930504,97,0.544,0.71,0.00075,0,0,0.340722687196632
"T1",400303,322.408257904069,97,0.612,0.71,0.001,0,0,0.314598920695106
"T1",400304,95.3225056415247,100,0.152,0.072,5e-04,0,0,0.353217249498363
"T1",400305,197.838093166545,101,0.11,0.878,0,0,0,0.338586735586764
"T1",400306,149.028169383611,102,0.284,0.236,0.00175,0,0,0.340825772056956
"T1",400307,198.152045331616,98,0.012,0.608,0,0,0,0.329274286887213
"T1",400308,226.227887048023,102,0.382,0.674,0.00075,0,0,0.334563465646227
"T1",400309,252.572424932832,89,0.74,0.604,0.00025,0,0,0.323791172996067
"T1",400310,219.652099123463,98,0.75,0.782,0.00375,0,0,0.319457929615055
"T1",400311,204.721595824562,104,0.83,0.608,0.0015,0,0,0.32777237299622
"T1",400312,140.028967087553,102,0.454,0.73,0.00075,0.00025,0,0.348759831540857
"T1",400313,245.948156823445,94,0.616,0.548,0.00075,0,0,0.32204478138579
"T1",400314,176.287340951647,95,0.452,0.764,0.00025,0,0.00510204081632653,0.320275216111312
"T1",400315,302.592664327889,93,0.766,0.138,5e-04,0,0,0.326997616220238
"T1",400316,214.483978497852,101,0.516,0.616,0.00475,0.00025,0,0.320599544019977
"T1",400317,262.306322440622,96,0.476,0.534,5e-04,0,0,0.309165157440998
"T1",400318,100.538137403804,99,0.964,0.648,0.02025,0.00025,0,0.349962600148288
"T1",400319,57.0551239554795,99,0.032,0.114,0.0015,0,0.00510204081632653,0.364621618040886
"T1",400320,326.36642364708,94,0.492,0.956,0.00025,0,0,0.299688196769041
"T1",400321,213.877348439436,102,0.274,0.17,0,0,0,0.33108349871638
"T1",400322,347.141267530812,94,0.89,0.74,0,0,0,0.324221587007664
"T1",400323,53.3577624144912,96,0.814,0.506,0.011,0.00025,0.00510204081632653,0.375804743376409
"T1",400324,127.339379325617,99,0.718,0.138,0.00175,0,0,0.339574977379203
"T1",400325,460.266484770381,107,0.124,0.786,0,0,0,0.309376398136208
"T1",400326,253.11675506802,97,0.614,0.68,0,0,0,0.320536505733778
"T1",400327,308.269976067491,98,0.036,0.76,0,0,0,0.329643206436619
"T1",400328,252.867815236093,99,0.976,0.798,0.001,0,0,0.328367473126955
"T1",400329,195.918687022927,112,0.088,0.478,0.00025,0,0,0.322192757473366
"T1",400330,152.701800828457,90,0.252,0.038,0.00275,0,0,0.345305731938706
"T1",400331,237.451996791191,98,0.566,0.07,0,0,0,0.340865282990632
"T1",400332,254.588053305432,99,0.19,0.032,0,0,0,0.35108944866806
"T1",400333,477.738070042168,102,0.332,0.148,0.00025,0,0,0.318302151863343
"T1",400334,284.429621824945,96,0.664,0.804,0,0,0,0.321199382559093
"T1",400335,218.971625013368,104,0.942,0.2,0,0,0,0.330244535858714
"T1",400336,331.270316074161,89,0.246,0.07,0.00125,0,0,0.326901926558691
"T1",400337,184.007994792186,107,0.2,0.472,0,0,0,0.331330781166518
"T1",400338,437.333185837277,91,0.534,0.252,0,0,0,0.315357154064616
"T1",400339,516.68711216245,95,0.52,0.182,0.00025,0,0,0.309537109511669
"T1",400340,198.292073581744,94,0.83,0.338,0,0,0,0.331711026418804
"T1",400341,306.460644752332,103,0.494,0.932,0,0,0,0.333120847758262
"T1",400342,176.570421515475,96,0.318,0.308,0.0015,0,0,0.33856408057486
"T1",400343,138.308795607582,99,0.122,0.09,0.0165,0,0,0.323619374099883
"T1",400344,234.937321521706,103,0.196,0.156,0,0,0,0.342848353378837
"T1",400345,180.563612418978,95,0.604,0.59,5e-04,0,0,0.33504557297842
"T1",400346,151.424293895486,96,0.716,0.1,0.00775,0,0,0.339207659577406
"T1",400347,261.024067497391,94,0.372,0.068,0,0,0,0.321859898560993
"T1",400348,234.60071947793,100,0.372,0.638,0,0,0,0.332794565046491
"T1",400349,145.607482485179,96,0.916,0.852,0.02825,0.00075,0,0.335381547307118
"T1",400350,210.885536837629,96,0.086,0.326,5e-04,0,0,0.330462801559194
"T1",400351,275.494047610818,95,0.958,0.614,5e-04,0,0,0.328398614994708
"T1",400352,210.356493475446,102,0.062,0.086,0,0,0,0.338523117181069
"T1",400353,124.975102942525,93,0.906,0.518,0.01025,0,0,0.355251439145097
"T1",400354,75.6241393634316,92,0.888,0.536,0.0035,0,0,0.380728174628451
"T1",400355,132.331396786178,89,0.582,0.948,0.005,0,0,0.351017632494486
"T1",400356,96.8262282456085,92,0.156,0.3,0.00275,0.00025,0,0.340266574700637
"T1",400357,171.846896288898,103,0.322,0.796,5e-04,0,0,0.347437159244233
"T1",400358,272.99025436919,100,0.678,0.166,0.001,0,0,0.327832929610252
"T1",400359,132.286882922359,90,0.178,0.026,5e-04,0,0,0.357052644178646
"T1",400360,284.543291550114,101,0.114,0.318,0,0,0,0.314317947174991
"T1",400361,223.946501440058,95,0.708,0.404,0.00025,0,0,0.317404178878847
"T1",400362,72.5506149697302,101,0.568,0.41,0.001,0,0.00510204081632653,0.378260100875797
"T1",400363,244.931421512605,100,0.102,0.4,5e-04,0,0,0.327386198949672
"T1",400364,170.568743054649,102,0.178,0.724,0.00025,0,0,0.353840073778917
"T1",400365,253.15265985147,92,0.362,0.076,0,0,0,0.323353572904107
"T1",400366,267.613891849118,96,0.192,0.034,0,0,0,0.351265022917503
"T1",400367,269.316993361087,95,0.76,0.286,0.00075,0,0,0.315432667736625
"T1",400368,168.616463468672,93,0.698,0.308,0.0035,0,0,0.34598672072267
"T1",400369,269.586678179007,101,0.204,0.038,0.00025,0,0,0.325486943507414
"T1",400370,125.196382448341,93,0.966,0.974,0.00775,0,0,0.349772484187779
"T1",400371,216.120293680663,96,0.75,0.472,0.00225,0,0,0.331521419796056
"T1",400372,176.810749903415,91,0.362,0.164,0,0,0,0.349917043750673
"T1",400373,166.094270953086,95,0.96,0.868,0.00425,0,0,0.34247875027242
"T1",400374,344.159398080753,90,0.67,0.194,0.00175,0,0,0.315624797336882
"T1",400375,223.55893904878,92,0.936,0.406,0.001,0,0,0.3367447122232
"T1",400376,423.645533720013,92,0.022,0.008,0,0,0,0.309525046351079
"T1",400377,176.927339418846,111,0.658,0.224,0.002,0,0,0.342620530018844
"T1",400378,257.857782251698,101,0.496,0.216,0.00075,0,0,0.327973650997353
"T1",400379,104.317133828017,93,0.222,0.058,0,0,0,0.362000444880599
"T1",400380,305.293036580392,96,0.25,0.008,0.00025,0,0,0.314116698418904
"T1",400381,438.340948259126,99,0.14,0.06,0,0,0,0.31222961128261
"T1",400382,127.086167527533,97,0.236,0.122,0.00025,0,0,0.351860268997903
"T1",400383,159.311406703081,94,0.65,0.196,0.00075,0.00025,0,0.342190663252088
"T1",400384,219.822841188833,101,0.566,0.034,0,0,0,0.352692284238122
"T1",400385,229.840826899137,96,0.786,0.776,0.00075,0,0,0.337869336180926
"T1",400386,208.984733687013,106,0.092,0.678,0.00025,0,0,0.319961000222478
"T1",400387,260.126510435212,90,0.464,0.55,0,0,0,0.345682242715733
"T1",400388,271.565552872797,96,0.654,0.796,0,0,0,0.32123743909222
"T1",400389,88.1191528709008,103,0.45,0.468,0.00025,0,0,0.365052647325027
"T1",400390,821.834069344257,100,0.354,0.718,0,0,0,0.304926820031986
"T1",400391,202.061368504363,97,0.526,0.72,0.00025,0,0,0.342180538289117
"T1",400392,167.576508347544,93,0.82,0.352,0.00325,0,0,0.352659195522986
"T1",400393,118.000440775954,87,0.42,0.346,0.003,0,0,0.330683091138402
"T1",400394,332.989568016228,93,0.968,0.594,0.00025,0,0,0.308995366953699
"T1",400395,169.179008410924,97,0.136,0.138,0.00025,0,0,0.342322509823936
"T1",400396,123.122488647851,103,0.86,0.21,0.0075,0,0,0.3611153647841
"T1",400397,257.388626414606,101,0.416,0.356,0,0,0,0.332135559355456
"T1",400398,141.151798101086,107,0.924,0.818,0.00225,0,0.00510204081632653,0.340983193500297
"T1",400399,321.582891522367,107,0.028,0.618,0,0,0,0.311131660643969
"T1",400400,195.737765157,96,0.852,0.552,0.00025,0,0,0.335962837378496
"T1",400401,288.945749023712,99,0.056,0.832,0,0,0,0.321030836560293
"T1",400402,217.447778105772,102,0.836,0.684,0.007,0,0,0.328244588479524
"T1",400403,204.665772383765,90,0.236,0.006,0,0,0,0.328523040253906
"T1",400404,140.436664158047,102,0.684,0.866,0.00025,0,0,0.350514340310334
"T1",400405,232.919449560567,95,0.508,0.164,0,0,0,0.334042637444302
"T1",400406,240.33545004356,102,0.296,1,0.006,0,0,0.327672472559217
"T1",400407,285.205326096435,85,0.626,0.526,5e-04,0,0,0.307740445335548
"T1",400408,215.817889233887,96,0.692,0.222,0.00125,0,0,0.321634048049045
"T1",400409,267.53657286696,99,0.344,0.252,0.00125,0,0,0.320492268274988
"T1",400410,125.681372731573,95,0.186,0.042,5e-04,0,0,0.341559963856937
"T1",400411,92.4393128923571,103,0.148,0.76,0.01275,0.00025,0.00510204081632653,0.348637742046501
"T1",400412,315.118524789618,98,0.04,0.048,0,0,0,0.315633962118069
"T1",400413,247.792474624283,98,0.662,0.968,0.00125,0,0,0.318948087331533
"T1",400414,375.850826579528,97,0.61,0.444,0.00025,0,0,0.305552326735414
"T1",400415,330.95916311532,100,0.282,0.98,0,0,0,0.328163223440932
"T1",400416,66.749716955193,94,0.47,0.236,0.022,0.00025,0,0.370845809893464
"T1",400417,140.110506501652,102,0.284,0.944,0,0,0,0.347725155585821
"T1",400418,254.239377963919,104,0.898,0.482,0.00625,0,0,0.319139818236256
"T1",400419,347.004762118084,100,0.068,0.052,0,0,0,0.311359890867039
"T1",400420,98.4592370998484,93,0.518,0.236,0.0055,0,0.00510204081632653,0.351152931244306
"T1",400421,414.405799990211,108,0.14,0.744,0,0,0,0.315516320601104
"T1",400422,165.723461057245,101,0.826,0.354,0.0025,0.00025,0,0.325191813730223
"T1",400423,251.145816701447,101,0.59,0.26,0.00025,0,0,0.335546328367104
"T1",400424,142.540783095721,97,0.288,0.412,5e-04,0,0,0.324966224914385
"T1",400425,210.942175125473,96,0.818,0.502,0.00175,0,0,0.318447808427289
"T1",400426,124.786413067984,96,0.11,0.014,0.00025,0,0.00510204081632653,0.337077065879838
"T1",400427,289.42531506706,98,0.958,0.922,0.00025,0,0,0.330487776061824
"T1",400428,346.034927775562,92,0.096,0.738,0,0,0,0.323392134403713
"T1",400429,210.90844301009,95,0.392,0.826,0.019,0,0,0.328315902144392
"T1",400430,178.026833182372,106,0.308,0.614,0.002,0,0,0.35302829042343
"T1",400431,478.697512075615,93,0.04,0.24,5e-04,0,0,0.298468907152786
"T1",400432,231.026049393166,91,0.66,0.23,0.00025,0,0,0.328969639152181
"T1",400433,150.862702213016,102,0.066,0.156,0,0,0,0.35059847419297
"T1",400434,205.840776932503,95,0.708,0.506,0.00125,0,0,0.339948479783583
"T1",400435,830.610469923904,100,0.878,0.958,0,0,0,0.288933565639245
"T1",400436,368.788700263675,106,0.09,0.024,0,0,0,0.322244433206953
"T1",400437,148.995752302753,99,0.492,0.134,0.00175,0,0,0.345379745657936
"T1",400438,247.917219771325,101,0.308,0.938,5e-04,0,0,0.339532379742791
"T1",400439,106.589946298633,86,0.412,0.78,0.023,0.00025,0.00510204081632653,0.335935644042759
"T1",400440,241.316847457885,96,0.656,0.26,0.00125,0,0,0.31628450448099
"T1",400441,619.770285968694,100,0.244,0.184,0,0,0,0.311926794414272
"T1",400442,161.174525605287,97,0.244,0.068,0.002,0,0,0.333854209222055
"T1",400443,165.428368453877,90,0.46,0.75,5e-04,0,0,0.350023578653465
"T1",400444,457.642563636514,102,0.166,0.802,0,0,0,0.311047146902009
"T1",400445,198.146613201223,99,0.246,0.234,0,0,0,0.339406000807313
"T1",400446,199.587334895425,106,0.54,0.092,0,0,0,0.344985905302414
"T1",400447,384.464125096985,88,0.098,0.166,0,0,0,0.326016734944512
"T1",400448,210.93886495152,94,0.894,0.93,0.0025,0,0,0.333379035063395
"T1",400449,190.774608688033,95,0.916,0.656,0.0105,0,0,0.335477898437135
"T1",400450,124.901268120109,95,0.15,0.404,0.00125,0.00025,0.00510204081632653,0.348985210524978
"T1",400451,267.133633325368,100,0.684,0.636,0.00025,0,0,0.309512373468319
"T1",400452,180.528965534675,102,0.524,0.09,0.00025,0,0,0.335283338015831
"T1",400453,274.569464237922,104,0.156,0.13,0.00025,0,0,0.333291948318704
"T1",400454,160.000728890193,105,0.246,0.37,0.00075,0.00025,0,0.336923871130385
"T1",400455,206.476483373692,90,0.734,0.726,0.00075,0,0,0.338293048826872
"T1",400456,313.770360035465,97,0.71,0.46,0,0,0,0.334935123172316
"T1",400457,280.813784105033,106,0.482,0.088,0.00075,0,0,0.319326960136688
"T1",400458,241.615816144634,97,0.954,0.996,0.0035,0,0,0.339309362943757
"T1",400459,379.140706398118,97,0.768,0.154,0,0,0,0.324928791709358
"T1",400460,652.45369498311,91,0.972,0.628,0,0,0,0.306299747659341
"T1",400461,405.783993393175,96,0.862,0.472,0.001,0,0,0.325793360884364
"T1",400462,206.111167102122,98,0.234,0.214,5e-04,5e-04,0,0.322435891232721
"T1",400463,211.09376696269,101,0.428,0.094,0,0,0,0.336612213333469
"T1",400464,245.574356891091,102,0.164,0.298,0,0,0,0.320777624863679
"T1",400465,198.201626281686,103,0.016,0.032,0,0,0,0.335673906118399
"T1",400466,156.292278106858,87,0.774,0.216,0.00275,0,0,0.338653189808371
"T1",400467,173.699129722721,99,0.444,0.942,0.013,0.00025,0,0.326628011427092
"T1",400468,324.249861518087,99,0.266,0.772,0,0,0,0.320852089268357
"T1",400469,190.838338441582,88,0.37,0.91,0,0,0,0.343476714039339
"T1",400470,622.017968851082,88,0.126,0.168,0,0,0,0.315690052487586
"T1",400471,236.880598547652,100,0.676,0.394,0.00025,0,0,0.317938547721189
"T1",400472,242.318989858205,98,0.202,0.942,0,0,0,0.320927480721366
"T1",400473,217.012301004852,94,0.11,0.276,0.0035,0.00025,0,0.322022294752288
"T1",400474,106.622269642498,96,0.938,0.43,0.0115,0,0,0.350661861569285
"T1",400475,101.343203222465,97,0.408,0.12,0.007,5e-04,0,0.34235941177864
"T1",400476,46.1481050402561,101,0.486,0.894,0.00825,5e-04,0,0.365563339490566
"T1",400477,246.392188069696,97,0.394,0.108,0.00025,0,0,0.320809604465999
"T1",400478,81.5662769593442,89,0.976,0.99,0.0075,0,0,0.359003089957132
"T1",400479,425.239541223482,104,0.072,0.28,0,0,0,0.313254879401064
"T1",400480,165.174261535836,103,0.662,0.746,0,0,0,0.350777556354115
"T1",400481,195.049695307234,92,0.356,0.586,5e-04,0,0,0.338968939554821
"T1",400482,346.819547209226,96,0.902,0.608,5e-04,0,0,0.307791993335979
"T1",400483,147.155933200644,97,0.464,0.99,0.00075,0,0.00510204081632653,0.344100320807309
"T1",400484,452.652695615605,94,0.41,0.432,0.00025,0,0,0.303404537467013
"T1",400485,367.998735742253,101,0.384,0.798,0,0,0,0.325697941118593
"T1",400486,414.732146850894,98,0.6,0.226,0,0,0,0.311984979746408
"T1",400487,185.726942587024,101,0.522,0.978,0.00125,0,0,0.318351461641963
"T1",400488,133.236005517907,101,0.962,0.3,0.0025,0,0,0.341895290689344
"T1",400489,138.35473136644,97,0.02,0.364,0.00075,0,0,0.338767098322032
"T1",400490,144.517379019755,101,0.412,0.54,0,0,0,0.356476652969919
"T1",400491,157.806708223911,86,0.732,0.446,0.00275,0,0,0.339536627601807
"T1",400492,213.575948532537,109,0.958,0.894,0.00125,0,0,0.332477859785388
"T1",400493,93.6963350420573,97,0.862,0.712,0.011,0.00125,0,0.350723305764597
"T1",400494,367.214788012007,98,0.036,0.108,0,0,0,0.319908145528469
"T1",400495,299.395880390953,98,0.576,0.638,0.00075,0,0,0.311781967812024
"T1",400496,151.558523036103,95,0.514,0.956,0.002,0,0,0.341306886896791
"T1",400497,199.158579664836,104,0.152,0.022,0,0,0,0.346958304315854
"T1",400498,219.135617584403,102,0.556,0.74,0,0,0,0.337683158512636
"T1",400499,109.875321641881,93,0.18,0.206,0.001,0,0.00510204081632653,0.354719513883754
"T1",400500,121.362107652748,93,0.214,0.9,0.004,0.00025,0.00510204081632653,0.343621134670436
"T1",400501,255.056411258448,110,0.312,0.566,0,0,0,0.32698540015583
"T1",400502,380.26407724058,100,0.546,0.292,0,0,0,0.353316212371805
"T1",400503,270.01336915493,98,0.182,0.464,5e-04,0,0,0.324529451183701
"T1",400504,266.741396715644,100,0.742,0.284,0.00025,0,0,0.338072031815273
"T1",400505,185.392340000693,97,0.04,0.988,0,0,0,0.341974308980893
"T1",400506,138.928194092605,99,0.544,0.924,0.0035,5e-04,0,0.33731233319094
"T1",400507,221.539669457333,95,0.618,0.228,5e-04,0,0,0.329201891870596
"T1",400508,168.240083867357,98,0.578,0.1,0.00075,0,0,0.356922836833034
"T1",400509,320.209092076333,100,0.328,0.542,0,0,0,0.315388985115218
"T1",400510,176.294575567835,93,0.454,0.194,0,0,0,0.34446833329555
"T1",400511,82.8064751020384,94,0.454,0.75,0.0015,0,0,0.368703417322135
"T1",400512,241.012879361521,100,0.184,0.052,0.00025,0,0,0.325572773973471
"T1",400513,90.2558276285237,109,0.104,0.874,0.00425,0,0,0.358005113970738
"T1",400514,96.9176911436261,99,0.27,0.13,0.00075,0,0.00510204081632653,0.357747625978596
"T1",400515,116.125334544757,100,0.42,0.364,0,0,0,0.347688777428053
"T1",400516,328.792978060386,109,0.09,0.456,0,0,0,0.337331522032024
"T1",400517,129.978280482935,97,0.08,0.944,0,0,0.00510204081632653,0.349379316525184
"T1",400518,196.619771577566,99,0.75,0.304,0.00075,0,0,0.342501613236481
"T1",400519,135.666608433269,102,0.11,0.26,0,0,0,0.327354059476516
"T1",400520,251.628566279911,100,0.088,0.048,0,0,0,0.344516842305401
"T1",400521,205.890848069702,94,0.662,0.386,5e-04,0,0,0.322520559558143
"T1",400522,209.36174316627,111,0.716,0.304,0.002,0,0,0.348180642632198
"T1",400523,201.372233181349,98,0.212,0.162,0,0,0,0.326583395203295
"T1",400524,184.634896299797,100,0.46,0.286,0,0,0,0.350183731338447
"T1",400525,212.31404342783,92,0.748,0.614,0,0,0,0.33675851279506
"T1",400526,339.190336520871,102,0.5,0.374,0,0,0,0.337681979732018
"T1",400527,278.499494204921,94,0.582,0.078,5e-04,0,0,0.329275351022991
"T1",400528,441.334701218059,96,0.566,0.064,0,0,0,0.304501243180655
"T1",400529,801.229961758796,102,0.644,0.446,0,0,0,0.290332604361335
"T1",400530,477.899641295924,98,0.908,0.898,0,0,0,0.31944359536474
"T1",400531,203.166005262334,103,0.734,0.692,0.001,0,0,0.34280183960329
"T1",400532,142.738488536661,97,0.322,0.456,0.00025,0,0,0.348982967216427
"T1",400533,142.431001177391,95,0.254,0.71,5e-04,0,0,0.326602324319295
"T1",400534,156.756545325441,96,0.922,0.892,0.00125,0,0,0.340907842534792
"T1",400535,196.549488456194,93,0.842,0.712,0.00075,0,0,0.336788317627063
"T1",400536,377.149646127894,103,0.056,0.028,0,0,0,0.319755699055661
"T1",400537,215.248646468711,85,0.838,0.204,0.00125,0,0,0.320921907174581
"T1",400538,179.784882447987,89,0.63,0.328,0,0,0,0.342247779385122
"T1",400539,82.209201413646,101,0.908,0.734,0.04775,5e-04,0.00510204081632653,0.342953651938418
"T1",400540,175.031659892008,102,0.81,0.392,0.01275,0,0,0.332858323936627
"T1",400541,217.24684494558,101,0.324,0.48,0.00125,0.00025,0,0.334812357877508
"T1",400542,573.861247256313,99,0.284,0.092,0,0,0,0.324120106013426
"T1",400543,247.585822648421,105,0.358,0.126,0.0025,0,0,0.319246699030462
"T1",400544,331.657987915221,94,0.228,0.746,0,0,0,0.318808422996068
"T1",400545,161.884075351925,103,0.468,0.804,0.00075,5e-04,0,0.340881198376118
"T1",400546,265.274023804399,96,0.922,0.88,0.00575,0,0,0.311017085205518
"T1",400547,138.740996865115,101,0.59,0.194,0,0,0,0.33967604314254
"T1",400548,183.184776898594,99,0.2,0.46,0,0,0,0.342891655146044
"T1",400549,250.422300541046,102,0.748,0.744,0.00525,0,0,0.327310114976872
"T1",400550,219.672014551385,94,0.224,0.324,0.00325,0,0,0.34035439190713
"T1",400551,65.2409679851737,98,0.686,0.784,0.012,0.00025,0.00510204081632653,0.362068343849228
"T1",400552,202.753373414059,95,0.112,0.218,0,0,0,0.332140146617623
"T1",400553,266.264870019672,97,0.514,0.65,0.00425,0,0,0.303419827403881
"T1",400554,403.543409197021,105,0.344,0.604,0.00025,0,0,0.320980518679169
"T1",400555,116.990178509126,94,0.158,0.024,5e-04,0.00025,0,0.347303358266558
"T1",400556,231.789915195575,93,0.222,0.75,0,0,0,0.327136018528829
"T1",400557,252.211596077952,95,0.558,0.798,0,0,0,0.32924435805803
"T1",400558,141.674731996607,98,0.03,0.696,0,0,0,0.341808656948718
"T1",400559,154.308529398775,95,0.256,0.682,0.00375,0,0,0.339354334844557
"T1",400560,154.84132816509,92,0.514,0.056,0,0,0,0.355825394549793
"T1",400561,436.380611600516,92,0.98,0.294,5e-04,0,0,0.307404240292512
"T1",400562,169.800639428281,102,0.89,0.39,0.00025,0,0,0.351353452679713
"T1",400563,220.622744597562,103,0.252,0.106,0,0,0,0.345398150184798
"T1",400564,237.800256399436,101,0.938,0.808,0.00025,0,0,0.335046752345135
"T1",400565,313.866845494952,93,0.33,0.91,0.00025,0,0,0.314682559495859
"T1",400566,206.373353239427,96,0.51,0.764,0.00125,0,0,0.328842018626955
"T1",400567,70.048910747544,92,0.296,0.77,0.00775,5e-04,0,0.365191822429899
"T1",400568,236.227144932695,97,0.016,0.508,0.00675,5e-04,0,0.314035551907877
"T1",400569,245.378527899046,97,0.742,0.172,0,0,0,0.327846802109361
"T1",400570,131.349179660223,90,0.642,0.362,0.00025,0,0,0.338298903202153
"T1",400571,131.743168169316,107,0.074,0.242,0.00025,0.00025,0,0.318613277922217
"T1",400572,263.418586286613,99,0.696,0.254,0.002,0,0,0.325602300105099
"T1",400573,129.132710188997,96,0.312,0.516,0.002,0,0,0.350706062407631
"T1",400574,209.904698258772,99,0.488,0.558,0.00075,0,0,0.345010674956606
"T1",400575,185.447353242699,92,0.558,0.678,0,0,0,0.328707387377498
"T1",400576,386.97876982235,96,0.968,0.464,0,0,0,0.328370887938428
"T1",400577,79.2986541893476,87,0.474,0.16,0.0015,0,0,0.370307581038902
"T1",400578,177.471790457886,99,0.126,0.024,0,0,0,0.340980517397465
"T1",400579,325.571913175296,86,0.174,0.134,0,0,0,0.329950169465711
"T1",400580,215.288007834039,97,0.84,0.76,0.0025,0,0,0.340579885657625
"T1",400581,219.302411039109,97,0.382,0.926,0.00025,0,0,0.314689585537971
"T1",400582,213.750977703585,99,0.542,0.7,0.002,0,0,0.336358996874431
"T1",400583,129.600668060325,96,0.098,0.372,0.001,0,0,0.341825783356751
"T1",400584,259.791055369512,104,0.438,0.538,0,0,0,0.328657695479395
"T1",400585,451.816063254108,103,0.258,0.626,0.00025,0,0,0.29767531599386
"T1",400586,252.550148681984,105,0.476,0.048,0,0,0,0.329033535597665
"T1",400587,161.268230268155,98,0.564,0.098,0.003,0,0,0.338461460455609
"T1",400588,235.786712922363,93,0.026,0.86,5e-04,0.00025,0,0.32006539123445
"T1",400589,114.768662383399,90,0.95,0.778,0.00075,0,0,0.358969282858537
"T1",400590,310.072134893801,98,0.238,0.226,5e-04,0,0,0.30251297604862
"T1",400591,140.514459415376,103,0.5,0.058,0.00275,0,0,0.35167630715159
"T1",400592,268.746082273464,91,0.954,0.682,0.003,0,0,0.328888466853972
"T1",400593,190.069638877045,105,0.848,0.926,5e-04,0,0,0.33702557982811
"T1",400594,224.024749319079,101,0.016,0.398,0.00025,0.00025,0,0.319752415642042
"T1",400595,178.198587848805,103,0.86,0.498,0.00025,0,0,0.333923608606679
"T1",400596,190.596027279316,98,0.482,0.876,0.00075,0,0,0.340012631903947
"T1",400597,374.327036654856,100,0.03,0.042,0,0,0,0.320330230423679
"T1",400598,439.931338961184,104,0.128,0.354,0,0,0,0.323407397753742
"T1",400599,463.383026766431,107,0.086,0.204,0.00025,0,0,0.303790862439162
"T1",400600,223.021424236759,106,0.736,0.238,0.00075,0.00025,0,0.349238659083909
"T1",400601,453.129797234575,103,0.314,0.752,0,0,0,0.295218509884276
"T1",400602,175.430744374898,103,0.048,0.476,0,0,0,0.349102744527039
"T1",400603,205.190879180709,98,0.294,0.158,0,0,0,0.335498513459722
"T1",400604,243.668618596755,97,0.018,0.004,0.00025,0,0,0.329282974319656
"T1",400605,352.181518820663,104,0.408,0.558,0,0,0,0.307091340920193
"T1",400606,258.875520884308,89,0.334,0.336,0.00025,0,0,0.324801701254889
"T1",400607,149.24413106313,93,0.22,0.54,5e-04,0,0.00510204081632653,0.346098166204779
"T1",400608,176.80525039797,103,0.216,0.086,0,0,0,0.339245156502789
"T1",400609,562.869206687965,93,0.832,0.698,0,0,0,0.315255245168932
"T1",400610,133.755793240105,93,0.148,0.008,0.00025,0,0,0.337443153883213
"T1",400611,520.974245652783,91,0.81,0.592,0,0,0,0.319437969177822
"T1",400612,225.032512445884,96,0.346,0.38,0,0,0,0.323668674289667
"T1",400613,337.317315211642,97,0.538,0.09,0,0,0,0.343243760391849
"T1",400614,467.759178991965,97,0.936,0.56,0.00025,0,0,0.318832930399133
"T1",400615,331.354696537575,91,0.02,0.902,0,0,0,0.320991340231021
"T1",400616,129.835055185001,93,0.29,0.056,0.0035,0,0,0.339867049559396
"T1",400617,76.4896546017001,94,0.066,0.2,0.00125,0.00175,0,0.34798690444229
"T1",400618,195.484869308709,99,0.52,0.13,0.00275,0,0,0.337838419490164
"T1",400619,85.4025244439382,91,0.38,0.06,0.001,0,0.00510204081632653,0.365442777353323
"T1",400620,169.057287090351,93,0.224,0.188,0.00225,0.00025,0,0.330684363693385
"T1",400621,223.078460748334,97,0.594,0.348,0.00175,0,0,0.324118759782729
"T1",400622,307.696877424043,98,0.068,0.028,0,0,0,0.321633967108646
"T1",400623,73.9504477063407,100,0.754,0.462,0.02025,0.001,0.00510204081632653,0.370481245141664
"T1",400624,161.27274011824,97,0.684,0.886,0.00275,0,0,0.336656624908021
"T1",400625,445.552178213922,98,0.892,0.626,0.00025,0,0,0.310759940190247
"T1",400626,131.890714493165,98,0.512,0.122,5e-04,0,0,0.333874256115736
"T1",400627,533.992868937946,100,0.966,0.984,0,0,0,0.304535363704491
"T1",400628,170.759460318334,95,0.588,0.424,0,0,0,0.348287379287538
"T1",400629,250.778156839248,96,0.57,0.736,0.00075,0,0,0.335704468642051
"T1",400630,328.451058177583,106,0.796,0.228,0.00025,0,0,0.331493933777412
"T1",400631,311.983248823735,101,0.886,0.916,0,0,0,0.329245900368808
"T1",400632,163.428949553112,98,0.932,0.28,0.00175,0,0,0.331162158805092
"T1",400633,77.251194977719,97,0.696,0.182,0.005,0,0,0.371503518462715
"T1",400634,381.584028366364,90,0.824,0.572,0.001,0,0,0.320695812899291
"T1",400635,166.977634168031,85,0.362,0.012,0.00175,0,0.00510204081632653,0.334604183411617
"T1",400636,288.378882064374,89,0.594,0.332,0,0,0,0.337790101114499
"T1",400637,163.982658924605,95,0.314,0.064,0.00025,0,0,0.350497720371357
"T1",400638,174.659343373392,101,0.352,0.356,0.00075,0,0,0.329604798513905
"T1",400639,115.106448883859,112,0.744,0.24,0.0015,0,0,0.354075647890664
"T1",400640,135.763124474447,98,0.996,0.876,0.0195,0.00025,0,0.342684481294418
"T1",400641,113.587100401727,89,0.468,0.176,0.0015,0,0,0.343468452736172
"T1",400642,356.096416744437,86,0.552,0.458,0,0,0,0.312725725816949
"T1",400643,92.7733253590347,111,0.724,0.76,0.007,0,0,0.351151080701849
"T1",400644,694.006424695909,101,0.818,0.196,0,0,0,0.311577085569013
"T1",400645,216.067300290439,94,0.1,0.028,0,0,0,0.327952537631328
"T1",400646,365.159809841318,99,0.344,0.12,0,0,0,0.328386024885041
"T1",400647,183.521443579843,98,0.832,0.884,5e-04,0,0,0.337803033826728
"T1",400648,712.187377168262,97,0.238,0.016,0,0,0,0.297518947190823
"T1",400649,447.028626716646,96,0.108,0.866,0,0,0,0.295424477264451
"T1",400650,289.107318975275,99,0.51,0.182,0,0,0,0.338745377653564
"T1",400651,330.336950301392,94,0.228,0.714,0,0,0,0.3284924762178
"T1",400652,169.977752970344,105,0.588,0.22,0,0,0,0.349139250968088
"T1",400653,245.612329440242,98,0.44,0.168,0,0,0,0.35336965274246
"T1",400654,344.262739913632,100,0.47,0.604,0.0195,0.00025,0,0.300343295148797
"T1",400655,159.281015789958,90,0.656,0.236,0,0,0,0.344116614197575
"T1",400656,88.5487612139592,97,0.086,0.436,5e-04,0,0,0.3342437116904
"T1",400657,199.82694241145,96,0.226,0.47,0,0,0,0.330928961153946
"T1",400658,100.016540789001,96,0.62,0.804,0.00175,0,0,0.365327095255539
"T1",400659,117.039568559806,89,0.22,0.056,0,0,0,0.363038484635498
"T1",400660,111.385597918755,102,0.892,0.644,0.00225,0,0,0.358018110267543
"T1",400661,276.107816858392,96,0.334,0.87,5e-04,0,0,0.32742228096707
"T1",400662,157.00923283091,96,0.79,0.454,0.01375,0.00025,0,0.344225765657692
"T1",400663,213.518381103297,99,0.182,0.16,0.00075,0,0,0.326246748519246
"T1",400664,51.9875366578012,96,0.27,0.654,0.00025,0,0,0.377784431007876
"T1",400665,180.607608462536,97,0.054,0.966,0.00075,0,0.00510204081632653,0.344524882966222
"T1",400666,85.9326850935861,94,0.042,0.016,0.00025,0,0,0.361376388070124
"T1",400667,137.431233722785,106,0.266,0.264,0,0,0,0.348172658294236
"T1",400668,243.538485193222,106,0.474,0.102,0.00075,0,0,0.341139704692504
"T1",400669,263.604787525538,98,0.612,0.316,0,0,0,0.339615485110641
"T1",400670,96.5280260355144,108,0.494,0.06,0.01275,0,0,0.342191725938737
"T1",400671,311.381766167114,102,0.384,0.284,0,0,0,0.321506099325368
"T1",400672,296.145967053299,105,0.384,0.684,0.001,0,0,0.326336197657776
"T1",400673,90.3945157299012,100,0.61,0.384,0.011,0.00025,0,0.344030992785003
"T1",400674,223.581465078871,95,0.604,0.862,5e-04,0,0,0.338029427936759
"T1",400675,279.924512099168,100,0.95,0.768,0.001,0,0,0.327413175753203
"T1",400676,331.053036380869,101,0.682,0.064,0.00075,0,0,0.317878858156434
"T1",400677,320.931722843993,100,0.01,0.376,0,0,0,0.318316373161924
"T1",400678,129.313974274362,103,0.202,0.514,0.00775,0,0,0.340100713527156
"T1",400679,415.880315858722,95,0.224,0.05,0,0,0,0.320180235579668
"T1",400680,115.671925515676,89,0.428,0.084,0.00025,0,0.00510204081632653,0.352982019028785
"T1",400681,216.857564222153,103,0.3,0.08,0.001,0,0,0.334052215291145
"T1",400682,46.2567752149476,95,0.342,0.13,0.0015,0.00025,0.00510204081632653,0.377229215801046
"T1",400683,137.045263931215,89,0.366,0.18,0.0025,0,0,0.329079908156783
"T1",400684,150.190574652897,90,0.238,0.102,0,0,0.00510204081632653,0.351384323298739
"T1",400685,223.324187510313,103,0.728,0.974,0.0015,0,0,0.332423659316571
"T1",400686,236.975676104989,92,0.746,0.77,0,0,0,0.33155197845352
"T1",400687,261.256418695681,94,0.498,0.316,0.0015,0,0,0.325895168635488
"T1",400688,211.870886202083,101,0.632,0.386,0.00125,0,0,0.347330520111812
"T1",400689,549.447527142683,101,0.648,0.952,5e-04,0,0,0.308677137031984
"T1",400690,236.347424810042,97,0.22,0.384,0.001,0,0,0.319847986498887
"T1",400691,239.688978459369,102,0.812,0.506,0.00025,0,0,0.324671345417989
"T1",400692,197.248500976266,101,0.064,0.026,0,0,0,0.341615687865276
"T1",400693,188.115180751328,91,0.79,0.862,0.0015,0,0,0.34215125256893
"T1",400694,375.757403595279,97,0.804,0.854,0.00025,0,0,0.321259530116514
"T1",400695,179.715588679382,103,0.012,0.012,0,0,0,0.34049839085098
"T1",400696,349.015684615298,99,0.114,0.006,0,0,0,0.30931751601819
"T1",400697,177.044053601938,104,0.636,0.674,0.00025,0,0,0.346160778654827
"T1",400698,220.060674390422,90,0.174,0.586,0,0,0,0.332540876209947
"T1",400699,185.665991838545,99,0.792,0.3,0.0025,0,0,0.323441578681339
"T1",400700,137.60483358779,107,0.292,0.384,5e-04,0,0,0.352735629295767
"T1",400701,155.786256943149,94,0.696,0.694,0,0,0,0.337981971162221
"T1",400702,123.641653142512,94,0.468,0.386,0.005,0.00025,0.00510204081632653,0.350339517386686
"T1",400703,219.950170047757,96,0.988,0.966,0.00275,0,0,0.325915845240173
"T1",400704,129.069780992197,99,0.544,0.546,0.00225,0,0,0.338564110212307
"T1",400705,237.142264738259,104,0.744,0.714,0,0,0,0.337476124827147
"T1",400706,306.610090690291,97,0.132,0.156,0,0,0,0.335854373423848
"T1",400707,187.834035149127,95,0.062,0.464,0,0,0,0.334149434371942
"T1",400708,193.299487927288,90,0.836,0.838,0.00875,0,0,0.334600042131708
"T1",400709,208.962339465037,102,0.952,0.81,0.00225,0,0,0.329658318268937
"T1",400710,301.810986784628,89,0.81,0.29,0.00025,0,0,0.318923672130909
"T1",400711,115.269296416867,91,0.258,0.116,0.00225,0,0.00510204081632653,0.335855312532689
"T1",400712,108.708660051863,97,0.268,0.746,5e-04,0,0,0.340145483006015
"T1",400713,349.449773740719,92,0.45,0.734,0.00075,0,0,0.328290063074984
"T1",400714,61.294809675685,91,0.842,0.614,0.01075,0.00075,0.00510204081632653,0.367177245983514
"T1",400715,298.775411331056,95,0.786,0.418,0,0,0,0.327529306168129
"T1",400716,193.686258482357,92,0.122,0.04,0.00025,0,0,0.34114194093106
"T1",400717,275.340080717008,102,0.328,0.168,0,0,0,0.322684380908554
"T1",400718,178.691030815008,114,0.96,0.992,0,0,0,0.331585811048383
"T1",400719,156.472226937273,98,0.806,0.564,0,0,0,0.357374116233803
"T1",400720,217.878829330892,97,0.238,0.774,0.00075,0,0,0.341738841646109
"T1",400721,186.849547142436,99,0.652,0.18,0.001,0,0,0.351054213806649
"T1",400722,152.741979745577,102,0.104,0.722,0.00525,0,0,0.327486781858011
"T1",400723,103.644560065996,102,0.286,0.14,0.002,0,0,0.350144083080441
"T1",400724,165.38749994531,91,0.466,0.166,0,0,0,0.33740046157476
"T1",400725,154.624075886219,101,0.302,0.034,0.0015,0,0,0.330073279403804
"T1",400726,288.155394148141,90,0.906,0.842,5e-04,0,0,0.337189185173606
"T1",400727,307.628642576192,95,0.028,0.964,0,0,0,0.326608501038146
"T1",400728,291.769617935644,95,0.238,0.918,0.00025,0,0,0.317361892704745
"T1",400729,110.495994139581,90,0.932,0.738,0.00325,0,0.00510204081632653,0.348849473274121
"T1",400730,237.087263967364,97,0.684,0.718,0.00225,0,0,0.309684684023939
"T1",400731,141.025953760972,97,0.942,0.748,0.0015,0,0,0.340711398181325
"T1",400732,166.756554049149,97,0.092,0.512,0,0,0,0.329405518881723
"T1",400733,151.676325284693,100,0.52,0.41,0.00025,0,0,0.346897214728545
"T1",400734,148.066807923817,98,0.544,0.426,0.00375,0,0,0.34354785522367
"T1",400735,218.035604754047,100,0.408,0.372,0.00125,0,0,0.317691992264933
"T1",400736,235.629061704734,99,0.442,0.612,0,0,0,0.330912369051956
"T1",400737,300.924328511269,97,0.378,0.798,0,0,0,0.32479852163239
"T1",400738,273.092552940526,95,0.876,0.72,0,0,0,0.347789679289241
"T1",400739,426.619474444772,96,0.52,0.346,0,0,0,0.32935081158803
"T1",400740,281.252007743107,94,0.222,0.012,0.00075,0,0,0.310143752040011
"T1",400741,283.875097482738,100,0.78,0.91,0.002,0,0,0.31583639965786
"T1",400742,117.535761460559,98,0.906,0.802,0.02375,0.00025,0,0.335433993709003
"T1",400743,94.1409283433504,101,0.634,0.83,0.001,0.00025,0,0.363976819707793
"T1",400744,273.737848216983,96,0.836,0.732,0,0,0,0.341565484446847
"T1",400745,252.79151508237,95,0.88,0.774,0.00675,0,0,0.327667426144776
"T1",400746,185.438374045289,101,0.512,0.082,0,0,0,0.343910588406381
"T1",400747,213.421283661051,97,0.256,0.422,0.00025,0,0,0.319268707661801
"T1",400748,252.360216289685,92,0.43,0.61,0,0,0,0.322703263424369
"T1",400749,230.073676439935,95,0.868,0.566,5e-04,0,0,0.331595129161372
"T1",400750,267.707529601506,103,0.38,0.684,0.00075,0.00025,0,0.321860268055852
"T1",400751,277.564327612598,107,0.594,0.366,0.00025,0,0,0.320710722988089
"T1",400752,284.491199764835,98,0.546,0.286,0.001,0,0,0.313803899843281
"T1",400753,173.929559000861,96,0.658,0.116,0.00375,0,0,0.332088634191146
"T1",400754,293.734255199055,105,0.484,0.138,0,0,0,0.332343215795683
"T1",400755,300.193317843323,104,0.764,0.192,0.001,0,0,0.320850777040665
"T1",400756,195.979796744505,95,0.16,0.042,5e-04,0,0,0.330195238724195
"T1",400757,243.323139945354,101,0.828,0.09,0.00075,0,0,0.338608677772166
"T1",400758,196.856033178505,104,0.788,0.192,0,0,0,0.341994096549502
"T1",400759,81.2891213764636,100,0.528,0.332,0.0045,0,0.00510204081632653,0.359604273982702
"T1",400760,132.125372354812,104,0.224,0.4,0.00225,0,0,0.341476157886073
"T1",400761,393.015773843071,100,0.122,0.106,0,0,0,0.313969562857123
"T1",400762,121.274426078085,91,0.556,0.756,0.00425,0,0,0.335451507887433
"T1",400763,101.665399684826,93,0.608,0.408,0.006,0.00025,0,0.352386414475716
"T1",400764,86.8165366643423,104,0.846,0.77,0.01375,0.0035,0,0.343048448790238
"T1",400765,172.39489283197,96,0.254,0.444,5e-04,0,0,0.35669005226751
"T1",400766,120.081395997818,94,0.784,0.508,0.00075,0,0.00510204081632653,0.359959211920765
"T1",400767,343.767062705825,101,0.716,0.992,0.00025,0,0,0.323333704115516
"T1",400768,265.959666056291,93,0.79,0.38,0.012,0,0,0.313845061011266
"T1",400769,139.082974239237,94,0.016,0.008,0.00025,0,0,0.341364465243807
"T1",400770,192.817060500638,102,0.562,0.082,0,0,0,0.341741078510002
"T1",400771,301.339648043209,104,0.824,0.728,0,0,0,0.346325311207054
"T1",400772,71.1672493246484,97,0.362,0.09,5e-04,0.00025,0,0.368551366868142
"T1",400773,238.722128440497,98,0.72,0.658,0.00325,0,0,0.318368526857108
"T1",400774,201.786796908387,94,0.228,0.29,0,0,0,0.333757238579153
"T1",400775,220.91818274806,97,0.586,0.378,0.00025,0,0,0.32964426450514
"T1",400776,432.054505025561,96,0.698,0.1,0,0,0,0.318134588772996
"T1",400777,217.546732461361,100,0.702,0.052,0.00025,0,0,0.33668485158858
"T1",400778,301.069447694727,102,0.204,0.806,0,0.00025,0,0.318063979729811
"T1",400779,399.900714249859,101,0.056,0.044,0,0,0,0.321625462455123
"T1",400780,568.897651778076,97,0.078,0.454,0,0,0,0.322232997557831
"T1",400781,194.893974235972,88,0.272,0.446,5e-04,0,0,0.334475459042159
"T1",400782,166.647479230125,103,0.832,0.486,0,0,0,0.353538859039836
"T1",400783,316.117166305293,90,0.368,0.2,0,0,0,0.330343959650493
"T1",400784,191.597650018564,93,0.882,0.322,0.008,0,0,0.312802303329252
"T1",400785,137.6213833379,98,0.162,0.366,0.00025,0,0,0.355875198638265
"T1",400786,287.344632734698,99,0.94,0.718,0.00075,0,0,0.331414247596291
"T1",400787,190.224953135395,97,0.05,0.01,0,0,0,0.349979999416789
"T1",400788,93.1532610891826,103,0.496,0.676,0.0025,0,0.00510204081632653,0.357226515434708
"T1",400789,488.91822308814,96,0.8,0.67,0,0,0,0.315286861683937
"T1",400790,250.145434766435,97,0.114,0.164,0,0,0,0.318532847931207
"T1",400791,182.452224108313,102,0.826,0.282,0.004,0,0,0.334834854371348
"T1",400792,214.729700150617,106,0.152,0.03,0.00075,0,0,0.343203383212693
"T1",400793,294.21136495859,100,0.934,0.818,0.003,0.00025,0,0.320498191400071
"T1",400794,484.181860790273,97,0.732,0.152,0.00025,0,0,0.305171959683344
"T1",400795,271.255378808549,102,0.556,0.686,0.00075,0,0,0.319162866123405
"T1",400796,185.38110677794,97,0.062,0.908,0.00025,5e-04,0,0.320000175452562
"T1",400797,151.591401664417,88,0.43,0.75,0.006,0.00075,0.00510204081632653,0.334674996349512
"T1",400798,228.421902888041,97,0.724,0.896,0.00025,0,0,0.330259163624426
"T1",400799,213.587872045338,107,0.38,0.61,0,0,0,0.344286388398348
"T1",400800,135.55178762566,100,0.994,0.88,0.00325,0,0,0.345288371801298
"T1",400801,129.230507560113,100,0.102,0.466,0.00625,0.00075,0,0.346230957094465
"T1",400802,247.268356788232,93,0.712,0.116,0.00075,0,0,0.330143761343982
"T1",400803,275.621710909237,93,0.33,0.09,0.00725,0,0,0.319270224812211
"T1",400804,278.692894921661,92,0.138,0.168,0,0,0,0.335141346863407
"T1",400805,263.99466001542,95,0.464,0.398,0.00025,0.00025,0,0.321740593716292
"T1",400806,277.686251046703,92,0.264,0.074,0,0,0,0.318725631762069
"T1",400807,151.942361387744,97,0.894,0.376,5e-04,0,0,0.331105411509304
"T1",400808,79.6547926410196,95,0.774,0.374,0.0025,0,0.00510204081632653,0.364957541846252
"T1",400809,297.122398115507,101,0.86,0.578,0.00325,0,0,0.322494433233068
"T1",400810,311.176351348507,100,0.392,0.664,0.00075,0.00025,0,0.330515708637678
"T1",400811,77.1413502795543,103,0.788,0.268,0.01275,0,0,0.356664342262613
"T1",400812,139.851852607758,92,0.104,0.044,0.00425,0,0,0.328530446196145
"T1",400813,216.704545807881,96,0.352,0.744,5e-04,0,0,0.322602028370409
"T1",400814,122.518094992371,96,0.778,0.88,0.0065,0,0,0.336930677410808
"T1",400815,202.752710996681,106,0.826,0.416,0.001,0,0,0.332313223000471
"T1",400816,129.092943017887,90,0.456,0.704,0.00025,0.00025,0,0.35117300874563
"T1",400817,213.281172799417,104,0.87,0.584,0.001,0,0,0.335679961489202
"T1",400818,140.203263999638,96,0.17,0.524,0.0035,0.00025,0,0.322847390517284
"T1",400819,63.3892111783049,100,0.85,0.528,0.00275,0,0.00510204081632653,0.384928474853936
"T1",400820,186.724883480297,99,0.962,0.716,0.02225,0.00025,0,0.328564322941585
"T1",400821,251.886417821767,105,0.838,0.796,0.00025,0,0,0.338246239638348
"T1",400822,151.115190180826,95,0.09,0.386,5e-04,0,0,0.356408395756894
"T1",400823,241.954481147968,102,0.75,0.182,0,0,0,0.340729005170998
"T1",400824,228.590300817727,95,0.704,0.416,0,0,0,0.343720322440731
"T1",400825,170.773942776608,102,0.21,0.912,0.00025,5e-04,0,0.331432778405312
"T1",400826,132.506340432937,98,0.238,0.29,0.0015,0,0,0.353193080337116
"T1",400827,190.591457837779,96,0.578,0.336,0,0,0,0.340109351635666
"T1",400828,322.427243508338,95,0.564,0.858,0,0,0,0.324205720989591
"T1",400829,209.09411017553,86,0.13,0.118,0,0,0.00510204081632653,0.326056798815514
"T1",400830,99.6589701858934,93,0.914,0.952,0.00075,0,0,0.374439658533388
"T1",400831,103.552102566319,98,0.802,0.364,5e-04,0,0.00510204081632653,0.364109647249515
"T1",400832,169.872573834198,99,0.646,0.332,0.00925,0,0,0.345921671311965
"T1",400833,422.945910984206,90,0.636,0.482,0,0,0,0.321844404484008
"T1",400834,453.948131691172,90,0.036,0.334,0,0,0,0.310570414638176
"T1",400835,94.3001159257414,91,0.208,0.284,0.02575,0.00075,0,0.343127068127777
"T1",400836,168.481198956652,97,0.582,0.32,0.009,0.00025,0,0.338977229205734
"T1",400837,43.9393212880231,95,0.094,0.632,0.0415,0.00425,0,0.369406665901117
"T1",400838,315.796642180232,98,0.46,0.386,0.00025,0,0,0.311493536848605
"T1",400839,173.434603510825,98,0.05,0.24,0,0,0,0.319527352003493
"T1",400840,163.710063541717,101,0.838,0.77,0.00175,0,0,0.350000264510609
"T1",400841,216.871138721764,96,0.252,0.048,0,0,0.00510204081632653,0.337760021127564
"T1",400842,163.450997709081,104,0.958,0.27,5e-04,0,0,0.35160191368376
"T1",400843,516.312590463981,98,0.752,0.538,0,0,0,0.30745032167483
"T1",400844,272.824984757423,107,0.506,0.66,0,0,0,0.326918460988352
"T1",400845,511.827786111123,100,0.582,0.498,0,0,0,0.308130643015805
"T1",400846,154.595433832122,89,0.24,0.498,0.00175,0.00075,0,0.331676160875413
"T1",400847,169.645831352488,104,0.3,0.514,0.01075,0,0,0.33993468913084
"T1",400848,177.495878306244,107,0.944,0.974,0.02475,0,0,0.326260816950605
"T1",400849,327.246997683766,93,0.854,0.768,0,0,0,0.323743735536547
"T1",400850,225.184813078463,100,0.04,0.868,0,0,0,0.340253141303195
"T1",400851,360.968808652792,99,0.934,0.326,0.00025,0,0,0.320992755610999
"T1",400852,187.806251213342,97,0.996,0.96,0.0165,0,0,0.334884549051871
"T1",400853,253.707189284769,91,0.654,0.15,0,0,0,0.327582921710107
"T1",400854,85.9197730580286,91,0.756,0.39,0.01575,0.00025,0.00510204081632653,0.345152521530626
"T1",400855,144.632319487753,109,0.542,0.504,0,0,0,0.3544035446356
"T1",400856,244.994322847507,93,0.924,0.642,0.00175,0,0,0.326382009436698
"T1",400857,267.57476666539,98,0.544,0.048,0.00025,0,0,0.326919995915963
"T1",400858,429.925850798735,104,0.8,0.448,0,0,0,0.327222315528436
"T1",400859,200.426297256104,104,0.946,0.564,0.00125,0,0,0.331933559959223
"T1",400860,186.47779354726,102,0.168,0.336,5e-04,0,0,0.329570478861471
"T1",400861,270.720170058989,101,0.008,0.3,0,0,0,0.324413011558302
"T1",400862,240.766779472665,103,0.47,0.246,0,0,0,0.323792441301316
"T1",400863,107.849563721217,92,0.638,0.078,5e-04,0,0.00510204081632653,0.353313784017383
"T1",400864,226.498279352916,97,0.422,0.464,0.001,0,0,0.313257056663322
"T1",400865,94.9493275126248,98,0.604,0.22,0.00475,0,0.00510204081632653,0.341501513615585
"T1",400866,54.0121862957877,94,0.114,0.528,0.00775,0,0.00510204081632653,0.386291213005096
"T1",400867,330.076332516848,95,0.708,0.396,0.00075,0,0,0.319513218627972
"T1",400868,337.677957514687,100,0.2,0.678,0,0,0,0.333105612778304
"T1",400869,129.630258232996,95,0.814,0.938,0.001,0,0.00510204081632653,0.360796341368845
"T1",400870,72.9068849066691,101,0.142,0.24,0.001,0.00025,0,0.351889203465134
"T1",400871,101.643113452911,95,0.938,0.59,0.01175,0,0,0.367500383541137
"T1",400872,314.643086188493,91,0.94,0.828,0.0075,0.00075,0,0.307121101246455
"T1",400873,323.920777710771,101,0.756,0.294,0.00025,0,0,0.321263999826603
"T1",400874,220.804153521625,106,0.52,0.43,0.00025,0,0,0.330998653431836
"T1",400875,96.1862878312643,101,0.936,0.508,0.01775,0,0,0.353387629012471
"T1",400876,169.046986794394,88,0.256,0.056,0.00025,0,0,0.320252683384415
"T1",400877,97.9449866870223,81,0.09,0.578,0.00025,0,0.00510204081632653,0.356399820338025
"T1",400878,109.102767836848,102,0.912,1,0.00075,0,0,0.36412942106376
"T1",400879,251.85928976316,87,0.628,0.668,0.00025,0,0,0.329476065466506
"T1",400880,167.973375154985,103,0.362,0.596,0.00575,0,0,0.345707725457933
"T1",400881,273.243723586267,98,0.514,0.356,0,0,0,0.315111298333053
"T1",400882,215.647327672915,110,0.508,0.772,5e-04,0,0,0.341793244332665
"T1",400883,262.566275527732,103,0.45,0.176,0,0,0,0.347948821510096
"T1",400884,411.600720945812,98,0.568,0.78,0,0,0,0.312730379368557
"T1",400885,382.667892818681,96,0.398,0.362,0.00025,0,0,0.321650746948918
"T1",400886,297.687497982218,101,0.202,0.66,0.00025,0,0,0.316393626600862
"T1",400887,216.645590661257,95,0.076,0.462,0.00025,0,0,0.332466334565816
"T1",400888,347.521048676525,94,0.43,0.072,0,0,0,0.32011886390594
"T1",400889,131.236111787157,111,0.52,0.472,0.00325,0,0,0.355769441805491
"T1",400890,155.381917231793,102,0.338,0.99,0.00075,0,0,0.351240294318559
"T1",400891,204.744237348405,104,0.3,0.012,0,0,0,0.346076325089782
"T1",400892,181.028870579612,99,0.804,0.596,0.00175,0,0,0.328782818631491
"T1",400893,241.657713383504,91,0.612,0.348,0,0,0,0.3367058491508
"T1",400894,299.464107153395,106,0.5,0.416,0,0,0,0.333682005106942
"T1",400895,192.796306233522,104,0.546,0.688,0.00075,0,0,0.330138253761622
"T1",400896,217.65249340306,108,0.272,0.052,0.00525,0,0,0.318669081149603
"T1",400897,282.033566440631,93,0.358,0.144,0,0,0,0.331860005478336
"T1",400898,90.4467241826588,102,0.674,0.24,0.038,0.00025,0,0.35569386345143
"T1",400899,182.596779581937,98,0.684,0.292,0,0,0,0.347706399822643
"T1",400900,276.327691914109,109,0.21,0.282,0,0,0,0.316868362068779
"T1",400901,174.409115875651,108,0.506,0.074,0.00025,0,0,0.344002294749099
"T1",400902,312.568461138936,101,0.964,0.394,0.001,0,0,0.323803055194498
"T1",400903,205.738580591657,98,0.294,0.742,0.00075,0,0,0.334313449124994
"T1",400904,195.995688012111,93,0.924,0.596,0.002,0,0,0.334480508885553
"T1",400905,407.356819266127,100,0.386,0.272,0,0,0,0.328226292047183
"T1",400906,259.149540340935,100,0.324,0.264,0.001,0.00025,0,0.318078376197593
"T1",400907,187.351624013723,96,0.414,0.572,0.0025,0,0,0.337038731015439
"T1",400908,200.878371218801,97,0.142,0.324,0.00075,0,0,0.339278738353812
"T1",400909,217.125236384889,97,0.666,0.138,0.00625,0,0,0.342721517259872
"T1",400910,262.5751277058,102,0.168,0.056,0,0,0,0.324740149012947
"T1",400911,133.50343325396,92,0.486,0.05,0,0,0.00510204081632653,0.352082704026627
"T1",400912,180.514666820518,94,0.15,0.066,0,0,0.00510204081632653,0.342434613287655
"T1",400913,140.340148116869,106,0.134,0.364,0,0,0,0.348570916433675
"T1",400914,233.654889544988,103,0.682,0.356,0,0,0,0.343050532973163
"T1",400915,182.942794271583,99,0.984,0.516,0.00125,0,0,0.334385720870489
"T1",400916,259.212476742105,100,0.294,0.118,0.0015,0,0,0.324696764910511
"T1",400917,78.9979859205072,106,0.896,0.568,0.0075,0.00025,0.00510204081632653,0.36216401669316
"T1",400918,139.55096307327,99,0.258,0.034,5e-04,0,0.00510204081632653,0.351684256413613
"T1",400919,114.14075250831,96,0.558,0.592,0,0,0,0.344640026498745
"T1",400920,119.64639219725,98,0.802,0.696,0.0255,5e-04,0,0.354563578328224
"T1",400921,253.344152029876,98,0.456,0.596,0.001,0,0,0.319455162925063
"T1",400922,470.918964726854,103,0.964,0.872,0,0,0,0.31696824372023
"T1",400923,335.169748239696,92,0.212,0.482,0,0,0,0.318207387413251
"T1",400924,274.488869481389,105,0.516,0.05,0.00025,0,0,0.328756580327441
"T1",400925,84.1551482948854,101,0.138,0.014,0.0015,0.00025,0,0.356000811788348
"T1",400926,122.675809337842,94,0.804,0.312,0.00125,0,0,0.353194729921988
"T1",400927,144.399832078565,85,0.546,0.302,0,0,0,0.346505583934419
"T1",400928,105.700234616439,100,0.002,0.002,0.00075,0,0.00510204081632653,0.330416625661941
"T1",400929,118.839369637413,98,0.312,0.038,0.0045,0,0,0.347809941950048
"T1",400930,192.56038418136,97,0.208,0.038,0,0,0,0.357887923413367
"T1",400931,260.645282413417,98,0.356,0.306,0.00175,0,0,0.341765977631446
"T1",400932,149.971917357324,101,0.516,0.154,0.0085,0.00025,0,0.346955729379058
"T1",400933,203.907411300454,87,0.012,0.7,5e-04,0.00025,0,0.304597204548845
"T1",400934,215.136446838863,98,0.82,0.692,0.0035,0,0,0.320823097382931
"T1",400935,128.291451631519,90,0.944,0.772,0.00525,0.00025,0.00510204081632653,0.333684502115678
"T1",400936,190.752880166461,99,0.064,0.26,0.00025,0,0,0.329938812236957
"T1",400937,157.201347680792,96,0.392,0.576,0,0,0,0.339041134199738
"T1",400938,140.428967962753,104,0.344,0.394,0.00075,0,0,0.323719543174099
"T1",400939,200.970808250402,100,0.798,0.708,0.00425,0,0,0.326965072373935
"T1",400940,137.727128000328,103,0.872,0.372,0.001,0,0,0.357532542572598
"T1",400941,175.992930385484,97,0.172,0.61,0.00225,0,0,0.337991899809808
"T1",400942,156.15901401518,98,0.176,0.568,0.0015,0,0,0.348009343328204
"T1",400943,227.061706100057,98,0.78,0.6,0.00025,0,0,0.330141676552254
"T1",400944,423.093525718731,94,0.416,0.13,0,0,0,0.333340000743056
"T1",400945,137.267859478504,99,0.37,0.242,5e-04,0.00025,0,0.340290136810421
"T1",400946,120.531090245684,102,0.068,0.824,0,0,0,0.342972293237323
"T1",400947,380.619354920721,85,0.302,0.38,0.0025,0,0,0.308250946278818
"T1",400948,133.823188725364,100,0.18,0.804,0.0085,0,0,0.331946447241215
"T1",400949,242.3469284983,103,0.622,0.932,0.00475,0,0,0.331833557910177
"T1",400950,333.824510325907,90,0.148,0.016,0.00125,0,0,0.314630758820986
"T1",400951,158.650918286995,93,0.142,0.112,0,0,0,0.340279039519436
"T1",400952,308.983674609742,93,0.636,0.512,0,0,0,0.335761902567106
"T1",400953,386.937096467857,100,0.622,0.388,0.00025,0,0,0.320578548687893
"T1",400954,155.422163357837,99,0.376,0.976,0.00025,0,0,0.336718683281423
"T1",400955,336.775526903878,99,0.1,0.506,0.00025,0,0,0.294191714740095
"T1",400956,151.033043834117,103,0.486,0.48,0.00175,0,0,0.357853966405809
"T1",400957,188.906255082115,91,0.188,0.16,0.00025,0,0,0.351651954003933
"T1",400958,122.777794447994,105,0.296,0.15,0,0,0,0.359037326439734
"T1",400959,206.490283690942,86,0.776,0.422,0.00025,0,0,0.328917137621289
"T1",400960,384.381620246068,104,0.92,0.942,0.00025,0,0,0.321471960265809
"T1",400961,173.859502449439,107,0.334,0.632,5e-04,0,0.00510204081632653,0.334942360797641
"T1",400962,224.724793902276,98,0.214,0.06,0.00225,0,0,0.326712931399318
"T1",400963,202.305238498529,94,0.972,0.756,0,0,0,0.328537612629207
"T1",400964,159.308449859188,97,0.538,0.874,0.002,0,0,0.340380380720095
"T1",400965,322.596004435166,99,0.912,0.626,0.003,0,0,0.318652244175171
"T1",400966,290.296704081491,102,0.414,0.486,0,0,0,0.32775942199361
"T1",400967,194.89842814812,95,0.7,0.122,0.00175,0.00025,0,0.319292379056886
"T1",400968,314.50807030165,93,0.982,0.804,0.00125,0,0,0.317127146700764
"T1",400969,397.838554774888,94,0.21,0.11,0,0,0,0.326650075980655
"T1",400970,83.8340461577958,96,0.888,0.508,0.01,0,0,0.359905301353287
"T1",400971,208.424328585395,102,0.834,0.69,0.00025,0,0,0.337600099196695
"T1",400972,176.609282060521,105,0.08,0.398,0.00025,0,0,0.346970935432209
"T1",400973,212.379516164931,102,0.984,0.924,0.011,0,0,0.32447604772767
"T1",400974,95.5630509913077,97,0.982,0.952,0.00375,0,0,0.347375982398109
"T1",400975,420.47085883073,95,0.38,0.332,0,0,0,0.31057510852068
"T1",400976,329.456114835746,96,0.386,0.14,0,0,0,0.316473195967325
"T1",400977,272.13772316664,93,0.238,0.608,5e-04,0,0,0.326497993540722
"T1",400978,307.629362747184,102,0.994,0.75,0.00225,0,0,0.31831439969029
"T1",400979,319.846524558326,98,0.724,0.446,0,0,0,0.324598549033078
"T1",400980,581.746148841037,97,0.168,0.166,0,0,0,0.317566348982017
"T1",400981,106.659856527859,98,0.886,0.294,5e-04,0,0,0.364672141836146
"T1",400982,551.904861804801,105,0.758,0.814,0,0,0,0.304221839535222
"T1",400983,116.737863977889,93,0.926,0.298,0.00075,0,0,0.353102522750528
"T1",400984,242.731495925853,95,0.046,0.048,0,0,0,0.323011946803984
"T1",400985,149.820398234556,97,0.486,0.05,0.0095,0,0,0.332568239156989
"T1",400986,84.7023886241741,102,0.452,0.818,0.00925,0,0.00510204081632653,0.366528924524575
"T1",400987,261.057047043597,101,0.324,0.006,0.0025,0,0,0.31947650694529
"T1",400988,378.109626680327,99,0.338,0.04,0.00075,0,0,0.305166185400699
"T1",400989,238.354198541036,100,0.312,0.3,0.00025,0,0,0.33701280711274
"T1",400990,42.4061125392936,102,0.344,0.74,0.00775,0.008,0,0.349022117405581
"T1",400991,177.140973396574,93,0.118,0.06,0,0,0.00510204081632653,0.338489346950065
"T1",400992,281.554606668672,110,0.13,0.644,0,0,0,0.323358497547188
"T1",400993,39.3417070063759,103,0.124,0.292,0.0075,0.00025,0.00510204081632653,0.380703757413385
"T1",400994,239.989260187361,104,0.748,0.342,0,0.00025,0,0.333923352577986
"T1",400995,269.650656396678,96,0.376,0.946,0,0,0,0.33149971764968
"T1",400996,101.847612097085,94,0.518,0.838,0.0145,5e-04,0,0.346714855699836
"T1",400997,178.584908086396,85,0.836,0.624,0.0025,0,0,0.333922003253121
"T1",400998,125.21854098687,100,0.498,0.6,5e-04,0,0,0.336774814934941
"T1",400999,245.432333525441,100,0.546,0.11,0.00025,0,0,0.336217184478066
"T1",401000,118.963385710129,93,0.214,0.156,0,0,0,0.342353502322857
"T2",410001,158.197123774791,95,0.23,0.372,0.0095,5e-04,0,0.341097231933046
"T2",410002,218.158763860353,96,0.608,0.982,0.0035,0,0,0.32724749253277
"T2",410003,310.51166731844,98,0.408,0.52,5e-04,0,0,0.319100286232675
"T2",410004,301.750256122815,93,0.638,0.994,0.00025,0,0,0.327373245433975
"T2",410005,533.213202313548,91,0.546,0.536,0,0,0,0.315426585744062
"T2",410006,541.149029645279,103,0.386,0.79,0,0,0,0.328032645772612
"T2",410007,275.015268465934,98,0.402,0.6,5e-04,0.00025,0,0.316456041837531
"T2",410008,201.855797867142,104,0.222,0.628,0.005,0,0,0.324374386447438
"T2",410009,319.563093878507,99,0.134,0.138,0,0,0,0.334537833412091
"T2",410010,360.079299710271,97,0.35,0.144,0,0,0,0.320856280731522
"T2",410011,679.398905411414,93,0.346,0.904,0,0,0,0.313380405678055
"T2",410012,265.279574965394,102,0.572,0.078,5e-04,0,0,0.318912539655815
"T2",410013,66.9838905587519,97,0.936,0.3,0.025,0.0015,0,0.345552976253159
"T2",410014,112.472389278939,101,0.294,0.794,0.00775,0.00025,0,0.33617793156558
"T2",410015,668.829812116448,87,0.512,0.684,0,0,0,0.311947643650011
"T2",410016,244.703926082566,101,0.208,0.154,0.001,0,0,0.313655733951906
"T2",410017,45.4834506142827,95,0.26,0.8,0.02625,0.00425,0,0.353431504104027
"T2",410018,314.652288389112,89,0.226,0.51,0.00725,0,0,0.322296700779094
"T2",410019,275.659810574467,94,0.656,0.484,0,0,0,0.331108726298473
"T2",410020,165.306334463343,96,0.496,0.712,0.00075,0,0,0.337886676530073
"T2",410021,500.527256634796,97,0.554,0.386,0,0,0,0.316619571732818
"T2",410022,104.827789109088,99,0.172,0.976,5e-04,0.00125,0,0.323220203555798
"T2",410023,107.431792064882,96,0.436,0.076,0.00375,0,0,0.349770900884249
"T2",410024,286.135271952827,95,0.546,0.574,0,0,0,0.330169037059929
"T2",410025,452.503449414303,98,0.668,0.574,0.00075,0,0,0.305352957233591
"T2",410026,243.070363138172,104,0.67,0.49,0.001,0.00025,0,0.319174205977079
"T2",410027,228.791244463216,95,0.712,0.57,0.00125,0,0,0.343860095503647
"T2",410028,200.578654872072,91,0.396,0.638,0.00075,0,0,0.33604817095129
"T2",410029,221.679708410916,93,0.256,0.152,0,0,0,0.320658877422579
"T2",410030,381.819192332032,106,0.06,0.914,0.00025,0,0,0.307904571537853
"T2",410031,374.407514730585,107,0.568,0.148,0.00125,0.00025,0,0.327314543152032
"T2",410032,19.3583103299903,96,0.534,0.698,0.02025,0.0015,0.00510204081632653,0.378236813350614
"T2",410033,107.090395729995,100,0.248,0.564,0.02375,0.00025,0,0.341567193344274
"T2",410034,161.847207465587,98,0.26,0.834,0.013,5e-04,0,0.32312770780022
"T2",410035,337.197632694055,94,0.828,0.468,0,0,0,0.320967786488917
"T2",410036,456.867062711641,84,0.886,0.862,0,0,0,0.309224645913677
"T2",410037,742.977206129598,98,0.068,0.794,0,0,0,0.288796365527031
"T2",410038,240.833329707413,98,0.032,0.322,0,0,0,0.314456145843358
"T2",410039,132.55390020726,104,0.218,0.056,0.00275,0,0,0.326324668888742
"T2",410040,323.206708039128,100,0.064,0.03,0,0,0,0.313974562549618
"T2",410041,212.714218138054,96,0.846,0.362,0.00125,0,0,0.319664007380711
"T2",410042,812.168851225213,90,0.108,0.99,0,0,0,0.317312727576622
"T2",410043,183.665760713876,97,0.392,0.938,0.00075,0,0,0.325961138846345
"T2",410044,224.889212202962,97,0.248,0.256,5e-04,0,0,0.328945313116519
"T2",410045,102.321201721676,93,0.59,0.218,0.00275,0.00025,0.00510204081632653,0.3258138081565
"T2",410046,269.313333926486,93,0.9,0.786,0.00025,0,0,0.320187329594935
"T2",410047,192.854407652528,106,0.132,0.652,0.00125,0,0,0.338023694930122
"T2",410048,731.291242929594,103,0.202,0.304,0.00025,0,0,0.290168695447951
"T2",410049,306.071142467598,96,0.83,0.174,0.00125,0,0,0.317075475860652
"T2",410050,429.21779730351,97,0.748,0.182,0.00125,0,0,0.315470522289727
"T2",410051,232.561015654699,100,0.31,0.026,0.00025,0,0,0.325055336989944
"T2",410052,353.254404242181,95,0.386,0.784,0,0,0,0.317008276152747
"T2",410053,388.657306653891,97,0.714,0.818,0,0,0,0.296771772778377
"T2",410054,447.848748019243,96,0.092,0.102,0,0,0,0.321942559781797
"T2",410055,203.650286543599,97,0.662,0.552,5e-04,0,0,0.335056576400057
"T2",410056,140.942837031507,86,0.296,0.284,0.00025,0.00025,0,0.339231231158456
"T2",410057,43.0567708295076,93,0.722,0.49,0.14375,0.0085,0.00510204081632653,0.34689366369766
"T2",410058,506.653796323508,102,0.222,0.014,0,0,0,0.286299990189965
"T2",410059,74.5836286720925,99,0.468,0.718,0.01575,0.001,0,0.353912764476663
"T2",410060,323.051981664534,84,0.922,0.898,0,0,0,0.328733612717652
"T2",410061,688.990465181177,87,0.432,0.252,0.00025,0,0,0.305338866704888
"T2",410062,209.539839449609,100,0.448,0.744,0,0,0,0.346156232356128
"T2",410063,287.379230685721,95,0.148,0.232,0.00075,0,0,0.325864130631988
"T2",410064,258.54182064925,90,0.484,0.266,0.00425,0.00025,0,0.316006309122708
"T2",410065,293.78982567425,89,0.186,0.28,0.00225,0.00025,0,0.320123312757817
"T2",410066,244.966203386727,103,0.336,0.032,0.00025,0,0,0.319060719513533
"T2",410067,206.206192428789,95,0.23,0.8,0.0015,0.00025,0,0.321518430049263
"T2",410068,191.774120680324,107,0.91,0.294,0.00975,0,0,0.337203939669043
"T2",410069,171.590416221887,100,0.118,0.122,0.00025,0,0,0.323579813619562
"T2",410070,219.941109083008,92,0.234,0.118,0.00825,0,0,0.310669339101755
"T2",410071,217.631032856299,102,0.912,0.354,0.001,0,0,0.337739737752808
"T2",410072,170.067074573156,102,0.586,0.902,0.00425,0,0,0.322688373833642
"T2",410073,48.2393483234103,94,0.13,0.492,0.001,0.00075,0,0.369412880883013
"T2",410074,263.378183555844,97,0.472,0.884,0,0,0,0.318468525908081
"T2",410075,274.173576726604,99,0.84,0.278,0.00275,0,0,0.328119464174609
"T2",410076,76.8348556366465,89,0.97,0.846,0.0495,0.0015,0.00510204081632653,0.340903106800694
"T2",410077,236.141771336489,98,0.834,0.702,0.008,0,0,0.325921605510043
"T2",410078,284.09146428433,94,0.828,0.808,0.009,0,0,0.317850376210181
"T2",410079,263.323891594915,93,0.284,0.438,0.00025,0,0,0.338272247909178
"T2",410080,301.52831223219,97,0.366,0.87,0,0,0,0.332758737296086
"T2",410081,46.5264247595046,93,0.078,0.878,0.03025,0.00625,0.00510204081632653,0.361206372751432
"T2",410082,435.498667799392,97,0.602,0.212,0.0015,0,0,0.309536386069384
"T2",410083,328.910827365937,98,0.854,0.78,0.00025,0,0,0.329775026887123
"T2",410084,173.441512384735,98,0.278,0.268,0.00025,0,0,0.330189719789697
"T2",410085,481.767328529171,97,0.362,0.4,0,0,0,0.328943129445863
"T2",410086,165.915972870098,87,0.48,0.256,0.00175,0,0,0.321710990589579
"T2",410087,332.570897836494,94,0.156,0.518,0,0,0,0.309015224656828
"T2",410088,588.161967282885,100,0.98,0.756,0,0,0,0.319414882685697
"T2",410089,254.243123291208,91,0.442,0.242,0.00025,0,0,0.324267465281686
"T2",410090,290.879411492348,95,0.452,0.078,0,0,0,0.31776370045707
"T2",410091,76.7671864311898,96,0.606,0.454,0.08825,0.001,0,0.350984968439191
"T2",410092,122.361123325509,95,0.998,0.896,0.01925,0.00025,0.00510204081632653,0.351176742057539
"T2",410093,255.459737704315,94,0.53,0.678,0.0035,0,0,0.313014214286286
"T2",410094,260.408152188513,101,0.226,0.306,0.0015,0,0,0.318466867426651
"T2",410095,101.961787703369,94,0.332,0.298,0.00075,0.00075,0.00510204081632653,0.345120062976372
"T2",410096,281.509071475635,94,0.302,0.838,0,0,0,0.324640360321315
"T2",410097,119.96606918205,97,0.356,0.758,0.00025,0.00075,0,0.330972968643775
"T2",410098,144.933052167433,105,0.496,0.9,0,0,0,0.335280415002367
"T2",410099,278.936369581886,102,0.228,0.03,0.00025,0,0,0.325268615987101
"T2",410100,495.158614104198,104,0.702,0.352,0,0,0,0.329058731111409
"T2",410101,615.629269523199,94,0.752,0.328,0,0,0,0.308750266046925
"T2",410102,78.7381197011054,95,0.834,0.77,0.01,0,0,0.350164521563795
"T2",410103,334.079130750066,98,0.502,0.128,0,0,0,0.32794893154254
"T2",410104,24.8131518177599,101,0.574,0.276,0.0555,0.00075,0,0.36783146653217
"T2",410105,311.35456789703,96,0.302,0.228,0.00125,0,0,0.322071444042087
"T2",410106,523.539347721879,99,0.112,0.642,0,0,0,0.319906614193681
"T2",410107,399.124160948633,99,0.294,0.356,0.001,0,0,0.321801680223354
"T2",410108,433.998437604987,79,0.466,0.538,5e-04,0,0,0.306429534943644
"T2",410109,121.193778448156,91,0.416,0.308,0.003,0,0,0.332878238290155
"T2",410110,250.245170276021,94,0.892,0.898,0.00025,0,0,0.34259212625403
"T2",410111,138.167872310739,90,0.266,0.966,0,0.00025,0,0.336214303593414
"T2",410112,947.474974943725,93,0.742,0.99,0,0,0,0.311477138798568
"T2",410113,134.768556702586,97,0.74,0.98,0.00025,0,0.00510204081632653,0.353989789441084
"T2",410114,729.992813023933,92,0.636,0.916,0,0,0,0.275424818593691
"T2",410115,469.14453794531,84,0.634,0.428,0,0,0,0.32527324164737
"T2",410116,125.647235670076,97,0.814,0.136,0.002,0,0,0.32516906583799
"T2",410117,286.483275605413,103,0.082,0.012,0.00025,0,0,0.308428384222629
"T2",410118,61.1399618995675,94,0.966,0.314,0.00525,0,0,0.363662030118555
"T2",410119,227.372812011509,100,0.002,0.086,0,0,0,0.321319296967205
"T2",410120,99.0009626863587,95,0.6,0.316,0.00225,0,0,0.316546273687739
"T2",410121,212.267011794007,89,0.888,0.894,0.00025,0,0,0.348023351192875
"T2",410122,138.103134761597,95,0.894,0.482,0.063,0.00025,0,0.320008573957283
"T2",410123,416.034520751218,96,0.296,0.994,5e-04,0,0,0.298750478310169
"T2",410124,59.9027142220126,101,0.358,0.296,0.00375,0,0,0.353930455965687
"T2",410125,327.230136297388,92,0.252,0.832,5e-04,0,0,0.311159932717686
"T2",410126,351.163010324092,95,0.264,0.32,0,0,0,0.336416178929532
"T2",410127,452.197162837323,104,0.688,0.34,0,0,0,0.296038717562471
"T2",410128,182.429045694428,96,0.75,0.926,0.015,0,0,0.337093368574948
"T2",410129,227.501411209135,96,0.152,0.046,0.00575,0,0,0.322560042716292
"T2",410130,191.386779766104,104,0.536,0.386,0.00075,0,0,0.359358683341781
"T2",410131,595.695347275736,100,0.772,0.366,0.001,0,0,0.299831712539668
"T2",410132,219.039126152688,95,0.612,0.596,0.00525,0,0,0.320906989752952
"T2",410133,170.465420521152,99,0.532,0.402,0.00125,0,0,0.33432792259056
"T2",410134,239.247934047034,101,0.92,0.54,0.00225,0,0,0.330820564393413
"T2",410135,179.365996199503,92,0.782,0.832,0.034,0.00025,0,0.321439830545054
"T2",410136,270.914258003452,99,0.09,0.672,0,0,0,0.328506926102606
"T2",410137,265.214125209602,104,0.416,0.522,0,0,0,0.32427858118362
"T2",410138,207.977045168521,101,0.204,0.446,0,0,0,0.326991925432664
"T2",410139,75.2123623320685,93,0.272,0.752,0.00075,0.00025,0.00510204081632653,0.34224461684951
"T2",410140,230.824671849442,98,0.55,0.51,0.00025,0,0,0.324675366996034
"T2",410141,63.868819811281,92,0.936,0.976,0.0065,0.00075,0,0.351352182912291
"T2",410142,251.531359407641,100,0.262,0.446,0,0,0,0.33509174532395
"T2",410143,387.43224309145,93,0.336,0.296,5e-04,0,0,0.297251719926997
"T2",410144,639.079670267701,95,0.082,0.196,0,0,0,0.306574172326222
"T2",410145,259.529928519847,100,0.744,0.71,0.0025,0.00025,0,0.323153489711763
"T2",410146,366.610719591406,92,0.344,0.65,0.0035,0,0,0.316462240093624
"T2",410147,188.731778783209,99,0.57,0.318,0,0,0,0.337198374793963
"T2",410148,186.784407129436,100,0.968,0.968,0.00875,0,0,0.331548057786563
"T2",410149,127.530622410069,96,0.936,0.358,0.01475,0,0,0.333783149751802
"T2",410150,526.003490634031,95,0.498,0.662,0.001,0,0,0.298671487112069
"T2",410151,130.29249541629,100,0.374,0.358,0,0,0,0.343226009058618
"T2",410152,342.475255618447,103,0.482,0.044,5e-04,0,0,0.328048812382238
"T2",410153,459.635533252204,91,0.462,0.494,0.001,0,0,0.310519040339564
"T2",410154,574.341655610043,99,0.622,0.646,0,0,0,0.323688700182138
"T2",410155,684.268145979602,93,0.918,0.88,0,0,0,0.302604372790711
"T2",410156,40.7634933815867,97,0.978,0.44,0.018,0.0015,0,0.376854742943126
"T2",410157,228.607352000327,91,0.766,0.674,0.0015,0.00025,0,0.311682182204768
"T2",410158,168.647284021086,107,0.59,0.27,0.00675,0,0,0.334946335555892
"T2",410159,399.272876698266,101,0.076,0.698,0,0,0,0.312130088187348
"T2",410160,329.761061325592,101,0.61,0.196,5e-04,0.00025,0,0.29584965433545
"T2",410161,255.046118906878,98,0.84,0.478,5e-04,0,0,0.318199770966146
"T2",410162,251.285962774177,96,0.858,0.862,0.00075,0,0,0.322960220963191
"T2",410163,635.095637565657,84,0.154,0.262,0,0,0,0.310856018808877
"T2",410164,44.1305591510372,94,0.37,0.224,0.01025,0.001,0,0.347585742647634
"T2",410165,247.266669017746,95,0.426,0.216,0,0,0,0.335428495641891
"T2",410166,159.637444250796,98,0.454,0.658,0.00525,0,0,0.335926700108658
"T2",410167,525.779122433603,101,0.848,0.77,0,0,0,0.315479746180513
"T2",410168,319.92604663581,87,0.298,0.522,0,0,0,0.321580863076499
"T2",410169,486.745529918945,105,0.578,0.184,0,0,0,0.309204898871658
"T2",410170,298.925174935858,99,0.798,0.266,0.0025,0,0,0.308474856046894
"T2",410171,744.090800872258,95,0.056,0.196,0,0,0,0.287679643161308
"T2",410172,359.115769570465,91,0.462,0.884,0.00125,0,0,0.329943437199462
"T2",410173,643.948206041394,101,0.164,0.32,0.00025,0,0,0.298102123786288
"T2",410174,302.054528244691,97,0.94,0.862,0.00025,0,0,0.330489830499443
"T2",410175,283.782965887707,97,0.802,0.57,0.00725,0,0,0.330137989388158
"T2",410176,332.794987525517,95,0.792,0.766,0.00025,0,0,0.31600264645669
"T2",410177,210.804481687714,100,0.306,0.024,0.00425,0,0,0.331820602831536
"T2",410178,259.368459538228,94,0.15,0.03,0.00025,0,0,0.316462501518333
"T2",410179,299.724015047353,93,0.724,0.068,5e-04,0,0,0.339479491342606
"T2",410180,278.832411547709,99,0.336,0.238,0,0.00025,0,0.316819693574119
"T2",410181,223.130777017717,90,0.038,0.028,0,0,0,0.322927234568742
"T2",410182,156.369638115469,94,0.526,0.092,0.0115,5e-04,0,0.328883738234897
"T2",410183,288.347012260173,92,0.554,0.834,0,0,0,0.32474134583823
"T2",410184,127.861705637825,85,0.74,0.106,0.00825,0,0.00510204081632653,0.357243489386668
"T2",410185,254.638036367516,91,0.802,0.262,5e-04,0,0,0.310378670928077
"T2",410186,51.6911425128854,103,0.634,0.32,0.0275,0.00075,0.00510204081632653,0.35671990560912
"T2",410187,137.638816115941,97,0.676,0.83,0.01925,0.001,0,0.337822610492943
"T2",410188,890.776778644409,90,0.862,0.854,0,0,0,0.2936439097347
"T2",410189,244.357608018253,104,0.802,0.448,0,0,0,0.299898546131237
"T2",410190,418.579171600547,96,0.43,0.542,0,0,0,0.314037583377412
"T2",410191,279.639787736623,91,0.924,0.882,0.0055,0,0,0.311219242876343
"T2",410192,901.092640672857,109,0.132,0.494,0,0,0,0.298960070392123
"T2",410193,297.384176722753,98,0.844,0.604,0.00125,0,0,0.308899836870956
"T2",410194,349.036338149619,101,0.026,0.042,0,0,0,0.31994564329282
"T2",410195,133.692890025652,90,0.846,0.452,0.00275,0,0,0.345402940747259
"T2",410196,320.342132430057,97,0.826,0.366,0.002,0,0,0.324992587204857
"T2",410197,885.207985965452,88,0.572,0.09,0,0,0,0.298286378134576
"T2",410198,163.150528328964,96,0.892,0.466,0.01975,0,0,0.328138857448342
"T2",410199,317.059633137417,93,0.68,0.422,0.002,0,0,0.319784175476732
"T2",410200,329.684980680364,112,0.992,0.73,0.0045,0.00025,0,0.317603254694776
"T2",410201,280.306291499846,97,0.538,0.438,0.00025,0,0,0.314681021029568
"T2",410202,441.235567133356,97,0.716,0.306,0,0,0,0.329588264991509
"T2",410203,226.680461955126,98,0.722,0.426,0.004,0.00025,0,0.316718230133712
"T2",410204,171.868380640614,91,0.85,0.516,0.00525,0,0,0.322367656995927
"T2",410205,270.229218574403,96,0.044,0.728,0.00025,0,0,0.322558039029895
"T2",410206,140.129951848283,96,0.128,0.164,0.00075,0.00025,0,0.331132809354887
"T2",410207,665.433739555546,97,0.35,0.37,0,0,0,0.312349946639199
"T2",410208,344.045953949078,90,0.958,0.954,0,0,0,0.34161891679917
"T2",410209,741.202469957729,98,0.726,0.718,0,0,0,0.299136578611716
"T2",410210,128.109652019472,95,0.656,0.978,0.0015,0,0,0.341193255679431
"T2",410211,302.495532610668,90,0.958,0.784,0.0015,0,0,0.321471875400987
"T2",410212,380.032667865041,107,0.934,0.492,0,0,0,0.345116691207949
"T2",410213,448.936424571877,104,0.382,0.212,0,0,0,0.329493367267964
"T2",410214,220.574255116236,99,0.678,0.126,0,0,0,0.329674665244834
"T2",410215,84.7731941481084,90,0.588,0.596,0.013,5e-04,0,0.344657310184283
"T2",410216,142.667202051645,93,0.372,0.524,5e-04,0,0,0.354574629812692
"T2",410217,121.720040483029,92,0.486,0.354,0.01175,5e-04,0,0.337020302808155
"T2",410218,95.6904690127195,101,0.634,0.456,5e-04,0.00325,0,0.35174111255675
"T2",410219,179.319131079497,96,0.674,0.44,0.00075,0,0,0.326843192143947
"T2",410220,3555.936252602,93,0.052,0.012,0,0,0,0.280248266904065
"T2",410221,148.284401220375,87,0.216,0.274,5e-04,0,0,0.343695106596528
"T2",410222,451.928447717346,100,0.156,0.998,0,0,0,0.312515467831542
"T2",410223,598.701085389753,99,0.978,0.818,5e-04,0,0,0.311383550455426
"T2",410224,429.000387717943,92,0.622,0.596,0,0,0,0.325568772609706
"T2",410225,261.34054624644,106,0.664,0.614,0,0,0,0.352895628594765
"T2",410226,241.942388574009,96,0.042,0.434,0.00025,0,0,0.322640556607305
"T2",410227,233.092258395389,98,0.782,0.896,0.00225,0.00025,0,0.323883362636718
"T2",410228,206.484634292215,96,0.43,0.97,0.00025,0,0,0.330775628524347
"T2",410229,409.780210877995,99,0.75,0.386,0.00025,0,0,0.319363870284005
"T2",410230,293.154605994109,108,0.206,0.73,0,0,0,0.311435044515633
"T2",410231,237.58651773665,101,0.992,0.962,0.00075,0.00025,0,0.337825086202699
"T2",410232,159.742658463605,91,0.402,0.542,0.00425,0.00025,0,0.316856443899474
"T2",410233,195.452871493338,100,0.992,0.422,0.0085,0,0,0.327887771229414
"T2",410234,140.679261348788,90,0.63,0.32,0,0.00075,0,0.333071307480124
"T2",410235,237.210281463979,102,0.86,0.384,0.00125,0,0,0.326904353274319
"T2",410236,415.198911737357,80,0.196,0.372,0.001,0,0,0.311588059474405
"T2",410237,169.388914901284,101,0.474,0.254,0.023,0.00025,0,0.329111623266445
"T2",410238,450.573414452237,91,0.026,0.252,0,0,0,0.304996709605064
"T2",410239,93.8460010537382,88,0.814,0.856,0.00625,0,0.00510204081632653,0.363491505939499
"T2",410240,244.133744104529,94,0.944,0.7,0,0,0,0.324390361249646
"T2",410241,268.876054267722,100,0.03,0.764,0,0,0,0.318032327999151
"T2",410242,139.058318994641,100,0.62,0.914,0.01,0.00025,0,0.334601565642228
"T2",410243,305.808641297103,86,0.83,0.736,0.00025,0,0,0.335279882336962
"T2",410244,342.849002600584,96,0.672,0.874,0,0,0,0.31644295518358
"T2",410245,416.741381527275,95,0.802,0.862,5e-04,0,0,0.318345437147308
"T2",410246,547.031003003769,101,0.496,0.492,0.00025,0,0,0.318618398146994
"T2",410247,157.197863635463,90,0.754,0.878,0,0,0,0.33154714163146
"T2",410248,486.44361017974,99,0.492,0.068,0,0,0,0.304051626796174
"T2",410249,306.354281712028,103,0.482,0.194,0,0,0,0.337444621265706
"T2",410250,254.016323002813,98,0.192,0.084,0.003,0,0,0.327797685062384
"T2",410251,69.9406156725166,96,0.616,0.752,0.01925,0.001,0.00510204081632653,0.356080186455736
"T2",410252,260.054990140938,94,0.048,0.13,0,0,0,0.309100883712678
"T2",410253,491.98560573884,91,0.562,0.058,0,0,0,0.307690280315177
"T2",410254,174.225993241756,102,0.11,0.21,0,0,0,0.331732491270857
"T2",410255,43.6625816184891,98,0.126,0.546,0.009,0.001,0,0.359845604037429
"T2",410256,130.447246530089,94,0.602,0.84,0.0105,5e-04,0,0.344734723623022
"T2",410257,553.141910828065,95,0.556,0.584,0.00025,0,0,0.301328779322451
"T2",410258,304.854079114977,100,0.836,0.31,0.00025,0,0,0.331879489584353
"T2",410259,395.540297905608,99,0.906,0.724,0.00025,0,0,0.325952340916313
"T2",410260,536.875240944214,101,0.346,0.06,0,0,0,0.310919042159583
"T2",410261,338.04267571572,100,0.43,0.166,0.0015,0.00025,0,0.310452352659257
"T2",410262,188.213846685021,102,0.012,0.454,0,0.00025,0,0.322117555652829
"T2",410263,359.132865868738,101,0.49,0.69,0,0,0,0.324194574278451
"T2",410264,93.0345948266402,101,0.87,0.826,0.00675,0.00025,0,0.351955702046431
"T2",410265,67.8346194880268,93,0.032,0.032,0,0,0,0.338955593176952
"T2",410266,104.961801551016,98,0.74,0.64,0.02025,0,0,0.342043335221475
"T2",410267,201.448141340011,101,0.9,0.296,0,0,0,0.336563416241323
"T2",410268,264.595374292792,95,0.902,0.942,0.00025,0,0,0.32964934407298
"T2",410269,247.45098023946,102,0.976,0.48,0.00025,0,0,0.330986037734977
"T2",410270,429.642869843609,99,0.912,0.78,0.00125,0,0,0.319617235824205
"T2",410271,260.616298962797,99,0.244,0.528,0,0,0,0.313996418492975
"T2",410272,221.246415067308,83,0.406,0.268,0.00075,0,0,0.330555016509102
"T2",410273,521.971038791659,91,0.862,0.368,5e-04,0,0,0.311447807079613
"T2",410274,122.346562715849,88,0.086,0.488,0.0015,0,0,0.328547048066469
"T2",410275,136.0851522716,94,0.996,0.664,0.018,0,0,0.339804585456229
"T2",410276,318.433938077254,91,0.098,0.428,0.00075,0,0,0.319862574796697
"T2",410277,135.206621894378,90,0.906,0.546,0.05425,0.00075,0,0.340865733173109
"T2",410278,53.066615669377,99,0.914,0.868,0.01825,0.00025,0,0.355998931351949
"T2",410279,404.682643463097,107,0.696,0.528,0.00025,0,0,0.315417578493125
"T2",410280,175.429318997233,94,0.668,0.642,0.013,0,0,0.319971230413364
"T2",410281,198.568882838504,100,0.8,0.224,0.00625,0,0,0.329265547060924
"T2",410282,166.545660032414,102,0.02,0.55,0,0.00025,0,0.327116908408419
"T2",410283,510.575956674343,96,0.59,0.97,0.00025,0,0,0.302241986324589
"T2",410284,83.0254853863281,103,0.382,0.5,0.00325,0.001,0,0.333036562176358
"T2",410285,655.249799197453,92,0.356,0.294,0,0,0,0.320248894787876
"T2",410286,183.579702413671,88,0.39,0.16,0.0035,5e-04,0,0.314738280178297
"T2",410287,95.0094053668176,98,0.794,0.748,0.00825,0.00025,0,0.358123604748638
"T2",410288,136.945783426479,96,0.442,0.732,0.008,0.00075,0,0.32238859156937
"T2",410289,194.841765256661,97,0.232,0.66,0.00125,0,0,0.336373684775712
"T2",410290,85.329765551983,103,0.134,0.694,0.00175,0.00125,0,0.329090174629524
"T2",410291,284.915948617001,100,0.436,0.016,0,0,0,0.341258450602744
"T2",410292,141.014729113948,100,0.062,0.306,0.00225,0,0,0.329682332939573
"T2",410293,380.874671471787,97,0.838,0.924,0.001,0,0,0.305750366227193
"T2",410294,504.883912174579,98,0.502,0.65,0,0,0,0.314878833092619
"T2",410295,175.757044660183,97,0.72,0.764,0.0015,0,0,0.33162129673819
"T2",410296,131.104145400508,101,0.13,0.094,0.00125,0,0,0.345444633718617
"T2",410297,332.504749940868,98,0.664,0.95,5e-04,0,0,0.308798764284995
"T2",410298,253.27314034705,97,0.164,0.216,0,0,0,0.334718878585776
"T2",410299,311.185478550972,94,0.722,0.538,0,0,0,0.326375164248657
"T2",410300,101.949353844456,98,0.814,0.732,0.03125,5e-04,0,0.329109900415521
"T2",410301,233.740871416556,99,0.526,0.668,0.00525,0,0,0.322860167920718
"T2",410302,97.2243261756736,93,0.732,0.56,0.0015,5e-04,0,0.351496445273587
"T2",410303,140.60798362118,97,0.924,0.262,0.04,0.00075,0,0.335473138014443
"T2",410304,272.763518486846,97,0.988,0.596,0.00075,0,0,0.323482612380548
"T2",410305,141.97809817314,96,0.734,0.706,0.0015,0,0,0.338613192905207
"T2",410306,164.69555424183,83,0.756,0.552,0.02125,0.002,0,0.322151973390326
"T2",410307,344.231168857936,94,0.134,0.914,0,0,0,0.337524720114369
"T2",410308,322.521116773886,96,0.938,0.722,0.00075,0,0,0.322056483961129
"T2",410309,536.43072149523,97,0.43,0.242,0,0,0,0.312218056389634
"T2",410310,137.268987446996,89,0.624,0.42,0.00075,0,0,0.33155262898782
"T2",410311,306.489883480954,97,0.334,0.07,0,0,0,0.321095508823041
"T2",410312,288.752200562041,95,0.838,0.49,0.00025,0,0,0.329072223312351
"T2",410313,428.590386579605,99,0.18,0.874,0.001,0,0,0.31381804118303
"T2",410314,137.167170418386,92,0.85,0.344,0.00075,0,0,0.347882928870388
"T2",410315,155.51366156026,100,0.526,0.614,0.00025,0,0,0.34137865436921
"T2",410316,599.933638034316,98,0.028,0.234,0,0,0,0.295007313782089
"T2",410317,146.646729954257,99,0.38,0.974,0.0045,0.00025,0,0.347592583069585
"T2",410318,287.61366376697,98,0.59,0.52,0.00075,0.00025,0,0.303120453451012
"T2",410319,197.757237629974,107,0.446,0.802,0,0,0,0.327008003420677
"T2",410320,365.115999440841,93,0.234,0.452,0,0,0,0.309450343468332
"T2",410321,343.133041109782,103,0.584,0.856,5e-04,0,0,0.308040013642042
"T2",410322,120.268866096038,87,0.616,0.698,0.0125,0.002,0,0.337999683911593
"T2",410323,204.210691645217,101,0.728,0.766,5e-04,0,0,0.340325096608739
"T2",410324,363.780141202927,100,0.746,0.1,0,0,0,0.315704086717694
"T2",410325,191.204350559114,103,0.678,0.208,0.0185,0,0,0.338098612997602
"T2",410326,231.631588914394,95,0.92,0.272,0.01375,0,0,0.314979417938659
"T2",410327,496.576212151506,97,0.296,0.038,0.00025,0,0,0.304589533221445
"T2",410328,245.099306258682,97,0.788,0.548,0.005,0,0,0.318442560396585
"T2",410329,188.748545212635,103,0.64,0.578,5e-04,0,0,0.317705928459083
"T2",410330,79.0786515303204,93,0.642,0.48,0.00375,5e-04,0,0.340600622888653
"T2",410331,727.162282570755,87,0.334,0.278,0,0,0,0.278864606581586
"T2",410332,183.628339371169,93,0.948,0.676,0.009,0,0,0.33876199745412
"T2",410333,457.081474668312,99,0.1,0.274,0,0,0,0.302636264148386
"T2",410334,139.036172634647,95,0.93,0.456,0.03375,0.00025,0,0.314352560126515
"T2",410335,154.219334585992,93,0.976,0.488,0.00175,0,0,0.348299167663167
"T2",410336,259.130494794196,101,0.514,0.152,5e-04,0,0,0.337934369159565
"T2",410337,558.946856150566,104,0.014,0.406,0,0,0,0.310293090920428
"T2",410338,386.805296776542,102,0.944,0.96,0,0,0,0.325435437163144
"T2",410339,441.124864808488,97,0.036,0.48,0,0,0,0.317318517641752
"T2",410340,246.342719256941,93,0.806,0.544,5e-04,0,0,0.332469054007993
"T2",410341,631.346853546867,90,0.328,0.368,0,0,0,0.309132230304712
"T2",410342,131.359028207483,93,0.964,0.652,0.00025,0,0,0.340436500701687
"T2",410343,149.98700861103,93,0.85,0.562,0.00225,0,0,0.309203312421374
"T2",410344,430.59499340098,100,0.048,0.188,0,0,0,0.307902852516889
"T2",410345,574.610379588978,93,0.672,0.302,0.00025,0,0,0.292367883395288
"T2",410346,258.596112610179,94,0.09,0.012,0,0,0,0.33936980029616
"T2",410347,86.7121616045742,90,0.714,0.38,0.0035,0.00025,0.00510204081632653,0.353652985281833
"T2",410348,305.305392725775,102,0.764,0.412,0.0015,0,0,0.315299589482687
"T2",410349,44.9332331084432,101,0.618,0.152,0.01825,5e-04,0,0.354134674159774
"T2",410350,646.64478564844,100,0.786,0.25,0,0,0,0.30852601578986
"T2",410351,236.096473189212,96,0.918,0.786,0.00075,0,0,0.316221308915049
"T2",410352,176.839527249804,93,0.146,0.21,0,0,0,0.346923000696607
"T2",410353,193.710373380366,99,0.582,0.964,0.00675,0.00025,0,0.331200827756935
"T2",410354,391.398107717459,96,0.808,0.97,0.00025,0,0,0.307704137959347
"T2",410355,402.822439010937,93,0.886,0.512,0,0,0,0.308057559992428
"T2",410356,426.126997214515,86,0.632,0.176,0,0,0,0.322773474852212
"T2",410357,279.330322910208,99,0.34,0.04,0,0,0,0.328539174908021
"T2",410358,127.66451338128,105,0.378,0.7,5e-04,0,0,0.351382133498593
"T2",410359,264.490642597868,91,0.354,0.016,0.0095,0,0,0.308016975875322
"T2",410360,600.20305070595,98,0.428,0.324,0.0025,0,0,0.296678283906915
"T2",410361,214.240651315489,99,0.404,0.206,0.02175,5e-04,0,0.321575622168176
"T2",410362,392.478807598643,95,0.556,0.946,0.002,0,0,0.313739705599801
"T2",410363,290.086466286461,95,0.262,0.068,0,0,0,0.332665828652441
"T2",410364,49.1432881110422,89,0.332,0.288,0.00575,0.00075,0,0.361948660065133
"T2",410365,57.2476261180918,100,0.732,0.072,0.004,0,0,0.360799088167329
"T2",410366,73.1457434795135,95,0.798,0.778,0.014,0.0025,0,0.344300362458325
"T2",410367,305.212574216019,90,0.95,0.792,0.00225,0,0,0.32162839205639
"T2",410368,501.778563201592,95,0.724,0.218,0,0,0,0.311532798139181
"T2",410369,549.127550794747,94,0.64,0.388,0,0,0,0.297043507724865
"T2",410370,154.428792067697,101,0.268,0.032,0,0,0,0.333879925340099
"T2",410371,363.183248965527,91,0.102,0.522,0,0,0,0.333223986762139
"T2",410372,440.035960444296,94,0.04,0.534,0,0,0,0.309237246974118
"T2",410373,240.067776430833,92,0.426,0.056,0.00275,0,0,0.331094549445625
"T2",410374,85.0084097222359,105,0.05,0.432,0.0055,0.002,0,0.344428710385535
"T2",410375,225.379910910126,94,0.706,0.552,0.00225,0,0,0.32488384271683
"T2",410376,357.905817097554,99,0.82,0.346,0,0,0,0.319899055299353
"T2",410377,413.293807076795,99,0.432,0.674,0.00025,0,0,0.290615620275764
"T2",410378,225.759984369833,90,0.384,0.058,0.00075,0,0,0.303767507368999
"T2",410379,385.931057004529,105,0.506,0.366,0.00325,0,0,0.324955055755827
"T2",410380,158.24181929284,94,0.856,0.376,0.00025,0,0,0.347397089149478
"T2",410381,191.479524032751,106,0.2,0.58,5e-04,0,0,0.323316428825756
"T2",410382,189.735388760554,92,0.956,0.908,0.00375,0.00025,0,0.344964213254517
"T2",410383,120.296428875651,102,0.844,0.838,0.00125,0,0,0.340385343208931
"T2",410384,431.863634234319,90,0.392,0.328,0,0,0,0.321021496688124
"T2",410385,305.142539394406,91,0.942,0.444,0.02,0,0,0.31213878029887
"T2",410386,420.37529554878,95,0.794,0.268,0,0,0,0.332640264091975
"T2",410387,99.298841238906,101,0.64,0.374,0.0445,5e-04,0,0.347549675670893
"T2",410388,347.716681924006,97,0.728,0.778,0.00075,0,0,0.321254021975889
"T2",410389,228.136942434278,97,0.478,0.158,0,0,0,0.31879708231497
"T2",410390,194.060470165205,94,0.952,0.356,0.00025,0,0,0.340237102017891
"T2",410391,128.035141767086,93,0.464,0.722,0.01,0.002,0,0.334151677584957
"T2",410392,180.239131577431,93,0.254,0.454,0.00475,0,0,0.32669825371496
"T2",410393,124.762532314572,103,0.488,0.2,0.00525,0,0.00510204081632653,0.347382017617488
"T2",410394,214.077775049937,94,0.874,0.936,0.00025,0,0,0.315478156970879
"T2",410395,71.994284016598,95,0.824,0.928,0.02275,0.00125,0,0.353447516623937
"T2",410396,167.74151547432,94,0.03,0.046,0.00025,0,0,0.336398353953563
"T2",410397,282.583843439878,100,0.006,0.14,0,0,0,0.310332838424432
"T2",410398,267.18562623516,93,0.538,0.856,0.00025,0,0,0.338372937495532
"T2",410399,59.067014866137,99,0.48,0.748,0.005,0.00075,0.00510204081632653,0.36846142884998
"T2",410400,108.221888570238,95,0.772,0.984,0.01325,0.00075,0,0.32983560789341
"T2",410401,300.743869313128,95,0.998,0.824,0.00075,0,0,0.323625582814678
"T2",410402,275.495795563477,86,0.72,0.486,0.00025,0,0,0.325278086849258
"T2",410403,269.961065334974,100,0.924,0.31,0.0025,0,0,0.330763471047808
"T2",410404,390.529112712373,102,0.12,0.01,0,0,0,0.321006362549994
"T2",410405,132.293650403188,102,0.162,0.01,0.00575,0,0,0.3279930890071
"T2",410406,115.695940140296,94,0.412,0.56,0.0055,0,0,0.336024909957868
"T2",410407,241.725299530496,88,0.954,0.444,0.0035,0,0,0.311897774010864
"T2",410408,336.41278451777,104,0.014,0.61,0,0,0,0.316403432193513
"T2",410409,276.717620127819,93,0.424,0.166,0.00075,0,0,0.329555413620339
"T2",410410,258.923615729329,96,0.676,0.326,0.00025,0,0,0.326354459896368
"T2",410411,304.680241496356,103,0.5,0.302,0,0,0,0.339574953590936
"T2",410412,120.487119334639,104,0.62,0.726,0.0275,0,0,0.344208978669659
"T2",410413,184.569305069226,94,0.998,0.908,0.00075,0,0,0.334340927821589
"T2",410414,369.927483894506,90,0.504,0.942,0.004,0,0,0.303403587176639
"T2",410415,112.534449388812,94,0.098,0.796,0.00125,0,0,0.338328465498725
"T2",410416,448.344642762257,102,0.278,0.164,0,0,0,0.305656846362353
"T2",410417,173.308457705347,95,0.128,0.146,0.00075,0,0,0.324959506047715
"T2",410418,228.733084282866,93,0.508,0.75,0.00225,0,0,0.329563673453193
"T2",410419,412.843907679653,99,0.8,0.236,0.001,0,0,0.310678938993061
"T2",410420,148.977886598828,101,0.996,0.762,0.00375,0,0,0.340958778325709
"T2",410421,353.120326889937,101,0.66,0.608,0,0,0,0.324641827448569
"T2",410422,291.657603455984,101,0.128,0.428,0.00175,0,0,0.314276556901289
"T2",410423,415.979431029119,100,0.106,0.976,0,0,0,0.3183440060974
"T2",410424,90.7151306946139,94,0.03,0.282,0,0,0,0.349540697423999
"T2",410425,540.886118333584,105,0.898,0.574,0.00025,0,0,0.312701103885316
"T2",410426,144.611850622522,100,0.198,0.664,0.00175,0.00025,0,0.332744092858043
"T2",410427,464.868498851828,100,0.278,0.036,0,0,0,0.322291978478555
"T2",410428,389.141680930993,95,0.4,0.17,0,0,0,0.318533228579582
"T2",410429,527.254915340582,94,0.356,0.42,0,0,0,0.299026019164402
"T2",410430,578.312299803183,99,0.558,0.348,0,0,0,0.302418862339941
"T2",410431,282.291163436674,100,0.064,0.002,0,0,0,0.333412140448494
"T2",410432,241.459668707613,87,0.796,0.504,0.00025,0,0,0.330657514670534
"T2",410433,272.832714388892,89,0.942,0.702,0.00025,0,0,0.323866034523817
"T2",410434,610.205022969313,95,0.402,0.314,0,0,0,0.314743609003107
"T2",410435,210.537671315581,92,0.268,0.162,5e-04,0.00025,0,0.311990850198225
"T2",410436,227.475952379584,107,0.17,0.22,0.04475,0,0,0.316251341491932
"T2",410437,88.2412806170243,91,0.546,0.716,0.03875,0.00175,0,0.328687401955905
"T2",410438,380.50952011652,96,0.86,0.948,0.0025,0,0,0.307547080926572
"T2",410439,343.525260344732,92,0.968,0.918,0.00425,0,0,0.328008866531505
"T2",410440,164.076645045875,94,0.522,0.416,5e-04,0,0,0.328585207029362
"T2",410441,293.694989673743,94,0.34,0.8,0,0,0,0.343886764976553
"T2",410442,302.209484662604,88,0.416,0.768,0.009,0,0,0.31726530336457
"T2",410443,217.916017740014,102,0.7,0.426,5e-04,0.00025,0,0.323864632417884
"T2",410444,407.845110740517,94,0.648,0.784,0,0,0,0.323760427972241
"T2",410445,518.606039282911,96,0.682,0.042,0,0,0,0.319019793032906
"T2",410446,340.178042065437,86,0.374,0.926,0.012,0,0,0.321888312305331
"T2",410447,248.908996803532,98,0.63,0.342,0.0075,0,0,0.316474483774486
"T2",410448,229.01823874514,89,0.418,0.732,0.00225,0.00025,0,0.325352388994161
"T2",410449,442.217755069155,100,0.704,0.738,5e-04,0,0,0.297141521268043
"T2",410450,442.075126333384,89,0.874,0.38,0,0,0,0.330506260847844
"T2",410451,384.587988613061,94,0.848,0.41,5e-04,0,0,0.333167527571388
"T2",410452,258.29925817865,99,0.484,0.472,0,0,0,0.330476476806173
"T2",410453,197.105602850946,95,0.022,0.998,0.00025,0,0,0.336106485301627
"T2",410454,506.615208771802,102,0.92,0.966,0.00075,0,0,0.306817404129865
"T2",410455,53.251106616909,92,0.1,0.338,0.017,0.001,0,0.350273034251324
"T2",410456,281.753219427685,103,0.478,0.176,0,0,0,0.314913795127765
"T2",410457,174.057147527181,92,0.59,0.146,0.00075,0,0,0.340581491770644
"T2",410458,182.68194154272,93,0.15,0.758,0,0,0,0.340181867351741
"T2",410459,1099.31800843047,97,0.872,0.898,5e-04,0,0,0.303355973216636
"T2",410460,257.751663669498,94,0.594,0.158,5e-04,0,0,0.345675548517126
"T2",410461,206.802068427166,91,0.502,0.522,0,0,0,0.347697341592535
"T2",410462,423.199442452739,106,0.184,0.848,0.003,0,0,0.300651203320211
"T2",410463,223.67971205606,90,0.744,0.788,0.00025,0,0,0.338651549999793
"T2",410464,315.355006973802,89,0.644,0.142,0.00025,0,0,0.319618776065512
"T2",410465,139.098954490365,101,0.98,0.908,0.00275,0,0,0.335790666807048
"T2",410466,176.532229032821,100,0.83,0.668,0.0055,0,0,0.319014601733165
"T2",410467,229.934649097198,97,0.194,0.724,5e-04,0,0,0.33383459148026
"T2",410468,164.005570298893,99,0.128,0.352,0.00075,0,0,0.321522251964991
"T2",410469,314.341018402071,96,0.452,0.49,0.00025,0,0,0.314718296459652
"T2",410470,497.222181550437,102,0.688,0.42,0,0,0,0.321320642598489
"T2",410471,118.596387375807,92,0.102,0.098,0.00025,0,0.00510204081632653,0.326152096354484
"T2",410472,331.104800744915,102,0.284,0.68,0.00325,0,0,0.316781067394116
"T2",410473,168.159675168623,93,0.908,0.198,0.00675,0,0,0.326790943735891
"T2",410474,393.073070243837,97,0.944,0.914,0,0,0,0.324259726163056
"T2",410475,11.383071507422,94,0.804,0.942,0.071,0.0015,0.00510204081632653,0.394202359553031
"T2",410476,313.187992540164,101,0.266,0.984,0.002,5e-04,0,0.307883433703823
"T2",410477,265.931384213977,92,0.034,0.926,0.00025,0,0,0.314790721969257
"T2",410478,371.702711593659,104,0.65,0.076,0,0,0,0.316501901776477
"T2",410479,83.2095754642713,97,0.912,0.138,0.19425,0.00625,0,0.331447219113192
"T2",410480,146.957585416127,105,0.406,0.946,0.00025,0,0,0.342568259011723
"T2",410481,418.031209086665,95,0.886,0.962,0.00025,0,0,0.309348940188756
"T2",410482,377.16214655172,96,0.35,0.484,5e-04,0,0,0.305825736595509
"T2",410483,332.573043579392,97,0.934,0.916,0.00075,0,0,0.318537373660768
"T2",410484,265.542371383509,97,0.302,0.702,0.00025,0,0,0.325830673513676
"T2",410485,239.551708899867,108,0.718,0.256,5e-04,0,0,0.318454665340641
"T2",410486,338.032257377097,101,0.248,0.196,5e-04,0,0,0.320262512592463
"T2",410487,505.188558075029,86,0.55,0.578,0.00025,0,0,0.300644235073986
"T2",410488,120.36340768009,95,0.704,0.744,0.004,0,0,0.346523550255353
"T2",410489,206.567776181566,97,0.42,0.198,0.03425,5e-04,0,0.306377444222143
"T2",410490,301.260667084733,96,0.81,0.44,0.0045,0,0,0.308757013445738
"T2",410491,155.35822474062,105,0.99,0.876,0.0395,0.0015,0,0.322421736860567
"T2",410492,325.339424251925,104,0.276,0.626,0,0.00025,0,0.324290406228076
"T2",410493,231.621758042053,85,0.614,0.624,0.00025,0,0,0.325326588852608
"T2",410494,653.175696141927,94,0.088,0.748,0,0,0,0.307637124620641
"T2",410495,489.603987007707,101,0.826,0.316,0,0,0,0.312950836873277
"T2",410496,416.37577097422,93,0.83,0.448,0.00025,0.00025,0,0.314761412587868
"T2",410497,381.267982997095,95,0.832,0.942,0,0,0,0.321482099502451
"T2",410498,199.938099558414,99,0.25,0.192,0.00075,5e-04,0,0.326346412034889
"T2",410499,41.163796256238,98,0.238,0.04,0.00875,0.00025,0,0.366399219106818
"T2",410500,170.472711591074,96,0.566,0.778,0.0015,0.00025,0,0.330003019459932
"T2",410501,331.411981978605,94,0.366,0.256,0,0,0,0.318475675303205
"T2",410502,155.584714374121,93,0.42,0.456,0.00075,0.0015,0,0.329873876273604
"T2",410503,237.699241054183,88,0.85,0.228,0.00475,0,0,0.312316427885061
"T2",410504,163.901072340859,89,0.03,0.958,0.0035,0,0,0.330004190676467
"T2",410505,734.777201919683,107,0.33,0.586,0,0,0,0.303315117134635
"T2",410506,220.87970119394,96,0.41,0.514,0.003,0,0,0.315760098040563
"T2",410507,415.944576774404,109,0.48,0.116,0.001,0,0,0.33385404961324
"T2",410508,141.72635911967,102,0.688,0.466,0.0025,0,0,0.350140220174705
"T2",410509,452.24418798332,90,0.732,0.202,0,0,0,0.310272358088847
"T2",410510,309.903957579901,99,0.042,0.476,0,0,0,0.328276720968361
"T2",410511,506.816353291851,93,0.962,0.964,0.00375,0,0,0.311518689135923
"T2",410512,394.39561607077,112,0.656,0.792,0.00025,0,0,0.32502128087107
"T2",410513,319.077826641847,91,0.762,0.434,0.001,0,0,0.319146216385824
"T2",410514,378.176960905906,104,0.942,0.886,5e-04,0,0,0.31355698126721
"T2",410515,268.851066858649,92,0.176,0.052,0,0,0,0.31238835283678
"T2",410516,499.964886516173,100,0.748,0.292,0.00025,0,0,0.316885670310046
"T2",410517,253.10957411133,98,0.582,0.862,0,0,0,0.334442585267206
"T2",410518,183.378989948198,89,0.318,0.712,0,0.00025,0,0.306848283981406
"T2",410519,182.584766765691,100,0.1,0.898,5e-04,0.00025,0,0.335878078732337
"T2",410520,410.622239869157,100,0.922,0.442,0.002,0,0,0.31301012474701
"T2",410521,94.5355129626493,95,0.786,0.826,0.00775,0,0,0.34265910678353
"T2",410522,340.793761138861,85,0.142,0.694,5e-04,0,0,0.304406992159091
"T2",410523,963.719358340255,95,0.146,0.726,0,0,0,0.306962245657676
"T2",410524,34.741106303194,93,0.448,0.446,0.0085,0.00025,0,0.369183558771456
"T2",410525,356.09514628735,97,0.916,0.52,5e-04,0,0,0.305394531430861
"T2",410526,228.20920784606,92,0.762,0.098,0.0145,0,0,0.328446043634331
"T2",410527,378.539739734639,106,0.894,0.716,0.0035,0,0,0.315614345328757
"T2",410528,478.334052592914,99,0.906,0.75,0,0,0,0.316436426030298
"T2",410529,350.467036628755,90,0.096,0.108,0.00025,0,0,0.302440937828047
"T2",410530,798.280806719102,104,0.26,0.418,0,0,0,0.296779286979275
"T2",410531,127.204951145356,98,0.492,0.98,0.006,0.00025,0,0.34401652365025
"T2",410532,445.022971089352,99,0.688,0.2,0,0,0,0.316309205688959
"T2",410533,729.932374669592,100,0.938,0.292,0.00025,0,0,0.292023203971926
"T2",410534,262.522705623618,90,0.252,0.01,0,0,0,0.318497427821212
"T2",410535,378.203169811873,90,0.698,0.778,0.00025,0,0,0.323443851536352
"T2",410536,642.802251497803,94,0.626,0.442,0.001,0,0,0.293292000019609
"T2",410537,235.963843187388,101,0.698,0.894,0.00075,0,0,0.328217717795121
"T2",410538,591.131526788566,93,0.346,0.174,0.00025,0,0,0.290243692299489
"T2",410539,258.907853547124,98,0.292,0.928,5e-04,0,0,0.329072338052957
"T2",410540,204.42332762349,98,0.95,0.654,0,0,0,0.33942007869743
"T2",410541,309.796244521703,89,0.714,0.242,0.01175,0.00025,0,0.302679767873219
"T2",410542,485.948082566355,92,0.824,0.992,0,0,0,0.316547989988062
"T2",410543,550.786894160716,97,0.584,0.592,0.00025,0,0,0.325639320257495
"T2",410544,136.142151453226,91,0.792,0.648,0.003,0,0,0.336228177501669
"T2",410545,201.340863819878,99,0.708,0.532,0.00125,0.00025,0,0.329075241279793
"T2",410546,154.453610418485,100,0.17,0.08,0.003,0,0,0.317567987730221
"T2",410547,147.196996909881,93,0.512,0.392,0.00375,0,0,0.327036821237004
"T2",410548,219.406372361484,92,0.604,0.642,0.0015,0.00025,0,0.326222686680401
"T2",410549,387.02560219541,94,0.81,0.998,0.00025,0,0,0.328918238638475
"T2",410550,318.42444527512,92,0.288,0.012,0,0,0,0.322053537155603
"T2",410551,214.668274788528,100,0.59,0.85,0,0,0,0.331651669250161
"T2",410552,290.949547020467,96,0.642,0.81,0,0,0,0.337300571490671
"T2",410553,241.09663145272,94,0.13,0.24,0.0015,0,0,0.309504796663283
"T2",410554,416.116800746435,106,0.742,0.808,0.00075,0,0,0.313465902302232
"T2",410555,274.844200819209,96,0.95,0.698,0.00025,0,0,0.325575278971468
"T2",410556,340.63105406701,102,0.666,0.968,5e-04,0,0,0.333149859204746
"T2",410557,84.5743018587143,99,0.416,0.204,0.00075,0,0.00510204081632653,0.369713609622767
"T2",410558,85.2753860613899,91,0.684,0.52,0.15525,0.00325,0,0.327792574108354
"T2",410559,186.381825910319,87,0.414,0.374,0.003,0,0,0.331547743372448
"T2",410560,56.8681747454897,97,0.86,0.544,0.03275,0.001,0.00510204081632653,0.341939096540859
"T2",410561,122.449510769794,95,0.306,0.074,0,0.00025,0,0.353157451808737
"T2",410562,231.877080946593,93,0.158,0.526,0.00025,0,0,0.324025935985468
"T2",410563,114.391464269654,92,0.802,0.172,0.00925,0.00025,0.00510204081632653,0.332470238135679
"T2",410564,231.990380485483,99,0.194,0.86,0,0,0,0.332222732944029
"T2",410565,199.985793609616,91,0.396,0.536,5e-04,0,0,0.328765663648642
"T2",410566,295.952911564195,105,0.07,0.528,0.00025,0,0,0.320125662473195
"T2",410567,448.861736410601,96,0.892,0.694,0.00025,0,0,0.299182933479106
"T2",410568,786.983771045345,98,0.052,0.386,0,0,0,0.305613324141144
"T2",410569,217.132379853344,87,0.772,0.378,0,0,0,0.336359021704519
"T2",410570,354.589654639978,98,0.92,0.308,0.0065,0,0,0.319341116346999
"T2",410571,656.195393152402,97,0.988,0.672,0,0,0,0.317125639167746
"T2",410572,475.583775622875,103,0.894,0.312,0,0,0,0.302706159474165
"T2",410573,216.212651458013,101,0.308,0.72,0.00075,0,0,0.339839954133822
"T2",410574,186.27044180229,94,0.306,0.048,0.001,0,0,0.329448153874935
"T2",410575,451.00425212359,94,0.654,0.462,0.00075,0,0,0.331691323316294
"T2",410576,80.5987265779909,89,0.042,0.046,0.00225,0,0,0.349090163361526
"T2",410577,466.533114488129,92,0.416,0.748,0,0,0,0.317141791672817
"T2",410578,289.330061489854,108,0.836,0.994,0.001,0,0,0.319637965563173
"T2",410579,342.296711872062,106,0.266,0.118,0,0,0,0.311522036746092
"T2",410580,322.511623971752,97,0.972,0.562,0,0,0,0.336144115888051
"T2",410581,347.231650381435,100,0.128,0.084,0.00025,0,0,0.312805704987875
"T2",410582,306.699460987029,91,0.942,0.61,0.00375,0,0,0.324452813247621
"T2",410583,368.405785024667,86,0.73,0.926,0.001,0,0,0.312880336412272
"T2",410584,381.090093313848,95,0.608,0.162,0,0,0,0.325754392942022
"T2",410585,387.121257358786,98,0.7,0.964,5e-04,0,0,0.314634891441603
"T2",410586,292.48827214612,101,0.926,0.868,0.004,0,0,0.320434077248222
"T2",410587,197.677931465364,97,0.732,0.708,0.001,0,0,0.326022581170607
"T2",410588,96.7812258709056,97,0.742,0.9,0.015,0,0,0.346946974331474
"T2",410589,35.4950373304866,103,0.56,0.586,0.0035,0.00075,0,0.365307395381909
"T2",410590,402.127617898543,100,0.66,0.186,0.00075,0,0,0.318281516259107
"T2",410591,406.650307626314,92,0.766,0.25,0,0,0,0.32234341899775
"T2",410592,406.796851597056,97,0.976,0.6,0.00075,0,0,0.315727113723301
"T2",410593,203.47547919358,100,0.194,0.578,0.00325,0,0,0.313667468449518
"T2",410594,119.654809937621,93,0.666,0.732,0.00375,0,0,0.342840296162834
"T2",410595,307.495065751377,100,0.154,0.108,0,0,0,0.322680099187357
"T2",410596,246.491923579282,94,0.412,0.044,0,0,0,0.329856596844948
"T2",410597,652.414308686591,93,0.302,0.44,0,0,0,0.312094275692916
"T2",410598,158.866484550901,97,0.904,0.428,0.00325,0,0,0.355065669170196
"T2",410599,112.021202720239,92,0.578,0.4,0.013,0.00075,0,0.335402784332151
"T2",410600,294.228663934102,98,0.616,0.834,0,0,0,0.328439337825631
"T2",410601,174.099331161493,98,0.928,0.712,0.018,0,0,0.334237469306178
"T2",410602,251.278732771594,101,0.194,0.964,0,0,0,0.32517231586965
"T2",410603,365.964898795873,96,0.234,0.84,0.00225,0,0,0.303163502686286
"T2",410604,260.056762056939,101,0.752,0.932,5e-04,0,0,0.31410171156132
"T2",410605,125.396802431013,90,0.066,0.004,0,0,0.00510204081632653,0.347256402828123
"T2",410606,142.279937621888,100,0.99,0.458,0.012,0,0,0.337919688706292
"T2",410607,99.5682260832819,93,0.556,0.108,0.0155,0.00075,0,0.351843182379979
"T2",410608,244.055868625419,84,0.682,0.042,0.00175,0,0,0.304352353218796
"T2",410609,360.32985413857,98,0.922,0.252,0.0025,0,0,0.310169629918097
"T2",410610,301.004395251447,90,0.66,0.162,0.004,0,0,0.319065311742744
"T2",410611,170.215193023412,106,0.368,0.87,0,0,0,0.326938508869104
"T2",410612,424.652500337328,107,0.968,0.89,0.001,0,0,0.319039465989528
"T2",410613,223.582373393295,96,0.048,0.004,0,0,0,0.325805901250214
"T2",410614,257.981400635498,96,0.128,0.804,0,0,0,0.341831176636453
"T2",410615,97.6226094063437,97,0.468,0.706,0,0,0,0.360476814172198
"T2",410616,243.917949547887,104,0.582,0.516,0,0,0,0.326101418384054
"T2",410617,319.469093136809,97,0.58,0.928,0,0,0,0.312995109757106
"T2",410618,435.709810757197,95,0.044,0.494,0,0,0,0.297897499367465
"T2",410619,187.623973060159,87,0.202,0.854,0.00025,0,0,0.336431008061057
"T2",410620,327.792786225697,96,0.69,0.262,0,0,0,0.330958163159131
"T2",410621,396.506304457731,104,0.936,0.998,0.006,0,0,0.300024651085633
"T2",410622,311.776035601739,97,0.576,0.516,0,0,0,0.330782995566607
"T2",410623,233.639606871997,98,0.632,0.67,0.00075,0,0,0.325950004694936
"T2",410624,299.968328414818,98,0.262,0.514,5e-04,0,0,0.333348281942404
"T2",410625,918.76414809729,98,0.602,0.696,0,0,0,0.299585586741591
"T2",410626,137.858455140804,99,0.878,0.726,0.04825,0.00275,0,0.314093225790667
"T2",410627,987.982244267085,98,0.684,0.366,5e-04,0,0,0.288942692479314
"T2",410628,191.451870531433,96,0.822,0.7,0,0,0,0.313843393921023
"T2",410629,219.263152917372,103,0.42,0.956,0.00025,0,0,0.322778049120498
"T2",410630,765.535677923253,99,0.522,0.404,0,0,0,0.306872992209198
"T2",410631,248.255178386095,94,0.252,0.026,0,0,0,0.329699578178966
"T2",410632,286.150788164583,89,0.98,0.926,0,0,0,0.321609702013994
"T2",410633,218.86343847807,90,0.84,0.074,0.001,0,0,0.330442372901581
"T2",410634,28.6724171635229,85,0.282,0.462,0.05525,0.00875,0,0.348290102019889
"T2",410635,343.755398060807,107,0.248,0.3,0,0,0,0.330671464438158
"T2",410636,469.825653622741,108,0.934,0.266,0.0015,0,0,0.313962909249085
"T2",410637,117.522115315752,102,0.358,0.324,0.0015,0.00025,0,0.337731148663238
"T2",410638,142.515988759968,97,0.918,0.684,0.005,0,0,0.333291492657152
"T2",410639,185.487021360934,105,0.352,0.836,0,0,0,0.325946066871591
"T2",410640,184.740031697284,102,0.518,0.916,0.00025,0,0,0.332358857914856
"T2",410641,298.972638946528,94,0.812,0.766,5e-04,0,0,0.316686994971372
"T2",410642,548.561482187799,103,0.06,0.178,0,0,0,0.292856856575272
"T2",410643,169.305156007212,104,0.534,0.916,0.0075,0,0,0.343857933583339
"T2",410644,285.144005827486,101,0.266,0.068,0.00025,0,0,0.333616130549531
"T2",410645,223.317123302935,88,0.92,0.616,0.00875,0,0,0.322079405268761
"T2",410646,246.044003075626,94,0.614,0.092,0.00375,0,0,0.331742151446165
"T2",410647,326.449027345824,96,0.814,0.5,5e-04,0,0,0.32454709380032
"T2",410648,342.343152412197,103,0.38,0.668,0.00075,0,0,0.322998556600951
"T2",410649,337.676251419993,90,0.646,0.888,0.0025,0,0,0.316013459227413
"T2",410650,271.538595493777,101,0.592,0.62,0.00025,0,0,0.321379298573075
"T2",410651,83.1612729250675,107,0.106,0.498,0.001,0.004,0,0.328230674726567
"T2",410652,336.434822875455,96,0.368,0.368,0,0,0,0.315546215035464
"T2",410653,98.6905224256129,98,0.402,0.764,0.004,0,0,0.345304194831584
"T2",410654,483.471365546302,103,0.346,0.83,0,0,0,0.311597871662898
"T2",410655,394.192433126788,100,0.94,0.714,0.001,0,0,0.323843555077695
"T2",410656,253.770911939178,101,0.798,0.55,0.00275,0,0,0.331734476408851
"T2",410657,403.039674601793,92,0.518,0.542,0,0,0,0.322417132567177
"T2",410658,152.662790149498,98,0.648,0.734,0.0225,0,0,0.326405153591339
"T2",410659,151.426132671097,91,0.672,0.546,0.00875,0,0,0.318896837906133
"T2",410660,199.548598140268,99,0.54,0.986,0.003,5e-04,0,0.337640697300649
"T2",410661,241.029910541279,94,0.582,0.468,0.00025,0,0,0.333423078900751
"T2",410662,187.973590441852,97,0.166,0.032,0.004,0,0,0.3151919355602
"T2",410663,128.20363516339,107,0.426,0.198,0.00075,0,0,0.363375991154292
"T2",410664,507.536816623192,90,0.476,0.728,5e-04,0,0,0.296894188375833
"T2",410665,1031.94648806075,102,0.924,0.456,0,0,0,0.290365916426383
"T2",410666,141.241241846144,94,0.582,0.536,0.00025,0.00025,0,0.352975998304491
"T2",410667,309.485887158936,90,0.7,0.63,0.0015,0,0,0.321765333500699
"T2",410668,191.575546135962,100,0.444,0.364,0.0015,0,0,0.345999718099617
"T2",410669,496.323544476647,92,0.49,0.592,0,0,0,0.317342834855137
"T2",410670,296.367579157841,94,0.278,0.144,0.00025,0,0,0.31919413286383
"T2",410671,186.633514618523,106,0.52,0.14,0.0015,0,0,0.342865217305106
"T2",410672,190.914636938161,91,0.798,0.934,0.00025,0,0,0.341045988269177
"T2",410673,459.285056745962,95,0.382,0.136,0,0,0,0.322160992929712
"T2",410674,570.921318210379,102,0.692,0.954,0,0,0,0.305197071758732
"T2",410675,194.793711039604,97,0.84,0.956,0.03325,0,0,0.316444479666436
"T2",410676,309.688816712298,99,0.098,0.798,0,0,0,0.314214244502976
"T2",410677,145.589485901963,101,0.982,0.696,0.02175,0.00025,0,0.326101134350749
"T2",410678,143.196759884879,98,0.778,0.858,0.00125,0.00025,0,0.332511237482118
"T2",410679,572.164052706416,101,0.17,0.398,0.00475,0,0,0.298950402790726
"T2",410680,565.312595155883,99,0.632,0.882,0,0,0,0.307556409328862
"T2",410681,335.05369713835,98,0.224,0.754,0,0,0,0.315627092055941
"T2",410682,281.822415329731,95,0.956,0.624,0,0,0,0.309054118545741
"T2",410683,244.773776109149,99,0.572,0.562,0.00125,0,0,0.300754686685604
"T2",410684,200.493408713908,97,0.392,0.084,5e-04,0,0,0.306996440789196
"T2",410685,252.019123373224,95,0.644,0.512,0.00025,0,0,0.333151699686545
"T2",410686,489.093165352194,97,0.628,0.448,0.00425,0,0,0.303966490923586
"T2",410687,452.132563750324,97,0.268,0.152,0,0,0,0.302055896098855
"T2",410688,343.103667440734,104,0.22,0.908,0.0055,0.00025,0,0.31589706791286
"T2",410689,131.793486263577,102,0.466,0.3,0.001,0.00025,0,0.346418780453209
"T2",410690,357.430396685147,100,0.956,0.828,0.00025,0,0,0.311326549722473
"T2",410691,262.083057584659,98,0.732,0.78,5e-04,0,0,0.330923874336145
"T2",410692,120.649356834011,100,0.168,0.326,0.00025,0,0.00510204081632653,0.346495250080883
"T2",410693,336.134962154483,98,0.988,0.874,0.00275,5e-04,0,0.318010454768331
"T2",410694,264.906613224706,97,0.712,0.934,0,0,0,0.329194790528493
"T2",410695,812.139502018733,102,0.168,0.186,0,0,0,0.308089045438539
"T2",410696,294.239254964902,104,0.056,0.094,0.00375,0,0,0.316680360109645
"T2",410697,462.537656547962,95,0.766,0.862,0.00575,0,0,0.310943479196732
"T2",410698,537.010039771103,97,0.256,0.634,0,0,0,0.307753836503685
"T2",410699,287.499180380431,97,0.432,0.626,0.00175,0,0,0.316180382470529
"T2",410700,449.95339158551,100,0.192,0.132,5e-04,0,0,0.311702214813157
"T2",410701,550.226018033171,93,0.676,0.374,0,0,0,0.303217751197541
"T2",410702,120.26461136237,93,0.522,0.102,0,0,0,0.337157186430096
"T2",410703,296.37899445233,95,0.098,0.648,0,0,0,0.319311612637525
"T2",410704,200.292492855536,94,0.59,0.152,0,0,0,0.337138438562766
"T2",410705,339.404005295826,100,0.452,0.93,0,0,0,0.318585862923499
"T2",410706,577.409437484163,92,0.152,0.374,0,0,0,0.315479989693027
"T2",410707,264.802071883257,96,0.69,0.506,0.0015,0,0,0.331946106561646
"T2",410708,283.958807180566,95,0.228,0.294,0,0,0,0.32643428797211
"T2",410709,226.552800502856,94,0.816,0.376,0.001,0.00025,0,0.319876783957004
"T2",410710,394.725510189329,97,0.604,0.604,0.001,0,0,0.302285528125558
"T2",410711,183.84321030671,97,0.494,0.986,0,0,0,0.345292891359674
"T2",410712,116.889015301759,105,0.096,0.358,0.00125,0.00025,0,0.330745378915981
"T2",410713,195.410026623296,91,0.976,0.478,0.0025,0,0,0.352619806409988
"T2",410714,379.671018439502,104,0.704,0.266,0,0,0,0.316114048715848
"T2",410715,379.39197207804,105,0.276,0.966,0,0,0,0.319589777792169
"T2",410716,346.224965183181,100,0.816,0.874,0.00375,0,0,0.312526745965651
"T2",410717,282.823833801011,99,0.746,0.576,0.00025,0,0,0.306921773198022
"T2",410718,320.479671983265,98,0.006,0.008,0,0,0,0.293117242914948
"T2",410719,276.689006161314,94,0.612,0.986,0.00325,0.00025,0,0.313308737121786
"T2",410720,162.790687184058,107,0.656,0.536,0.00175,0,0,0.325373194423775
"T2",410721,180.368965383479,93,0.316,0.704,5e-04,0,0,0.326830675793323
"T2",410722,285.403205673709,97,0.416,0.722,0.007,0,0,0.316303286378102
"T2",410723,137.146624381222,97,0.216,0.672,0.00025,0,0,0.334174720829269
"T2",410724,356.593985679138,95,0.964,0.68,5e-04,0,0,0.311390792449685
"T2",410725,199.816260555372,97,0.784,0.512,0,0,0.00510204081632653,0.346862894295363
"T2",410726,305.667130964021,104,0.594,0.81,0.00025,0.00025,0,0.332255361513087
"T2",410727,144.442480697124,94,0.434,0.524,0.0075,0.00025,0,0.338095515877701
"T2",410728,87.8565595813197,93,0.948,0.76,0.011,5e-04,0,0.343930880586401
"T2",410729,701.51829017271,100,0.868,0.848,5e-04,0,0,0.280105652153888
"T2",410730,242.625644918029,100,0.48,0.846,0.00025,0,0,0.329133938329389
"T2",410731,166.205686491052,99,0.532,0.684,0.0105,5e-04,0,0.324783100556593
"T2",410732,503.889182157459,98,0.924,0.776,0,0,0,0.302411555389445
"T2",410733,153.05378888636,101,0.876,0.578,0.00125,0,0,0.345702134715193
"T2",410734,109.910598990098,90,0.726,0.348,0.01225,5e-04,0,0.328932750195736
"T2",410735,102.537199063049,94,0.568,0.398,0.02275,0,0,0.34587719228199
"T2",410736,138.917251683279,103,0.13,0.102,0.00025,0,0,0.333079075555356
"T2",410737,181.668367817959,93,0.194,0.996,0.00025,0,0,0.310071031152932
"T2",410738,374.385916960117,98,0.534,0.702,5e-04,0,0,0.325339758157027
"T2",410739,294.097043806003,101,0.384,0.09,0.00025,0,0,0.32853583969158
"T2",410740,214.684492719316,95,0.012,0.576,0,0,0,0.321600248310778
"T2",410741,205.834276638202,90,0.96,0.45,0.0025,0,0,0.35742386786131
"T2",410742,503.073397034919,107,0.862,0.518,0.00225,0,0,0.309299931240398
"T2",410743,124.636738606735,97,0.854,0.274,0.00475,0,0,0.352024018766768
"T2",410744,480.431855040444,97,0.092,0.138,0,0,0,0.298708857286176
"T2",410745,419.702191787735,96,0.222,0.312,0,0,0,0.303364414606484
"T2",410746,158.160943559895,101,0.428,0.218,0,0,0,0.334287592498627
"T2",410747,433.565294539153,108,0.536,0.09,0,0,0,0.307768249032978
"T2",410748,308.776141285125,93,0.176,0.982,0.00125,0,0,0.33336541666121
"T2",410749,302.083745952053,91,0.476,0.408,0.024,0.00075,0,0.308566325093648
"T2",410750,144.269250597925,95,0.434,0.45,0.01675,0.00025,0,0.341423053525926
"T2",410751,468.55183682696,100,0.524,0.2,0,0,0,0.306066009295714
"T2",410752,288.954398511467,98,0.418,0.69,0.007,0,0,0.322681257198334
"T2",410753,432.803220050117,98,0.808,0.604,0,0,0,0.311559942045756
"T2",410754,148.813026523514,94,0.248,0.168,5e-04,5e-04,0,0.315865246112755
"T2",410755,380.998841092979,107,0.806,0.52,0,0,0,0.321648215599665
"T2",410756,170.722804697759,95,0.58,0.938,0.0015,0.00025,0,0.327052839698711
"T2",410757,76.5622605314425,103,0.718,0.862,0.0205,0.001,0,0.331718970140023
"T2",410758,314.4691433609,105,0.168,0.258,0.00025,0,0,0.303055729468056
"T2",410759,402.926591181655,98,0.236,0.296,0,0,0,0.31240178294952
"T2",410760,190.596027279316,98,0.996,0.81,0.008,0,0,0.330795001391465
"T2",410761,314.336211822695,98,0.586,0.402,0,0,0,0.328598343876262
"T2",410762,138.297659040986,100,0.554,0.384,0.00425,0,0,0.340783903725603
"T2",410763,46.3948400409132,95,0.208,0.204,0.00075,5e-04,0.00510204081632653,0.366772135054132
"T2",410764,143.179221578994,91,0.27,0.47,0.00275,0.00025,0,0.335693997253761
"T2",410765,293.831072656252,92,0.398,0.26,0.003,0,0,0.31544448997733
"T2",410766,222.452341395043,101,0.192,0.428,0,0,0,0.345275006440297
"T2",410767,233.639606871997,98,0.554,0.664,0.00075,0,0,0.328653740307126
"T2",410768,148.884689970987,95,0.112,0.148,0,0,0,0.338706568880189
"T2",410769,229.436761757696,96,0.288,0.652,0,0,0,0.33455883688159
"T2",410770,325.03038080467,93,0.732,0.744,0.00025,0,0,0.333977383918454
"T2",410771,385.394547854149,88,0.926,0.634,0,0,0,0.325615606980191
"T2",410772,295.402290588309,89,0.73,0.682,0.001,0,0,0.328335727808105
"T2",410773,142.548405840826,100,0.398,0.86,0.00075,0,0,0.337004701290077
"T2",410774,282.893029703058,91,0.198,0.178,5e-04,0,0,0.320059661926341
"T2",410775,482.843731067436,99,0.788,0.3,0,0,0,0.319527377001688
"T2",410776,285.572448798958,97,0.716,0.294,0.006,0,0,0.320088457314789
"T2",410777,176.446209391824,103,0.878,0.208,0.01,0,0,0.318029594876566
"T2",410778,385.243773983356,102,0.074,0.272,0,0,0,0.313708781620877
"T2",410779,164.468209833548,102,0.784,0.278,5e-04,0,0,0.334650748592807
"T2",410780,363.661370390315,91,0.634,0.54,0.00025,0,0,0.321342158960016
"T2",410781,111.896113059509,96,0.674,0.422,0.00025,0,0,0.350234693837995
"T2",410782,286.770883380231,100,0.052,0.234,0,0,0,0.312699185105499
"T2",410783,205.703512572484,89,0.45,0.706,0.00025,0,0,0.319165612663086
"T2",410784,549.228176778876,102,0.13,0.102,0,0,0,0.313296954701767
"T2",410785,188.187707480932,103,0.426,0.97,0.00325,0.00025,0,0.342008565796218
"T2",410786,592.952838280771,98,0.368,0.042,0,0,0,0.306698726663698
"T2",410787,238.187589361753,92,0.122,0.006,0,0,0,0.315771713589432
"T2",410788,487.210742970406,96,0.232,0.38,0,0,0,0.316589870972074
"T2",410789,473.803537953023,101,0.576,0.794,0,0,0,0.307966860912553
"T2",410790,89.0213164296137,99,0.47,0.566,0.01625,0.00125,0.00510204081632653,0.343848290769758
"T2",410791,422.37641323711,106,0.368,0.51,0,0,0,0.314271058671242
"T2",410792,200.366758672932,89,0.976,0.924,0.002,0,0,0.323584054244354
"T2",410793,155.393398891338,94,0.916,0.732,0.0235,0.00025,0,0.345122351578053
"T2",410794,91.7455952328237,107,0.266,0.784,0.00075,0,0.00510204081632653,0.375008072395735
"T2",410795,492.84388443541,93,0.6,0.252,0,0,0,0.314751623211568
"T2",410796,140.551331028527,96,0.44,0.786,0.004,0,0,0.32705952026296
"T2",410797,886.188850767906,112,0.942,0.618,0.00025,0,0,0.301717498280866
"T2",410798,445.867210339856,101,0.658,0.19,0,0,0,0.315471980813217
"T2",410799,492.429243406245,99,0.076,0.746,5e-04,0,0,0.298435546818932
"T2",410800,508.521093808476,96,0.426,0.712,0.00075,0.00025,0,0.309950407389367
"T2",410801,196.420663282302,101,0.862,0.524,0.00225,0,0,0.322451214727572
"T2",410802,145.111181543028,97,0.45,0.434,5e-04,0,0,0.337860156060045
"T2",410803,137.020608686619,95,0.77,0.992,0.00725,5e-04,0,0.340302733034352
"T2",410804,204.58297021154,93,0.686,0.838,5e-04,0,0,0.339541808435217
"T2",410805,107.772880712261,94,0.438,0.332,0.00025,0,0,0.362791149067068
"T2",410806,294.442272406682,93,0.094,0.522,0,0,0,0.341508840082771
"T2",410807,64.0856425425728,102,0.46,0.186,0.0175,0,0,0.341490981249577
"T2",410808,613.694027985099,104,0.706,0.7,0.00025,0,0,0.304593857748714
"T2",410809,570.319751510343,100,0.14,0.344,0,0,0,0.310868061806038
"T2",410810,333.948268636779,101,0.918,0.334,0,0,0,0.324372658813004
"T2",410811,264.221460303815,88,0.826,0.218,0.00025,0,0,0.315542309814001
"T2",410812,159.548524781883,90,0.442,0.672,0.00075,0,0,0.31256784132999
"T2",410813,244.557852577391,102,0.818,0.86,0.00025,0,0,0.32838495921379
"T2",410814,248.34456443935,99,0.258,0.034,0,0,0,0.328392644241757
"T2",410815,338.734916437576,88,0.192,0.468,0,0,0,0.31244563322862
"T2",410816,195.968932483719,97,0.796,0.64,0.00125,0,0,0.340270443780781
"T2",410817,329.926789928201,95,0.77,0.53,0.003,0,0,0.31787762651195
"T2",410818,502.190801565441,90,0.694,0.168,0,0,0,0.321377627633726
"T2",410819,321.449735068408,92,0.528,0.27,0.00025,0,0,0.308435963360656
"T2",410820,191.167160570045,101,0.808,0.078,0.007,5e-04,0,0.322340549322289
"T2",410821,239.233572133654,103,0.536,0.392,0,0.00025,0,0.323481369907454
"T2",410822,193.578415447723,93,0.82,0.382,0.003,0.00025,0,0.313319429587715
"T2",410823,167.716767699819,99,0.178,0.068,0,0,0,0.335277023079419
"T2",410824,271.464322219384,101,0.24,0.158,0,0,0,0.325014690953344
"T2",410825,122.007148242302,94,0.086,0.184,0.00075,0,0.00510204081632653,0.341605493822398
"T2",410826,477.010961563255,98,0.476,0.204,0,0,0,0.31296193014647
"T2",410827,273.415113231115,87,0.926,0.534,0.001,0,0,0.322010227515716
"T2",410828,174.384060582564,107,0.706,0.25,0.0135,0,0,0.328752622041137
"T2",410829,1559.46875632003,97,0.524,0.284,0,0,0,0.297805439922696
"T2",410830,324.842231609366,90,0.922,0.602,0.0045,0,0,0.314855321934506
"T2",410831,495.58895147928,107,0.21,0.338,0,0,0,0.296534894751667
"T2",410832,136.34121972441,97,0.446,0.378,5e-04,0,0,0.331469639811264
"T2",410833,343.849163108416,98,0.36,0.644,0,0,0,0.309164887644052
"T2",410834,313.951225958367,95,0.776,0.652,0.00075,0,0,0.309534949652813
"T2",410835,564.202368962472,95,0.148,0.044,0,0,0,0.323766346956569
"T2",410836,33.078072873177,99,0.548,0.184,0.07375,0.006,0,0.357635832385075
"T2",410837,379.646574617936,92,0.78,0.432,0,0,0,0.335890380225584
"T2",410838,216.167577318241,97,0.3,0.706,0.00025,0,0,0.322950734285378
"T2",410839,340.060128650031,97,0.78,0.704,0.0055,0,0,0.318372469412758
"T2",410840,230.766509588354,98,0.686,0.576,5e-04,0,0,0.329087424881832
"T2",410841,766.370162816835,107,0.772,0.516,0,0,0,0.311828598692377
"T2",410842,367.584527550235,97,0.96,0.606,0.004,0,0,0.307690433762674
"T2",410843,155.839795185316,99,0.926,0.336,0.0095,0.00075,0,0.348552281178413
"T2",410844,117.27951718585,86,0.4,0.348,0.001,0,0.00510204081632653,0.337781322823731
"T2",410845,264.449438645154,100,0.088,0.072,0,0,0,0.321137917283866
"T2",410846,426.31317890548,96,0.054,0.194,0,0,0,0.304622125877845
"T2",410847,266.297582640693,90,0.796,0.378,5e-04,0,0,0.315261590479171
"T2",410848,312.412199621329,86,0.202,0.552,0.00025,0,0,0.308336459984164
"T2",410849,132.399576639231,98,0.824,0.73,5e-04,0.00025,0,0.345650763811304
"T2",410850,69.9462553800186,104,0.842,0.314,0.02925,0.00125,0,0.354365767291768
"T2",410851,845.466922900482,94,0.68,0.344,5e-04,0,0,0.295191675038259
"T2",410852,258.486653011533,97,0.328,0.324,0,0,0,0.325760295693726
"T2",410853,444.460817354281,90,0.444,0.056,0,0,0,0.312289218150125
"T2",410854,526.887509714824,90,0.272,0.188,0,0,0,0.301215072126856
"T2",410855,86.3768656607232,90,0.05,0.296,0.00075,0.001,0,0.337392736176996
"T2",410856,545.087783558992,103,0.99,0.852,0.001,0,0,0.302811827435839
"T2",410857,640.843948743248,101,0.442,0.02,0,0,0,0.309488961785083
"T2",410858,203.868221860895,104,0.918,0.904,0.00075,0,0,0.324411265302502
"T2",410859,342.137082794661,99,0.56,0.15,0,0,0,0.320117128606937
"T2",410860,369.48031771919,97,0.612,0.886,0,0,0,0.31437649082808
"T2",410861,477.092515086845,89,0.752,0.794,0.00025,0,0,0.327170419094968
"T2",410862,332.745415496577,92,0.804,0.424,0.002,0,0,0.309085214661877
"T2",410863,457.03284097166,108,0.654,0.944,0,0,0,0.322553726922564
"T2",410864,298.372729623315,98,0.69,0.17,0.00075,0,0,0.33452606595809
"T2",410865,502.740769364559,96,0.682,0.216,0.00025,0,0,0.308298056013455
"T2",410866,349.958154539747,102,0.34,0.95,0,0,0,0.325057752337756
"T2",410867,198.126388030134,98,0.86,0.928,0.0045,0,0,0.328385494332021
"T2",410868,237.141155598693,105,0.454,0.492,5e-04,0,0,0.32012905200738
"T2",410869,396.130298102852,93,0.086,0.232,0.00025,0,0,0.303444266093402
"T2",410870,363.588302182882,95,0.7,0.578,0.004,0,0,0.313323114091904
"T2",410871,574.222140877594,96,0.138,0.75,0,0,0,0.314234025527121
"T2",410872,286.111600202402,100,0.356,0.078,0,0,0,0.318167102527118
"T2",410873,362.728202735396,94,0.116,0.024,0.00025,0,0,0.295289766081385
"T2",410874,343.787810669857,93,0.99,0.476,5e-04,0,0,0.318017471922436
"T2",410875,402.466829940609,103,0.886,0.972,0,0,0,0.317418430208131
"T2",410876,72.1892165418011,95,0.228,0.738,0,0.00025,0,0.354529066755026
"T2",410877,43.8483315020502,100,0.016,0.73,0.00075,0.00725,0.00510204081632653,0.340004917345421
"T2",410878,356.978113962392,96,0.058,0.89,0,0,0,0.320424261471528
"T2",410879,133.813250832197,107,0.318,0.176,5e-04,0,0,0.340864214879829
"T2",410880,574.68118203252,100,0.17,0.028,0,0,0,0.30402280348186
"T2",410881,322.973328438709,92,0.248,0.224,0.00175,0,0,0.297546282203257
"T2",410882,127.004204557155,96,0.608,0.248,0.00275,5e-04,0,0.304784559328376
"T2",410883,116.716598986264,89,0.828,0.31,0.06375,5e-04,0,0.327079439956608
"T2",410884,421.130307392069,101,0.948,0.816,0.005,0,0,0.303353856064623
"T2",410885,318.543761278819,94,0.886,0.874,0.00775,0.00025,0,0.313941766056495
"T2",410886,517.403470550626,96,0.548,0.744,0,0,0,0.306266332297583
"T2",410887,186.10177462554,102,0.038,0.686,0,0,0,0.323304735639319
"T2",410888,217.62448983601,103,0.474,0.968,0,0,0,0.339408088706309
"T2",410889,113.731161568478,91,0.784,0.144,0.00325,0,0,0.346538885676391
"T2",410890,110.366228602819,98,0.274,0.372,0.00125,0.00025,0,0.332634751237243
"T2",410891,384.561007765019,101,0.306,0.926,0.00025,0,0,0.322893575390745
"T2",410892,512.231487018172,101,0.654,0.42,0,0,0,0.30756116616998
"T2",410893,86.0242814834442,101,0.918,0.824,0.01025,0,0,0.359421968389601
"T2",410894,452.528018328796,93,0.872,0.716,0.00025,0,0,0.301709275999251
"T2",410895,197.523125346128,94,0.428,0.676,0,0,0,0.336874486266671
"T2",410896,99.101775463527,98,0.712,0.268,0.00175,0,0,0.332964002735371
"T2",410897,148.986906298997,99,0.856,0.484,0.00975,0,0,0.331946112578325
"T2",410898,79.3976634989016,88,0.702,0.86,0.008,0,0,0.354550500752539
"T2",410899,245.943777218597,105,0.406,0.286,0,0,0,0.332284350782656
"T2",410900,220.396549431943,104,0.472,0.102,0,0.00025,0,0.342158071061586
"T2",410901,306.113940614971,94,0.702,0.322,0,0,0,0.308172953070598
"T2",410902,389.06090028142,91,0.568,0.818,0.00075,0,0,0.286400477409808
"T2",410903,142.691314943763,87,0.25,0.422,0,0,0,0.331854354227915
"T2",410904,369.800618718223,105,0.08,0.078,0,0,0,0.313932816951583
"T2",410905,211.079074120258,98,0.152,0.01,0,0,0,0.324957638063425
"T2",410906,506.006947589885,106,0.812,0.42,0.00025,0,0,0.313324721495861
"T2",410907,256.447025506152,97,0.866,0.406,0.002,0,0,0.317288761558052
"T2",410908,272.933882692655,93,0.716,0.804,0.004,0,0,0.311950300023682
"T2",410909,344.314515566922,86,0.562,0.622,0,0,0,0.307615487452329
"T2",410910,268.791481498554,88,0.088,0.924,0,0,0,0.322787027968237
"T2",410911,397.124557892337,102,0.808,0.388,0,0,0,0.333800889138384
"T2",410912,158.268740417002,101,0.75,0.308,0.001,0,0,0.326628440548971
"T2",410913,704.992914118673,94,0.488,0.126,5e-04,0,0,0.302114234474916
"T2",410914,121.311551245859,102,0.792,0.152,0.00125,0.00025,0,0.347748961055901
"T2",410915,669.259842472431,101,0.954,0.526,0,0,0,0.299314282150061
"T2",410916,484.774945909566,101,0.45,0.062,0,0,0,0.295773308775035
"T2",410917,315.47771185092,99,0.906,0.18,5e-04,0,0,0.31783654447603
"T2",410918,149.201582718657,94,0.168,0.55,0.00125,0,0,0.32461074706478
"T2",410919,1091.21072248512,96,0.444,0.392,0,0,0,0.31291007741584
"T2",410920,63.9885551397821,96,0.256,0.42,0.0015,0,0,0.339351923290443
"T2",410921,368.566132409319,95,0.664,0.284,0,0,0,0.304207224384548
"T2",410922,344.220750519313,95,0.312,0.332,0,0.00025,0,0.321913723114949
"T2",410923,598.955423880253,85,0.682,0.32,0,0,0,0.319402414754646
"T2",410924,1335.95313702135,108,0.954,0.876,0,0,0,0.293287602367697
"T2",410925,277.566867353888,97,0.028,0.214,0,0,0,0.315446842629114
"T2",410926,197.812522954569,94,0.718,0.888,0,0,0,0.351718756503965
"T2",410927,202.07391161492,95,0.77,0.746,0.001,0.00025,0,0.320385690679178
"T2",410928,510.179987940978,94,0.608,0.358,0.00025,0,0,0.313642243248485
"T2",410929,451.403174816348,86,0.642,0.828,0,0,0,0.333693017060162
"T2",410930,489.112082960863,97,0.346,0.646,0,0,0,0.314199511994249
"T2",410931,202.688456511035,95,0.222,0.748,0.00075,0,0,0.341042064234179
"T2",410932,551.315032779911,97,0.458,0.426,0.00025,0,0,0.315229806045705
"T2",410933,169.025984806655,101,0.892,0.694,0.006,0,0,0.315394580560618
"T2",410934,409.092290156398,98,0.022,0.252,0,0,0,0.319403425216141
"T2",410935,329.396490616851,80,0.572,0.22,0.00025,0,0,0.309091978894259
"T2",410936,134.381114608957,86,0.366,0.696,0.0025,0,0,0.332819961302215
"T2",410937,157.717006898263,97,0.818,0.462,0.0035,0,0,0.337765939360457
"T2",410938,245.894308405843,101,0.598,0.194,0.001,0,0,0.319175189034486
"T2",410939,154.147678079093,98,0.388,0.674,0.00075,0,0,0.331719944381669
"T2",410940,540.362645073995,93,0.95,0.58,0,0,0,0.314337721574434
"T2",410941,516.884135905843,95,0.104,0.042,0.00025,0,0,0.303883773982968
"T2",410942,304.836026398033,97,0.998,0.782,0.0035,0.00025,0,0.297768957950977
"T2",410943,808.724919398463,90,0.99,0.448,0,0,0,0.289875582275706
"T2",410944,355.983296257149,100,0.004,0.48,0,0,0,0.331340081336935
"T2",410945,283.727145656022,102,0.164,0.066,0,0,0,0.339010783567726
"T2",410946,166.666105178048,94,0.234,0.178,0,0,0,0.341844364624467
"T2",410947,150.884550995688,92,0.804,0.456,5e-04,0,0.00510204081632653,0.337893676056127
"T2",410948,108.531355213856,93,0.554,0.072,0.0075,0,0,0.348688677845442
"T2",410949,239.33330764324,100,0.638,0.058,0.0035,0,0,0.317872556661957
"T2",410950,185.48481479222,106,0.62,0.79,0.0325,0.00175,0,0.328978689170153
"T2",410951,466.152937664383,102,0.452,0.388,0.00125,0,0,0.298369779671393
"T2",410952,448.058482261354,101,0.024,0.802,0,0,0,0.320817561191901
"T2",410953,95.9315306842055,103,0.698,0.324,0.00425,0,0,0.336749167172585
"T2",410954,295.298317253233,105,0.166,0.594,0,0,0,0.316319640969081
"T2",410955,171.683842766042,95,0.884,0.546,0.00675,0,0,0.324054148427043
"T2",410956,423.901639120961,91,0.466,0.334,0,0,0,0.321842495330891
"T2",410957,308.870324596244,93,0.57,0.474,0.00025,0,0,0.328583173403911
"T2",410958,276.008069886061,106,0.914,0.506,0.00025,0,0,0.32312397171398
"T2",410959,153.808437133843,97,0.726,0.94,0.00125,0,0,0.347910214379033
"T2",410960,150.540800200354,92,0.034,0.224,5e-04,0.00025,0,0.32978454239782
"T2",410961,310.836920790848,98,0.358,0.188,0,0,0,0.322646938270574
"T2",410962,235.564900757583,95,0.33,0.74,0,0,0,0.319578868168153
"T2",410963,592.652425318812,99,0.082,0.612,0,0,0,0.27950171434219
"T2",410964,257.596960320469,98,0.684,0.344,0.00075,0.00025,0,0.327642765379149
"T2",410965,176.295996193778,97,0.626,0.27,0.0025,0,0,0.331673081810836
"T2",410966,145.432612879987,95,0.486,0.98,0.00025,0,0,0.346758373389288
"T2",410967,388.035707896298,102,0.336,0.086,0,0,0,0.315331034337858
"T2",410968,569.115197095675,96,0.82,0.878,0,0,0,0.305795100219076
"T2",410969,210.305864603359,109,0.332,0.064,0.0085,0,0,0.332432883620076
"T2",410970,240.180673641568,102,0.262,0.068,5e-04,0,0,0.310838961387016
"T2",410971,158.090927293044,93,0.962,0.972,0.00025,0,0.00510204081632653,0.33523576005667
"T2",410972,225.479646419712,91,0.648,0.212,0.0015,0.00025,0,0.31765423207539
"T2",410973,218.479444487155,103,0.158,0.096,0.004,0,0,0.323316464016679
"T2",410974,278.237759418151,101,0.072,0.64,0,0,0,0.327946032746909
"T2",410975,471.207424825495,102,0.672,0.238,0,0,0,0.314706457218863
"T2",410976,317.016366840832,90,0.762,0.478,0.00025,0,0,0.327961841715862
"T2",410977,392.802291018114,91,0.198,0.674,0,0,0,0.31090473782217
"T2",410978,192.535049467733,101,0.866,0.878,0.00375,0,0,0.327255662439889
"T2",410979,207.146663989658,96,0.292,0.166,5e-04,0,0,0.309622463813839
"T2",410980,72.8394253284738,92,0.282,0.168,0,0,0,0.362505929487928
"T2",410981,396.098059883079,95,0.414,0.01,0,0,0,0.310928585992995
"T2",410982,479.878179134017,102,0.322,0.834,0,0,0,0.315306574835706
"T2",410983,286.251724432875,99,0.848,0.878,0.002,0,0,0.300219209115136
"T2",410984,400.504862845802,108,0.244,0.722,0.00025,0,0,0.321704443289703
"T2",410985,406.465282515502,102,0.488,0.522,0.00025,0,0,0.309791175624636
"T2",410986,97.7677780151383,93,0.672,0.85,0.038,0.00025,0,0.320523039842218
"T2",410987,469.760302813139,100,0.862,0.962,0.00025,0,0,0.301501880577883
"T2",410988,433.031408269427,88,0.306,0.052,0,0,0,0.320114418942213
"T2",410989,603.30293863709,107,0.234,0.442,0,0,0,0.298566851797764
"T2",410990,208.19907308681,91,0.668,0.454,0.00025,0,0,0.30943995344316
"T2",410991,362.546527372042,99,0.02,0.868,0,0,0,0.301542542235732
"T2",410992,72.6227721799008,99,0.844,0.446,0.0215,0.001,0,0.344401823817129
"T2",410993,536.619811311389,89,0.908,0.91,0.002,0,0,0.311756935970826
"T2",410994,320.006216372497,89,0.998,0.9,0.001,0,0,0.31482510147191
"T2",410995,58.1278892585082,97,0.718,0.636,0.034,0.00075,0,0.347028637490653
"T2",410996,191.194089868372,94,0.288,0.142,0.00025,0,0,0.343192662990267
"T2",410997,118.176820126502,91,0.832,0.45,0.00425,0,0,0.319956392857655
"T2",410998,601.571950089709,93,0.106,0.64,5e-04,0,0,0.30605161110492
"T2",410999,116.843598671184,94,0.676,0.944,0.022,0.00025,0,0.335919998573706
"T2",411000,248.343403485636,101,0.754,0.388,0.0035,0,0,0.335808209578695
