"panel","lambda","delta","seed","dec","edge","pu_dec","pu_edge","ratio","conv","boot_nonconv"
"A",137,0.1,500001,0.52,0.81,0.12725,0.036,2.02282026569346,1,0
"A",137,0.1,500002,0.46,0.188,0.03625,0.005,2.44818801875071,1,0
"A",137,0.1,500003,0.758,0.228,0.208,0.0135,1.63771578383354,1,0
"A",137,0.1,500004,0.76,0.2,0.25525,0.02325,1.92535575297582,1,0
"A",137,0.1,500005,0.516,0.112,0.11075,0.005,1.60294885881184,1,0
"A",137,0.1,500006,0.216,0.954,0.02,0.016,2.49563111896282,1,0
"A",137,0.1,500007,0.128,0.92,0.03375,0.07325,1.31257704629245,1,0
"A",137,0.1,500008,0.972,0.964,0.4525,0.0535,1.38431127724955,1,0
"A",137,0.1,500009,0.124,0.23,0.041,0.04075,0.73740469145928,1,0
"A",137,0.1,500010,0.646,0.408,0.1635,0.0185,2.64313290129468,1,0
"A",137,0.1,500011,0.316,0.544,0.0545,0.02875,2.39970780855905,1,0
"A",137,0.1,500012,0.4,0.298,0.09375,0.01775,1.14002423858556,1,0
"A",137,0.1,500013,0.81,0.302,0.1695,0.0105,1.87076534881083,1,0
"A",137,0.1,500014,0.362,0.166,0.044,0.005,1.82701499711213,1,0
"A",137,0.1,500015,0.776,0.868,0.13675,0.02025,2.17627465962654,1,0
"A",137,0.1,500016,0.75,0.362,0.41975,0.067,1.8374977830425,1,0
"A",137,0.1,500017,0.614,0.17,0.0965,0.0055,2.07111065243936,1,0
"A",137,0.1,500018,0.892,0.342,0.3225,0.01925,1.58087337723572,1,0
"A",137,0.1,500019,0.972,0.914,0.36025,0.04775,1.38294578288926,1,0
"A",137,0.1,500020,0.924,0.762,0.2165,0.01725,2.38774849692895,1,0
"A",137,0.1,500021,0.076,0.072,0.01075,0.00375,1.85693863048146,1,0
"A",137,0.1,500022,0.408,0.69,0.06325,0.01975,2.03680969708299,1,0
"A",137,0.1,500023,0.102,0.088,0.01,0.0025,2.34924395584333,1,0
"A",137,0.1,500024,0.218,0.354,0.0585,0.0325,1.20951527845152,1,0
"A",137,0.1,500025,0.216,0.06,0.02925,0.002,1.68642078512784,1,0
"A",137,0.1,500026,0.782,0.876,0.2805,0.067,1.73009812339032,1,0
"A",137,0.1,500027,0.166,0.766,0.02125,0.02225,2.8507782638313,1,0
"A",137,0.1,500028,0.17,0.312,0.02425,0.0105,2.95219307293268,1,0
"A",137,0.1,500029,0.204,0.952,0.025,0.02325,2.48646992020687,1,0
"A",137,0.1,500030,0.128,0.152,0.01675,0.0045,1.98766171497284,1,0
"A",137,0.1,500031,0.204,0.046,0.01875,0.00175,1.96560528006044,1,0
"A",137,0.1,500032,0.476,0.436,0.05025,0.00825,2.40182116189664,1,0
"A",137,0.1,500033,0.312,0.652,0.05075,0.02525,2.27069325641322,1,0
"A",137,0.1,500034,0.228,0.016,0.05725,0.0025,2.17256755260974,1,0
"A",137,0.1,500035,0.45,0.076,0.0465,0.00175,3.33397083997069,1,0
"A",137,0.1,500036,0.896,0.948,0.35025,0.04875,2.13583046911136,1,0
"A",137,0.1,500037,0.178,0.476,0.0385,0.0385,1.71488742444268,1,0
"A",137,0.1,500038,0.924,0.962,0.50525,0.10775,1.34134148971887,1,0
"A",137,0.1,500039,0.766,0.824,0.1465,0.0245,2.50160496291058,1,0
"A",137,0.1,500040,0.392,0.468,0.02225,0.0045,3.16338480154096,1,0
"A",137,0.1,500041,0.18,0.054,0.0095,0.00175,2.80577828791496,1,0
"A",137,0.1,500042,0.37,0.506,0.07975,0.0405,2.40449792646344,1,0
"A",137,0.1,500043,0.284,0.054,0.04025,0.00275,1.45209942547579,1,0
"A",137,0.1,500044,0.248,0.844,0.06175,0.0635,1.32093088491121,1,0
"A",137,0.1,500045,0.648,0.594,0.16625,0.03825,1.54854987757309,1,0
"A",137,0.1,500046,0.606,0.09,0.136,0.0045,2.04983847214756,1,0
"A",137,0.1,500047,0.492,0.774,0.09275,0.03975,1.65252090809661,1,0
"A",137,0.1,500048,0.882,0.968,0.3035,0.05925,1.63159112662301,1,0
"A",137,0.1,500049,0.774,0.528,0.20375,0.02575,1.79837595368272,1,0
"A",137,0.1,500050,0.744,0.3,0.327,0.0385,1.24577216085727,1,0
"A",137,0.1,500051,0.098,0.376,0.02275,0.0255,1.65763683687597,1,0
"A",137,0.1,500052,0.966,0.776,0.28075,0.0225,1.81981786076026,1,0
"A",137,0.1,500053,0.742,0.744,0.12275,0.019,2.93638610786107,1,0
"A",137,0.1,500054,0.918,0.686,0.28975,0.02975,1.54953553213779,1,0
"A",137,0.1,500055,0.144,0.46,0.05,0.04975,1.63837941645696,1,0
"A",137,0.1,500056,0.774,0.62,0.15925,0.02175,1.89880304355512,1,0
"A",137,0.1,500057,0.264,0.784,0.01875,0.017,1.50525997837734,1,0
"A",137,0.1,500058,0.868,0.48,0.2685,0.02875,2.12661883859246,1,0
"A",137,0.1,500059,0.404,0.608,0.09175,0.02525,2.34223144002701,1,0
"A",137,0.1,500060,0.714,0.774,0.18825,0.0315,1.53697631140991,1,0
"A",137,0.1,500061,0.852,0.91,0.25025,0.03975,1.44633543672075,1,0
"A",137,0.1,500062,0.446,0.132,0.1105,0.00925,1.29720483481618,1,0
"A",137,0.1,500063,0.934,0.868,0.405,0.0495,1.68224774001548,1,0
"A",137,0.1,500064,0.744,0.628,0.19225,0.03075,1.79538011825897,1,0
"A",137,0.1,500065,0.616,0.842,0.10075,0.02775,1.85095082912155,1,0
"A",137,0.1,500066,0.656,0.732,0.13125,0.022,2.44804753821361,1,0
"A",137,0.1,500067,1,0.854,0.5595,0.042,2.53749843092773,1,0
"A",137,0.1,500068,0.466,0.92,0.09275,0.03125,2.85524148670494,1,0
"A",137,0.1,500069,0.862,0.602,0.23025,0.01525,1.70072655936118,1,0
"A",137,0.1,500070,0.61,0.966,0.137,0.03375,2.6002931464758,1,0
"A",137,0.1,500071,0.302,0.722,0.06675,0.05175,1.79489388100639,1,0
"A",137,0.1,500072,0.5,0.292,0.21325,0.0345,1.16430649174294,1,0
"A",137,0.1,500073,0.456,0.412,0.04275,0.00475,1.88155792740441,1,0
"A",137,0.1,500074,0.43,0.084,0.093,0.0055,1.87933356068916,1,0
"A",137,0.1,500075,0.814,0.856,0.30175,0.058,1.75146263512723,1,0
"A",137,0.1,500076,0.986,0.68,0.3285,0.01475,2.2488925265785,1,0
"A",137,0.1,500077,0.962,0.68,0.22,0.0135,1.59922489378172,1,0
"A",137,0.1,500078,0.772,0.746,0.19675,0.03225,2.70967423107803,1,0
"A",137,0.1,500079,0.05,0.004,0.00425,0.00025,1.57780338271239,1,0
"A",137,0.1,500080,0.848,0.41,0.17925,0.00875,2.57484444001802,1,0
"A",137,0.1,500081,0.456,0.85,0.0905,0.0255,2.59606852300818,1,0
"A",137,0.1,500082,0.996,0.696,0.3675,0.01625,1.9348673957131,1,0
"A",137,0.1,500083,0.87,0.72,0.46225,0.106,1.10575672532904,1,0
"A",137,0.1,500084,0.776,0.524,0.3335,0.06225,1.09373505657895,1,0
"A",137,0.1,500085,0.24,0.406,0.03375,0.01075,1.91030752527111,1,0
"A",137,0.1,500086,0.914,0.958,0.1755,0.01675,2.56253998506876,1,0
"A",137,0.1,500087,0.854,0.904,0.25075,0.043,1.80848628353031,1,0
"A",137,0.1,500088,0.002,0.136,0,0.0035,1.85419008254726,1,0
"A",137,0.1,500089,0.394,0.506,0.0815,0.03175,1.81649489665993,1,0
"A",137,0.1,500090,0.54,0.25,0.1435,0.0195,1.34932865990548,1,0
"A",137,0.1,500091,0.042,0.272,0.00525,0.012,2.15044655037327,1,0
"A",137,0.1,500092,0.998,0.95,0.647,0.09325,1.80939946732147,1,0
"A",137,0.1,500093,0.336,0.086,0.04375,0.00225,2.30941564751666,1,0
"A",137,0.1,500094,0.884,0.68,0.305,0.033,2.18358172884211,1,0
"A",137,0.1,500095,0.75,0.55,0.289,0.0505,1.95751649219968,1,0
"A",137,0.1,500096,0.798,0.674,0.15075,0.019,1.8952582869887,1,0
"A",137,0.1,500097,0.044,0.918,0.0045,0.04775,1.70310664504274,1,0
"A",137,0.1,500098,0.918,0.308,0.22925,0.0085,1.40801186331791,1,0
"A",137,0.1,500099,0.75,0.178,0.128,0.00575,1.4130038982267,1,0
"A",137,0.1,500100,0.068,0.074,0.015,0.00875,1.91893009538332,1,0
"A",137,0.1,500101,0.248,0.398,0.039,0.0125,2.02484376030774,1,0
"A",137,0.1,500102,0.16,0.552,0.028,0.0235,1.77018300156563,1,0
"A",137,0.1,500103,0.564,0.356,0.11875,0.02225,2.04573266763481,1,0
"A",137,0.1,500104,0.8,0.312,0.15975,0.00875,3.84885803088826,1,0
"A",137,0.1,500105,0.876,0.924,0.1505,0.01225,2.62449029538598,1,0
"A",137,0.1,500106,0.128,0.022,0.013,0.0015,2.6343456882814,1,0
"A",137,0.1,500107,0.304,0.01,0.05925,0.0015,2.4448238193919,1,0
"A",137,0.1,500108,0.912,0.834,0.18225,0.0165,2.40066105185377,1,0
"A",137,0.1,500109,0.484,0.306,0.0945,0.01825,2.22588612840009,1,0
"A",137,0.1,500110,0.598,0.418,0.1,0.01175,1.87768721001466,1,0
"A",137,0.1,500111,0.632,0.14,0.14375,0.004,2.17755545121053,1,0
"A",137,0.1,500112,0.838,0.358,0.19575,0.0135,1.98883815981638,1,0
"A",137,0.1,500113,0.234,0.716,0.03175,0.02575,1.82523422527967,1,0
"A",137,0.1,500114,0.156,0.608,0.0285,0.04225,1.44219378705007,1,0
"A",137,0.1,500115,0.49,0.452,0.0755,0.01225,2.45148125668962,1,0
"A",137,0.1,500116,0.154,0.262,0.01675,0.00575,1.8688037043952,1,0
"A",137,0.1,500117,0.514,0.24,0.1795,0.03075,1.70711695305968,1,0
"A",137,0.1,500118,0.554,0.674,0.141,0.03425,2.16761312950128,1,0
"A",137,0.1,500119,0.916,0.932,0.283,0.037,2.25125163164926,1,0
"A",137,0.1,500120,0.082,0.264,0.01125,0.02525,1.03522595201898,1,0
"A",137,0.1,500121,0.49,0.896,0.1835,0.073,1.79416071972259,1,0
"A",137,0.1,500122,0.612,0.728,0.14,0.039,1.78082734502622,1,0
"A",137,0.1,500123,0.896,0.854,0.209,0.02275,2.33921064293399,1,0
"A",137,0.1,500124,0.52,0.384,0.08275,0.0115,1.66336048108001,1,0
"A",137,0.1,500125,0.64,0.39,0.1415,0.01875,2.57415892110254,1,0
"A",137,0.1,500126,0.37,0.648,0.06575,0.032,2.85031277771056,1,0
"A",137,0.1,500127,0.608,0.072,0.2345,0.01225,1.64939404341363,1,0
"A",137,0.1,500128,0.622,0.748,0.23775,0.066,1.98931575451988,1,0
"A",137,0.1,500129,0.722,0.686,0.2975,0.0595,1.49484396041433,1,0
"A",137,0.1,500130,0.62,0.526,0.118,0.01575,2.41708457506096,1,0
"A",137,0.1,500131,0.32,0.136,0.0345,0.003,2.65874046545837,1,0
"A",137,0.1,500132,0.578,0.098,0.13575,0.00725,2.33182819513938,1,0
"A",137,0.1,500133,0.236,0.956,0.0645,0.10175,0.955445848060833,1,0
"A",137,0.1,500134,0.77,0.38,0.12325,0.00675,2.40815290681765,1,0
"A",137,0.1,500135,0.658,0.884,0.1695,0.0475,1.75562902316998,1,0
"A",137,0.1,500136,0.09,0.61,0.0395,0.09,1.43964876117255,1,0
"A",137,0.1,500137,0.598,0.236,0.12625,0.012,3.20019468540587,1,0
"A",137,0.1,500138,0.058,0.284,0.01025,0.01325,1.98478419186426,1,0
"A",137,0.1,500139,0.6,0.464,0.0985,0.01275,1.42313531347638,1,0
"A",137,0.1,500140,0.856,0.504,0.25275,0.023,1.7308386460028,1,0
"A",137,0.1,500141,0.564,0.386,0.19775,0.03075,2.07051092076923,1,0
"A",137,0.1,500142,0.418,0.186,0.02475,0.002,2.18700132052577,1,0
"A",137,0.1,500143,0.188,0.85,0.0465,0.04525,2.21335325996303,1,0
"A",137,0.1,500144,0.352,0.516,0.052,0.01625,3.1366137676787,1,0
"A",137,0.1,500145,0.096,0.04,0.0115,0.00075,1.66755523555121,1,0
"A",137,0.1,500146,0.098,0.6,0.0185,0.034,1.75729209364512,1,0
"A",137,0.1,500147,0.468,0.696,0.1625,0.07,1.90479213382217,1,0
"A",137,0.1,500148,0.094,0.488,0.012,0.01175,2.69319866701645,1,0
"A",137,0.1,500149,0.124,0.928,0.00975,0.01625,2.62461748305236,1,0
"A",137,0.1,500150,0.716,0.296,0.1175,0.01025,2.86369709843772,1,0
"A",137,0.1,500151,0.982,0.782,0.53075,0.07025,1.08485047114306,1,0
"A",137,0.1,500152,0.142,0.3,0.01225,0.0075,1.96552325257809,1,0
"A",137,0.1,500153,0.758,0.662,0.16575,0.02975,2.22325219347863,1,0
"A",137,0.1,500154,0.798,0.718,0.226,0.0265,2.38565763361039,1,0
"A",137,0.1,500155,0.498,0.6,0.07675,0.01575,1.98347045615333,1,0
"A",137,0.1,500156,0.95,0.536,0.3295,0.0195,1.23621431563499,1,0
"A",137,0.1,500157,0.66,0.244,0.142,0.008,2.37084107514919,1,0
"A",137,0.1,500158,0.526,0.694,0.1975,0.0905,1.64145302402924,1,0
"A",137,0.1,500159,0.142,0.708,0.019,0.0415,1.1872253041169,1,0
"A",137,0.1,500160,0.908,0.75,0.32825,0.05,2.55168630148852,1,0
"A",137,0.1,500161,0.924,0.818,0.20825,0.02025,1.60360641909167,1,0
"A",137,0.1,500162,0.642,0.654,0.13325,0.018,2.28472656185672,1,0
"A",137,0.1,500163,0.046,0.198,0.01075,0.01425,2.0824515092875,1,0
"A",137,0.1,500164,0.758,0.398,0.19,0.02025,1.07304633775071,1,0
"A",137,0.1,500165,0.408,0.45,0.07125,0.0145,2.62157796305957,1,0
"A",137,0.1,500166,0.098,0.316,0.01275,0.015,2.64806900761693,1,0
"A",137,0.1,500167,0.956,0.814,0.498,0.06825,1.55562451485829,1,0
"A",137,0.1,500168,0.792,0.818,0.22925,0.043,1.70671428538331,1,0
"A",137,0.1,500169,0.636,0.418,0.09875,0.01275,1.43514359041668,1,0
"A",137,0.1,500170,0.804,0.33,0.0855,0.004,3.12112792712023,1,0
"A",137,0.1,500171,0.08,0.95,0.01,0.0465,2.3367020042864,1,0
"A",137,0.1,500172,0.802,0.732,0.11425,0.0095,1.83869391055781,1,0
"A",137,0.1,500173,0.138,0.994,0.033,0.087,1.07804359293508,1,0
"A",137,0.1,500174,0.4,0.544,0.08775,0.03775,2.07319878523229,1,0
"A",137,0.1,500175,0.658,0.262,0.12725,0.0085,1.38163066246396,1,0
"A",137,0.1,500176,0.674,0.094,0.14525,0.00675,2.67159338665346,1,0
"A",137,0.1,500177,0.218,0.516,0.0435,0.03175,1.54246570131157,1,0
"A",137,0.1,500178,0.898,0.736,0.23,0.018,2.33503558812828,1,0
"A",137,0.1,500179,0.056,0.406,0.0075,0.02475,2.19197149799765,1,0
"A",137,0.1,500180,0.306,0.25,0.05825,0.013,1.89489993101482,1,0
"A",137,0.1,500181,0.546,0.818,0.2265,0.11975,0.683034008368351,1,0
"A",137,0.1,500182,0.896,0.77,0.29375,0.03975,2.760949613052,1,0
"A",137,0.1,500183,0.262,0.218,0.03075,0.0045,2.53671321661157,1,0
"A",137,0.1,500184,0.114,0.012,0.01425,0.00175,1.5431095625839,1,0
"A",137,0.1,500185,0.796,0.47,0.2035,0.0215,2.04657543257495,1,0
"A",137,0.1,500186,0.92,0.828,0.372,0.051,1.93512377127672,1,0
"A",137,0.1,500187,0.194,0.048,0.017,0.00025,2.70824090019509,1,0
"A",137,0.1,500188,0.46,0.084,0.03125,0.00075,2.24185672516968,1,0
"A",137,0.1,500189,0.966,0.864,0.29525,0.02025,2.07488818508823,1,0
"A",137,0.1,500190,0.13,0.198,0.02025,0.00975,2.39731274800022,1,0
"A",137,0.1,500191,0.764,0.812,0.25475,0.05375,2.15685161464062,1,0
"A",137,0.1,500192,0.152,0.284,0.02525,0.016,1.80940608102301,1,0
"A",137,0.1,500193,0.364,0.848,0.11275,0.09225,2.0351901552959,1,0
"A",137,0.1,500194,0.108,0.938,0.025,0.06075,1.66369568902687,1,0
"A",137,0.1,500195,0.362,0.71,0.1155,0.09,2.6994260219706,1,0
"A",137,0.1,500196,0.296,0.952,0.0475,0.0325,2.32944736381668,1,0
"A",137,0.1,500197,0.916,0.48,0.3165,0.02125,2.11136868348978,1,0
"A",137,0.1,500198,0.72,0.582,0.26,0.0365,1.84345260427833,1,0
"A",137,0.1,500199,0.322,0.08,0.04475,0.003,2.04810636633091,1,0
"A",137,0.1,500200,0.354,0.032,0.05975,0.00125,1.50077197931098,1,0
"A",137,0.1,500201,0.088,0.116,0.0155,0.01175,2.82895633450735,1,0
"A",137,0.1,500202,0.95,0.98,0.455,0.068,1.5084788190096,1,0
"A",137,0.1,500203,0.632,0.716,0.182,0.04225,2.37789113220178,1,0
"A",137,0.1,500204,0.688,0.2,0.1945,0.016,2.65039163823862,1,0
"A",137,0.1,500205,0.5,0.358,0.08125,0.01475,1.24487533470898,1,0
"A",137,0.1,500206,0.942,0.494,0.37075,0.025,2.03038766908348,1,0
"A",137,0.1,500207,0.48,0.144,0.09575,0.00775,1.56330745776908,1,0
"A",137,0.1,500208,0.094,0.22,0.014,0.0085,2.15763354354841,1,0
"A",137,0.1,500209,0.14,0.584,0.014,0.0175,2.16396173636564,1,0
"A",137,0.1,500210,0.484,0.55,0.13975,0.04,0.556612038218204,1,0
"A",137,0.1,500211,0.5,0.478,0.08625,0.01725,1.68808311797862,1,0
"A",137,0.1,500212,0.464,0.496,0.05975,0.01175,2.13300278634644,1,0
"A",137,0.1,500213,0.604,0.976,0.1505,0.05175,1.91077010602525,1,0
"A",137,0.1,500214,0.964,0.928,0.425,0.06075,1.9111750529574,1,0
"A",137,0.1,500215,0.334,0.328,0.0285,0.00625,2.08921176746507,1,0
"A",137,0.1,500216,0.3,0.05,0.054,0.00175,1.9823773398724,1,0
"A",137,0.1,500217,0.126,0.586,0.009,0.0105,1.65809006229785,1,0
"A",137,0.1,500218,0.422,0.21,0.04175,0.00425,2.0330273584085,1,0
"A",137,0.1,500219,0.112,0.034,0.0065,0.00025,2.5389489835299,1,0
"A",137,0.1,500220,0.418,0.974,0.0515,0.01775,1.8883112679806,1,0
"A",137,0.1,500221,0.642,0.506,0.0775,0.01,2.89640411471942,1,0
"A",137,0.1,500222,0.288,0.226,0.0315,0.00675,1.74785525987801,1,0
"A",137,0.1,500223,0.002,0.248,0.00025,0.01375,2.17196083907006,1,0
"A",137,0.1,500224,0.342,0.902,0.0715,0.034,1.92206781508045,1,0
"A",137,0.1,500225,0.304,0.108,0.05625,0.007,2.07324767978839,1,0
"A",137,0.1,500226,0.252,0.126,0.01325,0.002,1.81253712623527,1,0
"A",137,0.1,500227,0.69,0.444,0.17875,0.02575,2.51464254178978,1,0
"A",137,0.1,500228,0.36,0.228,0.05325,0.00725,2.14036005265773,1,0
"A",137,0.1,500229,0.49,0.242,0.082,0.0085,2.39735120957195,1,0
"A",137,0.1,500230,0.584,0.846,0.127,0.04725,1.42287697006022,1,0
"A",137,0.1,500231,0.5,0.186,0.0985,0.00925,2.21591739504506,1,0
"A",137,0.1,500232,0.592,0.238,0.15825,0.00975,1.60365403602143,1,0
"A",137,0.1,500233,0.608,0.834,0.14575,0.03675,1.8581864760111,1,0
"A",137,0.1,500234,0.536,0.488,0.08575,0.01875,2.36181694610756,1,0
"A",137,0.1,500235,0.744,0.788,0.19175,0.0365,2.00540016156032,1,0
"A",137,0.1,500236,0.904,0.95,0.24775,0.03825,2.11501288101039,1,0
"A",137,0.1,500237,0.452,0.78,0.05425,0.0185,2.25455921330614,1,0
"A",137,0.1,500238,0.448,0.606,0.1395,0.06025,2.30673365121057,1,0
"A",137,0.1,500239,0.184,0.536,0.01625,0.01025,1.86523198536139,1,0
"A",137,0.1,500240,0.16,0.034,0.01625,0.00175,1.90728959301031,1,0
"A",137,0.1,500241,0.184,0.438,0.03975,0.03325,1.895459808199,1,0
"A",137,0.1,500242,0.324,0.354,0.12375,0.0435,1.19408266011826,1,0
"A",137,0.1,500243,0.572,0.556,0.11575,0.02825,2.05693506148733,1,0
"A",137,0.1,500244,0.046,0.532,0.00425,0.01875,1.66292469540293,1,0
"A",137,0.1,500245,0.27,0.264,0.089,0.027,1.5984560681507,1,0
"A",137,0.1,500246,0.454,0.28,0.10425,0.02075,2.48081261568787,1,0
"A",137,0.1,500247,0.072,0.186,0.02,0.01875,1.47824525269011,1,0
"A",137,0.1,500248,0.774,0.572,0.15225,0.018,1.64567075551111,1,0
"A",137,0.1,500249,0.85,0.554,0.128,0.0075,2.36741640170881,1,0
"A",137,0.1,500250,0.486,0.27,0.05025,0.00375,1.66915689840713,1,0
"A",137,0.1,500251,0.666,0.978,0.135,0.03675,2.34677476027352,1,0
"A",137,0.1,500252,0.192,0.724,0.02625,0.0265,2.16895368482722,1,0
"A",137,0.1,500253,0.998,0.792,0.489,0.04125,1.92148836479924,1,0
"A",137,0.1,500254,0.936,0.538,0.259,0.015,1.69955661150954,1,0
"A",137,0.1,500255,0.98,0.838,0.21075,0.00625,1.87951401930343,1,0
"A",137,0.1,500256,0.574,0.43,0.15875,0.03,2.4221605085214,1,0
"A",137,0.1,500257,0.824,0.818,0.194,0.0275,2.21439757859802,1,0
"A",137,0.1,500258,0.364,0.738,0.104,0.05725,1.99299736945335,1,0
"A",137,0.1,500259,0.328,0.386,0.05225,0.0195,1.93690842971637,1,0
"A",137,0.1,500260,0.188,0.038,0.0235,0.0015,1.71137494097145,1,0
"A",137,0.1,500261,0.916,0.564,0.17975,0.011,2.21375882577646,1,0
"A",137,0.1,500262,0.578,0.27,0.10925,0.0105,1.94181719715113,1,0
"A",137,0.1,500263,0.432,0.14,0.05875,0.00425,1.48664064442277,1,0
"A",137,0.1,500264,0.636,0.578,0.114,0.0215,1.66648071916504,1,0
"A",137,0.1,500265,0.37,0.21,0.07575,0.00975,1.6980186333766,1,0
"A",137,0.1,500266,0.39,0.194,0.031,0.0015,2.26677035913661,1,0
"A",137,0.1,500267,0.626,0.148,0.0925,0.00375,1.95664043269114,1,0
"A",137,0.1,500268,0.912,0.436,0.407,0.041,1.36636455881721,1,0
"A",137,0.1,500269,0.384,0.758,0.0665,0.02325,3.18060405826964,1,0
"A",137,0.1,500270,0.178,0.072,0.02,0.00125,2.54124738404178,1,0
"A",137,0.1,500271,0.696,0.784,0.25475,0.07325,2.01076505772201,1,0
"A",137,0.1,500272,0.91,0.934,0.37725,0.07475,2.11612057414729,1,0
"A",137,0.1,500273,0.032,0.674,0.004,0.03425,1.68251013406863,1,0
"A",137,0.1,500274,0.45,0.964,0.12275,0.05375,2.43265479992005,1,0
"A",137,0.1,500275,0.354,0.1,0.08475,0.01075,1.9360508641282,1,0
"A",137,0.1,500276,0.606,0.742,0.096,0.0165,2.34278059887064,1,0
"A",137,0.1,500277,0.65,0.248,0.192,0.01725,1.5767771844347,1,0
"A",137,0.1,500278,0.118,0.066,0.03475,0.00475,1.22232404869996,1,0
"A",137,0.1,500279,0.282,0.128,0.0315,0.00475,2.93865263475901,1,0
"A",137,0.1,500280,0.946,0.918,0.199,0.014,2.30081186058231,1,0
"A",137,0.1,500281,0.206,0.162,0.024,0.00725,2.31976708907394,1,0
"A",137,0.1,500282,0.908,0.408,0.2825,0.013,2.26310863888509,1,0
"A",137,0.1,500283,0.362,0.636,0.0785,0.046,1.50343520610954,1,0
"A",137,0.1,500284,0.39,0.122,0.05025,0.00325,2.20370935141734,1,0
"A",137,0.1,500285,0.212,0.59,0.0505,0.0355,1.56614650985292,1,0
"A",137,0.1,500286,0.696,0.658,0.13825,0.02125,1.98997307447892,1,0
"A",137,0.1,500287,0.452,0.078,0.089,0.00375,1.32921035841161,1,0
"A",137,0.1,500288,0.85,0.33,0.1885,0.01,2.2808328557094,1,0
"A",137,0.1,500289,0.068,0.334,0.0175,0.052,1.09593211684176,1,0
"A",137,0.1,500290,0.528,0.402,0.098,0.01475,2.34588919379889,1,0
"A",137,0.1,500291,0.438,0.978,0.17825,0.14575,1.76136264099505,1,0
"A",137,0.1,500292,0.314,0.292,0.04325,0.008,2.42484473138371,1,0
"A",137,0.1,500293,0.652,0.642,0.14225,0.0255,1.92613253785007,1,0
"A",137,0.1,500294,0.446,0.092,0.07875,0.003,1.87257048864764,1,0
"A",137,0.1,500295,0.802,0.742,0.13575,0.01325,1.85167182096832,1,0
"A",137,0.1,500296,0.578,0.364,0.1685,0.02775,2.16814175496498,1,0
"A",137,0.1,500297,0.302,0.1,0.05575,0.009,2.23286096691218,1,0
"A",137,0.1,500298,0.412,0.36,0.0765,0.01275,2.005833036664,1,0
"A",137,0.1,500299,0.178,0.476,0.02325,0.027,1.09756507338156,1,0
"A",137,0.1,500300,0.476,0.26,0.2105,0.05,1.47091815390912,1,0
"A",137,0.1,500301,0.348,0.81,0.069,0.05175,1.74448973263172,1,0
"A",137,0.1,500302,0.278,0.56,0.04925,0.02525,2.49412629097043,1,0
"A",137,0.1,500303,0.002,0.002,5e-04,0,1.75826611717809,1,0
"A",137,0.1,500304,0.658,0.918,0.1705,0.04375,2.41656782996315,1,0
"A",137,0.1,500305,0.726,0.556,0.13675,0.0105,2.43541282152059,1,0
"A",137,0.1,500306,0.858,0.42,0.23325,0.0215,2.57826179117428,1,0
"A",137,0.1,500307,0.61,0.406,0.114,0.014,2.55530811087552,1,0
"A",137,0.1,500308,0.686,0.846,0.21075,0.0495,1.44610208027915,1,0
"A",137,0.1,500309,0.172,0.11,0.03025,0.0075,1.9484799771143,1,0
"A",137,0.1,500310,0.936,0.752,0.3935,0.05,2.44071525987691,1,0
"A",137,0.1,500311,0.93,0.726,0.19575,0.01125,2.27198411286552,1,0
"A",137,0.1,500312,0.792,0.624,0.2125,0.03175,2.12784530290293,1,0
"A",137,0.1,500313,0.38,0.538,0.035,0.0075,1.57856285077511,1,0
"A",137,0.1,500314,0.498,0.316,0.035,0.00275,2.65534266075835,1,0
"A",137,0.1,500315,0.004,0.144,5e-04,0.004,2.48406434293895,1,0
"A",137,0.1,500316,0.126,0.432,0.0135,0.0125,1.98768865698976,1,0
"A",137,0.1,500317,0.974,0.986,0.25925,0.02225,2.98038704960342,1,0
"A",137,0.1,500318,0.384,0.528,0.12825,0.0415,1.31294161350675,1,0
"A",137,0.1,500319,0.778,0.302,0.15825,0.00825,2.05584965225807,1,0
"A",137,0.1,500320,0.34,0.158,0.031,0.002,2.43401345783645,1,0
"A",137,0.1,500321,0.548,0.612,0.089,0.01875,2.32456825475663,1,0
"A",137,0.1,500322,0.006,0.216,0,0.0035,2.20974728216732,1,0
"A",137,0.1,500323,0.124,0.69,0.00975,0.01075,1.9796007438272,1,0
"A",137,0.1,500324,1,0.76,0.586,0.0595,1.80254242448706,1,0
"A",137,0.1,500325,0.96,1,0.33525,0.0295,2.39745951556977,1,0
"A",137,0.1,500326,0.844,0.724,0.20675,0.02325,3.22454269200085,1,0
"A",137,0.1,500327,0.402,0.482,0.11875,0.04175,1.57267811553805,1,0
"A",137,0.1,500328,0.31,0.878,0.0565,0.03725,1.8657468499574,1,0
"A",137,0.1,500329,0.076,0.474,0.01625,0.041,1.82708134089905,1,0
"A",137,0.1,500330,0.146,0.398,0.02125,0.01475,1.68604201410921,1,0
"A",137,0.1,500331,0.086,0.962,0.0095,0.0305,1.87082216161018,1,0
"A",137,0.1,500332,0.784,0.98,0.18425,0.02725,2.28063088648994,1,0
"A",137,0.1,500333,0.908,0.562,0.16225,0.00875,2.90786963986546,1,0
"A",137,0.1,500334,0.52,0.5,0.072,0.01425,2.68227619848898,1,0
"A",137,0.1,500335,0.468,0.258,0.0515,0.00725,2.07545086543388,1,0
"A",137,0.1,500336,0.52,0.11,0.08775,0.00525,2.02322291288879,1,0
"A",137,0.1,500337,0.926,0.51,0.17875,0.008,2.12508885682761,1,0
"A",137,0.1,500338,0.17,0.762,0.01375,0.01125,2.62766951270894,1,0
"A",137,0.1,500339,0.862,0.79,0.34325,0.05975,2.17573478586148,1,0
"A",137,0.1,500340,0.528,0.658,0.08825,0.01575,2.91462202390042,1,0
"A",137,0.1,500341,0.902,0.902,0.39775,0.0595,1.51329636150947,1,0
"A",137,0.1,500342,0.166,0.944,0.0255,0.036,1.86839269495632,1,0
"A",137,0.1,500343,0.17,0.02,0.0225,0.001,2.17221999778577,1,0
"A",137,0.1,500344,0.202,0.334,0.03075,0.0135,2.38966472998426,1,0
"A",137,0.1,500345,0.748,0.97,0.08875,0.00875,3.00287335923361,1,0
"A",137,0.1,500346,0.948,0.414,0.33775,0.024,2.26456152795508,1,0
"A",137,0.1,500347,0.952,0.988,0.32225,0.03475,2.39689107280371,1,0
"A",137,0.1,500348,0.044,0.908,0.00375,0.0085,3.026032496905,1,0
"A",137,0.1,500349,0.262,0.558,0.0875,0.06475,1.50042712804809,1,0
"A",137,0.1,500350,0.702,0.632,0.18825,0.0295,2.94350090391791,1,0
"A",137,0.1,500351,0.704,0.484,0.138,0.01275,2.61100526435707,1,0
"A",137,0.1,500352,0.456,0.424,0.08275,0.0175,2.45022749336166,1,0
"A",137,0.1,500353,0.766,0.286,0.17975,0.009,2.32980688569211,1,0
"A",137,0.1,500354,0.366,0.96,0.064,0.032,1.75520221818199,1,0
"A",137,0.1,500355,0.348,0.57,0.0545,0.0235,1.75491167115312,1,0
"A",137,0.1,500356,0.102,0.796,0.01625,0.0315,1.62792013411287,1,0
"A",137,0.1,500357,0.81,0.766,0.14525,0.0155,2.04669236770154,1,0
"A",137,0.1,500358,0.434,0.084,0.08625,0.00625,1.76551004276304,1,0
"A",137,0.1,500359,0.046,0.294,0.0055,0.00875,2.94069957236179,1,0
"A",137,0.1,500360,0.166,0.238,0.014,0.005,1.58535386797307,1,0
"A",137,0.1,500361,0.634,0.148,0.21375,0.0155,1.71968088036983,1,0
"A",137,0.1,500362,0.54,0.59,0.14625,0.0405,1.59096674151341,1,0
"A",137,0.1,500363,0.934,0.78,0.25375,0.02225,2.01303119233718,1,0
"A",137,0.1,500364,0.52,0.998,0.12975,0.066,1.25848607857705,1,0
"A",137,0.1,500365,0.762,0.314,0.1815,0.0155,1.2777708410569,1,0
"A",137,0.1,500366,0.132,0.016,0.0475,0.00475,2.099786963368,1,0
"A",137,0.1,500367,0.234,0.718,0.064,0.06325,1.6334049670183,1,0
"A",137,0.1,500368,0.92,0.928,0.34075,0.04725,1.51157089495579,1,0
"A",137,0.1,500369,0.298,0.106,0.07925,0.01225,2.0302253444218,1,0
"A",137,0.1,500370,0.276,0.318,0.056,0.018,1.77135225709288,1,0
"A",137,0.1,500371,0.94,0.668,0.20225,0.0105,3.08158056818919,1,0
"A",137,0.1,500372,0.894,0.874,0.33525,0.04875,2.64060781669824,1,0
"A",137,0.1,500373,0.482,0.614,0.1265,0.04775,1.78708655833897,1,0
"A",137,0.1,500374,0.648,0.05,0.2795,0.00875,1.75966648901774,1,0
"A",137,0.1,500375,0.838,0.85,0.162,0.01725,2.68065382914453,1,0
"A",137,0.1,500376,0.31,0.23,0.089,0.02275,1.53669801402094,1,0
"A",137,0.1,500377,0.96,0.364,0.2185,0.00725,2.22949632787344,1,0
"A",137,0.1,500378,0.392,0.134,0.0295,0.001,2.74472361755278,1,0
"A",137,0.1,500379,0.848,0.384,0.21875,0.017,2.94700255231944,1,0
"A",137,0.1,500380,0.276,0.516,0.0655,0.0295,2.01942321104818,1,0
"A",137,0.1,500381,0.87,0.234,0.2215,0.01125,1.90686806672602,1,0
"A",137,0.1,500382,0.022,0.002,0.00675,5e-04,1.74882395917124,1,0
"A",137,0.1,500383,0.084,0.462,0.00675,0.02,2.04910299657603,1,0
"A",137,0.1,500384,0.428,0.706,0.054,0.026,1.75126616121476,1,0
"A",137,0.1,500385,0.1,0.964,0.02175,0.053,2.4120836072392,1,0
"A",137,0.1,500386,0.978,0.424,0.743,0.09625,0.744329267502566,1,0
"A",137,0.1,500387,0.376,0.746,0.045,0.0145,2.41451331191199,1,0
"A",137,0.1,500388,0.878,0.532,0.33675,0.04075,1.81766005692695,1,0
"A",137,0.1,500389,0.078,0.006,0.016,0.00075,3.01283513260447,1,0
"A",137,0.1,500390,0.924,0.562,0.33575,0.02325,1.59881977699067,1,0
"A",137,0.1,500391,0.67,0.686,0.209,0.0525,1.92344603553943,1,0
"A",137,0.1,500392,0.914,0.196,0.225,0.00475,2.43649296861371,1,0
"A",137,0.1,500393,0.758,0.534,0.18075,0.0205,1.47419059383756,1,0
"A",137,0.1,500394,0.078,0.972,0.00475,0.01125,2.15688158504143,1,0
"A",137,0.1,500395,0.1,0.864,0.0255,0.04075,2.07935253605613,1,0
"A",137,0.1,500396,0.212,0.252,0.06825,0.02475,1.03375072955486,1,0
"A",137,0.1,500397,0.25,0.83,0.0475,0.04275,2.16593232188374,1,0
"A",137,0.1,500398,0.462,0.818,0.04975,0.016,2.83092594783234,1,0
"A",137,0.1,500399,0.524,0.622,0.10325,0.0195,1.85871235510593,1,0
"A",137,0.1,500400,0.06,0.002,0.00575,0,2.24882547475093,1,0
"A",137,0.1,500401,0.044,0.172,0.01025,0.01675,2.90485126983734,1,0
"A",137,0.1,500402,0.422,0.758,0.1225,0.06475,2.06672543663778,1,0
"A",137,0.1,500403,0.164,0.614,0.02675,0.0305,2.00471293159768,1,0
"A",137,0.1,500404,0.916,0.464,0.14475,0.0035,2.77030713260553,1,0
"A",137,0.1,500405,0.462,0.364,0.10975,0.0265,1.86736556511146,1,0
"A",137,0.1,500406,0.56,0.662,0.1045,0.01725,2.78731051183185,1,0
"A",137,0.1,500407,0.396,0.466,0.06025,0.015,3.30386766567442,1,0
"A",137,0.1,500408,0.012,0.032,0.001,0.0015,1.77417403597136,1,0
"A",137,0.1,500409,0.924,0.596,0.54725,0.0705,1.7312165882131,1,0
"A",137,0.1,500410,0.19,0.744,0.02675,0.019,2.9825575393845,1,0
"A",137,0.1,500411,0.434,0.674,0.073,0.02775,2.32026303720972,1,0
"A",137,0.1,500412,0.068,0.098,0.0035,0.00125,2.34099534799405,1,0
"A",137,0.1,500413,0.206,0.414,0.01225,0.0045,3.17484507091161,1,0
"A",137,0.1,500414,0.146,0.076,0.014,0.003,1.74690556646784,1,0
"A",137,0.1,500415,0.814,0.656,0.34375,0.0595,1.51421432014192,1,0
"A",137,0.1,500416,0.694,0.67,0.08975,0.00825,2.47245960393522,1,0
"A",137,0.1,500417,0.924,0.542,0.347,0.0305,1.99526460004418,1,0
"A",137,0.1,500418,0.732,0.308,0.20625,0.01875,2.53786254362691,1,0
"A",137,0.1,500419,0.536,0.662,0.113,0.024,2.74206889197056,1,0
"A",137,0.1,500420,0.262,0.49,0.06075,0.04675,1.97690970193832,1,0
"A",137,0.1,500421,0.95,0.638,0.1665,0.0065,2.90523232906047,1,0
"A",137,0.1,500422,0.526,0.982,0.11275,0.03225,1.9259141640832,1,0
"A",137,0.1,500423,0.718,0.934,0.1845,0.034,1.85750855591819,1,0
"A",137,0.1,500424,0.714,0.968,0.15325,0.036,2.67148893300687,1,0
"A",137,0.1,500425,0.924,0.888,0.423,0.0905,1.1292498438843,1,0
"A",137,0.1,500426,0.474,0.644,0.105,0.035,1.67276310339556,1,0
"A",137,0.1,500427,0.586,0.25,0.06525,0.004,2.36876076613813,1,0
"A",137,0.1,500428,0.454,0.834,0.1055,0.037,1.47988225395765,1,0
"A",137,0.1,500429,0.262,0.35,0.03375,0.01025,2.87133825707655,1,0
"A",137,0.1,500430,0.41,0.466,0.075,0.0185,2.12307079143778,1,0
"A",137,0.1,500431,0.502,0.146,0.06825,0.0045,1.83079733639606,1,0
"A",137,0.1,500432,0.768,0.638,0.11875,0.00975,2.2321636546402,1,0
"A",137,0.1,500433,0.626,0.298,0.2105,0.026,2.03838440698729,1,0
"A",137,0.1,500434,0.426,0.048,0.05675,0.001,2.21443032372961,1,0
"A",137,0.1,500435,0.3,0.326,0.0375,0.007,1.97689449047986,1,0
"A",137,0.1,500436,0.43,0.878,0.0665,0.02425,1.93778909166123,1,0
"A",137,0.1,500437,0.934,0.504,0.3515,0.025,2.02060873195322,1,0
"A",137,0.1,500438,0.818,0.428,0.2195,0.0185,1.8478923023026,1,0
"A",137,0.1,500439,0.506,0.882,0.177,0.07925,0.951870701327704,1,0
"A",137,0.1,500440,0.578,0.564,0.196,0.05475,1.82510031483147,1,0
"A",137,0.1,500441,0.416,0.836,0.0835,0.03925,1.54021709871321,1,0
"A",137,0.1,500442,0.264,0.5,0.0205,0.0095,1.85110356556855,1,0
"A",137,0.1,500443,0.146,0.342,0.04775,0.0325,1.47748361495238,1,0
"A",137,0.1,500444,0.074,0.024,0.0105,0.00175,1.18356321346035,1,0
"A",137,0.1,500445,0.994,0.95,0.29875,0.014,2.55981578782039,1,0
"A",137,0.1,500446,0.392,0.458,0.0535,0.01525,2.6130577004857,1,0
"A",137,0.1,500447,0.206,0.512,0.0405,0.0415,1.43481159720856,1,0
"A",137,0.1,500448,0.65,0.69,0.12075,0.01225,2.20092811209328,1,0
"A",137,0.1,500449,0.484,0.282,0.0945,0.01125,2.61400689524168,1,0
"A",137,0.1,500450,0.358,0.146,0.03775,0.006,1.97420322843829,1,0
"A",137,0.1,500451,0.612,0.886,0.104,0.024,2.60470751065529,1,0
"A",137,0.1,500452,0.648,0.93,0.12375,0.027,2.70205061912485,1,0
"A",137,0.1,500453,0.622,0.938,0.10375,0.0235,2.26026967773851,1,0
"A",137,0.1,500454,0.302,0.162,0.044,0.00525,1.30685378052769,1,0
"A",137,0.1,500455,0.942,0.96,0.20825,0.01775,2.03089509432084,1,0
"A",137,0.1,500456,0.044,0.51,0.009,0.0325,2.65027760107297,1,0
"A",137,0.1,500457,0.15,0.864,0.029,0.046,2.20489252594647,1,0
"A",137,0.1,500458,0.71,0.798,0.1055,0.01325,2.62368142340248,1,0
"A",137,0.1,500459,0.45,0.178,0.06275,0.003,3.28050360059507,1,0
"A",137,0.1,500460,0.13,0.02,0.025,0.00125,1.83179197292891,1,0
"A",137,0.1,500461,0.952,0.668,0.29925,0.0195,2.14905888585031,1,0
"A",137,0.1,500462,0.682,0.286,0.08275,0.00525,1.4173159038962,1,0
"A",137,0.1,500463,0.926,0.476,0.46425,0.0525,1.47028690030178,1,0
"A",137,0.1,500464,0.312,0.01,0.03975,5e-04,2.57062228901561,1,0
"A",137,0.1,500465,0.224,0.324,0.032,0.00775,2.90309114352651,1,0
"A",137,0.1,500466,0.272,0.874,0.03525,0.02725,1.83287406764046,1,0
"A",137,0.1,500467,0.246,0.132,0.08575,0.02125,1.19625995781288,1,0
"A",137,0.1,500468,0.136,0.244,0.0215,0.01475,1.51801118269231,1,0
"A",137,0.1,500469,0.614,0.124,0.16075,0.00725,2.20882361207618,1,0
"A",137,0.1,500470,0.162,0.18,0.0265,0.0095,1.70733349848703,1,0
"A",137,0.1,500471,0.692,0.352,0.22725,0.02925,1.65693492128022,1,0
"A",137,0.1,500472,0.968,0.94,0.408,0.045,2.29101320182597,1,0
"A",137,0.1,500473,0.984,0.978,0.532,0.06775,1.48483517921103,1,0
"A",137,0.1,500474,0.582,0.464,0.1435,0.02425,1.40249580657097,1,0
"A",137,0.1,500475,0.912,0.884,0.3895,0.07375,1.78534406968714,1,0
"A",137,0.1,500476,0.428,0.398,0.078,0.0165,2.58832636680893,1,0
"A",137,0.1,500477,0.934,0.96,0.31025,0.04775,2.02552453287384,1,0
"A",137,0.1,500478,0.054,0.514,0.00425,0.01675,2.41383436295533,1,0
"A",137,0.1,500479,0.468,0.142,0.0375,5e-04,2.52505970573072,1,0
"A",137,0.1,500480,0.782,0.176,0.11375,0.0025,2.56137507300544,1,0
"A",137,0.1,500481,0.41,0.74,0.07825,0.03525,2.3168861111208,1,0
"A",137,0.1,500482,0.522,0.114,0.04225,0.0025,3.19488502711469,1,0
"A",137,0.1,500483,0.878,0.888,0.3225,0.059,1.98855390177303,1,0
"A",137,0.1,500484,0.824,0.45,0.48425,0.094,1.19497778324218,1,0
"A",137,0.1,500485,0.228,0.908,0.01775,0.019,2.1553243395842,1,0
"A",137,0.1,500486,0.266,0.974,0.0395,0.03725,2.02407825302423,1,0
"A",137,0.1,500487,0.64,0.35,0.07275,0.005,2.04790437562448,1,0
"A",137,0.1,500488,0.468,0.812,0.069,0.0235,1.95080597181552,1,0
"A",137,0.1,500489,0.73,0.892,0.19075,0.0465,1.72685948259571,1,0
"A",137,0.1,500490,0.106,0.268,0.00875,0.0025,2.99927536318596,1,0
"A",137,0.1,500491,0.574,0.616,0.14825,0.03925,1.57473131834563,1,0
"A",137,0.1,500492,0.038,0.04,0.005,0.00175,2.43994932593438,1,0
"A",137,0.1,500493,0.336,0.276,0.08775,0.0285,1.9956611114322,1,0
"A",137,0.1,500494,0.696,0.142,0.11825,0.00375,2.42572259961934,1,0
"A",137,0.1,500495,0.81,0.74,0.26025,0.03225,2.57204746479277,1,0
"A",137,0.1,500496,0.41,0.56,0.09275,0.02975,1.50462741822932,1,0
"A",137,0.1,500497,0.804,0.528,0.2135,0.024,2.36294478404955,1,0
"A",137,0.1,500498,0.636,0.68,0.1035,0.01575,2.34876203171808,1,0
"A",137,0.1,500499,0.478,0.53,0.0425,0.006,2.34384053128615,1,0
"A",137,0.1,500500,0.484,0.672,0.0905,0.031,3.05875377883153,1,0
"A",137,0.1,500501,0.366,0.142,0.06875,0.00875,2.15267884741845,1,0
"A",137,0.1,500502,0.44,0.488,0.088,0.033,1.96432124615231,1,0
"A",137,0.1,500503,0.078,0.1,0.0065,0.0045,1.22105727567798,1,0
"A",137,0.1,500504,0.252,0.23,0.03475,0.00625,2.37966559417714,1,0
"A",137,0.1,500505,0.546,0.908,0.094,0.03075,1.67761701542508,1,0
"A",137,0.1,500506,0.242,0.058,0.0505,0.004,1.90897916636331,1,0
"A",137,0.1,500507,0.758,0.202,0.24875,0.01975,1.7672372799422,1,0
"A",137,0.1,500508,0.482,0.352,0.166,0.03325,1.27355398164369,1,0
"A",137,0.1,500509,0.914,0.482,0.3845,0.03675,2.050252479116,1,0
"A",137,0.1,500510,0.762,0.822,0.206,0.0285,1.7087232555844,1,0
"A",137,0.1,500511,0.966,1,0.533,0.09675,1.346203271816,1,0
"A",137,0.1,500512,0.188,0.03,0.03325,0.00425,1.3573956848077,1,0
"A",137,0.1,500513,0.64,0.982,0.154,0.039,1.90117374686579,1,0
"A",137,0.1,500514,0.046,0.68,0.00275,0.01425,2.54975618564509,1,0
"A",137,0.1,500515,0.298,0.354,0.0525,0.016,1.7263741001438,1,0
"A",137,0.1,500516,0.528,0.684,0.10575,0.0305,2.47586936976445,1,0
"A",137,0.1,500517,0.39,0.99,0.06325,0.0325,2.61408966970029,1,0
"A",137,0.1,500518,0.604,0.688,0.15275,0.0385,2.8924884428923,1,0
"A",137,0.1,500519,0.128,0.094,0.01625,0.00875,2.71751869086343,1,0
"A",137,0.1,500520,0.928,0.438,0.27025,0.01125,1.79310206750445,1,0
"A",137,0.1,500521,0.07,0.052,0.01125,0.001,2.90144158314702,1,0
"A",137,0.1,500522,0.756,0.192,0.2,0.01175,1.07520452462447,1,0
"A",137,0.1,500523,0.02,0.32,0.00325,0.01025,1.70100428988013,1,0
"A",137,0.1,500524,0.544,0.164,0.07975,0.0065,3.01306002792608,1,0
"A",137,0.1,500525,0.444,0.844,0.0885,0.05,1.65435805744891,1,0
"A",137,0.1,500526,0.122,0.014,0.02925,0.00225,2.40899414398196,1,0
"A",137,0.1,500527,0.414,0.826,0.039,0.012,2.51244578602529,1,0
"A",137,0.1,500528,0.114,0.146,0.0215,0.00875,1.94018524070759,1,0
"A",137,0.1,500529,0.2,0.19,0.02225,0.00625,2.30573499727235,1,0
"A",137,0.1,500530,0.394,0.332,0.09325,0.022,1.66300170335948,1,0
"A",137,0.1,500531,0.072,0.926,0.00825,0.03125,1.98589039043192,1,0
"A",137,0.1,500532,0.006,0.082,5e-04,0.00225,2.4217443922476,1,0
"A",137,0.1,500533,0.556,0.08,0.2135,0.02125,1.00522665571913,1,0
"A",137,0.1,500534,0.51,0.282,0.15425,0.02675,1.19246509649504,1,0
"A",137,0.1,500535,0.256,0.034,0.03875,0.0015,2.6484270117167,1,0
"A",137,0.1,500536,0.898,0.918,0.484,0.08725,1.67891537335687,1,0
"A",137,0.1,500537,0.894,0.44,0.30825,0.02125,1.60751088400391,1,0
"A",137,0.1,500538,0.454,0.948,0.077,0.03925,2.36116477858864,1,0
"A",137,0.1,500539,0.852,0.75,0.30575,0.04675,2.49371262279265,1,0
"A",137,0.1,500540,0.034,0.192,0.0065,0.0305,1.27643168095347,1,0
"A",137,0.1,500541,0.518,0.236,0.08175,0.00575,2.27266329462635,1,0
"A",137,0.1,500542,0.602,0.936,0.0885,0.01925,3.19166044536665,1,0
"A",137,0.1,500543,0.854,0.446,0.3735,0.0495,1.36413440762175,1,0
"A",137,0.1,500544,0.664,0.998,0.14,0.0325,2.69999607757621,1,0
"A",137,0.1,500545,0.738,0.36,0.15025,0.0105,2.12819685855161,1,0
"A",137,0.1,500546,0.648,0.57,0.07725,0.008,3.00792898591435,1,0
"A",137,0.1,500547,0.358,0.518,0.075,0.02525,1.48942260019639,1,0
"A",137,0.1,500548,0.888,0.79,0.14725,0.0165,2.61857802974677,1,0
"A",137,0.1,500549,0.72,0.64,0.12475,0.01275,2.43800405690591,1,0
"A",137,0.1,500550,0.618,0.784,0.14975,0.03025,2.46538943328802,1,0
"A",137,0.1,500551,0.314,0.482,0.02375,0.00625,1.99996759221841,1,0
"A",137,0.1,500552,0.808,0.754,0.1735,0.02475,1.79757733575893,1,0
"A",137,0.1,500553,0.388,0.682,0.04425,0.015,1.72340644538328,1,0
"A",137,0.1,500554,0.086,0.538,0.014,0.02925,2.3096282913026,1,0
"A",137,0.1,500555,0.72,0.12,0.20025,0.00775,1.74233129801962,1,0
"A",137,0.1,500556,0.504,0.952,0.14725,0.0765,1.48780785092597,1,0
"A",137,0.1,500557,0.618,0.438,0.09225,0.012,2.35706185125261,1,0
"A",137,0.1,500558,0.592,0.362,0.15175,0.02075,1.81778640544574,1,0
"A",137,0.1,500559,0.444,0.828,0.0635,0.0175,2.48456810942055,1,0
"A",137,0.1,500560,0.002,0.002,0,0,3.12591461092811,1,0
"A",137,0.1,500561,0.15,0.192,0.024,0.01075,1.80367821421097,1,0
"A",137,0.1,500562,0.258,0.22,0.01425,0.00375,2.21535264938967,1,0
"A",137,0.1,500563,0.904,0.734,0.31225,0.037,2.01330569315981,1,0
"A",137,0.1,500564,0.076,0.23,0.011,0.016,2.24114960249063,1,0
"A",137,0.1,500565,0.172,0.816,0.01975,0.0235,1.51792923943464,1,0
"A",137,0.1,500566,0.044,0.98,0.00375,0.02275,2.29094852625463,1,0
"A",137,0.1,500567,0.49,0.356,0.0825,0.01425,2.01705493432769,1,0
"A",137,0.1,500568,0.536,0.802,0.152,0.05825,1.66132305203418,1,0
"A",137,0.1,500569,0.116,0.056,0.018,0.00275,2.41158811683856,1,0
"A",137,0.1,500570,0.564,0.18,0.15175,0.012,1.85444986479662,1,0
"A",137,0.1,500571,0.31,0.788,0.058,0.0445,2.20371668366809,1,0
"A",137,0.1,500572,0.368,0.226,0.11375,0.02025,1.89689955879757,1,0
"A",137,0.1,500573,0.32,0.646,0.01825,0.01075,1.53419619349093,1,0
"A",137,0.1,500574,0.146,0.466,0.01975,0.0195,2.86741072306639,1,0
"A",137,0.1,500575,0.624,0.78,0.1495,0.036,2.2000261968797,1,0
"A",137,0.1,500576,0.79,0.75,0.14925,0.01725,2.53741725751235,1,0
"A",137,0.1,500577,0.114,0.16,0.03075,0.00725,1.51678466156729,1,0
"A",137,0.1,500578,0.38,0.588,0.16125,0.113,1.65790182733811,1,0
"A",137,0.1,500579,0.32,0.074,0.0485,0.003,2.54876494126442,1,0
"A",137,0.1,500580,0.282,0.076,0.02375,0.001,2.79125429654217,1,0
"A",137,0.1,500581,0.652,0.372,0.14075,0.01425,2.90825017320428,1,0
"A",137,0.1,500582,0.462,0.586,0.13775,0.0475,1.57868357972168,1,0
"A",137,0.1,500583,0.592,0.78,0.124,0.0315,2.15081342116078,1,0
"A",137,0.1,500584,0.102,0.764,0.01475,0.0255,1.89304748294155,1,0
"A",137,0.1,500585,0.012,0.306,0.001,0.00375,1.74169148183077,1,0
"A",137,0.1,500586,0.726,0.732,0.254,0.05675,1.95909178966038,1,0
"A",137,0.1,500587,0.928,0.77,0.38075,0.04225,2.52543774664513,1,0
"A",137,0.1,500588,0.06,0.042,0.006,0.00075,2.6287018581641,1,0
"A",137,0.1,500589,0.3,0.75,0.0565,0.03775,2.07469904185815,1,0
"A",137,0.1,500590,0.776,0.166,0.09675,0.0015,2.05737280551663,1,0
"A",137,0.1,500591,0.712,0.23,0.0825,0.00425,2.6186057409581,1,0
"A",137,0.1,500592,0.096,0.594,0.01,0.02125,2.22335703914321,1,0
"A",137,0.1,500593,0.142,0.142,0.015,0.0035,1.80549572382151,1,0
"A",137,0.1,500594,0.348,0.898,0.109,0.068,2.03433157547897,1,0
"A",137,0.1,500595,0.178,0.162,0.04825,0.016,2.0944806922668,1,0
"A",137,0.1,500596,0.844,0.858,0.233,0.0345,1.79726196782972,1,0
"A",137,0.1,500597,0.862,0.962,0.3295,0.062,2.55539733506399,1,0
"A",137,0.1,500598,0.744,0.876,0.13175,0.017,2.45147484664409,1,0
"A",137,0.1,500599,0.23,0.8,0.024,0.02275,1.6846141519987,1,0
"A",137,0.1,500600,0.318,0.64,0.03925,0.0175,1.67693423126541,1,0
"A",137,0.1,500601,0.766,0.218,0.16375,0.0075,2.64684838275259,1,0
"A",137,0.1,500602,0.518,0.904,0.1105,0.03775,2.52382219775682,1,0
"A",137,0.1,500603,0.332,0.29,0.0525,0.0115,1.67610612048418,1,0
"A",137,0.1,500604,0.528,0.334,0.11375,0.0165,2.30366038467292,1,0
"A",137,0.1,500605,0.464,0.244,0.0415,0.005,2.35528902479445,1,0
"A",137,0.1,500606,0.448,0.5,0.0795,0.019,2.00672513834375,1,0
"A",137,0.1,500607,0.86,0.202,0.284,0.0155,2.38647716719471,1,0
"A",137,0.1,500608,0.17,0.844,0.019,0.01225,2.77586840617736,1,0
"A",137,0.1,500609,0.31,0.202,0.047,0.008,1.98471440194082,1,0
"A",137,0.1,500610,0.806,0.662,0.1865,0.0235,1.79650962109924,1,0
"A",137,0.1,500611,0.454,0.582,0.079,0.0195,1.7064070272413,1,0
"A",137,0.1,500612,0.618,0.67,0.232,0.0695,1.33176718768727,1,0
"A",137,0.1,500613,0.028,0.324,0.00325,0.0115,1.82748125053955,1,0
"A",137,0.1,500614,0.47,0.294,0.119,0.02525,1.27898124935713,1,0
"A",137,0.1,500615,0.422,0.15,0.05,0.005,2.40470864940207,1,0
"A",137,0.1,500616,0.508,0.376,0.03825,0.0035,2.17068494822213,1,0
"A",137,0.1,500617,0.59,0.796,0.12525,0.033,1.97365620324656,1,0
"A",137,0.1,500618,0.368,0.362,0.0325,0.0055,2.30680243950173,1,0
"A",137,0.1,500619,0.714,0.378,0.127,0.01175,2.76208518201958,1,0
"A",137,0.1,500620,0.642,0.702,0.111,0.019,1.55712782528029,1,0
"A",137,0.1,500621,0.314,0.834,0.04525,0.03425,1.51007261025897,1,0
"A",137,0.1,500622,0.57,0.762,0.10575,0.0235,2.05747910816233,1,0
"A",137,0.1,500623,0.776,0.732,0.21925,0.0355,2.60543069490702,1,0
"A",137,0.1,500624,0.444,0.126,0.07325,0.005,2.07284999828944,1,0
"A",137,0.1,500625,0.692,0.96,0.1705,0.05025,2.80097148956424,1,0
"A",137,0.1,500626,0.9,0.496,0.287,0.02425,2.22545635375253,1,0
"A",137,0.1,500627,0.326,0.804,0.06525,0.061,1.49195757721952,1,0
"A",137,0.1,500628,0.008,0.644,0.0015,0.04025,1.51155138995421,1,0
"A",137,0.1,500629,0.71,0.2,0.1375,0.006,1.78069594247079,1,0
"A",137,0.1,500630,0.836,0.652,0.22,0.02275,2.3395799749917,1,0
"A",137,0.1,500631,0.29,0.098,0.04125,0.00425,1.40489316156175,1,0
"A",137,0.1,500632,0.906,0.97,0.26325,0.03625,1.45774167071599,1,0
"A",137,0.1,500633,0.102,0.272,0.01875,0.022,2.13599821678046,1,0
"A",137,0.1,500634,0.194,0.04,0.08425,0.00675,1.3802973980617,1,0
"A",137,0.1,500635,0.042,0.258,0.00425,0.0095,2.18616600089949,1,0
"A",137,0.1,500636,0.894,0.964,0.403,0.08275,1.61514484256012,1,0
"A",137,0.1,500637,0.134,0.072,0.01825,0.005,1.31455374992509,1,0
"A",137,0.1,500638,0.964,0.83,0.31375,0.02225,2.70084751734016,1,0
"A",137,0.1,500639,0.074,0.532,0.003,0.0045,2.46880511705132,1,0
"A",137,0.1,500640,0.55,0.908,0.06075,0.00975,2.65382244744941,1,0
"A",137,0.1,500641,0.524,0.614,0.136,0.03925,1.3664389820418,1,0
"A",137,0.1,500642,0.258,0.136,0.13,0.023,1.37850989456154,1,0
"A",137,0.1,500643,0.052,0.038,0.0085,0.003,2.07409613413434,1,0
"A",137,0.1,500644,0.984,0.516,0.42125,0.02625,1.9543858971429,1,0
"A",137,0.1,500645,0.596,0.234,0.14075,0.01375,1.65537611246254,1,0
"A",137,0.1,500646,0.524,0.24,0.11675,0.01525,1.53008646904267,1,0
"A",137,0.1,500647,0.502,0.208,0.12825,0.0205,2.68104265025134,1,0
"A",137,0.1,500648,0.898,0.748,0.172,0.0095,2.52411425809908,1,0
"A",137,0.1,500649,0.312,0.808,0.022,0.01,2.351266617894,1,0
"A",137,0.1,500650,0.232,0.256,0.03175,0.01325,2.43865338000868,1,0
"A",137,0.1,500651,0.944,0.548,0.3005,0.022,2.03773093519134,1,0
"A",137,0.1,500652,0.078,0.412,0.0125,0.01875,1.79416608967511,1,0
"A",137,0.1,500653,0.726,0.306,0.22575,0.01825,1.72063536953713,1,0
"A",137,0.1,500654,0.96,0.666,0.287,0.01575,1.82619937447256,1,0
"A",137,0.1,500655,0.554,0.918,0.1245,0.0415,2.37386502523792,1,0
"A",137,0.1,500656,0.036,0.194,0.00125,0.00475,2.283913954504,1,0
"A",137,0.1,500657,0.368,0.186,0.04925,0.00725,1.64530424766095,1,0
"A",137,0.1,500658,0.488,0.234,0.14525,0.018,1.30862211678922,1,0
"A",137,0.1,500659,0.75,0.946,0.16125,0.031,1.86477488432469,1,0
"A",137,0.1,500660,0.632,0.904,0.15,0.03675,2.27521301216652,1,0
"A",137,0.1,500661,0.356,0.794,0.0585,0.0255,2.97018588392563,1,0
"A",137,0.1,500662,0.14,0.112,0.01475,0.00325,2.84657771591823,1,0
"A",137,0.1,500663,0.408,0.416,0.026,0.00425,2.46571842212504,1,0
"A",137,0.1,500664,0.642,0.454,0.07525,0.0085,1.9236563698599,1,0
"A",137,0.1,500665,0.674,0.104,0.17625,0.00575,1.41421673069779,1,0
"A",137,0.1,500666,0.04,0.006,0.00525,0,1.66177381929867,1,0
"A",137,0.1,500667,0.262,0.48,0.0575,0.02875,2.58519839458792,1,0
"A",137,0.1,500668,0.478,0.176,0.05675,0.00475,2.078433605272,1,0
"A",137,0.1,500669,0.286,0.674,0.04325,0.0195,2.54204401901896,1,0
"A",137,0.1,500670,0.65,0.168,0.1275,0.00325,1.66657846166808,1,0
"A",137,0.1,500671,0.888,0.846,0.38125,0.05425,1.91476605979502,1,0
"A",137,0.1,500672,0.152,0.086,0.0145,0.003,1.78278997633757,1,0
"A",137,0.1,500673,0.836,0.544,0.168,0.00975,2.29307197805289,1,0
"A",137,0.1,500674,0.054,0.216,0.00775,0.0115,2.27106585665594,1,0
"A",137,0.1,500675,0.48,0.296,0.09775,0.012,2.38573342901084,1,0
"A",137,0.1,500676,0.28,0.088,0.097,0.01175,1.57958385749698,1,0
"A",137,0.1,500677,0.192,0.792,0.021,0.032,1.47538231365381,1,0
"A",137,0.1,500678,0.026,0.11,0.0015,0.00225,2.65362053641726,1,0
"A",137,0.1,500679,0.202,0.956,0.06575,0.09725,2.37591754841701,1,0
"A",137,0.1,500680,0.328,0.392,0.1065,0.054,1.6704733608326,1,0
"A",137,0.1,500681,0.72,0.862,0.227,0.05175,1.50307609793277,1,0
"A",137,0.1,500682,0.73,0.642,0.2015,0.0415,1.70060803169097,1,0
"A",137,0.1,500683,0.064,0.048,0.02075,0.0055,1.44555021562785,1,0
"A",137,0.1,500684,0.636,0.762,0.12925,0.0255,1.72566310561957,1,0
"A",137,0.1,500685,0.148,0.03,0.022,0.00125,1.06536325207035,1,0
"A",137,0.1,500686,0.76,0.126,0.18175,0.00625,1.56590733863773,1,0
"A",137,0.1,500687,0.67,0.742,0.0395,0.003,2.17292724749221,1,0
"A",137,0.1,500688,0.774,0.788,0.08025,0.00725,2.41311451174166,1,0
"A",137,0.1,500689,0.244,0.24,0.035,0.008,1.79340909280807,1,0
"A",137,0.1,500690,0.386,0.102,0.09,0.00325,1.43978607365322,1,0
"A",137,0.1,500691,0.704,0.288,0.2,0.0175,2.43951827482338,1,0
"A",137,0.1,500692,0.81,0.91,0.18275,0.03175,2.34018907648307,1,0
"A",137,0.1,500693,0.992,0.886,0.30375,0.0215,2.1667299514879,1,0
"A",137,0.1,500694,0.046,0.22,0.0065,0.009,2.48224030888621,1,0
"A",137,0.1,500695,0.804,0.368,0.31,0.03125,0.949265482619134,1,0
"A",137,0.1,500696,0.316,0.866,0.0435,0.02275,1.94268288238589,1,0
"A",137,0.1,500697,0.256,0.31,0.0905,0.03025,1.5520832331836,1,0
"A",137,0.1,500698,0.986,0.752,0.28725,0.0155,3.19304909753891,1,0
"A",137,0.1,500699,0.29,0.2,0.05225,0.01725,2.03649134503304,1,0
"A",137,0.1,500700,0.968,0.868,0.20375,0.012,2.36259940554812,1,0
"A",137,0.1,500701,0.774,0.816,0.38675,0.10375,1.36530330830987,1,0
"A",137,0.1,500702,0.032,0.322,0.00475,0.01675,2.77620211133342,1,0
"A",137,0.1,500703,0.316,0.026,0.07725,0.00225,1.45877805727348,1,0
"A",137,0.1,500704,0.724,0.396,0.13325,0.0105,2.82437762747521,1,0
"A",137,0.1,500705,0.418,0.25,0.043,0.00575,2.00360060978264,1,0
"A",137,0.1,500706,0.962,0.778,0.4635,0.051,1.09848908683339,1,0
"A",137,0.1,500707,0.214,0.8,0.03225,0.029,1.52629226312505,1,0
"A",137,0.1,500708,0.766,0.692,0.17125,0.0255,1.94013419476338,1,0
"A",137,0.1,500709,0.762,0.468,0.27325,0.031,1.8601779145531,1,0
"A",137,0.1,500710,0.892,0.626,0.304,0.03725,1.89129976027787,1,0
"A",137,0.1,500711,0.12,0.748,0.0115,0.0135,2.76801472198939,1,0
"A",137,0.1,500712,0.978,0.686,0.43125,0.0345,1.62817310393032,1,0
"A",137,0.1,500713,0.47,0.894,0.13375,0.06125,2.13548401683016,1,0
"A",137,0.1,500714,0.006,0.146,0.00075,0.0055,1.95470765884083,1,0
"A",137,0.1,500715,0.848,0.86,0.16075,0.01775,1.98669073215312,1,0
"A",137,0.1,500716,0.602,0.584,0.1385,0.0255,2.14621121618677,1,0
"A",137,0.1,500717,0.68,0.406,0.123,0.01225,2.49656098376406,1,0
"A",137,0.1,500718,0.776,0.736,0.18925,0.02525,1.66405779242016,1,0
"A",137,0.1,500719,0.796,0.748,0.18675,0.025,1.76512475295352,1,0
"A",137,0.1,500720,0.872,0.948,0.26975,0.0465,2.23270816973436,1,0
"A",137,0.1,500721,0.83,0.792,0.22925,0.03675,2.21390283495539,1,0
"A",137,0.1,500722,0.282,0.052,0.04675,0.00225,2.5873400707741,1,0
"A",137,0.1,500723,0.51,0.192,0.086,0.0085,2.38725659398408,1,0
"A",137,0.1,500724,0.854,0.68,0.16025,0.013,2.15609198245881,1,0
"A",137,0.1,500725,0.88,0.798,0.29375,0.0335,3.32044081837639,1,0
"A",137,0.1,500726,0.254,0.066,0.0175,0.001,2.41571449241829,1,0
"A",137,0.1,500727,0.188,0.066,0.03625,0.00525,2.11451312959512,1,0
"A",137,0.1,500728,0.334,0.198,0.04375,0.0035,2.63205735213017,1,0
"A",137,0.1,500729,0.688,0.988,0.14275,0.0475,2.15350193687916,1,0
"A",137,0.1,500730,0.922,0.806,0.19575,0.01475,2.5529242281369,1,0
"A",137,0.1,500731,0.01,0.346,0.004,0.035,1.34680045107319,1,0
"A",137,0.1,500732,0.168,0.514,0.04725,0.047,1.43068335876705,1,0
"A",137,0.1,500733,0.098,0.154,0.021,0.01125,1.76940287907292,1,0
"A",137,0.1,500734,0.882,0.486,0.2585,0.0195,1.61344873572058,1,0
"A",137,0.1,500735,0.674,0.542,0.125,0.0165,2.16184678256286,1,0
"A",137,0.1,500736,0.582,0.69,0.161,0.0585,1.32753574221385,1,0
"A",137,0.1,500737,0.456,0.278,0.1165,0.02175,1.90546358711131,1,0
"A",137,0.1,500738,0.366,0.346,0.07325,0.01925,2.17002970175273,1,0
"A",137,0.1,500739,0.586,0.954,0.10875,0.0215,2.11187464504586,1,0
"A",137,0.1,500740,0.186,0.178,0.0555,0.03275,0.886254593038978,1,0
"A",137,0.1,500741,0.872,0.948,0.315,0.043,1.77399067995101,1,0
"A",137,0.1,500742,0.526,0.638,0.06175,0.01375,2.79861059602083,1,0
"A",137,0.1,500743,0.812,0.904,0.21675,0.04775,1.57199544639268,1,0
"A",137,0.1,500744,0.47,0.714,0.08825,0.025,2.34391775300938,1,0
"A",137,0.1,500745,0.282,0.248,0.03425,0.007,2.15173639417637,1,0
"A",137,0.1,500746,0.428,0.714,0.10075,0.04175,1.66613401635161,1,0
"A",137,0.1,500747,0.922,0.786,0.223,0.0205,2.22766316596501,1,0
"A",137,0.1,500748,0.864,0.75,0.1675,0.01825,1.8831385792148,1,0
"A",137,0.1,500749,0.368,0.696,0.0975,0.04475,1.37366904711442,1,0
"A",137,0.1,500750,0.596,0.126,0.0935,0.0035,1.75218559747787,1,0
"A",137,0.1,500751,0.472,0.59,0.13175,0.04575,1.37928217883166,1,0
"A",137,0.1,500752,0.568,0.82,0.11275,0.02275,1.52204754774695,1,0
"A",137,0.1,500753,0.72,0.956,0.215,0.0545,2.22974622450324,1,0
"A",137,0.1,500754,0.45,0.622,0.07725,0.02325,2.51236573565678,1,0
"A",137,0.1,500755,0.948,0.77,0.5325,0.07625,2.35540980618546,1,0
"A",137,0.1,500756,0.34,0.754,0.0925,0.049,1.22527427779844,1,0
"A",137,0.1,500757,0.332,0.956,0.064,0.029,2.77128551741739,1,0
"A",137,0.1,500758,0.674,0.13,0.102,0.00275,1.84320193367064,1,0
"A",137,0.1,500759,0.712,0.966,0.14025,0.0275,2.03866679962886,1,0
"A",137,0.1,500760,0.326,0.512,0.041,0.0105,1.75110491681707,1,0
"A",137,0.1,500761,0.03,0.016,5e-04,0.00125,1.9976354879604,1,0
"A",137,0.1,500762,0.274,0.32,0.037,0.014,1.67970950945472,1,0
"A",137,0.1,500763,0.786,0.308,0.39375,0.0475,1.37259309331313,1,0
"A",137,0.1,500764,0.214,0.048,0.01175,0.00025,2.51596835398305,1,0
"A",137,0.1,500765,0.826,0.73,0.09675,0.00625,3.19309883557214,1,0
"A",137,0.1,500766,0.266,0.158,0.0685,0.01375,2.28877946787259,1,0
"A",137,0.1,500767,0.458,0.164,0.07125,0.00525,1.96278311128055,1,0
"A",137,0.1,500768,0.216,0.5,0.03375,0.02875,2.05401391702687,1,0
"A",137,0.1,500769,0.95,0.826,0.3895,0.051,2.86009413071764,1,0
"A",137,0.1,500770,0.736,0.538,0.175,0.02025,2.94537769423501,1,0
"A",137,0.1,500771,0.544,0.128,0.20425,0.0155,1.58421395254821,1,0
"A",137,0.1,500772,0.474,0.51,0.1275,0.03475,1.998704187608,1,0
"A",137,0.1,500773,0.348,0.588,0.07825,0.0335,1.80595632534272,1,0
"A",137,0.1,500774,0.124,0.084,0.01275,0.002,1.95280681755798,1,0
"A",137,0.1,500775,0.702,0.484,0.171,0.01775,2.23598787160783,1,0
"A",137,0.1,500776,0.322,0.116,0.06475,0.008,1.96364509910727,1,0
"A",137,0.1,500777,0.834,0.558,0.231,0.01725,1.700183383035,1,0
"A",137,0.1,500778,0.816,0.466,0.4375,0.07425,1.27566362417812,1,0
"A",137,0.1,500779,0.866,0.728,0.2125,0.0215,1.65690714586502,1,0
"A",137,0.1,500780,0.724,0.968,0.14225,0.03025,2.01931391544132,1,0
"A",137,0.1,500781,0.642,0.554,0.1685,0.02725,2.11224266385373,1,0
"A",137,0.1,500782,0.506,0.922,0.094,0.03425,2.59580306469987,1,0
"A",137,0.1,500783,0.724,0.59,0.165,0.02025,1.4783155242091,1,0
"A",137,0.1,500784,0.972,0.932,0.36975,0.0345,2.44531619718384,1,0
"A",137,0.1,500785,0.718,0.334,0.16575,0.0175,2.08684351163144,1,0
"A",137,0.1,500786,0.68,0.962,0.12875,0.024,3.31886583261244,1,0
"A",137,0.1,500787,0.852,0.328,0.23375,0.01675,1.77713901462672,1,0
"A",137,0.1,500788,0.684,0.578,0.179,0.03325,2.80139083073105,1,0
"A",137,0.1,500789,0.284,0.184,0.03825,0.0035,1.33279123120411,1,0
"A",137,0.1,500790,0.896,0.5,0.186,0.00975,1.93555096177532,1,0
"A",137,0.1,500791,0.744,0.896,0.1545,0.0265,1.90128056273255,1,0
"A",137,0.1,500792,0.166,0.43,0.01175,0.0065,2.74473084653923,1,0
"A",137,0.1,500793,0.216,0.008,0.03625,5e-04,2.2213894834364,1,0
"A",137,0.1,500794,0.044,0.004,0.00775,0.00025,1.45329704563869,1,0
"A",137,0.1,500795,0.056,0.282,0.00875,0.015,1.54313663885488,1,0
"A",137,0.1,500796,0.968,0.552,0.26075,0.01125,1.6619280201397,1,0
"A",137,0.1,500797,0.346,0.48,0.0405,0.01175,2.29527849705884,1,0
"A",137,0.1,500798,0.144,0.568,0.02175,0.01475,2.64407552378,1,0
"A",137,0.1,500799,0.556,0.288,0.10125,0.011,2.00778018087315,1,0
"A",137,0.1,500800,0.364,0.228,0.06125,0.0095,2.37666222182545,1,0
"A",137,0.1,500801,0.712,0.446,0.0755,0.00775,2.35211737121706,1,0
"A",137,0.1,500802,0.886,0.594,0.40075,0.05575,1.35308805087559,1,0
"A",137,0.1,500803,0.014,0.186,0.001,0.011,1.79120860362007,1,0
"A",137,0.1,500804,0.456,0.432,0.08925,0.0195,3.15212228438629,1,0
"A",137,0.1,500805,0.69,0.814,0.20325,0.045,1.62952901370671,1,0
"A",137,0.1,500806,0.032,0.79,0.004,0.0285,1.87731264723672,1,0
"A",137,0.1,500807,0.072,0.288,0.01625,0.02125,1.92678904744891,1,0
"A",137,0.1,500808,0.19,0.05,0.02575,0.0035,1.73451943609387,1,0
"A",137,0.1,500809,0.888,0.792,0.227,0.0205,1.81787771992347,1,0
"A",137,0.1,500810,0.676,0.596,0.21925,0.04625,1.91822773791876,1,0
"A",137,0.1,500811,0.68,0.136,0.18575,0.009,1.59778005874694,1,0
"A",137,0.1,500812,0.18,0.552,0.02075,0.0145,2.09835439089798,1,0
"A",137,0.1,500813,0.398,0.414,0.06325,0.0195,2.63644762079546,1,0
"A",137,0.1,500814,0.816,0.706,0.18725,0.0135,2.98196686319058,1,0
"A",137,0.1,500815,0.98,0.644,0.75,0.13275,1.20395290837121,1,0
"A",137,0.1,500816,0.364,0.32,0.15375,0.04475,0.738147494854892,1,0
"A",137,0.1,500817,0.206,0.48,0.033,0.0295,2.16673285801324,1,0
"A",137,0.1,500818,0.746,0.47,0.1375,0.01175,2.47035100460379,1,0
"A",137,0.1,500819,0.232,0.878,0.0475,0.04,1.45603420769005,1,0
"A",137,0.1,500820,0.154,0.088,0.049,0.014,0.963458442645052,1,0
"A",137,0.1,500821,0.432,0.38,0.091,0.02325,1.82580846255253,1,0
"A",137,0.1,500822,0.732,0.544,0.22375,0.027,2.0121147631441,1,0
"A",137,0.1,500823,0.804,0.982,0.218,0.03975,1.81668762306461,1,0
"A",137,0.1,500824,0.156,0.308,0.02175,0.00875,1.97452705959556,1,0
"A",137,0.1,500825,0.69,0.372,0.15375,0.01375,2.16150705485067,1,0
"A",137,0.1,500826,0.194,0.604,0.0215,0.0115,3.02308183728986,1,0
"A",137,0.1,500827,0.238,0.908,0.0395,0.02675,2.42938341500777,1,0
"A",137,0.1,500828,0.556,0.408,0.06525,0.00725,1.6773713770477,1,0
"A",137,0.1,500829,0.906,0.222,0.39225,0.0235,2.2516548339514,1,0
"A",137,0.1,500830,0.348,0.694,0.048,0.0235,2.1893459864811,1,0
"A",137,0.1,500831,0.164,0.18,0.01875,0.0035,2.24374918613441,1,0
"A",137,0.1,500832,0.362,0.08,0.05375,0.00325,1.52212857824661,1,0
"A",137,0.1,500833,0.258,0.324,0.0315,0.01025,1.50957899619826,1,0
"A",137,0.1,500834,0.632,0.334,0.16375,0.0185,1.38413764230823,1,0
"A",137,0.1,500835,0.11,0.794,0.00975,0.02075,2.08743250718202,1,0
"A",137,0.1,500836,0.082,0.492,0.00425,0.01275,2.30376554157743,1,0
"A",137,0.1,500837,0.85,0.544,0.24125,0.02225,1.51857386024683,1,0
"A",137,0.1,500838,0.764,0.912,0.21225,0.0425,1.59813814184737,1,0
"A",137,0.1,500839,0.052,0.054,0.00675,0.00425,1.22724397663299,1,0
"A",137,0.1,500840,0.912,0.544,0.302,0.0225,2.34701449856048,1,0
"A",137,0.1,500841,0.462,0.076,0.181,0.01175,2.14755109663175,1,0
"A",137,0.1,500842,0.828,0.6,0.188,0.018,1.90856528294861,1,0
"A",137,0.1,500843,0.014,0.234,0.002,0.01,2.39783285831719,1,0
"A",137,0.1,500844,0.244,0.512,0.053,0.02025,1.92834700750019,1,0
"A",137,0.1,500845,0.372,0.686,0.08625,0.0425,1.55140197450284,1,0
"A",137,0.1,500846,0.826,0.842,0.2565,0.05325,2.19383003547319,1,0
"A",137,0.1,500847,0.902,0.99,0.3675,0.0665,2.60363112386346,1,0
"A",137,0.1,500848,0.696,0.582,0.26025,0.054,2.38455287847773,1,0
"A",137,0.1,500849,0.956,0.7,0.3005,0.01875,2.67322231201328,1,0
"A",137,0.1,500850,0.82,0.454,0.1745,0.00975,2.34388795265433,1,0
"A",137,0.1,500851,0.644,0.39,0.21175,0.02975,1.77455989670461,1,0
"A",137,0.1,500852,0.876,0.986,0.293,0.0505,1.70348137189097,1,0
"A",137,0.1,500853,0.71,0.996,0.137,0.02775,2.57961954521045,1,0
"A",137,0.1,500854,0.958,0.482,0.0925,0.0035,2.44177746829096,1,0
"A",137,0.1,500855,0.53,0.1,0.1185,0.00675,2.07142321196389,1,0
"A",137,0.1,500856,0.95,0.722,0.47225,0.059,1.69690065739682,1,0
"A",137,0.1,500857,0.156,0.688,0.04625,0.06325,2.13490362297004,1,0
"A",137,0.1,500858,0.28,0.918,0.0275,0.0145,1.90136266172878,1,0
"A",137,0.1,500859,0.576,0.89,0.1265,0.0385,2.08207538409342,1,0
"A",137,0.1,500860,0.608,0.18,0.12025,0.0085,1.86712818944363,1,0
"A",137,0.1,500861,0.704,0.252,0.12375,0.00625,1.70728606046328,1,0
"A",137,0.1,500862,0.774,0.55,0.2065,0.0265,1.58640992719278,1,0
"A",137,0.1,500863,0.562,0.56,0.09975,0.02,2.24996371202562,1,0
"A",137,0.1,500864,0.746,0.728,0.215,0.052,1.68134824116157,1,0
"A",137,0.1,500865,0.036,0.366,0.00475,0.015,2.74524187593681,1,0
"A",137,0.1,500866,0.07,0.708,0.011,0.02225,2.38219171262845,1,0
"A",137,0.1,500867,0.722,0.58,0.21675,0.03325,1.74031892898177,1,0
"A",137,0.1,500868,0.02,0.588,0.0015,0.004,2.15626438621257,1,0
"A",137,0.1,500869,0.242,0.686,0.03725,0.02475,1.45464654406975,1,0
"A",137,0.1,500870,0.31,0.374,0.07825,0.038,1.50529685198189,1,0
"A",137,0.1,500871,0.888,0.848,0.16475,0.016,2.10738641654598,1,0
"A",137,0.1,500872,0.286,0.358,0.03375,0.0095,3.10685155909758,1,0
"A",137,0.1,500873,0.896,0.992,0.39625,0.07075,1.67116723142234,1,0
"A",137,0.1,500874,0.02,0.044,0.00325,0.008,2.13430776860696,1,0
"A",137,0.1,500875,0.51,0.162,0.10975,0.00925,1.69159292165214,1,0
"A",137,0.1,500876,0.366,0.036,0.05225,0.00375,2.24175057721823,1,0
"A",137,0.1,500877,0.004,0.004,5e-04,0.00025,2.91143793144622,1,0
"A",137,0.1,500878,0.438,0.996,0.09925,0.0355,1.73806916365583,1,0
"A",137,0.1,500879,0.664,0.092,0.16875,0.0075,2.12349225094482,1,0
"A",137,0.1,500880,0.444,0.428,0.1455,0.043,1.29375812401086,1,0
"A",137,0.1,500881,0.762,0.888,0.27825,0.06875,2.21317237581581,1,0
"A",137,0.1,500882,0.702,0.234,0.17825,0.013,2.23679298945865,1,0
"A",137,0.1,500883,0.382,0.378,0.093,0.0195,1.59669629601205,1,0
"A",137,0.1,500884,0.12,0.288,0.03625,0.02325,1.23894407050033,1,0
"A",137,0.1,500885,0.412,0.182,0.05325,0.0045,2.61879376739702,1,0
"A",137,0.1,500886,0.48,0.894,0.11725,0.0445,1.42569336288352,1,0
"A",137,0.1,500887,0.8,0.754,0.13375,0.01525,2.73257968546316,1,0
"A",137,0.1,500888,0.86,0.682,0.23475,0.02925,1.61980313446487,1,0
"A",137,0.1,500889,0.454,0.388,0.2175,0.08725,0.871624054567624,1,0
"A",137,0.1,500890,0.046,0.144,0.004,0.00325,2.32520787638849,1,0
"A",137,0.1,500891,0.388,0.782,0.049,0.02425,2.51320551871879,1,0
"A",137,0.1,500892,0.932,0.75,0.24625,0.018,2.13933716165041,1,0
"A",137,0.1,500893,0.76,0.518,0.3075,0.07375,1.15601513627494,1,0
"A",137,0.1,500894,0.004,0.826,0,0.00425,2.39962573526559,1,0
"A",137,0.1,500895,0.738,0.432,0.1205,0.0075,2.98078740527313,1,0
"A",137,0.1,500896,0.322,0.266,0.0435,0.0115,2.1114618173055,1,0
"A",137,0.1,500897,0.17,0.64,0.03325,0.02575,1.36764039131615,1,0
"A",137,0.1,500898,0.3,0.65,0.05275,0.032,2.33736656272584,1,0
"A",137,0.1,500899,0.788,0.5,0.26475,0.0425,1.39213931734702,1,0
"A",137,0.1,500900,0.004,0.132,5e-04,0.00825,2.13772617421869,1,0
"A",137,0.1,500901,0.268,0.674,0.0895,0.077,1.57307210784376,1,0
"A",137,0.1,500902,0.488,0.77,0.1115,0.0395,1.43130355850166,1,0
"A",137,0.1,500903,0.668,0.312,0.071,0.00525,1.87538415571236,1,0
"A",137,0.1,500904,0.266,0.11,0.0415,0.00575,2.07174676168319,1,0
"A",137,0.1,500905,0.798,0.684,0.41775,0.1245,1.08879579227063,1,0
"A",137,0.1,500906,0.6,0.326,0.08425,0.00675,2.3997335907205,1,0
"A",137,0.1,500907,0.846,0.626,0.2045,0.02475,1.70334426551941,1,0
"A",137,0.1,500908,0.004,0.092,0.001,0.0055,2.57677304322737,1,0
"A",137,0.1,500909,0.432,0.464,0.0695,0.0165,1.43261606970923,1,0
"A",137,0.1,500910,0.724,0.478,0.2215,0.0265,1.76904222744667,1,0
"A",137,0.1,500911,0.442,0.61,0.05675,0.0135,2.11635887352617,1,0
"A",137,0.1,500912,0.654,0.826,0.1325,0.026,1.9836081002305,1,0
"A",137,0.1,500913,0.798,0.412,0.12725,0.0095,3.02691874197226,1,0
"A",137,0.1,500914,0.656,0.18,0.134,0.00525,2.14762506658884,1,0
"A",137,0.1,500915,0.984,0.852,0.41775,0.031,2.34278612640144,1,0
"A",137,0.1,500916,0.186,0.522,0.017,0.02325,1.44054918057749,1,0
"A",137,0.1,500917,0.594,0.222,0.143,0.014,2.3570616554935,1,0
"A",137,0.1,500918,0.544,0.392,0.156,0.02925,1.47985745479083,1,0
"A",137,0.1,500919,0.15,0.676,0.0345,0.04125,2.32857137397422,1,0
"A",137,0.1,500920,0.318,0.822,0.024,0.00975,2.51907120315098,1,0
"A",137,0.1,500921,0.25,0.08,0.0635,0.0075,1.30134087888098,1,0
"A",137,0.1,500922,0.466,0.316,0.08125,0.01725,2.27687190044751,1,0
"A",137,0.1,500923,0.616,0.384,0.14975,0.012,2.89080247495898,1,0
"A",137,0.1,500924,0.982,0.728,0.47825,0.0425,1.59826391895498,1,0
"A",137,0.1,500925,0.032,0.002,0.00375,0.00025,1.3584574515468,1,0
"A",137,0.1,500926,0.106,0.262,0.01975,0.018,2.09555748302108,1,0
"A",137,0.1,500927,0.4,0.692,0.05525,0.02575,1.69557302163493,1,0
"A",137,0.1,500928,0.684,0.766,0.152,0.02575,1.59535748194996,1,0
"A",137,0.1,500929,0.728,0.94,0.27175,0.0805,1.62018057804745,1,0
"A",137,0.1,500930,0.33,0.94,0.0265,0.00925,2.59321823362766,1,0
"A",137,0.1,500931,0.578,0.124,0.099,0.00675,1.44102016247379,1,0
"A",137,0.1,500932,0.74,0.432,0.10225,0.00675,2.13670598393646,1,0
"A",137,0.1,500933,0.916,0.912,0.34325,0.04925,2.17951122130121,1,0
"A",137,0.1,500934,0.036,0.152,0.00525,0.00825,1.9063202230607,1,0
"A",137,0.1,500935,0.888,0.4,0.27025,0.01925,1.81781687517677,1,0
"A",137,0.1,500936,0.832,0.824,0.21075,0.03275,1.76222344114068,1,0
"A",137,0.1,500937,0.864,0.734,0.174,0.0195,2.10586791073719,1,0
"A",137,0.1,500938,0.974,0.84,0.4225,0.043,2.93147148268241,1,0
"A",137,0.1,500939,0.402,0.35,0.04675,0.00575,1.64564610934828,1,0
"A",137,0.1,500940,0.008,0.348,0.00225,0.01875,2.00592803036185,1,0
"A",137,0.1,500941,0.222,0.158,0.01875,0.00175,2.89232977987546,1,0
"A",137,0.1,500942,0.186,0.688,0.02425,0.0215,2.77224651923566,1,0
"A",137,0.1,500943,0.494,0.14,0.11775,0.0115,2.14898945819039,1,0
"A",137,0.1,500944,0.774,0.83,0.23325,0.04125,1.66340531476817,1,0
"A",137,0.1,500945,0.574,0.344,0.137,0.01875,2.67193819253623,1,0
"A",137,0.1,500946,0.224,0.166,0.02875,0.00675,1.81974307636514,1,0
"A",137,0.1,500947,0.084,0.08,0.00575,5e-04,2.38143466083649,1,0
"A",137,0.1,500948,0.29,0.044,0.0265,0.00075,1.70974983397821,1,0
"A",137,0.1,500949,0.086,0.024,0.01075,0.001,3.26108736475807,1,0
"A",137,0.1,500950,0.106,0.016,0.0295,0.0035,2.031153187988,1,0
"A",137,0.1,500951,0.688,0.36,0.1545,0.0165,1.64739185853585,1,0
"A",137,0.1,500952,0.122,0.164,0.00475,0.00275,2.06575025868745,1,0
"A",137,0.1,500953,0.328,0.922,0.14175,0.10625,1.54153211031755,1,0
"A",137,0.1,500954,0.622,0.864,0.252,0.11175,1.17968585295839,1,0
"A",137,0.1,500955,0.96,0.854,0.35475,0.03325,2.3877217135721,1,0
"A",137,0.1,500956,0.242,0.704,0.0215,0.011,2.20367862223745,1,0
"A",137,0.1,500957,0.326,0.326,0.07175,0.01825,1.72736437727509,1,0
"A",137,0.1,500958,0.942,0.67,0.34925,0.03175,2.84202888035352,1,0
"A",137,0.1,500959,0.146,0.074,0.0195,0.00325,0.87811953254345,1,0
"A",137,0.1,500960,0.034,0.248,0.007,0.0175,2.82783873780716,1,0
"A",137,0.1,500961,0.58,0.152,0.08025,0.00475,2.32284159831959,1,0
"A",137,0.1,500962,0.522,0.844,0.06275,0.0145,3.06367122691876,1,0
"A",137,0.1,500963,0.212,0.142,0.03175,0.00525,1.85920163056608,1,0
"A",137,0.1,500964,0.388,0.38,0.0875,0.0225,2.12507313228579,1,0
"A",137,0.1,500965,0.822,0.198,0.112,0.0045,2.81437775903378,1,0
"A",137,0.1,500966,0.264,0.062,0.03575,0.00375,3.0456880530686,1,0
"A",137,0.1,500967,0.184,0.588,0.021,0.0245,1.82849124369039,1,0
"A",137,0.1,500968,0.416,0.892,0.066,0.02775,2.31023954822578,1,0
"A",137,0.1,500969,0.7,0.294,0.1885,0.0115,1.51915996965663,1,0
"A",137,0.1,500970,0.488,0.802,0.119,0.04825,2.32253783803505,1,0
"A",137,0.1,500971,0.784,0.65,0.21375,0.03675,1.09686004238559,1,0
"A",137,0.1,500972,0.69,0.172,0.094,0.00375,2.06721005740103,1,0
"A",137,0.1,500973,0.07,0.094,0.01175,0.00575,1.71787791357074,1,0
"A",137,0.1,500974,0.152,0.934,0.01275,0.01775,2.74595992810899,1,0
"A",137,0.1,500975,0.37,0.246,0.0495,0.0085,1.87268703499428,1,0
"A",137,0.1,500976,0.458,0.172,0.12675,0.01575,2.18071835978324,1,0
"A",137,0.1,500977,0.564,0.954,0.06375,0.01275,2.47373816526192,1,0
"A",137,0.1,500978,0.65,0.17,0.06975,0.0025,2.17698916384002,1,0
"A",137,0.1,500979,0.322,0.444,0.06875,0.01825,1.77669375428022,1,0
"A",137,0.1,500980,0.172,0.724,0.03325,0.0385,1.82298819515374,1,0
"A",137,0.1,500981,0.116,0.934,0.00775,0.01275,2.40385614924676,1,0
"A",137,0.1,500982,0.148,0.746,0.01675,0.0285,2.06283753980113,1,0
"A",137,0.1,500983,0.954,0.726,0.34575,0.0305,1.75735342898979,1,0
"A",137,0.1,500984,0.088,0.618,0.01975,0.04925,1.41200774031062,1,0
"A",137,0.1,500985,0.9,0.414,0.21875,0.01225,1.93792922670234,1,0
"A",137,0.1,500986,0.214,0.488,0.01,0.00375,2.26166400056879,1,0
"A",137,0.1,500987,0.266,0.376,0.0885,0.0525,2.01681632141122,1,0
"A",137,0.1,500988,0.172,0.044,0.0285,0.00425,1.45890593032114,1,0
"A",137,0.1,500989,0.204,0.324,0.02925,0.00875,1.34178331145904,1,0
"A",137,0.1,500990,0.24,0.192,0.03025,0.00675,1.62680401816107,1,0
"A",137,0.1,500991,0.22,0.164,0.0745,0.02875,1.40463975156056,1,0
"A",137,0.1,500992,0.666,0.532,0.2075,0.03425,1.93574704006675,1,0
"A",137,0.1,500993,0.134,0.084,0.01725,0.00675,2.4573851598621,1,0
"A",137,0.1,500994,0.644,0.564,0.0985,0.0115,2.18409324006594,1,0
"A",137,0.1,500995,0.128,0.738,0.02025,0.0325,1.90186312645071,1,0
"A",137,0.1,500996,0.272,0.796,0.06825,0.062,2.05041222464507,1,0
"A",137,0.1,500997,0.382,0.798,0.04125,0.01575,2.08895119815672,1,0
"A",137,0.1,500998,0.108,0.056,0.01325,0.0025,2.81744284427495,1,0
"A",137,0.1,500999,0.744,0.524,0.156,0.017,2.40807573989245,1,0
"A",137,0.1,501000,0.916,0.434,0.243,0.01475,1.88899794161904,1,0
"A",137,0.1,501001,0.096,0.756,0.0135,0.01775,1.94152911990101,1,0
"A",137,0.1,501002,0.07,0.028,0.00325,5e-04,1.55729910396712,1,0
"A",137,0.1,501003,0.144,0.312,0.0185,0.01475,1.512423734994,1,0
"A",137,0.1,501004,0.738,0.352,0.23225,0.022,2.63504851116733,1,0
"A",137,0.1,501005,0.84,0.534,0.12625,0.00625,1.87549857709722,1,0
"A",137,0.1,501006,0.612,0.32,0.10325,0.01125,2.50950435888391,1,0
"A",137,0.1,501007,0.096,0.894,0.01325,0.03475,1.49298238020503,1,0
"A",137,0.1,501008,0.12,0.206,0.01375,0.00575,1.86684035314602,1,0
"A",137,0.1,501009,0.81,0.532,0.16425,0.01525,2.42080383260101,1,0
"A",137,0.1,501010,0.902,0.516,0.4065,0.04675,0.965161223418718,1,0
"A",137,0.1,501011,0.308,0.164,0.1025,0.02575,1.99402701012941,1,0
"A",137,0.1,501012,0.638,0.422,0.108,0.0135,2.29752740078516,1,0
"A",137,0.1,501013,0.148,0.636,0.017,0.01225,2.02320977049358,1,0
"A",137,0.1,501014,0.664,0.1,0.13125,0.0045,1.78746428758384,1,0
"A",137,0.1,501015,0.732,0.474,0.21675,0.03325,1.37932086576686,1,0
"A",137,0.1,501016,0.17,0.14,0.028,0.00775,1.73220107105665,1,0
"A",137,0.1,501017,0.076,0.006,0.005,0,2.19420349336491,1,0
"A",137,0.1,501018,0.128,0.21,0.01075,0.006,2.35531312029891,1,0
"A",137,0.1,501019,0.002,0.126,0.00075,0.00825,1.88617050996051,1,0
"A",137,0.1,501020,0.516,0.894,0.154,0.061,1.58095377414953,1,0
"A",137,0.1,501021,0.484,0.808,0.101,0.03875,1.95764271202024,1,0
"A",137,0.1,501022,0.648,0.172,0.1175,0.0045,1.80984454056375,1,0
"A",137,0.1,501023,0.052,0.606,0.00525,0.02275,1.67502250092429,1,0
"A",137,0.1,501024,0.524,0.152,0.11725,0.00925,1.74035854240934,1,0
"A",137,0.1,501025,0.076,0.102,0.0145,0.00575,1.82832551595323,1,0
"A",137,0.1,501026,0.17,0.076,0.07275,0.016,1.49108128129569,1,0
"A",137,0.1,501027,0.282,0.682,0.02625,0.0125,2.5636634524003,1,0
"A",137,0.1,501028,0.522,0.316,0.13825,0.0305,1.78253899830816,1,0
"A",137,0.1,501029,0.942,0.662,0.45875,0.073,1.54189568427566,1,0
"A",137,0.1,501030,0.838,0.972,0.28875,0.04925,1.45277493842365,1,0
"A",137,0.1,501031,0.45,0.29,0.09675,0.01675,1.53795828157455,1,0
"A",137,0.1,501032,0.45,0.392,0.1055,0.02675,1.87158164037264,1,0
"A",137,0.1,501033,0.456,0.206,0.0895,0.0105,2.05857307739792,1,0
"A",137,0.1,501034,0.442,0.398,0.08125,0.01575,2.28156543158071,1,0
"A",137,0.1,501035,0.704,0.846,0.15575,0.03225,1.60929836748111,1,0
"A",137,0.1,501036,0.426,0.348,0.0525,0.008,2.21755891107396,1,0
"A",137,0.1,501037,0.506,0.144,0.0675,0.004,2.44442314574295,1,0
"A",137,0.1,501038,0.662,0.844,0.32925,0.128,1.25142864844045,1,0
"A",137,0.1,501039,0.692,0.338,0.14425,0.01475,2.32491341444061,1,0
"A",137,0.1,501040,0.06,0.016,0.0115,0.0025,0.979181914493324,1,0
"A",137,0.1,501041,0.1,0.46,0.0225,0.026,1.94384384149622,1,0
"A",137,0.1,501042,0.374,0.748,0.08625,0.0485,2.46279141908676,1,0
"A",137,0.1,501043,0.656,0.32,0.125,0.01375,2.21534999699532,1,0
"A",137,0.1,501044,0.314,0.354,0.0635,0.017,1.88010026041685,1,0
"A",137,0.1,501045,0.816,0.752,0.25575,0.03525,1.94355103330638,1,0
"A",137,0.1,501046,0.518,0.388,0.111,0.02075,3.48914406440339,1,0
"A",137,0.1,501047,0.814,0.416,0.20925,0.02025,2.17356855341401,1,0
"A",137,0.1,501048,0.012,0.422,0.003,0.02975,2.06292822864434,1,0
"A",137,0.1,501049,0.744,0.564,0.23725,0.03725,1.57681350934565,1,0
"A",137,0.1,501050,0.296,0.38,0.045,0.01775,2.71994944361581,1,0
"A",137,0.1,501051,0.828,0.916,0.085,0.00725,2.92411091497013,1,0
"A",137,0.1,501052,0.316,0.92,0.07075,0.05325,1.77173765410072,1,0
"A",137,0.1,501053,0.272,0.98,0.05725,0.052,2.24530453556461,1,0
"A",137,0.1,501054,0.61,0.582,0.13875,0.03,2.95469088148656,1,0
"A",137,0.1,501055,0.218,0.458,0.02525,0.0115,1.86084677885965,1,0
"A",137,0.1,501056,0.998,0.966,0.36225,0.021,3.24544657948251,1,0
"A",137,0.1,501057,0.048,0.01,0.00575,0.00075,1.4847445604904,1,0
"A",137,0.1,501058,0.448,0.122,0.127,0.01375,1.92277525052945,1,0
"A",137,0.1,501059,0.736,0.878,0.145,0.0235,2.07998502652433,1,0
"A",137,0.1,501060,0.218,0.504,0.057,0.041,1.97875565657377,1,0
"A",137,0.1,501061,0.354,0.124,0.04675,0.00275,2.19073925043335,1,0
"A",137,0.1,501062,0.3,0.478,0.04725,0.015,1.78744139884252,1,0
"A",137,0.1,501063,0.294,0.39,0.066,0.023,1.62835252039753,1,0
"A",137,0.1,501064,0.568,0.506,0.089,0.01025,2.17251376794705,1,0
"A",137,0.1,501065,0.75,0.818,0.1015,0.0105,2.16219144815459,1,0
"A",137,0.1,501066,0.094,0.084,0.01175,0.00275,2.18073844198153,1,0
"A",137,0.1,501067,0.338,0.94,0.03975,0.012,1.83688859304657,1,0
"A",137,0.1,501068,0.252,0.04,0.0475,0.00175,1.92991633240371,1,0
"A",137,0.1,501069,0.048,0.624,0.00425,0.0145,1.97447172318754,1,0
"A",137,0.1,501070,0.342,0.334,0.05675,0.01475,1.32941522799736,1,0
"A",137,0.1,501071,0.69,0.92,0.21875,0.06175,2.66824806787058,1,0
"A",137,0.1,501072,0.998,0.804,0.25625,0.00825,2.79701675106595,1,0
"A",137,0.1,501073,0.59,0.338,0.064,0.003,2.58401177640656,1,0
"A",137,0.1,501074,0.488,0.138,0.058,0.0035,2.45391641564462,1,0
"A",137,0.1,501075,0.098,0.27,0.01,0.00975,1.61357901697022,1,0
"A",137,0.1,501076,0.142,0.294,0.014,0.00975,2.43607475746578,1,0
"A",137,0.1,501077,0.992,0.622,0.3375,0.016,2.54007919756215,1,0
"A",137,0.1,501078,0.068,0.806,0.0025,0.0145,3.03060650540151,1,0
"A",137,0.1,501079,0.638,0.866,0.088,0.017,2.7714857040234,1,0
"A",137,0.1,501080,0.484,0.992,0.04125,0.0105,2.73250571841337,1,0
"A",137,0.1,501081,1,0.772,0.33975,0.01675,2.68101913813083,1,0
"A",137,0.1,501082,0.776,0.798,0.272,0.06,1.84823659945765,1,0
"A",137,0.1,501083,0.444,0.844,0.09675,0.04875,1.84442096177225,1,0
"A",137,0.1,501084,0.878,0.67,0.1225,0.00925,2.96698989417498,1,0
"A",137,0.1,501085,0.342,0.59,0.02825,0.01125,2.60453688065435,1,0
"A",137,0.1,501086,0.758,0.364,0.15325,0.0105,1.89324491479867,1,0
"A",137,0.1,501087,0.844,0.338,0.29875,0.02125,2.5020234488747,1,0
"A",137,0.1,501088,0.228,0.448,0.02375,0.01075,2.07765203899783,1,0
"A",137,0.1,501089,0.368,0.712,0.093,0.051,2.3758455501059,1,0
"A",137,0.1,501090,0.25,0.202,0.04725,0.01125,2.3147515829104,1,0
"A",137,0.1,501091,0.43,0.198,0.1295,0.0175,1.94938247573839,1,0
"A",137,0.1,501092,0.806,0.936,0.181,0.02075,1.72769955803705,1,0
"A",137,0.1,501093,0.846,0.654,0.19625,0.02125,2.52742915079156,1,0
"A",137,0.1,501094,0.05,0.38,0.0045,0.01175,1.97935848906905,1,0
"A",137,0.1,501095,0.69,0.228,0.33025,0.045,1.67721187244152,1,0
"A",137,0.1,501096,0.838,0.802,0.32575,0.06725,1.60416835694212,1,0
"A",137,0.1,501097,0.768,0.286,0.18225,0.01225,3.101758618167,1,0
"A",137,0.1,501098,0.002,0.084,0.00025,0.002,1.94903376238051,1,0
"A",137,0.1,501099,0.822,0.486,0.2055,0.021,2.9475711486203,1,0
"A",137,0.1,501100,0.506,0.518,0.08625,0.031,1.93864490116217,1,0
"A",137,0.1,501101,0.246,0.98,0.092,0.10275,1.73300248701913,1,0
"A",137,0.1,501102,0.422,0.178,0.05225,0.00775,2.29975022789778,1,0
"A",137,0.1,501103,0.538,0.34,0.108,0.01475,1.35393638137768,1,0
"A",137,0.1,501104,0.74,0.788,0.26225,0.07275,1.8800296920351,1,0
"A",137,0.1,501105,0.914,0.744,0.23525,0.02575,1.39521978491787,1,0
"A",137,0.1,501106,0.938,0.648,0.11775,0.004,2.63009257587305,1,0
"A",137,0.1,501107,0.888,0.578,0.171,0.00925,2.41296738191258,1,0
"A",137,0.1,501108,0.96,0.954,0.39225,0.0365,1.97012062445263,1,0
"A",137,0.1,501109,0.63,0.898,0.088,0.02125,1.92632523296731,1,0
"A",137,0.1,501110,0.986,0.828,0.26475,0.01475,2.35848600622376,1,0
"A",137,0.1,501111,0.016,0.436,0.00475,0.05825,1.39637208034838,1,0
"A",137,0.1,501112,0.918,0.766,0.37325,0.048,1.52055595735066,1,0
"A",137,0.1,501113,0.626,0.862,0.1905,0.053,1.77387743240716,1,0
"A",137,0.1,501114,0.07,0.082,0.00575,0.00325,2.6865808724626,1,0
"A",137,0.1,501115,0.606,0.778,0.106,0.0255,1.6219134127748,1,0
"A",137,0.1,501116,0.48,0.77,0.049,0.01,2.11602480658273,1,0
"A",137,0.1,501117,0.3,0.588,0.04975,0.02625,2.17261363755046,1,0
"A",137,0.1,501118,0.248,0.392,0.01275,0.004,2.29599855987725,1,0
"A",137,0.1,501119,0.116,0.616,0.00925,0.0215,1.57313279319868,1,0
"A",137,0.1,501120,0.218,0.478,0.02525,0.0135,2.12118223478572,1,0
"A",137,0.1,501121,0.542,0.678,0.13025,0.0415,1.85222460853471,1,0
"A",137,0.1,501122,0.314,0.958,0.0645,0.04775,1.38072430189124,1,0
"A",137,0.1,501123,0.562,0.966,0.10075,0.03225,2.60354520493327,1,0
"A",137,0.1,501124,0.048,0.854,0.00225,0.00875,2.3035566355435,1,0
"A",137,0.1,501125,0.142,0.632,0.0335,0.06425,0.628808494091864,1,0
"A",137,0.1,501126,0.472,0.676,0.0705,0.02225,2.10547923435579,1,0
"A",137,0.1,501127,0.304,0.758,0.02,0.0065,3.04165016852949,1,0
"A",137,0.1,501128,0.16,0.742,0.00775,0.0045,2.90242410615387,1,0
"A",137,0.1,501129,0.062,0.406,0.01325,0.03275,1.39708891780124,1,0
"A",137,0.1,501130,0.96,0.832,0.50625,0.0645,1.3001233869698,1,0
"A",137,0.1,501131,0.204,0.258,0.04625,0.01625,1.96904968948427,1,0
"A",137,0.1,501132,0.468,0.146,0.05725,0.00325,2.66895142593119,1,0
"A",137,0.1,501133,0.336,0.318,0.10725,0.03925,2.32380473404782,1,0
"A",137,0.1,501134,0.27,0.506,0.01325,0.005,1.73740733796718,1,0
"A",137,0.1,501135,0.688,0.408,0.214,0.03175,1.22694488197406,1,0
"A",137,0.1,501136,0.822,0.816,0.14375,0.01775,2.88570020450426,1,0
"A",137,0.1,501137,0.572,0.324,0.09875,0.01225,1.25139872822477,1,0
"A",137,0.1,501138,0.712,0.606,0.1395,0.0165,1.6961091470149,1,0
"A",137,0.1,501139,0.616,0.46,0.124,0.01925,1.72558229761578,1,0
"A",137,0.1,501140,0.968,0.974,0.37325,0.041,1.61754920420839,1,0
"A",137,0.1,501141,0.422,0.134,0.04625,0.004,2.58650983780283,1,0
"A",137,0.1,501142,0.594,0.21,0.03525,0.00175,2.12423316610846,1,0
"A",137,0.1,501143,0.36,0.368,0.051,0.01325,2.00574239169652,1,0
"A",137,0.1,501144,0.606,0.346,0.1185,0.01475,1.80953897410553,1,0
"A",137,0.1,501145,0.598,0.55,0.11175,0.0205,2.89742736237246,1,0
"A",137,0.1,501146,0.86,0.532,0.4325,0.06825,1.83787845848933,1,0
"A",137,0.1,501147,0.448,0.234,0.058,0.00725,2.26248761122693,1,0
"A",137,0.1,501148,0.454,0.906,0.05775,0.02325,2.46407088596723,1,0
"A",137,0.1,501149,0.66,0.972,0.267,0.09675,1.20144167303661,1,0
"A",137,0.1,501150,0.892,0.942,0.14025,0.01,2.56125009818538,1,0
"A",137,0.1,501151,0.226,0.172,0.05125,0.01325,1.11210707880841,1,0
"A",137,0.1,501152,0.684,0.674,0.11875,0.02475,1.40647196313711,1,0
"A",137,0.1,501153,0.47,0.364,0.07875,0.01125,1.70141685059865,1,0
"A",137,0.1,501154,0.3,0.762,0.0615,0.0385,1.85829804039021,1,0
"A",137,0.1,501155,0.116,0.308,0.01675,0.01925,1.96327539563177,1,0
"A",137,0.1,501156,0.176,0.504,0.01875,0.009,2.91347488287811,1,0
"A",137,0.1,501157,0.032,0.486,0.00725,0.02575,1.86704230218782,1,0
"A",137,0.1,501158,0.038,0.16,0.00775,0.01075,2.49410423480457,1,0
"A",137,0.1,501159,0.246,0.478,0.0085,0.00275,2.57915802228814,1,0
"A",137,0.1,501160,0.938,0.608,0.50025,0.06375,1.80660632589128,1,0
"A",137,0.1,501161,0.072,0.016,0.014,0.00075,1.76002163648244,1,0
"A",137,0.1,501162,0.868,0.614,0.41,0.06325,1.3247378739439,1,0
"A",137,0.1,501163,0.238,0.988,0.041,0.03775,1.97538584655986,1,0
"A",137,0.1,501164,0.294,0.454,0.0435,0.0165,1.62704944303195,1,0
"A",137,0.1,501165,0.684,0.392,0.11825,0.0095,2.82161151118725,1,0
"A",137,0.1,501166,0.748,0.81,0.24,0.05975,2.01386086979283,1,0
"A",137,0.1,501167,0.704,0.426,0.119,0.0095,2.18618610157435,1,0
"A",137,0.1,501168,0.026,0.134,0.0015,0.0015,2.53753076503311,1,0
"A",137,0.1,501169,0.842,0.93,0.40725,0.1235,1.67272465215589,1,0
"A",137,0.1,501170,0.594,0.492,0.12475,0.01975,2.32592069344717,1,0
"A",137,0.1,501171,0.882,0.496,0.34175,0.03125,2.09358865162771,1,0
"A",137,0.1,501172,0.832,0.648,0.16925,0.01825,2.49293359390684,1,0
"A",137,0.1,501173,0.948,0.526,0.29675,0.0165,2.01428713647106,1,0
"A",137,0.1,501174,0.282,0.17,0.058,0.01225,1.0222442231938,1,0
"A",137,0.1,501175,0.498,0.866,0.05475,0.01325,2.10395317333948,1,0
"A",137,0.1,501176,0.604,0.634,0.13325,0.0265,2.33362413471125,1,0
"A",137,0.1,501177,0.154,0.63,0.01725,0.011,2.07887129829915,1,0
"A",137,0.1,501178,0.288,0.644,0.04,0.0395,2.32034835751718,1,0
"A",137,0.1,501179,0.476,0.098,0.09225,0.0055,1.36131815911615,1,0
"A",137,0.1,501180,0.718,0.498,0.226,0.02975,1.78222381743224,1,0
"A",137,0.1,501181,0.898,0.89,0.19975,0.019,2.94702760678446,1,0
"A",137,0.1,501182,0.322,0.208,0.04,0.005,1.58361940940602,1,0
"A",137,0.1,501183,0.586,0.074,0.14475,0.00475,3.02267875207001,1,0
"A",137,0.1,501184,0.774,0.524,0.228,0.02275,3.26360338525448,1,0
"A",137,0.1,501185,0.096,0.348,0.0155,0.0175,2.04795074291517,1,0
"A",137,0.1,501186,0.91,0.908,0.30475,0.03975,1.73682167453065,1,0
"A",137,0.1,501187,0.34,0.066,0.11425,0.01075,1.49292420817063,1,0
"A",137,0.1,501188,0.496,0.532,0.15775,0.05175,1.16182948773904,1,0
"A",137,0.1,501189,0.972,0.72,0.476,0.0505,1.54733195642442,1,0
"A",137,0.1,501190,0.132,0.602,0.01325,0.0255,2.43681182668622,1,0
"A",137,0.1,501191,0.93,0.97,0.235,0.02175,1.98578207636014,1,0
"A",137,0.1,501192,0.1,0.06,0.0185,0.00425,3.66333124489287,1,0
"A",137,0.1,501193,0.664,0.27,0.039,0.0025,2.72609498585055,1,0
"A",137,0.1,501194,0.524,0.674,0.078,0.01875,1.92880075443773,1,0
"A",137,0.1,501195,0.616,0.422,0.162,0.02125,1.82917066281246,1,0
"A",137,0.1,501196,0.3,0.924,0.0565,0.04975,1.98083360070001,1,0
"A",137,0.1,501197,0.08,0.22,0.01325,0.017,1.97604718575664,1,0
"A",137,0.1,501198,0.738,0.178,0.2405,0.013,1.96258856635797,1,0
"A",137,0.1,501199,0.238,0.146,0.03,0.009,2.40975931159579,1,0
"A",137,0.1,501200,0.6,0.214,0.124,0.01025,1.85209962115115,1,0
"A",137,0.1,501201,0.986,0.664,0.40175,0.02275,1.44194717605592,1,0
"A",137,0.1,501202,0.748,0.404,0.20025,0.02175,1.87784356439849,1,0
"A",137,0.1,501203,0.19,0.06,0.0385,0.0035,1.54506928010148,1,0
"A",137,0.1,501204,0.382,0.732,0.078,0.0295,1.81776993123872,1,0
"A",137,0.1,501205,0.012,0.004,0.0015,0,1.42058793060229,1,0
"A",137,0.1,501206,0.438,0.598,0.1475,0.064,1.53945873811277,1,0
"A",137,0.1,501207,0.672,0.946,0.2475,0.10575,0.955748050289368,1,0
"A",137,0.1,501208,0.494,0.508,0.08075,0.01325,1.62569193019218,1,0
"A",137,0.1,501209,0.226,0.116,0.015,0.004,1.56968327938435,1,0
"A",137,0.1,501210,0.716,0.2,0.30125,0.029,1.15678497879691,1,0
"A",137,0.1,501211,0.534,0.528,0.06325,0.005,3.13073214984616,1,0
"A",137,0.1,501212,0.868,0.238,0.33975,0.01725,2.58501766362735,1,0
"A",137,0.1,501213,0.234,0.112,0.08625,0.0145,1.58345331669653,1,0
"A",137,0.1,501214,0.332,0.538,0.02625,0.0105,2.0516534554045,1,0
"A",137,0.1,501215,0.888,0.874,0.128,0.01225,3.12532693291356,1,0
"A",137,0.1,501216,0.518,1,0.14225,0.07325,1.38004164942453,1,0
"A",137,0.1,501217,0.018,0.61,0.0015,0.0095,1.61001045294749,1,0
"A",137,0.1,501218,0.828,0.488,0.366,0.045,1.99843595890178,1,0
"A",137,0.1,501219,0.458,0.418,0.13525,0.04,1.84205088957919,1,0
"A",137,0.1,501220,0.492,0.336,0.0855,0.00825,2.13953698877641,1,0
"A",137,0.1,501221,0.912,0.408,0.21,0.01375,2.32193156065103,1,0
"A",137,0.1,501222,0.972,0.848,0.3175,0.0225,2.02261908586102,1,0
"A",137,0.1,501223,0.3,0.464,0.07225,0.03325,2.41685414776284,1,0
"A",137,0.1,501224,0.136,0.256,0.01875,0.006,2.05539475258311,1,0
"A",137,0.1,501225,0.32,0.948,0.057,0.0335,1.95713952125376,1,0
"A",137,0.1,501226,0.79,0.866,0.27975,0.05525,1.88702368980775,1,0
"A",137,0.1,501227,0.868,0.894,0.42475,0.09725,1.69955227879254,1,0
"A",137,0.1,501228,0.97,0.676,0.24425,0.0135,2.95137822392119,1,0
"A",137,0.1,501229,0.834,0.626,0.18275,0.01925,1.89505343880935,1,0
"A",137,0.1,501230,0.93,0.93,0.24875,0.03,1.94787970721395,1,0
"A",137,0.1,501231,0.076,0.58,0.008,0.016,1.87548777267878,1,0
"A",137,0.1,501232,0.918,0.992,0.29875,0.03,2.42408861424027,1,0
"A",137,0.1,501233,0.384,0.064,0.076,0.00375,1.38692555066567,1,0
"A",137,0.1,501234,0.382,0.956,0.0755,0.03825,2.8367129858378,1,0
"A",137,0.1,501235,0.532,0.934,0.07775,0.02025,2.51679565300189,1,0
"A",137,0.1,501236,0.462,0.384,0.11825,0.0205,2.28658283726025,1,0
"A",137,0.1,501237,0.514,0.404,0.1095,0.01375,2.35138379111297,1,0
"A",137,0.1,501238,0.604,0.97,0.16575,0.055,2.37522963187876,1,0
"A",137,0.1,501239,0.42,0.858,0.08875,0.0375,1.79604409883133,1,0
"A",137,0.1,501240,0.71,0.422,0.1745,0.01675,1.76367779541033,1,0
"A",137,0.1,501241,0.134,0.266,0.018,0.00575,2.27096195450317,1,0
"A",137,0.1,501242,0.176,0.244,0.02725,0.01375,1.87547147311326,1,0
"A",137,0.1,501243,0.68,0.686,0.20575,0.04275,1.92538459175773,1,0
"A",137,0.1,501244,0.494,0.524,0.03475,0.00375,3.98756188153877,1,0
"A",137,0.1,501245,0.014,0.512,0.00125,0.04825,1.07915002834422,1,0
"A",137,0.1,501246,0.708,0.662,0.06275,0.008,2.17749264413441,1,0
"A",137,0.1,501247,0.298,0.184,0.034,0.003,2.18740050839317,1,0
"A",137,0.1,501248,0.87,0.708,0.24125,0.02525,1.70012213092841,1,0
"A",137,0.1,501249,0.298,0.386,0.09925,0.04075,2.39979643272837,1,0
"A",137,0.1,501250,0.19,0.826,0.05325,0.059,2.98134383055859,1,0
"A",137,0.1,501251,0.102,0.39,0.00875,0.00575,2.62241218906629,1,0
"A",137,0.1,501252,0.246,0.608,0.0445,0.0365,1.94575793424048,1,0
"A",137,0.1,501253,0.602,0.124,0.05325,0.0015,2.08877460522175,1,0
"A",137,0.1,501254,0.77,0.946,0.1585,0.029,2.24051480234653,1,0
"A",137,0.1,501255,0.86,0.142,0.26725,0.0065,2.24400926402025,1,0
"A",137,0.1,501256,0.068,0.248,0.0085,0.0125,1.51205692810464,1,0
"A",137,0.1,501257,0.642,0.428,0.0805,0.011,1.96969331823131,1,0
"A",137,0.1,501258,0.836,0.386,0.1645,0.0045,2.23538928500722,1,0
"A",137,0.1,501259,0.116,0.662,0.0335,0.08125,1.84233707131174,1,0
"A",137,0.1,501260,0.016,0.882,0.00175,0.0255,2.57213289830609,1,0
"A",137,0.1,501261,0.592,0.876,0.14675,0.0425,1.59442480366875,1,0
"A",137,0.1,501262,0.386,0.732,0.036,0.0135,2.16627933540197,1,0
"A",137,0.1,501263,0.928,0.634,0.1995,0.01575,2.29990161302912,1,0
"A",137,0.1,501264,0.76,0.316,0.163,0.01175,1.94098855948831,1,0
"A",137,0.1,501265,0.298,0.626,0.0365,0.0165,1.90305399598021,1,0
"A",137,0.1,501266,0.038,0.944,0.00575,0.03175,1.7975205854418,1,0
"A",137,0.1,501267,0.986,0.768,0.6375,0.0925,1.88115578364919,1,0
"A",137,0.1,501268,0.774,0.418,0.15175,0.0115,1.88921664194563,1,0
"A",137,0.1,501269,0.194,0.34,0.03625,0.01975,1.15781008078474,1,0
"A",137,0.1,501270,0.128,0.788,0.02175,0.05575,2.83364253740559,1,0
"A",137,0.1,501271,0.004,0.02,0.00025,0.00075,1.94536887269214,1,0
"A",137,0.1,501272,0.038,0.21,0.00275,0.00525,2.54416814329568,1,0
"A",137,0.1,501273,0.69,0.926,0.2145,0.069,2.72992383838852,1,0
"A",137,0.1,501274,0.852,0.634,0.27075,0.02875,2.27642258723774,1,0
"A",137,0.1,501275,0.602,0.882,0.22,0.10325,1.94693514427725,1,0
"A",137,0.1,501276,0.57,0.326,0.116,0.0165,1.74134530788435,1,0
"A",137,0.1,501277,0.196,0.692,0.03325,0.039,2.13357947362896,1,0
"A",137,0.1,501278,0.23,0.474,0.0365,0.0275,1.91623435328056,1,0
"A",137,0.1,501279,0.778,0.952,0.14375,0.01975,2.41797195159261,1,0
"A",137,0.1,501280,0.512,0.724,0.108,0.03325,1.81558291252879,1,0
"A",137,0.1,501281,0.6,0.734,0.091,0.01525,2.16190515750984,1,0
"A",137,0.1,501282,0.916,0.57,0.39425,0.03775,1.9363434394472,1,0
"A",137,0.1,501283,0.78,0.802,0.1615,0.022,2.01919580926764,1,0
"A",137,0.1,501284,0.938,0.888,0.3225,0.0365,1.42494448598279,1,0
"A",137,0.1,501285,0.98,0.752,0.571,0.072,1.50895779049,1,0
"A",137,0.1,501286,0.898,0.662,0.14675,0.01075,2.8297536109462,1,0
"A",137,0.1,501287,0.482,0.118,0.087,0.0055,2.31784519681588,1,0
"A",137,0.1,501288,0.208,0.116,0.04875,0.00975,1.1325051185355,1,0
"A",137,0.1,501289,0.696,0.472,0.118,0.01375,2.48178185416372,1,0
"A",137,0.1,501290,0.394,0.624,0.05475,0.015,2.56721143926699,1,0
"A",137,0.1,501291,0.44,0.674,0.044,0.0115,2.77990253317419,1,0
"A",137,0.1,501292,0.214,0.628,0.04625,0.05875,1.51914141761066,1,0
"A",137,0.1,501293,0.962,0.382,0.351,0.01375,1.96404833909443,1,0
"A",137,0.1,501294,0.986,0.942,0.34125,0.02925,1.53671876484862,1,0
"A",137,0.1,501295,0.338,0.518,0.046,0.0165,2.73802218419465,1,0
"A",137,0.1,501296,0.74,0.798,0.16675,0.02425,2.22342285112627,1,0
"A",137,0.1,501297,0.64,0.142,0.14725,0.008,1.73179762070597,1,0
"A",137,0.1,501298,0.26,0.344,0.0215,0.007,1.60908545595717,1,0
"A",137,0.1,501299,0.218,0.048,0.01175,0.00025,2.0733974080349,1,0
"A",137,0.1,501300,0.516,0.308,0.08,0.009,1.46514686434998,1,0
"A",137,0.1,501301,0.81,0.498,0.26725,0.03,1.52535838544419,1,0
"A",137,0.1,501302,0.098,0.446,0.0225,0.03975,1.79421074161188,1,0
"A",137,0.1,501303,0.5,0.206,0.10725,0.012,2.41446489468813,1,0
"A",137,0.1,501304,0.172,0.132,0.0485,0.0125,2.41450051143175,1,0
"A",137,0.1,501305,0.812,0.92,0.209,0.03675,2.05332114635198,1,0
"A",137,0.1,501306,0.314,0.942,0.0335,0.02425,1.62302673090949,1,0
"A",137,0.1,501307,0.304,0.556,0.06575,0.0495,2.23268176624186,1,0
"A",137,0.1,501308,0.932,0.628,0.25825,0.023,1.85340773452725,1,0
"A",137,0.1,501309,0.628,0.598,0.13625,0.02475,1.7247420758948,1,0
"A",137,0.1,501310,0.372,0.756,0.083,0.04225,1.38558208919681,1,0
"A",137,0.1,501311,0.134,0.876,0.0135,0.02775,2.48727867213575,1,0
"A",137,0.1,501312,0.256,0.69,0.054,0.04225,1.45864842050284,1,0
"A",137,0.1,501313,0.746,0.538,0.15025,0.0175,2.26080826211184,1,0
"A",137,0.1,501314,0.252,0.632,0.0585,0.04475,1.45919571561738,1,0
"A",137,0.1,501315,0.05,0.146,0.01,0.01,1.5660181373288,1,0
"A",137,0.1,501316,0.31,0.116,0.0565,0.00825,2.11604056270778,1,0
"A",137,0.1,501317,0.762,0.874,0.214,0.048,2.23252093478906,1,0
"A",137,0.1,501318,0.684,0.408,0.20275,0.027,1.55895458630604,1,0
"A",137,0.1,501319,0.09,0.316,0.01675,0.0115,2.34793268177302,1,0
"A",137,0.1,501320,0.602,0.134,0.1095,0.00525,2.40426461735913,1,0
"A",137,0.1,501321,0.324,0.752,0.08375,0.0615,1.41158552183058,1,0
"A",137,0.1,501322,0.15,0.72,0.02325,0.0375,2.06513309881646,1,0
"A",137,0.1,501323,0.976,0.766,0.37625,0.033,1.68269386174429,1,0
"A",137,0.1,501324,0.436,0.11,0.0765,0.0035,2.31521422081956,1,0
"A",137,0.1,501325,0.592,0.306,0.1605,0.01875,1.99975941697829,1,0
"A",137,0.1,501326,0.252,0.402,0.0505,0.01075,2.31735286522883,1,0
"A",137,0.1,501327,0.328,0.022,0.0515,0.002,2.54018108652222,1,0
"A",137,0.1,501328,0.398,0.66,0.06725,0.0155,1.72017361213042,1,0
"A",137,0.1,501329,0.49,0.204,0.11875,0.015,1.53857100272269,1,0
"A",137,0.1,501330,0.618,1,0.06625,0.01075,3.04306733103473,1,0
"A",137,0.1,501331,0.636,0.218,0.14575,0.00925,2.39671518742907,1,0
"A",137,0.1,501332,0.33,0.97,0.042,0.0265,2.75077452419643,1,0
"A",137,0.1,501333,0.504,0.698,0.06275,0.01375,2.00881102593629,1,0
"A",137,0.1,501334,0.86,0.412,0.53725,0.08625,1.59838633849528,1,0
"A",137,0.1,501335,0.846,0.85,0.30825,0.06125,1.12441074298829,1,0
"A",137,0.1,501336,0.198,0.016,0.03,5e-04,1.18892896971823,1,0
"A",137,0.1,501337,0.338,0.274,0.07075,0.02325,1.14207442077228,1,0
"A",137,0.1,501338,0.35,0.752,0.03875,0.013,2.02626515206842,1,0
"A",137,0.1,501339,0.116,0.416,0.00325,0.00375,1.97054124687645,1,0
"A",137,0.1,501340,0.55,0.728,0.1105,0.0365,2.45793721393517,1,0
"A",137,0.1,501341,0.808,0.154,0.10625,0.003,2.23597193121497,1,0
"A",137,0.1,501342,0.318,0.782,0.024,0.01275,1.80986442899286,1,0
"A",137,0.1,501343,0.576,0.922,0.157,0.08125,1.46870697161691,1,0
"A",137,0.1,501344,0.596,0.31,0.08525,0.0085,2.03625310637238,1,0
"A",137,0.1,501345,0.834,0.476,0.24525,0.022,2.89989427139177,1,0
"A",137,0.1,501346,0.762,0.488,0.28225,0.04225,1.99104906029904,1,0
"A",137,0.1,501347,0.07,0.214,0.00275,5e-04,2.50063414268659,1,0
"A",137,0.1,501348,0.096,0.012,0.0045,0.00025,2.35871516263875,1,0
"A",137,0.1,501349,0.718,0.908,0.15175,0.04425,1.20242202958538,1,0
"A",137,0.1,501350,0.276,0.79,0.0545,0.046,1.40613996515048,1,0
"A",137,0.1,501351,0.33,0.494,0.044,0.01625,1.67034046298318,1,0
"A",137,0.1,501352,0.06,0.71,0.01025,0.02975,2.22711098294481,1,0
"A",137,0.1,501353,0.71,0.698,0.16925,0.033,1.38975459963592,1,0
"A",137,0.1,501354,0.132,0.348,0.018,0.0115,1.83179249800369,1,0
"A",137,0.1,501355,0.918,0.612,0.1635,0.0085,2.81848900395373,1,0
"A",137,0.1,501356,0.19,0.75,0.0425,0.0575,1.66701473540272,1,0
"A",137,0.1,501357,0.634,0.726,0.101,0.01525,2.13193880981712,1,0
"A",137,0.1,501358,0.192,0.57,0.022,0.02,1.57049107352883,1,0
"A",137,0.1,501359,0.118,0.258,0.016,0.01725,1.06205123977171,1,0
"A",137,0.1,501360,0.84,0.398,0.3225,0.0255,1.37704780633888,1,0
"A",137,0.1,501361,0.418,0.28,0.159,0.0415,2.28546324705869,1,0
"A",137,0.1,501362,0.928,0.93,0.506,0.1155,1.6223722702307,1,0
"A",137,0.1,501363,0.758,0.582,0.3215,0.07925,2.6285376866165,1,0
"A",137,0.1,501364,0.92,0.916,0.2585,0.0255,2.67659878432431,1,0
"A",137,0.1,501365,0.328,0.332,0.056,0.00975,1.5829427196904,1,0
"A",137,0.1,501366,0.906,0.668,0.21475,0.0155,1.9129669212637,1,0
"A",137,0.1,501367,0.992,0.74,0.44575,0.0285,1.43981785521568,1,0
"A",137,0.1,501368,0.95,0.496,0.41125,0.037,1.95525557827181,1,0
"A",137,0.1,501369,0.538,0.89,0.142,0.06375,2.57874775900792,1,0
"A",137,0.1,501370,0.03,0.726,0.002,0.01425,2.11321836423953,1,0
"A",137,0.1,501371,0.428,0.106,0.14725,0.0175,1.93528249762361,1,0
"A",137,0.1,501372,0.904,0.352,0.208,0.00675,2.77949339634829,1,0
"A",137,0.1,501373,0.394,0.144,0.141,0.0185,1.68532069910406,1,0
"A",137,0.1,501374,0.478,0.916,0.1035,0.0385,1.37136007978315,1,0
"A",137,0.1,501375,0.268,0.41,0.0265,0.009,2.08356363407107,1,0
"A",137,0.1,501376,0.786,0.268,0.3655,0.0485,2.35050949052226,1,0
"A",137,0.1,501377,0.256,0.046,0.05075,0.00275,1.22944445635189,1,0
"A",137,0.1,501378,0.064,0.55,0.0095,0.015,1.89383842392062,1,0
"A",137,0.1,501379,0.134,0.402,0.0205,0.0185,2.40796100681018,1,0
"A",137,0.1,501380,0.322,0.936,0.0745,0.052,2.6030971577303,1,0
"A",137,0.1,501381,0.028,0.058,0.0085,0.00525,1.49980521899229,1,0
"A",137,0.1,501382,0.962,0.684,0.52775,0.084,1.22587544024476,1,0
"A",137,0.1,501383,0.198,0.198,0.0325,0.008,2.12823858911472,1,0
"A",137,0.1,501384,0.132,0.13,0.0105,0.00325,2.23032846054759,1,0
"A",137,0.1,501385,0.642,0.75,0.10875,0.015,2.93321162169486,1,0
"A",137,0.1,501386,0.542,0.172,0.076,0.00425,1.95092308416882,1,0
"A",137,0.1,501387,0.06,0.976,0.003,0.03,1.72430640647283,1,0
"A",137,0.1,501388,0.258,0.104,0.0615,0.01275,1.82083952670444,1,0
"A",137,0.1,501389,0.024,0.062,0.00225,0.00175,2.05995938828626,1,0
"A",137,0.1,501390,0.822,0.52,0.20175,0.0115,2.40827089461118,1,0
"A",137,0.1,501391,0.416,0.09,0.06825,0.00425,2.05024270550444,1,0
"A",137,0.1,501392,0.316,0.676,0.07275,0.03925,1.61766416060733,1,0
"A",137,0.1,501393,0.154,0.238,0.03075,0.01475,1.78749765317207,1,0
"A",137,0.1,501394,0.044,0.294,0.00875,0.01275,2.20487544083721,1,0
"A",137,0.1,501395,0.87,0.556,0.2475,0.02675,2.12060128885604,1,0
"A",137,0.1,501396,0.926,0.968,0.14675,0.00975,2.89081285914296,1,0
"A",137,0.1,501397,0.302,0.476,0.02575,0.009,1.6704047819972,1,0
"A",137,0.1,501398,0.006,0.11,0.00025,0.00625,1.69421093080841,1,0
"A",137,0.1,501399,0.764,0.582,0.20525,0.03475,2.03956703244755,1,0
"A",137,0.1,501400,0.506,0.594,0.13625,0.044,1.69386984407137,1,0
"A",137,0.1,501401,0.408,0.606,0.07575,0.0235,2.23136364938072,1,0
"A",137,0.1,501402,0.184,0.08,0.025,0.00425,2.55417843111751,1,0
"A",137,0.1,501403,0.262,0.758,0.05375,0.056,1.23032272976631,1,0
"A",137,0.1,501404,0.42,0.86,0.1155,0.05,2.90056568007392,1,0
"A",137,0.1,501405,0.276,0.708,0.045,0.036,2.16667970267672,1,0
"A",137,0.1,501406,0.77,0.754,0.2695,0.06475,1.42049980161037,1,0
"A",137,0.1,501407,0.19,0.974,0.031,0.0345,1.81346077076701,1,0
"A",137,0.1,501408,0.488,0.916,0.0785,0.03475,2.12623769590191,1,0
"A",137,0.1,501409,0.594,0.774,0.10525,0.022,2.78463346824282,1,0
"A",137,0.1,501410,0.442,0.762,0.12925,0.0775,1.55846877717174,1,0
"A",137,0.1,501411,0.82,0.486,0.1705,0.015,2.09562534051386,1,0
"A",137,0.1,501412,0.184,0.176,0.03775,0.01425,1.73963697839057,1,0
"A",137,0.1,501413,0.668,0.464,0.1485,0.02,2.01862686634269,1,0
"A",137,0.1,501414,0.172,0.112,0.03625,0.007,1.67034490700284,1,0
"A",137,0.1,501415,0.628,0.352,0.12425,0.0105,2.33014015431752,1,0
"A",137,0.1,501416,0.346,0.248,0.09675,0.0175,1.48881100496521,1,0
"A",137,0.1,501417,0.874,0.998,0.2985,0.05425,2.00714247050022,1,0
"A",137,0.1,501418,0.942,0.892,0.3485,0.038,1.74391513474944,1,0
"A",137,0.1,501419,0.7,0.336,0.2215,0.02625,1.95267972878046,1,0
"A",137,0.1,501420,0.47,0.698,0.09325,0.034,2.63180976695791,1,0
"A",137,0.1,501421,0.54,0.69,0.09975,0.02275,1.99184261738411,1,0
"A",137,0.1,501422,0.5,0.308,0.05575,0.00875,1.57103666909693,1,0
"A",137,0.1,501423,0.122,0.02,0.012,5e-04,2.68729138947308,1,0
"A",137,0.1,501424,0.362,0.42,0.02075,0.00375,2.63795055107331,1,0
"A",137,0.1,501425,0.476,0.602,0.10575,0.036,1.75994376750106,1,0
"A",137,0.1,501426,0.752,0.7,0.17575,0.0305,1.6054209111922,1,0
"A",137,0.1,501427,0.712,0.744,0.09975,0.01475,1.82387709789894,1,0
"A",137,0.1,501428,0.482,0.386,0.1065,0.026,2.27613147053418,1,0
"A",137,0.1,501429,0.914,0.916,0.1745,0.01225,2.19453855840362,1,0
"A",137,0.1,501430,0.852,0.928,0.2295,0.03425,3.01887767551794,1,0
"A",137,0.1,501431,0.38,0.57,0.07,0.02775,2.38808927830777,1,0
"A",137,0.1,501432,0.668,0.486,0.1085,0.01175,2.45309628808953,1,0
"A",137,0.1,501433,0.986,0.724,0.36525,0.0265,2.80692153854829,1,0
"A",137,0.1,501434,0.308,0.952,0.02625,0.01,2.67974166265712,1,0
"A",137,0.1,501435,0.924,0.436,0.281,0.01825,2.31622809329582,1,0
"A",137,0.1,501436,0.826,0.994,0.39175,0.11625,1.16407934285726,1,0
"A",137,0.1,501437,0.14,0.54,0.026,0.02325,2.28203913516625,1,0
"A",137,0.1,501438,0.524,0.282,0.05,0.00275,3.34427627837931,1,0
"A",137,0.1,501439,0.492,0.124,0.06,0.005,1.90404187738882,1,0
"A",137,0.1,501440,0.628,0.438,0.26575,0.0585,0.827964174387212,1,0
"A",137,0.1,501441,0.656,0.974,0.226,0.10025,1.98427967797298,1,0
"A",137,0.1,501442,0.888,0.714,0.27875,0.03475,1.2101819199016,1,0
"A",137,0.1,501443,0.928,0.698,0.251,0.02125,3.37555822975799,1,0
"A",137,0.1,501444,0.588,0.654,0.126,0.02175,1.99433592680093,1,0
"A",137,0.1,501445,0.648,0.49,0.05825,0.00625,3.08783677275395,1,0
"A",137,0.1,501446,0.106,0.74,0.00725,0.009,2.64901649969099,1,0
"A",137,0.1,501447,0.756,0.204,0.22025,0.00675,1.42575486457431,1,0
"A",137,0.1,501448,0.876,0.956,0.4115,0.0845,1.25048952580389,1,0
"A",137,0.1,501449,0.796,0.494,0.21525,0.024,2.46398127308072,1,0
"A",137,0.1,501450,0.988,0.982,0.635,0.10525,1.61753920366944,1,0
"A",137,0.1,501451,0.388,0.206,0.07275,0.01225,1.93493361389459,1,0
"A",137,0.1,501452,0.742,0.27,0.215,0.0135,2.46427139863227,1,0
"A",137,0.1,501453,0.776,0.84,0.196,0.03875,1.53002603695881,1,0
"A",137,0.1,501454,0.136,0.402,0.01825,0.01875,1.78962569428172,1,0
"A",137,0.1,501455,0.778,0.902,0.1325,0.01475,3.27393444078684,1,0
"A",137,0.1,501456,0.72,0.092,0.12875,0.00625,2.29667110101366,1,0
"A",137,0.1,501457,0.418,0.498,0.05675,0.01425,3.12497119593846,1,0
"A",137,0.1,501458,0.076,0.82,0.0065,0.01525,2.3074182047384,1,0
"A",137,0.1,501459,0.528,0.416,0.09775,0.01875,2.70621970806992,1,0
"A",137,0.1,501460,0.712,0.562,0.18125,0.01975,1.67666877762273,1,0
"A",137,0.1,501461,0.67,0.802,0.18175,0.043,2.07653017095065,1,0
"A",137,0.1,501462,0.208,0.412,0.02725,0.01625,2.3104343786556,1,0
"A",137,0.1,501463,0.812,0.808,0.10875,0.014,1.61885743264765,1,0
"A",137,0.1,501464,0.984,0.804,0.58925,0.07325,1.68053329471154,1,0
"A",137,0.1,501465,0.974,0.938,0.366,0.033,2.44368939927044,1,0
"A",137,0.1,501466,0.116,0.172,0.0125,0.00725,1.40869635025962,1,0
"A",137,0.1,501467,0.428,0.924,0.04,0.01175,2.8278376566943,1,0
"A",137,0.1,501468,0.102,0.364,0.02125,0.024,1.73174171406689,1,0
"A",137,0.1,501469,0.434,0.072,0.07675,0.0045,2.61746274407749,1,0
"A",137,0.1,501470,0.98,0.956,0.46025,0.054,1.74950783340593,1,0
"A",137,0.1,501471,0.668,0.214,0.18325,0.011,2.01076130210982,1,0
"A",137,0.1,501472,0.96,0.842,0.3695,0.0435,2.49907477469055,1,0
"A",137,0.1,501473,0.386,0.182,0.07925,0.009,1.84736428570291,1,0
"A",137,0.1,501474,0.408,0.04,0.07125,0.00175,1.3462091838706,1,0
"A",137,0.1,501475,0.906,0.768,0.12,0.0075,2.62720158382549,1,0
"A",137,0.1,501476,0.84,0.812,0.25575,0.0325,2.03745639096323,1,0
"A",137,0.1,501477,0.046,0.092,0.0085,0.00475,1.52714442472992,1,0
"A",137,0.1,501478,0.846,0.342,0.29475,0.026,2.00956541542535,1,0
"A",137,0.1,501479,0.458,0.306,0.0545,0.00625,1.82150714416665,1,0
"A",137,0.1,501480,0.454,0.97,0.06525,0.02325,1.89803052327553,1,0
"A",137,0.1,501481,0.044,0.006,0.00225,0,3.22740407031112,1,0
"A",137,0.1,501482,0.188,0.508,0.0195,0.0075,2.40342946988702,1,0
"A",137,0.1,501483,0.322,0.164,0.04875,0.0075,1.85625272328312,1,0
"A",137,0.1,501484,0.88,0.444,0.159,0.01125,2.19747264842257,1,0
"A",137,0.1,501485,0.602,0.9,0.056,0.00875,1.89895452374035,1,0
"A",137,0.1,501486,0.858,0.336,0.28575,0.02025,2.26164669686717,1,0
"A",137,0.1,501487,0.17,0.38,0.01025,0.00475,2.56683716673527,1,0
"A",137,0.1,501488,0.904,0.458,0.23625,0.01125,2.35193579418096,1,0
"A",137,0.1,501489,0.788,0.914,0.18025,0.0295,2.00751116027175,1,0
"A",137,0.1,501490,0.232,0.854,0.03275,0.0305,1.88125387598673,1,0
"A",137,0.1,501491,0.148,0.41,0.02,0.024,1.46796211773404,1,0
"A",137,0.1,501492,0.904,0.92,0.24425,0.0235,2.00966273989454,1,0
"A",137,0.1,501493,0.04,0.002,0.00875,0.00025,2.0513452605549,1,0
"A",137,0.1,501494,0.422,0.166,0.06625,0.00725,1.45733837495953,1,0
"A",137,0.1,501495,0.574,0.24,0.15225,0.02025,2.20023331735368,1,0
"A",137,0.1,501496,0.322,0.852,0.029,0.01675,2.77372142186838,1,0
"A",137,0.1,501497,0.612,0.95,0.1905,0.0745,0.723760948922644,1,0
"A",137,0.1,501498,0.724,0.21,0.10675,0.004,2.0176674007688,1,0
"A",137,0.1,501499,0.876,0.536,0.4525,0.068,1.27468484862838,1,0
"A",137,0.1,501500,0.778,0.646,0.36275,0.08875,1.00470567282952,1,0
"A",137,0.1,501501,0.504,0.818,0.078,0.022,3.01013333156108,1,0
"A",137,0.1,501502,0.502,0.242,0.083,0.00775,1.69261721178346,1,0
"A",137,0.1,501503,0.13,0.254,0.004,0.00225,2.26021246206555,1,0
"A",137,0.1,501504,0.356,0.916,0.059,0.03725,2.84006551020666,1,0
"A",137,0.1,501505,0.888,0.686,0.26325,0.031,2.67724755444927,1,0
"A",137,0.1,501506,0.35,0.074,0.05425,0.0025,2.4188760440878,1,0
"A",137,0.1,501507,0.432,0.968,0.0725,0.0395,1.73588626783876,1,0
"A",137,0.1,501508,0.538,0.73,0.17425,0.07525,1.84424591489687,1,0
"A",137,0.1,501509,0.694,0.142,0.1335,0.00875,1.69302037860166,1,0
"A",137,0.1,501510,0.476,0.398,0.0535,0.006,2.50349154810893,1,0
"A",137,0.1,501511,0.48,0.334,0.09425,0.01375,1.42865120327397,1,0
"A",137,0.1,501512,0.572,0.128,0.11975,0.0065,3.46672277338063,1,0
"A",137,0.1,501513,0.832,0.604,0.261,0.02925,1.70975753910495,1,0
"A",137,0.1,501514,0.046,0.076,0.00725,0.00525,2.39177681235521,1,0
"A",137,0.1,501515,0.122,0.71,0.0035,0.0075,2.90030360394475,1,0
"A",137,0.1,501516,0.28,0.062,0.03675,0.0025,2.17684663087137,1,0
"A",137,0.1,501517,0.476,0.738,0.105,0.0335,1.63815686564609,1,0
"A",137,0.1,501518,0.064,0.424,0.01525,0.04275,1.93498442040836,1,0
"A",137,0.1,501519,0.068,0.804,0.00925,0.022,2.59774173376851,1,0
"A",137,0.1,501520,0.038,0.794,0.01225,0.042,3.18636471089758,1,0
"A",137,0.1,501521,0.36,0.89,0.044,0.02125,1.92522062936898,1,0
"A",137,0.1,501522,0.146,0.564,0.02225,0.02275,2.46174529212489,1,0
"A",137,0.1,501523,0.998,0.928,0.1905,0.00625,3.07228817724924,1,0
"A",137,0.1,501524,0.076,0.032,0.01325,0.0025,1.9600619239601,1,0
"A",137,0.1,501525,0.468,0.068,0.15825,0.0115,1.48203097268391,1,0
"A",137,0.1,501526,0.636,0.692,0.13175,0.02775,1.76692367343658,1,0
"A",137,0.1,501527,0.406,0.618,0.11375,0.04525,2.25329229939042,1,0
"A",137,0.1,501528,0.868,0.75,0.1525,0.0145,2.13211289426724,1,0
"A",137,0.1,501529,0.212,0.552,0.01575,0.0095,2.80694783101975,1,0
"A",137,0.1,501530,0.754,0.702,0.1905,0.02625,2.1424838633672,1,0
"A",137,0.1,501531,0.984,0.916,0.487,0.05575,2.10318218816392,1,0
"A",137,0.1,501532,0.8,0.944,0.1775,0.02475,1.87899893677933,1,0
"A",137,0.1,501533,0.236,0.424,0.035,0.02,1.86342156780869,1,0
"A",137,0.1,501534,0.138,0.98,0.022,0.05175,1.93437836949941,1,0
"A",137,0.1,501535,0.73,0.628,0.14,0.01475,1.83266974524776,1,0
"A",137,0.1,501536,0.044,0.008,0.007,0.00025,1.19014726598617,1,0
"A",137,0.1,501537,0.376,0.626,0.058,0.0245,2.22983182007927,1,0
"A",137,0.1,501538,0.056,0.45,0.0085,0.02,1.70762283134883,1,0
"A",137,0.1,501539,0.324,0.456,0.04475,0.01775,1.99588716065757,1,0
"A",137,0.1,501540,0.54,0.764,0.1125,0.029,2.15438818845109,1,0
"A",137,0.1,501541,0.06,0.618,0.0085,0.033,1.52069034056781,1,0
"A",137,0.1,501542,0.052,0.15,0.00625,0.00725,2.14668438767848,1,0
"A",137,0.1,501543,0.896,0.942,0.4785,0.11275,1.14072178367671,1,0
"A",137,0.1,501544,0.71,1,0.22425,0.04575,3.12480464077366,1,0
"A",137,0.1,501545,0.472,0.272,0.13675,0.023,1.55995295480771,1,0
"A",137,0.1,501546,0.81,0.456,0.491,0.09625,2.01607376648876,1,0
"A",137,0.1,501547,0.99,0.916,0.68925,0.09425,1.07807081736376,1,0
"A",137,0.1,501548,0.002,0.072,0.001,0.02275,0.890766968903037,1,0
"A",137,0.1,501549,0.024,0.04,0.003,0.00125,2.25337554973842,1,0
"A",137,0.1,501550,0.832,0.978,0.282,0.05925,1.45869793488795,1,0
"A",137,0.1,501551,0.942,0.92,0.20625,0.01575,1.7054596596312,1,0
"A",137,0.1,501552,0.12,0.056,0.021,0.00125,2.0538787033025,1,0
"A",137,0.1,501553,0.792,0.976,0.1635,0.02675,1.98103549169657,1,0
"A",137,0.1,501554,0.548,0.156,0.146,0.01475,2.83176574189445,1,0
"A",137,0.1,501555,0.876,0.59,0.29175,0.02975,1.88838212602726,1,0
"A",137,0.1,501556,0.518,0.606,0.14225,0.03325,2.42336009542462,1,0
"A",137,0.1,501557,0.322,0.128,0.0815,0.00975,1.76200793829158,1,0
"A",137,0.1,501558,0.81,0.534,0.2835,0.0415,2.09115471016504,1,0
"A",137,0.1,501559,0.242,0.486,0.02825,0.0135,2.14619907906317,1,0
"A",137,0.1,501560,0.934,0.88,0.2845,0.02425,2.53224156829119,1,0
"A",137,0.1,501561,0.964,0.616,0.19175,0.011,1.8567318629475,1,0
"A",137,0.1,501562,0.06,0.32,0.0105,0.01775,1.23881569287304,1,0
"A",137,0.1,501563,0.346,0.942,0.11275,0.11975,1.75048211771378,1,0
"A",137,0.1,501564,0.774,0.956,0.20875,0.05675,1.19929642841221,1,0
"A",137,0.1,501565,0.746,0.336,0.1415,0.012,2.09652046312072,1,0
"A",137,0.1,501566,0.782,0.91,0.141,0.02275,2.03117321064972,1,0
"A",137,0.1,501567,0.816,0.366,0.1345,0.00825,2.65113164391713,1,0
"A",137,0.1,501568,0.63,0.674,0.096,0.01175,1.99130553426314,1,0
"A",137,0.1,501569,0.632,0.404,0.07025,0.00575,1.62789682351054,1,0
"A",137,0.1,501570,0.276,0.776,0.023,0.01,2.44168399485708,1,0
"A",137,0.1,501571,0.878,0.984,0.17875,0.01475,2.33883169604472,1,0
"A",137,0.1,501572,0.216,0.862,0.04725,0.0465,1.53431201097341,1,0
"A",137,0.1,501573,0.262,0.614,0.07575,0.068,1.71904160320641,1,0
"A",137,0.1,501574,0.91,0.56,0.23875,0.018,1.92226092671593,1,0
"A",137,0.1,501575,0.156,0.014,0.03075,0.00125,1.54879755230469,1,0
"A",137,0.1,501576,0.31,0.324,0.06525,0.02125,1.79136040389941,1,0
"A",137,0.1,501577,0.988,0.854,0.4065,0.028,1.5063558644614,1,0
"A",137,0.1,501578,0.684,0.724,0.18225,0.0405,1.97216246984288,1,0
"A",137,0.1,501579,0.148,0.19,0.0295,0.01525,1.69535211712733,1,0
"A",137,0.1,501580,0.304,0.41,0.06925,0.02225,1.61688780089641,1,0
"A",137,0.1,501581,0.074,0.734,0.013,0.039,1.36855989666422,1,0
"A",137,0.1,501582,0.698,0.82,0.18475,0.0365,1.8032942209535,1,0
"A",137,0.1,501583,0.958,0.952,0.2335,0.024,1.58748742261572,1,0
"A",137,0.1,501584,0.438,0.892,0.1155,0.0545,1.8937932819142,1,0
"A",137,0.1,501585,0.088,0.632,0.007,0.01425,1.45877249336492,1,0
"A",137,0.1,501586,0.738,0.418,0.18225,0.0235,1.35964033081901,1,0
"A",137,0.1,501587,0.992,0.854,0.4245,0.0245,2.09446320070973,1,0
"A",137,0.1,501588,0.858,0.576,0.29025,0.031,2.24868603725664,1,0
"A",137,0.1,501589,0.95,0.682,0.30225,0.02275,1.83126170180112,1,0
"A",137,0.1,501590,0.814,0.85,0.232,0.0415,1.95260644070216,1,0
"A",137,0.1,501591,0.62,0.376,0.1495,0.0165,2.25142407295427,1,0
"A",137,0.1,501592,0.502,0.054,0.05525,0.001,2.08401822064453,1,0
"A",137,0.1,501593,0.826,0.666,0.2505,0.02925,2.12179851741202,1,0
"A",137,0.1,501594,0.516,0.158,0.11325,0.00775,2.01837886023516,1,0
"A",137,0.1,501595,0.542,0.174,0.11125,0.0165,1.87585714215523,1,0
"A",137,0.1,501596,0.884,0.736,0.21825,0.0235,2.54522441295412,1,0
"A",137,0.1,501597,0.01,0.002,0.00175,0.00025,1.64625342014523,1,0
"A",137,0.1,501598,0.69,0.582,0.23425,0.03975,1.27128160685876,1,0
"A",137,0.1,501599,0.112,0.002,0.02225,0,1.77960410662058,1,0
"A",137,0.1,501600,0.666,0.566,0.112,0.014,2.36050093613894,1,0
"A",137,0.1,501601,0.916,0.8,0.2565,0.023,2.48317233805795,1,0
"A",137,0.1,501602,0.916,0.218,0.07325,0.00175,2.74101405264741,1,0
"A",137,0.1,501603,0.648,0.536,0.1005,0.016,2.18512085587413,1,0
"A",137,0.1,501604,0.818,0.42,0.1505,0.01225,1.69543967816775,1,0
"A",137,0.1,501605,0.718,0.508,0.17175,0.0205,1.84650837893351,1,0
"A",137,0.1,501606,0.344,0.08,0.04125,0.0015,2.18984792798079,1,0
"A",137,0.1,501607,0.042,0.042,0.003,0.00175,2.66847691214414,1,0
"A",137,0.1,501608,0.622,0.752,0.06425,0.00875,2.09268519706308,1,0
"A",137,0.1,501609,0.972,0.496,0.48175,0.03325,2.22684938318738,1,0
"A",137,0.1,501610,0.07,0.652,0.0065,0.01225,2.1114627611753,1,0
"A",137,0.1,501611,0.11,0.562,0.01175,0.015,2.33949326306258,1,0
"A",137,0.1,501612,0.328,0.58,0.04575,0.013,1.81515404187561,1,0
"A",137,0.1,501613,0.83,0.592,0.217,0.01925,2.03654516577932,1,0
"A",137,0.1,501614,0.41,0.97,0.04,0.0245,2.0366745513788,1,0
"A",137,0.1,501615,0.826,0.784,0.11775,0.008,2.67759891982513,1,0
"A",137,0.1,501616,0.724,0.992,0.15,0.02625,2.65012576015934,1,0
"A",137,0.1,501617,0.618,0.314,0.237,0.0425,1.96278684481107,1,0
"A",137,0.1,501618,0.884,0.31,0.26825,0.013,2.22923014343831,1,0
"A",137,0.1,501619,0.224,0.716,0.0695,0.0505,2.06846219623377,1,0
"A",137,0.1,501620,0.132,0.222,0.009,0.004,2.16791045810844,1,0
"A",137,0.1,501621,0.018,0.006,5e-04,0,1.90449058344037,1,0
"A",137,0.1,501622,0.822,0.986,0.241,0.0405,1.53379891182606,1,0
"A",137,0.1,501623,0.01,0.016,5e-04,0.00025,1.79008797617433,1,0
"A",137,0.1,501624,0.596,0.64,0.0825,0.01325,2.20672216605675,1,0
"A",137,0.1,501625,0.328,0.278,0.08975,0.026,2.14761366420004,1,0
"A",137,0.1,501626,0.316,0.378,0.02775,0.0065,2.52670942775346,1,0
"A",137,0.1,501627,0.894,0.86,0.19325,0.0215,1.83919918957512,1,0
"A",137,0.1,501628,0.606,0.32,0.09425,0.00975,2.42565216136436,1,0
"A",137,0.1,501629,0.494,0.244,0.1555,0.02425,1.34703828217912,1,0
"A",137,0.1,501630,0.15,0.948,0.018,0.0335,2.12742051951126,1,0
"A",137,0.1,501631,0.922,0.616,0.582,0.1165,0.882295121891273,1,0
"A",137,0.1,501632,0.324,0.13,0.08725,0.01125,1.66780820523939,1,0
"A",137,0.1,501633,0.474,0.654,0.1675,0.06625,1.06350994948254,1,0
"A",137,0.1,501634,0.644,0.206,0.08125,0.00425,1.56817567749804,1,0
"A",137,0.1,501635,0.61,0.562,0.05925,0.0065,3.04291054362143,1,0
"A",137,0.1,501636,0.28,0.702,0.02475,0.009,2.26574104873471,1,0
"A",137,0.1,501637,0.918,0.486,0.3325,0.02675,2.38197256220099,1,0
"A",137,0.1,501638,0.526,0.85,0.09575,0.02775,1.59928301561871,1,0
"A",137,0.1,501639,0.304,0.256,0.036,0.00675,1.98850120256993,1,0
"A",137,0.1,501640,0.878,0.964,0.4365,0.1205,1.34693580083349,1,0
"A",137,0.1,501641,0.316,0.858,0.0525,0.03825,1.99070106667641,1,0
"A",137,0.1,501642,0.904,0.926,0.21175,0.01625,2.86424615004686,1,0
"A",137,0.1,501643,0.774,0.73,0.1515,0.0205,1.63033366368499,1,0
"A",137,0.1,501644,0.206,0.062,0.09275,0.0105,1.63321982345736,1,0
"A",137,0.1,501645,0.574,0.742,0.1455,0.037,2.10303686243077,1,0
"A",137,0.1,501646,0.656,0.646,0.128,0.021,1.39908477144889,1,0
"A",137,0.1,501647,0.3,0.882,0.079,0.08025,2.01502107184369,1,0
"A",137,0.1,501648,0.074,0.808,0.01275,0.03275,2.34172718759518,1,0
"A",137,0.1,501649,0.14,0.718,0.03,0.041,2.19422538970761,1,0
"A",137,0.1,501650,0.07,0.618,0.01825,0.0575,2.04280156939495,1,0
"A",137,0.1,501651,0.472,0.346,0.04775,0.0085,2.35014850961238,1,0
"A",137,0.1,501652,0.004,0.184,0.00025,0.01075,1.32100790711873,1,0
"A",137,0.1,501653,0.954,0.688,0.4335,0.0485,1.97245107172896,1,0
"A",137,0.1,501654,0.588,0.852,0.18575,0.05075,2.14254505005834,1,0
"A",137,0.1,501655,0.086,0.586,0.0115,0.0175,2.4910654455605,1,0
"A",137,0.1,501656,0.79,0.814,0.25075,0.047,1.85786802616317,1,0
"A",137,0.1,501657,0.146,0.48,0.01725,0.013,2.80842558460364,1,0
"A",137,0.1,501658,0.158,0.614,0.0345,0.045,1.56657045151116,1,0
"A",137,0.1,501659,0.562,0.228,0.0385,0.00275,2.32400818037302,1,0
"A",137,0.1,501660,0.014,0.092,0.00125,0.0075,2.12658743503049,1,0
"A",137,0.1,501661,0.53,0.328,0.11625,0.01625,2.13397659629972,1,0
"A",137,0.1,501662,0.686,0.226,0.13875,0.01,1.77451660092183,1,0
"A",137,0.1,501663,0.398,0.21,0.095,0.0205,1.8118704623693,1,0
"A",137,0.1,501664,0.336,0.532,0.0655,0.0305,1.62255240222592,1,0
"A",137,0.1,501665,0.224,0.616,0.03775,0.0255,2.83758489469651,1,0
"A",137,0.1,501666,0.164,0.302,0.0165,0.00825,2.4507930673713,1,0
"A",137,0.1,501667,0.632,0.152,0.1585,0.00775,1.70892799067968,1,0
"A",137,0.1,501668,0.894,0.616,0.3215,0.03875,1.47466078129647,1,0
"A",137,0.1,501669,0.576,0.848,0.06275,0.0105,1.68196627262213,1,0
"A",137,0.1,501670,0.716,0.852,0.12825,0.0225,2.28996263852494,1,0
"A",137,0.1,501671,0.698,0.454,0.1075,0.0075,3.58306021284857,1,0
"A",137,0.1,501672,0.57,0.868,0.19575,0.0845,1.6710439481262,1,0
"A",137,0.1,501673,0.756,0.226,0.114,0.00325,1.94106634022002,1,0
"A",137,0.1,501674,0.164,0.706,0.02175,0.02425,1.89119397358664,1,0
"A",137,0.1,501675,0.65,0.452,0.133,0.0205,1.47597458275914,1,0
"A",137,0.1,501676,0.388,0.176,0.08475,0.01325,2.13553333558372,1,0
"A",137,0.1,501677,0.326,0.744,0.0905,0.08075,1.39967730749727,1,0
"A",137,0.1,501678,0.062,0.056,0.00425,5e-04,2.02938887008964,1,0
"A",137,0.1,501679,0.66,0.582,0.04425,0.003,3.09541519756112,1,0
"A",137,0.1,501680,0.878,0.23,0.11075,0.00225,2.62399765726029,1,0
"A",137,0.1,501681,0.392,0.22,0.04375,0.00875,2.34044877088502,1,0
"A",137,0.1,501682,0.386,0.598,0.0745,0.03175,1.91272538074227,1,0
"A",137,0.1,501683,0.298,0.808,0.06975,0.0485,1.56523129092819,1,0
"A",137,0.1,501684,0.614,0.272,0.1045,0.00625,1.74706375757753,1,0
"A",137,0.1,501685,0.972,0.73,0.654,0.09775,0.69587208393033,1,0
"A",137,0.1,501686,0.768,0.542,0.11975,0.009,2.57017312498365,1,0
"A",137,0.1,501687,0.208,0.338,0.0245,0.0135,2.28491751955237,1,0
"A",137,0.1,501688,0.65,0.654,0.11725,0.019,2.15238450403625,1,0
"A",137,0.1,501689,0.23,0.036,0.03175,0.002,1.75751151608431,1,0
"A",137,0.1,501690,0.308,0.686,0.07375,0.0385,1.63677203829107,1,0
"A",137,0.1,501691,0.346,0.596,0.03725,0.01275,2.27392561030077,1,0
"A",137,0.1,501692,0.12,0.722,0.01525,0.01775,2.46697459069385,1,0
"A",137,0.1,501693,0.212,0.246,0.04725,0.01475,1.61369794276135,1,0
"A",137,0.1,501694,0.334,0.172,0.043,0.005,1.89990262797735,1,0
"A",137,0.1,501695,0.334,0.376,0.04025,0.0155,2.30122885607855,1,0
"A",137,0.1,501696,0.544,0.722,0.1395,0.0395,1.14476345893456,1,0
"A",137,0.1,501697,0.666,0.876,0.12975,0.02425,3.33183342237292,1,0
"A",137,0.1,501698,0.314,0.09,0.0445,0.003,2.43630374082114,1,0
"A",137,0.1,501699,0.808,0.37,0.2945,0.03425,1.54547683239049,1,0
"A",137,0.1,501700,0.29,0.516,0.054,0.02125,2.23485747336623,1,0
"A",137,0.1,501701,0.794,0.798,0.16575,0.0285,1.35071336823249,1,0
"A",137,0.1,501702,0.998,0.894,0.70725,0.10275,1.83298748242513,1,0
"A",137,0.1,501703,0.75,0.984,0.1495,0.02225,2.34573005440349,1,0
"A",137,0.1,501704,0.992,0.942,0.46075,0.0395,1.72854905070722,1,0
"A",137,0.1,501705,0.082,0.014,0.01,5e-04,1.72927231457872,1,0
"A",137,0.1,501706,0.922,0.488,0.27975,0.01875,2.18297519459691,1,0
"A",137,0.1,501707,0.046,0.046,0.00425,0.00375,1.48160493096385,1,0
"A",137,0.1,501708,0.69,0.432,0.22475,0.03625,2.07101072891595,1,0
"A",137,0.1,501709,0.49,0.39,0.0785,0.0125,2.1956596414083,1,0
"A",137,0.1,501710,0.15,0.104,0.0205,0.00775,1.88763410409431,1,0
"A",137,0.1,501711,0.544,0.314,0.0785,0.00825,2.43981859361801,1,0
"A",137,0.1,501712,0.578,0.404,0.1455,0.0195,2.81492441151093,1,0
"A",137,0.1,501713,0.944,0.66,0.27675,0.02175,1.75302330640505,1,0
"A",137,0.1,501714,0.156,0.606,0.01575,0.01575,2.23250693693692,1,0
"A",137,0.1,501715,0.328,0.888,0.06525,0.05975,1.4987317521413,1,0
"A",137,0.1,501716,0.808,0.434,0.309,0.03525,1.57559304041224,1,0
"A",137,0.1,501717,0.222,0.084,0.03775,0.005,2.23858616217088,1,0
"A",137,0.1,501718,0.402,0.222,0.05275,0.0055,1.87408204885274,1,0
"A",137,0.1,501719,0.892,0.72,0.262,0.03525,1.50086912249275,1,0
"A",137,0.1,501720,0.164,0.19,0.03,0.018,2.34663319806382,1,0
"A",137,0.1,501721,0.75,0.83,0.24275,0.04775,2.28642518638194,1,0
"A",137,0.1,501722,0.784,0.748,0.07725,0.00875,2.04854066818316,1,0
"A",137,0.1,501723,0.394,0.962,0.029,0.00775,2.71834217757243,1,0
"A",137,0.1,501724,0.84,0.85,0.222,0.03075,1.63114456301732,1,0
"A",137,0.1,501725,0.086,0.18,0.0085,0.00575,1.58774555047641,1,0
"A",137,0.1,501726,0.936,0.658,0.3055,0.03,1.95007980141551,1,0
"A",137,0.1,501727,0.758,0.976,0.18625,0.03625,1.83551502355561,1,0
"A",137,0.1,501728,0.888,0.828,0.232,0.0305,2.00284673023405,1,0
"A",137,0.1,501729,0.526,0.526,0.049,0.00875,2.14050332943329,1,0
"A",137,0.1,501730,0.994,0.886,0.627,0.07075,1.86609008898783,1,0
"A",137,0.1,501731,0.406,0.44,0.05125,0.0095,1.91025560422236,1,0
"A",137,0.1,501732,0.532,0.264,0.06525,0.00825,2.6699238102579,1,0
"A",137,0.1,501733,0.386,0.5,0.0545,0.02075,2.28036924693652,1,0
"A",137,0.1,501734,0.682,0.696,0.22025,0.04875,1.53990102213884,1,0
"A",137,0.1,501735,0.412,0.464,0.09725,0.02925,2.41465055507001,1,0
"A",137,0.1,501736,0.342,0.76,0.056,0.02275,2.17358378420101,1,0
"A",137,0.1,501737,0.794,0.91,0.17,0.02975,2.00912047380237,1,0
"A",137,0.1,501738,0.156,0.622,0.0285,0.04075,1.92061773859473,1,0
"A",137,0.1,501739,0.62,0.838,0.067,0.0085,1.98255248607046,1,0
"A",137,0.1,501740,0.172,0.046,0.033,0.0015,1.96670378941684,1,0
"A",137,0.1,501741,0.418,0.26,0.06825,0.012,1.51500905979426,1,0
"A",137,0.1,501742,0.596,0.864,0.1265,0.04075,1.43480510988262,1,0
"A",137,0.1,501743,0.576,0.224,0.1365,0.017,1.58979254757393,1,0
"A",137,0.1,501744,0.21,0.984,0.02575,0.027,1.83009213585108,1,0
"A",137,0.1,501745,0.278,0.42,0.04475,0.022,1.55043100899194,1,0
"A",137,0.1,501746,0.404,0.718,0.08925,0.041,1.3003882630021,1,0
"A",137,0.1,501747,0.362,0.324,0.05375,0.01125,2.47778722056713,1,0
"A",137,0.1,501748,0.072,0.016,0.00425,5e-04,1.38238466576801,1,0
"A",137,0.1,501749,0.064,0.56,0.01525,0.05425,1.30004988577533,1,0
"A",137,0.1,501750,0.124,0.04,0.03125,0.004,1.53800664176929,1,0
"A",137,0.1,501751,0.984,0.708,0.24325,0.0085,2.43550092327994,1,0
"A",137,0.1,501752,0.61,0.752,0.1165,0.017,2.50128582760786,1,0
"A",137,0.1,501753,0.222,0.728,0.0345,0.0365,1.76845441700959,1,0
"A",137,0.1,501754,0.1,0.376,0.00825,0.01075,1.77385819153751,1,0
"A",137,0.1,501755,0.392,0.752,0.04975,0.012,2.90698895595266,1,0
"A",137,0.1,501756,0.13,0.304,0.0175,0.0165,2.14501828982701,1,0
"A",137,0.1,501757,0.826,0.782,0.31075,0.05175,1.58290590262476,1,0
"A",137,0.1,501758,0.094,0.118,0.02475,0.01125,1.40931692545018,1,0
"A",137,0.1,501759,0.694,0.518,0.10175,0.0105,2.68562071332782,1,0
"A",137,0.1,501760,0.28,0.738,0.0795,0.04925,2.28127926966586,1,0
"A",137,0.1,501761,0.37,0.294,0.12375,0.0385,1.65501000730855,1,0
"A",137,0.1,501762,0.224,0.718,0.01425,0.0085,2.32397123850205,1,0
"A",137,0.1,501763,0.964,0.89,0.58975,0.12225,2.68735190872931,1,0
"A",137,0.1,501764,0.658,0.35,0.1305,0.012,1.99404169056266,1,0
"A",137,0.1,501765,0.16,0.158,0.031,0.0105,1.49405893959921,1,0
"A",137,0.1,501766,0.11,0.006,0.01325,0.00025,1.62938314451046,1,0
"A",137,0.1,501767,0.198,0.666,0.03275,0.02475,1.69689729122044,1,0
"A",137,0.1,501768,0.492,0.276,0.05525,0.004,1.87289347924955,1,0
"A",137,0.1,501769,0.802,0.736,0.222,0.03225,1.92858716211035,1,0
"A",137,0.1,501770,0.668,0.522,0.30525,0.06625,2.39874042792614,1,0
"A",137,0.1,501771,0.29,0.356,0.035,0.00825,1.90969886721392,1,0
"A",137,0.1,501772,0.486,0.826,0.08225,0.0275,1.44208676687337,1,0
"A",137,0.1,501773,0.804,0.49,0.27275,0.04075,1.00910242669131,1,0
"A",137,0.1,501774,0.706,0.618,0.207,0.03525,2.07935682273394,1,0
"A",137,0.1,501775,0.614,0.782,0.1655,0.045,1.17415147905504,1,0
"A",137,0.1,501776,0.382,0.018,0.06775,0.0015,2.3064423667378,1,0
"A",137,0.1,501777,0.868,0.932,0.2285,0.02925,2.21840359264489,1,0
"A",137,0.1,501778,0.19,0.044,0.03,0.0015,1.17952591555925,1,0
"A",137,0.1,501779,0.24,0.286,0.083,0.03275,1.50155906982496,1,0
"A",137,0.1,501780,0.45,0.108,0.09125,0.00925,1.78236991855693,1,0
"A",137,0.1,501781,0.438,0.812,0.11775,0.0505,1.66212472374366,1,0
"A",137,0.1,501782,0.634,0.436,0.19825,0.03375,1.63083628626983,1,0
"A",137,0.1,501783,0.228,0.764,0.0215,0.014,2.38596324602019,1,0
"A",137,0.1,501784,0.942,1,0.29125,0.03325,2.93342811486494,1,0
"A",137,0.1,501785,0.42,0.236,0.0945,0.01325,2.04960123768736,1,0
"A",137,0.1,501786,0.25,0.412,0.02925,0.0145,1.77682341079241,1,0
"A",137,0.1,501787,0.086,0.78,0.01175,0.031,1.70403030487692,1,0
"A",137,0.1,501788,0.312,0.742,0.068,0.0485,2.36498334721499,1,0
"A",137,0.1,501789,0.584,0.308,0.113,0.01525,2.01677714561792,1,0
"A",137,0.1,501790,0.62,0.852,0.13675,0.03625,2.04223859563853,1,0
"A",137,0.1,501791,0.898,0.784,0.2475,0.0285,1.87338431927263,1,0
"A",137,0.1,501792,0.604,0.262,0.14325,0.01275,2.79623580555559,1,0
"A",137,0.1,501793,0.486,0.326,0.10825,0.0225,1.78791054235448,1,0
"A",137,0.1,501794,0.67,0.806,0.13425,0.024,3.03399789836951,1,0
"A",137,0.1,501795,0.888,0.606,0.30175,0.03125,2.35911081588592,1,0
"A",137,0.1,501796,0.168,0.084,0.0305,0.0075,2.57675237147142,1,0
"A",137,0.1,501797,0.6,0.828,0.046,0.0095,2.65699798032369,1,0
"A",137,0.1,501798,0.074,0.792,0.0135,0.063,2.81885191951628,1,0
"A",137,0.1,501799,0.034,0.226,0.00625,0.0185,1.88311985731947,1,0
"A",137,0.1,501800,0.956,0.388,0.48025,0.04525,1.77169622475073,1,0
"A",137,0.1,501801,0.448,0.996,0.10725,0.05625,2.17729975224837,1,0
"A",137,0.1,501802,0.542,0.22,0.1255,0.02025,1.63404032672377,1,0
"A",137,0.1,501803,0.094,0.942,0.01825,0.04025,2.09544393385258,1,0
"A",137,0.1,501804,0.672,0.826,0.08525,0.01425,2.11566144831132,1,0
"A",137,0.1,501805,0.908,0.936,0.36275,0.06425,0.604364000231545,1,0
"A",137,0.1,501806,0.56,0.814,0.0625,0.01425,2.5225949979782,1,0
"A",137,0.1,501807,0.13,0.988,0.02825,0.06575,2.00513056152113,1,0
"A",137,0.1,501808,0.948,0.662,0.466,0.071,1.81805373002649,1,0
"A",137,0.1,501809,0.338,0.8,0.043,0.035,1.29349790657704,1,0
"A",137,0.1,501810,0.88,0.662,0.17175,0.01375,1.56839851185466,1,0
"A",137,0.1,501811,0.19,0.742,0.052,0.04775,2.50621504002173,1,0
"A",137,0.1,501812,0.138,0.822,0.02125,0.03175,1.92473912731275,1,0
"A",137,0.1,501813,0.428,0.224,0.21325,0.04575,1.05306595927519,1,0
"A",137,0.1,501814,0.876,1,0.26425,0.03675,1.65416680354021,1,0
"A",137,0.1,501815,0.098,0.006,0.0185,0.00025,1.64569988402012,1,0
"A",137,0.1,501816,0.69,0.874,0.14925,0.03125,2.0150630717528,1,0
"A",137,0.1,501817,0.282,0.978,0.03925,0.03,1.65547022415823,1,0
"A",137,0.1,501818,0.292,0.156,0.0295,0.004,2.81099099287075,1,0
"A",137,0.1,501819,0.048,0.182,0.013,0.0165,1.62257987555362,1,0
"A",137,0.1,501820,0.356,0.334,0.07625,0.019,2.64258976582613,1,0
"A",137,0.1,501821,0.222,0.186,0.0415,0.01125,2.17066092061786,1,0
"A",137,0.1,501822,0.436,0.77,0.12375,0.0585,2.26342763294711,1,0
"A",137,0.1,501823,0.336,0.248,0.0595,0.00925,1.75361087319353,1,0
"A",137,0.1,501824,0.762,0.62,0.2065,0.03575,1.9336216427337,1,0
"A",137,0.1,501825,0.746,0.67,0.21475,0.04025,1.42127695811288,1,0
"A",137,0.1,501826,0.612,0.926,0.1345,0.026,1.93204879877851,1,0
"A",137,0.1,501827,0.44,0.59,0.10475,0.04475,2.00587588335884,1,0
"A",137,0.1,501828,0.402,0.672,0.1015,0.0535,2.17095359047251,1,0
"A",137,0.1,501829,0.042,0.212,0.0105,0.01175,2.17544698273626,1,0
"A",137,0.1,501830,0.27,0.448,0.03225,0.0095,2.15215392302076,1,0
"A",137,0.1,501831,0.56,0.068,0.104,0.00275,2.86133093341971,1,0
"A",137,0.1,501832,0.766,0.646,0.10075,0.0075,1.81588895302784,1,0
"A",137,0.1,501833,0.732,0.914,0.114,0.016,2.27022802265108,1,0
"A",137,0.1,501834,0.56,0.2,0.14775,0.01075,1.86832243247763,1,0
"A",137,0.1,501835,0.916,0.468,0.26775,0.016,1.19533974967814,1,0
"A",137,0.1,501836,0.6,0.22,0.147,0.01175,1.99126431713515,1,0
"A",137,0.1,501837,0.968,0.722,0.396,0.039,2.05807589975319,1,0
"A",137,0.1,501838,0.186,0.388,0.01875,0.01175,1.77287665768248,1,0
"A",137,0.1,501839,0.292,0.064,0.03025,0.00075,2.07602795131677,1,0
"A",137,0.1,501840,0.552,0.098,0.1285,0.0075,1.80286453558684,1,0
"A",137,0.1,501841,0.934,0.978,0.31875,0.03625,1.75136125948558,1,0
"A",137,0.1,501842,0.758,0.47,0.265,0.0345,2.73202139577719,1,0
"A",137,0.1,501843,0.58,0.666,0.332,0.1375,1.57671293406413,1,0
"A",137,0.1,501844,0.776,0.458,0.12725,0.01075,1.82309732949929,1,0
"A",137,0.1,501845,0.152,0.456,0.02025,0.016,1.94762906444193,1,0
"A",137,0.1,501846,0.54,0.738,0.1575,0.0735,1.27993352591517,1,0
"A",137,0.1,501847,0.414,0.628,0.0785,0.025,1.193848580433,1,0
"A",137,0.1,501848,0.34,0.04,0.08525,0.00575,2.59294256567252,1,0
"A",137,0.1,501849,0.068,0.008,0.012,0.00025,2.02212481080238,1,0
"A",137,0.1,501850,0.616,0.332,0.11325,0.00925,2.64483435080189,1,0
"A",137,0.1,501851,0.596,0.796,0.1695,0.0535,1.7954895699265,1,0
"A",137,0.1,501852,0.824,0.776,0.15375,0.01525,2.36462117123868,1,0
"A",137,0.1,501853,0.152,0.392,0.01475,0.015,2.65611706793758,1,0
"A",137,0.1,501854,0.756,0.648,0.27725,0.044,1.86342128191953,1,0
"A",137,0.1,501855,0.156,0.814,0.0575,0.1425,2.23470730974115,1,0
"A",137,0.1,501856,0.286,0.444,0.0655,0.0255,1.60798447254013,1,0
"A",137,0.1,501857,0.862,0.358,0.301,0.0245,1.57743733036811,1,0
"A",137,0.1,501858,0.862,1,0.25675,0.047,2.01142222547369,1,0
"A",137,0.1,501859,0.102,0.694,0.03775,0.06675,2.16412975802126,1,0
"A",137,0.1,501860,0.244,0.246,0.0375,0.01475,2.40845063884864,1,0
"A",137,0.1,501861,0.96,0.546,0.48625,0.051,2.21531761463474,1,0
"A",137,0.1,501862,0.294,0.93,0.06675,0.06925,1.29515855471125,1,0
"A",137,0.1,501863,0.656,0.594,0.10575,0.01375,2.24803867647365,1,0
"A",137,0.1,501864,0.082,0.18,0.0125,0.0085,1.77249610276609,1,0
"A",137,0.1,501865,0.05,0.316,0.01325,0.04725,1.14328910515898,1,0
"A",137,0.1,501866,0.338,0.716,0.14075,0.10175,1.20804652436031,1,0
"A",137,0.1,501867,0.274,0.016,0.02125,5e-04,2.43319148465099,1,0
"A",137,0.1,501868,0.008,0.322,0.00225,0.03275,1.07262119217741,1,0
"A",137,0.1,501869,0.304,0.668,0.03875,0.022,1.97714136082755,1,0
"A",137,0.1,501870,0.098,0.534,0.018,0.03125,2.36087499054917,1,0
"A",137,0.1,501871,0.99,0.984,0.49175,0.05075,2.16349821805779,1,0
"A",137,0.1,501872,0.574,0.466,0.07175,0.01225,2.43700027683612,1,0
"A",137,0.1,501873,0.07,0.314,0.01475,0.019,2.32238985373582,1,0
"A",137,0.1,501874,0.044,0.486,0.00775,0.0265,1.91636978440235,1,0
"A",137,0.1,501875,0.148,0.714,0.0545,0.075,1.30978105139991,1,0
"A",137,0.1,501876,0.362,0.782,0.10175,0.09175,2.57468217714787,1,0
"A",137,0.1,501877,0.89,0.38,0.40125,0.03875,1.40034349593839,1,0
"A",137,0.1,501878,0.548,0.51,0.18975,0.04875,1.83550385726705,1,0
"A",137,0.1,501879,0.916,0.698,0.3805,0.06475,2.92264526550132,1,0
"A",137,0.1,501880,0.924,0.712,0.233,0.01475,1.88775640239134,1,0
"A",137,0.1,501881,0.858,0.642,0.44075,0.11,1.36238381796449,1,0
"A",137,0.1,501882,0.05,0.15,0.006,0.00475,1.55630708929823,1,0
"A",137,0.1,501883,0.636,0.282,0.08075,0.00425,1.8951525213537,1,0
"A",137,0.1,501884,0.846,0.508,0.3265,0.0455,1.31181386524768,1,0
"A",137,0.1,501885,0.53,0.506,0.20825,0.08025,1.00787643134616,1,0
"A",137,0.1,501886,0.312,0.61,0.0385,0.00975,2.46148921334886,1,0
"A",137,0.1,501887,0.774,0.772,0.153,0.01825,2.59063213484559,1,0
"A",137,0.1,501888,0.346,0.414,0.02875,0.006,2.31695181607162,1,0
"A",137,0.1,501889,0.124,0.032,0.01275,0.00075,2.70037967343767,1,0
"A",137,0.1,501890,0.978,0.694,0.429,0.04275,2.35269164645952,1,0
"A",137,0.1,501891,0.44,0.798,0.091,0.0375,2.09936616584912,1,0
"A",137,0.1,501892,0.456,0.148,0.0625,0.007,2.23831116215504,1,0
"A",137,0.1,501893,0.538,0.964,0.11975,0.0545,1.62376016207487,1,0
"A",137,0.1,501894,0.678,0.45,0.31,0.062,0.881252409920497,1,0
"A",137,0.1,501895,0.04,0.134,0.00775,0.0115,2.98646021015711,1,0
"A",137,0.1,501896,0.388,0.078,0.07825,0.00325,2.21217983533861,1,0
"A",137,0.1,501897,0.928,0.756,0.1965,0.01675,2.95418886593761,1,0
"A",137,0.1,501898,0.204,0.19,0.03425,0.01025,2.29535786243716,1,0
"A",137,0.1,501899,0.406,0.048,0.08675,0.0015,2.13368944545673,1,0
"A",137,0.1,501900,0.302,0.446,0.02175,0.00425,1.8468921241698,1,0
"A",137,0.1,501901,0.294,0.942,0.083,0.08575,1.5634026859631,1,0
"A",137,0.1,501902,0.474,0.652,0.1185,0.04225,1.71001058302227,1,0
"A",137,0.1,501903,0.262,0.078,0.03475,0.00325,1.87853975100689,1,0
"A",137,0.1,501904,0.214,0.084,0.017,0.003,1.96310842012629,1,0
"A",137,0.1,501905,0.398,0.694,0.06375,0.02075,2.74821379310781,1,0
"A",137,0.1,501906,0.678,0.49,0.20475,0.03525,1.75774207488344,1,0
"A",137,0.1,501907,0.996,0.996,0.42725,0.037,2.30266113968057,1,0
"A",137,0.1,501908,0.228,0.814,0.0305,0.02425,2.07932230574475,1,0
"A",137,0.1,501909,0.388,0.72,0.033,0.0125,2.79303487910454,1,0
"A",137,0.1,501910,0.454,0.5,0.1575,0.04925,0.882852298576515,1,0
"A",137,0.1,501911,0.544,0.252,0.1595,0.02525,1.34753867220263,1,0
"A",137,0.1,501912,0.006,0.796,0.00025,0.01125,2.68727748305836,1,0
"A",137,0.1,501913,0.29,0.04,0.0415,0.0015,1.68918696160518,1,0
"A",137,0.1,501914,0.262,0.646,0.09075,0.06675,1.74163754843215,1,0
"A",137,0.1,501915,0.562,0.164,0.0895,0.00425,2.33812413337602,1,0
"A",137,0.1,501916,0.102,0.21,0.0125,0.011,1.26998426667764,1,0
"A",137,0.1,501917,0.862,0.878,0.23875,0.042,2.02549501695758,1,0
"A",137,0.1,501918,0.384,0.544,0.089,0.03775,2.2420717025095,1,0
"A",137,0.1,501919,0.92,0.698,0.226,0.01725,2.11507031545118,1,0
"A",137,0.1,501920,0.414,0.504,0.07925,0.0285,2.24520298068943,1,0
"A",137,0.1,501921,0.01,0.144,0.00175,0.00725,2.40027801652022,1,0
"A",137,0.1,501922,0.418,0.346,0.04425,0.0075,2.26400962792205,1,0
"A",137,0.1,501923,0.086,0.83,0.01525,0.03375,2.33225493436086,1,0
"A",137,0.1,501924,0.406,0.756,0.05175,0.01725,2.4133742314771,1,0
"A",137,0.1,501925,0.632,0.698,0.17975,0.0445,1.96797237506742,1,0
"A",137,0.1,501926,0.238,0.604,0.03725,0.02375,2.15181607283815,1,0
"A",137,0.1,501927,0.158,0.028,0.02025,0.001,2.65977416666057,1,0
"A",137,0.1,501928,0.536,0.4,0.12825,0.01925,2.46337002282155,1,0
"A",137,0.1,501929,0.722,0.472,0.24525,0.044,1.76480527188172,1,0
"A",137,0.1,501930,0.94,0.54,0.4015,0.04025,1.49770953267931,1,0
"A",137,0.1,501931,0.294,0.624,0.06875,0.03925,1.51227708359029,1,0
"A",137,0.1,501932,0.652,0.114,0.1595,0.00475,2.09820284720571,1,0
"A",137,0.1,501933,0.668,0.574,0.15275,0.0235,2.17254275559451,1,0
"A",137,0.1,501934,0.094,0.566,0.00775,0.01325,1.27271006686415,1,0
"A",137,0.1,501935,0.492,0.498,0.06425,0.011,2.31675782005875,1,0
"A",137,0.1,501936,0.252,0.738,0.02275,0.01525,2.17256993154331,1,0
"A",137,0.1,501937,0.628,0.494,0.27075,0.075,1.23983212584212,1,0
"A",137,0.1,501938,0.898,0.976,0.15075,0.0145,2.60700688643373,1,0
"A",137,0.1,501939,0.35,0.296,0.067,0.01025,3.13922966343457,1,0
"A",137,0.1,501940,0.978,0.808,0.24725,0.015,2.36544725424429,1,0
"A",137,0.1,501941,0.832,0.688,0.3255,0.0515,1.18623906432731,1,0
"A",137,0.1,501942,0.802,0.198,0.191,0.00925,2.35941268266268,1,0
"A",137,0.1,501943,0.192,0.1,0.023,0.00375,2.86296297287814,1,0
"A",137,0.1,501944,0.74,0.984,0.12475,0.02275,2.67558476600634,1,0
"A",137,0.1,501945,0.41,0.998,0.08325,0.04925,2.04167451185008,1,0
"A",137,0.1,501946,0.734,0.214,0.17175,0.011,2.31522584252074,1,0
"A",137,0.1,501947,0.628,0.372,0.145,0.01,2.34145880236991,1,0
"A",137,0.1,501948,0.184,0.512,0.02925,0.0245,1.96978439491146,1,0
"A",137,0.1,501949,0.092,0.048,0.028,0.006,1.86463565767094,1,0
"A",137,0.1,501950,0.726,0.228,0.11675,0.00375,1.84890749331014,1,0
"A",137,0.1,501951,0.732,0.976,0.21275,0.03475,2.09590860136151,1,0
"A",137,0.1,501952,0.192,0.478,0.023,0.011,2.12977397274594,1,0
"A",137,0.1,501953,0.216,0.81,0.06,0.09075,1.30691590761255,1,0
"A",137,0.1,501954,0.79,0.236,0.221,0.01275,1.77762297218493,1,0
"A",137,0.1,501955,0.052,0.624,0.0045,0.009,2.08013943224859,1,0
"A",137,0.1,501956,0.366,0.062,0.05925,0.00075,1.52638620156668,1,0
"A",137,0.1,501957,0.93,0.95,0.28975,0.0295,1.89337780965845,1,0
"A",137,0.1,501958,0.464,0.702,0.0445,0.008,2.811053088021,1,0
"A",137,0.1,501959,0.378,0.28,0.0605,0.008,2.4117547404593,1,0
"A",137,0.1,501960,0.71,0.946,0.276,0.0665,1.77263380927487,1,0
"A",137,0.1,501961,0.732,0.696,0.259,0.06375,2.16983606045795,1,0
"A",137,0.1,501962,0.588,0.566,0.076,0.01075,2.09366822118974,1,0
"A",137,0.1,501963,0.016,0.064,0.00275,0.004,1.51879608722569,1,0
"A",137,0.1,501964,0.41,0.168,0.03575,0.004,2.14030015468301,1,0
"A",137,0.1,501965,0.54,0.298,0.16075,0.015,1.98982043420564,1,0
"A",137,0.1,501966,0.854,0.892,0.30375,0.04525,1.59945501733088,1,0
"A",137,0.1,501967,0.698,0.836,0.4035,0.18425,1.36773550973282,1,0
"A",137,0.1,501968,0.262,0.4,0.05,0.01175,1.84049767001638,1,0
"A",137,0.1,501969,0.17,0.45,0.0215,0.01275,2.02200428038684,1,0
"A",137,0.1,501970,0.956,0.584,0.3155,0.01875,2.06827111276472,1,0
"A",137,0.1,501971,0.24,0.104,0.0805,0.0165,2.64763519702714,1,0
"A",137,0.1,501972,0.576,0.354,0.14525,0.01825,1.28224077750956,1,0
"A",137,0.1,501973,0.594,0.224,0.15725,0.01925,2.03907749525918,1,0
"A",137,0.1,501974,0.708,0.37,0.1085,0.00925,1.70569496216873,1,0
"A",137,0.1,501975,0.382,0.528,0.08225,0.01875,1.87435444587859,1,0
"A",137,0.1,501976,0.244,0.14,0.023,0.00275,3.36115753374459,1,0
"A",137,0.1,501977,0.49,0.858,0.12925,0.06975,1.83162352609862,1,0
"A",137,0.1,501978,0.898,0.654,0.13875,0.00825,2.53988077235417,1,0
"A",137,0.1,501979,0.42,0.308,0.03525,0.0035,2.23580607859809,1,0
"A",137,0.1,501980,0.48,0.514,0.0635,0.01675,2.26319488401291,1,0
"A",137,0.1,501981,0.568,0.504,0.107,0.02025,2.39560947074297,1,0
"A",137,0.1,501982,0.686,0.928,0.0535,0.0065,2.75514968976042,1,0
"A",137,0.1,501983,0.322,0.276,0.05675,0.01225,2.2107765048287,1,0
"A",137,0.1,501984,0.778,0.206,0.136,0.00625,2.29672615047616,1,0
"A",137,0.1,501985,0.686,0.322,0.07475,0.0045,2.49329518522585,1,0
"A",137,0.1,501986,0.934,0.69,0.27925,0.018,2.19831874772768,1,0
"A",137,0.1,501987,0.314,0.522,0.05875,0.014,2.40939808487476,1,0
"A",137,0.1,501988,0.302,0.566,0.0235,0.005,3.48579092295685,1,0
"A",137,0.1,501989,0.664,0.098,0.1845,0.00775,1.3937453506997,1,0
"A",137,0.1,501990,0.746,0.998,0.2725,0.07825,2.40101471559891,1,0
"A",137,0.1,501991,0.696,0.094,0.20875,0.00425,1.47182458130743,1,0
"A",137,0.1,501992,0.136,0.03,0.01175,5e-04,2.30296338059533,1,0
"A",137,0.1,501993,0.232,0.476,0.05,0.04075,1.13877371568949,1,0
"A",137,0.1,501994,0.928,0.344,0.281,0.01275,2.6580901733992,1,0
"A",137,0.1,501995,0.948,0.578,0.18625,0.00575,2.39574568227584,1,0
"A",137,0.1,501996,0.894,0.902,0.2885,0.042,2.20295045065981,1,0
"A",137,0.1,501997,0.914,0.852,0.2915,0.0315,1.97750242124487,1,0
"A",137,0.1,501998,0.698,0.526,0.13925,0.0205,2.61127863641725,1,0
"A",137,0.1,501999,0.036,0.166,0.007,0.01675,0.996169956143603,1,0
"A",137,0.1,502000,0.83,0.286,0.1915,0.00975,2.26365240015196,1,0
"B",416,0.01,510001,0.752,0.294,0.00175,0,1.34104057727549,1,0
"B",416,0.01,510002,0.126,0.086,0.00025,0,4.20061074847413,1,0
"B",416,0.01,510003,0.386,0.832,0.00025,0,2.89487993985941,1,0
"B",416,0.01,510004,0.254,0.308,0,0,2.82641400468674,1,0
"B",416,0.01,510005,0.17,0.99,5e-04,0,1.60696415958024,1,0
"B",416,0.01,510006,0.7,0.422,0.00025,0,2.82767057389547,1,0
"B",416,0.01,510007,0.49,0.824,0.00025,0,1.52682930920501,1,0
"B",416,0.01,510008,0.88,0.956,0.015,0.00175,1.97752119254289,1,0
"B",416,0.01,510009,0.228,0.664,0.0015,5e-04,3.03746535544215,1,0
"B",416,0.01,510010,0.91,0.882,0.00125,0,1.84291209581786,1,0
"B",416,0.01,510011,0.186,0.82,0,0,3.04774679374701,1,0
"B",416,0.01,510012,0.224,0.486,0,0,4.90768940687846,1,0
"B",416,0.01,510013,0.4,0.68,0.00275,0.00025,2.32052895301722,1,0
"B",416,0.01,510014,0.326,0.798,0.00275,0.00175,1.18167415239706,1,0
"B",416,0.01,510015,0.858,0.822,0.0015,0,1.8591736986396,1,0
"B",416,0.01,510016,0.634,0.666,0.003,0.00025,2.25857814802156,1,0
"B",416,0.01,510017,0.602,0.892,0.00025,0,3.40631765427614,1,0
"B",416,0.01,510018,0.068,0.03,0,0,1.53493005679329,1,0
"B",416,0.01,510019,0.698,0.822,0.00375,0.00025,1.54419936564786,1,0
"B",416,0.01,510020,0.878,0.958,0.00025,0,4.71362514052763,1,0
"B",416,0.01,510021,0.376,0.234,0.00025,0,2.39433307963302,1,0
"B",416,0.01,510022,0.692,0.276,0.00275,0,2.16261360649206,1,0
"B",416,0.01,510023,0.352,0.62,0.00025,0,2.87532270462444,1,0
"B",416,0.01,510024,0.81,0.474,0.00425,0,1.40417639586484,1,0
"B",416,0.01,510025,0.234,0.422,5e-04,5e-04,1.55295011723425,1,0
"B",416,0.01,510026,0.35,0.322,0.0065,0.00075,1.44469070588095,1,0
"B",416,0.01,510027,0.402,0.22,0.001,0,3.04760775299041,1,0
"B",416,0.01,510028,0.896,0.918,0,0,3.07655201397144,1,0
"B",416,0.01,510029,0.674,0.838,0.00225,0,2.17911025508073,1,0
"B",416,0.01,510030,0.14,0.23,0.001,5e-04,0.962958980963731,1,0
"B",416,0.01,510031,0.25,0.236,0.00125,0.00025,1.93669207674199,1,0
"B",416,0.01,510032,0.16,0.702,0.00025,0,1.96685263899558,1,0
"B",416,0.01,510033,0.342,0.272,0,0,1.81478236161871,1,0
"B",416,0.01,510034,0.356,0.2,0.00025,0,1.84795849046055,1,0
"B",416,0.01,510035,0.708,0.878,0.00025,0,3.94692431401034,1,0
"B",416,0.01,510036,0.34,0.356,0,0,4.0366761023455,1,0
"B",416,0.01,510037,0.81,0.77,0.00025,0,1.63013127338956,1,0
"B",416,0.01,510038,0.84,0.592,0.00075,0,2.60447227716784,1,0
"B",416,0.01,510039,0.294,0.244,0.001,0,2.0791346527653,1,0
"B",416,0.01,510040,0.216,0.478,0.00025,0,2.08852492632863,1,0
"B",416,0.01,510041,0.636,0.548,0.01,5e-04,2.66232164066156,1,0
"B",416,0.01,510042,0.97,0.926,0.019,5e-04,2.66398565546479,1,0
"B",416,0.01,510043,0.822,0.524,0.04675,0.0045,1.30484982440173,1,0
"B",416,0.01,510044,0.628,0.168,5e-04,0,2.42056009102416,1,0
"B",416,0.01,510045,0.266,0.962,0.00075,0,2.46010972958896,1,0
"B",416,0.01,510046,0.12,0.618,0.001,0.00075,2.51815062272833,1,0
"B",416,0.01,510047,0.018,0.338,0,0,1.63859883078362,1,0
"B",416,0.01,510048,0.762,0.578,0.00425,0,2.22210407450911,1,0
"B",416,0.01,510049,0.354,0.83,0.00125,0,2.53235963730853,1,0
"B",416,0.01,510050,0.108,0.46,0.00175,0.00025,1.71567944978914,1,0
"B",416,0.01,510051,0.492,0.338,0.001,0,1.54456280024071,1,0
"B",416,0.01,510052,0.454,0.642,0.00525,0.00125,1.46082433970521,1,0
"B",416,0.01,510053,0.078,0.024,0,0,1.8052837171389,1,0
"B",416,0.01,510054,0.56,0.65,0.00725,5e-04,1.21784376165764,1,0
"B",416,0.01,510055,0.542,0.238,0.0065,0,2.66066872169021,1,0
"B",416,0.01,510056,0.066,0.022,0,0,5.0724677672052,1,0
"B",416,0.01,510057,0.558,0.448,0.002,0,1.43124965580777,1,0
"B",416,0.01,510058,0.57,0.806,0,0,4.38467099937997,1,0
"B",416,0.01,510059,0.966,0.752,0.005,0,2.84378240981361,1,0
"B",416,0.01,510060,0.516,0.172,0.00025,0,1.71814622202638,1,0
"B",416,0.01,510061,0.464,0.778,0.0015,0,3.11823595866116,1,0
"B",416,0.01,510062,0.862,0.87,0.002,0,2.19410077736381,1,0
"B",416,0.01,510063,0.422,0.794,0,0,2.24491766913646,1,0
"B",416,0.01,510064,0.114,0.882,5e-04,0,1.41279679471278,1,0
"B",416,0.01,510065,0.082,0.02,0,0,2.30130775880821,1,0
"B",416,0.01,510066,0.55,0.898,0.00125,0,1.53550407831898,1,0
"B",416,0.01,510067,0.648,0.898,0,0,2.43165331456531,1,0
"B",416,0.01,510068,0.674,0.854,0.00225,0,3.918422416857,1,0
"B",416,0.01,510069,0.51,0.95,0.001,0.00025,2.01808234213053,1,0
"B",416,0.01,510070,0.832,0.42,0.00025,0,4.32364560858571,1,0
"B",416,0.01,510071,0.77,0.914,0,0,3.00784059592067,1,0
"B",416,0.01,510072,0.902,0.52,0.012,0,1.99487925770712,1,0
"B",416,0.01,510073,0.69,0.572,0.00175,0.00025,2.49966978528313,1,0
"B",416,0.01,510074,0.396,0.936,0.002,0,1.99537886582856,1,0
"B",416,0.01,510075,0.006,0.272,0,0,2.81442959857112,1,0
"B",416,0.01,510076,0.812,0.568,0.0145,0,1.52970331365934,1,0
"B",416,0.01,510077,0.644,0.45,0.001,0,2.89127649903449,1,0
"B",416,0.01,510078,0.152,0.378,0,0,2.81538334870063,1,0
"B",416,0.01,510079,0.666,0.956,0.003,0.0015,1.27170650576666,1,0
"B",416,0.01,510080,0.822,0.918,0.00175,0,1.45700009316454,1,0
"B",416,0.01,510081,0.04,0.24,0,0,1.70431561627085,1,0
"B",416,0.01,510082,0.614,0.416,0.00025,0,2.24346324319879,1,0
"B",416,0.01,510083,0.618,0.384,5e-04,0,1.96839414654341,1,0
"B",416,0.01,510084,0.79,0.612,0.00025,0,4.27497039025485,1,0
"B",416,0.01,510085,0.184,0.63,0.001,0.00075,2.24362587275691,1,0
"B",416,0.01,510086,0.3,0.86,5e-04,0.00125,2.21549444820194,1,0
"B",416,0.01,510087,0.438,0.758,0.00125,5e-04,2.00963271194899,1,0
"B",416,0.01,510088,0.764,0.808,0.0085,0.00025,1.36918714287248,1,0
"B",416,0.01,510089,0.526,0.302,0,0,4.4820865585437,1,0
"B",416,0.01,510090,0.422,0.808,0.00225,0,2.45645869555483,1,0
"B",416,0.01,510091,0.08,0.7,0,0,1.62227482732084,1,0
"B",416,0.01,510092,0.31,0.114,0.0015,0,1.81514906305529,1,0
"B",416,0.01,510093,0.124,0.102,0.00025,0,1.81021582586139,1,0
"B",416,0.01,510094,0.18,0.774,0.00025,0,1.46319510871762,1,0
"B",416,0.01,510095,0.188,0.788,0,0,3.14618853507249,1,0
"B",416,0.01,510096,0.204,0.03,5e-04,0,1.54624768129224,1,0
"B",416,0.01,510097,0.832,0.93,0,0,3.46825725473472,1,0
"B",416,0.01,510098,0.478,0.386,0,0,3.4288543020852,1,0
"B",416,0.01,510099,0.33,0.328,0,0,2.16096193800588,1,0
"B",416,0.01,510100,0.026,0.042,0,0,1.58782684768317,1,0
"B",416,0.01,510101,0.49,0.398,0.001,0,2.13330578045933,1,0
"B",416,0.01,510102,0.942,0.734,0.00125,0,4.56143659265364,1,0
"B",416,0.01,510103,0.44,0.54,0,0,1.96431489453697,1,0
"B",416,0.01,510104,0.556,0.26,0.001,0,2.69369530905253,1,0
"B",416,0.01,510105,0.682,0.892,0.0095,0.00075,0.994072472039282,1,0
"B",416,0.01,510106,0.6,0.896,0,0,2.28385165474991,1,0
"B",416,0.01,510107,0.248,0.242,5e-04,0,2.0618438426865,1,0
"B",416,0.01,510108,0.786,0.38,0.00575,5e-04,2.14580146503637,1,0
"B",416,0.01,510109,0.664,0.652,0,0,3.00637431337005,1,0
"B",416,0.01,510110,0.758,0.968,0.00075,0,1.6909405877769,1,0
"B",416,0.01,510111,0.138,0.016,0,0,1.08003930235978,1,0
"B",416,0.01,510112,0.594,0.552,0.00175,0,1.99576183132601,1,0
"B",416,0.01,510113,0.556,0.686,0.001,0,2.46053092777955,1,0
"B",416,0.01,510114,0.448,0.252,0.006,0.0015,1.45175511815308,1,0
"B",416,0.01,510115,0.848,0.956,0.005,0,2.37559051099777,1,0
"B",416,0.01,510116,0.1,0.048,0.00125,0,1.74231385182938,1,0
"B",416,0.01,510117,0.684,0.966,5e-04,0,2.33316022598039,1,0
"B",416,0.01,510118,0.162,0.252,0,0,2.19775072566592,1,0
"B",416,0.01,510119,0.516,0.718,0.00025,0.00025,2.67681321102701,1,0
"B",416,0.01,510120,0.896,0.858,0.002,0,1.90177280435748,1,0
"B",416,0.01,510121,0.976,0.612,0.015,0.00075,1.76768796774822,1,0
"B",416,0.01,510122,0.408,0.328,0.00025,0,2.17590985520932,1,0
"B",416,0.01,510123,0.418,0.192,0,0,3.28118743134765,1,0
"B",416,0.01,510124,0.48,0.548,0.00075,0,1.90355551622277,1,0
"B",416,0.01,510125,0.648,0.406,0.024,0.00075,2.14810859710408,1,0
"B",416,0.01,510126,0.044,0.434,0,0,3.99623338129685,1,0
"B",416,0.01,510127,0.124,0.1,5e-04,0,1.66582193595657,1,0
"B",416,0.01,510128,0.15,0.302,0.00375,0.00075,1.93519744530848,1,0
"B",416,0.01,510129,0.722,0.69,0.00075,0,2.35439464450555,1,0
"B",416,0.01,510130,0.598,0.29,0,0,4.59137943686203,1,0
"B",416,0.01,510131,0.25,0.058,0.00125,0,1.66939268226447,1,0
"B",416,0.01,510132,0.154,0.206,0.0015,0.00025,2.08038682624254,1,0
"B",416,0.01,510133,0.488,0.328,0.00325,0.00125,1.50191712574735,1,0
"B",416,0.01,510134,0.718,0.696,0.00025,0,4.94689361794186,1,0
"B",416,0.01,510135,0.528,0.324,0.00125,0,2.17710143162658,1,0
"B",416,0.01,510136,0.242,0.61,0,0,5.44924272511454,1,0
"B",416,0.01,510137,0.278,0.236,0.001,0,3.03470761475434,1,0
"B",416,0.01,510138,0.664,0.328,5e-04,0,1.76490162158725,1,0
"B",416,0.01,510139,0.978,0.914,0.001,0,1.91111761731561,1,0
"B",416,0.01,510140,0.536,0.552,0.00725,0.001,2.0322840549948,1,0
"B",416,0.01,510141,0.044,0.4,0,0,1.47884934510951,1,0
"B",416,0.01,510142,0.366,0.148,0,0,2.32640634808472,1,0
"B",416,0.01,510143,0.288,0.438,0.002,5e-04,1.5515201073472,1,0
"B",416,0.01,510144,0.642,0.164,0.003,0,2.24150451302465,1,0
"B",416,0.01,510145,0.758,0.554,0.01575,0.00375,1.28484313919609,1,0
"B",416,0.01,510146,0.864,0.536,5e-04,0,2.65506688898557,1,0
"B",416,0.01,510147,0.206,0.886,0.001,0,2.82085659935491,1,0
"B",416,0.01,510148,0.27,0.548,5e-04,0,2.00475381484594,1,0
"B",416,0.01,510149,0.746,0.62,0.00325,0.00025,1.99244841198132,1,0
"B",416,0.01,510150,0.148,0.036,5e-04,0,2.52544756571929,1,0
"B",416,0.01,510151,0.152,0.378,0,0,1.78187965133155,1,0
"B",416,0.01,510152,0.412,0.312,0.00125,0,1.64285302444678,1,0
"B",416,0.01,510153,0.004,0.02,0.00025,0.00025,3.28083873798132,1,0
"B",416,0.01,510154,0.86,0.9,5e-04,0,3.42081059702444,1,0
"B",416,0.01,510155,0.032,0.024,0,0,2.55812645657314,1,0
"B",416,0.01,510156,0.218,0.626,0,0,2.70545388188469,1,0
"B",416,0.01,510157,0.42,0.826,0,0,2.87589487485641,1,0
"B",416,0.01,510158,0.196,0.376,0.00025,0.00025,1.44979656265707,1,0
"B",416,0.01,510159,0.868,0.584,0,0,4.70328898252385,1,0
"B",416,0.01,510160,0.418,0.726,0.001,0.00075,1.42329096038519,1,0
"B",416,0.01,510161,0.266,0.18,5e-04,0,1.68937217643906,1,0
"B",416,0.01,510162,0.664,0.676,0.001,0,2.50017091213429,1,0
"B",416,0.01,510163,0.248,0.416,0,0,2.42899993412675,1,0
"B",416,0.01,510164,0.476,0.792,0.00125,0,4.09952291007153,1,0
"B",416,0.01,510165,0.89,0.744,0.00425,0,2.41550819539483,1,0
"B",416,0.01,510166,0.552,0.258,0.00475,0,1.34436783351957,1,0
"B",416,0.01,510167,0.032,0.002,0,0,1.82896357467588,1,0
"B",416,0.01,510168,0.396,0.77,0.00375,0.0015,1.48357600643542,1,0
"B",416,0.01,510169,0.888,0.842,0,0,3.70784181859324,1,0
"B",416,0.01,510170,0.852,0.664,0.00075,0,3.13107046696046,1,0
"B",416,0.01,510171,0.864,0.8,0.00025,0,2.3732593175462,1,0
"B",416,0.01,510172,0.896,0.712,0.12125,0.00575,1.59019834746734,1,0
"B",416,0.01,510173,0.97,0.836,0.00275,0.00025,2.64297054165673,1,0
"B",416,0.01,510174,0.7,0.206,0.00325,0,3.22961719968211,1,0
"B",416,0.01,510175,0.284,0.32,5e-04,0,2.40511316096513,1,0
"B",416,0.01,510176,0.276,0.62,0.00075,0.00025,2.77875020182919,1,0
"B",416,0.01,510177,0.61,0.822,0,0,1.71916357423868,1,0
"B",416,0.01,510178,0.852,0.438,0,0,7.038240261815,1,0
"B",416,0.01,510179,0.212,0.978,0.00075,0.00025,2.29873913088812,1,0
"B",416,0.01,510180,0.912,0.898,0.01125,0,1.75040687728421,1,0
"B",416,0.01,510181,0.878,0.684,0.004,0.00025,1.77970344642768,1,0
"B",416,0.01,510182,0.106,0.5,0.00025,0,2.74498798187062,1,0
"B",416,0.01,510183,0.588,0.684,0.00575,0.00025,1.43003734666183,1,0
"B",416,0.01,510184,0.86,0.728,5e-04,0,1.74621319690869,1,0
"B",416,0.01,510185,0.36,0.252,0,0,1.51006418377639,1,0
"B",416,0.01,510186,0.018,0.338,0,0,3.2230843078084,1,0
"B",416,0.01,510187,0.616,0.196,0,0,4.58837310553054,1,0
"B",416,0.01,510188,0.168,0.168,0.0015,0,1.89111315720732,1,0
"B",416,0.01,510189,0.272,0.72,0,0,4.12661527890925,1,0
"B",416,0.01,510190,0.514,0.442,0.002,0,1.11740249303297,1,0
"B",416,0.01,510191,0.182,0.064,0,0,2.09237334240195,1,0
"B",416,0.01,510192,0.454,0.222,0.00025,0,1.70783347740345,1,0
"B",416,0.01,510193,0.478,0.606,0.00075,0,1.73764733892736,1,0
"B",416,0.01,510194,0.504,0.462,5e-04,0,2.87529779878594,1,0
"B",416,0.01,510195,0.378,0.728,0.0015,0,2.47105564099001,1,0
"B",416,0.01,510196,0.83,0.822,0.001,0,1.76520753552012,1,0
"B",416,0.01,510197,0.852,0.516,0.0015,0,2.62609213400913,1,0
"B",416,0.01,510198,0.198,0.672,0.00225,0.00025,1.48397423461691,1,0
"B",416,0.01,510199,0.292,0.446,0.008,0,1.26988267909001,1,0
"B",416,0.01,510200,0.944,0.918,0.001,0,3.55199363774977,1,0
"B",416,0.01,510201,0.756,0.448,0.0115,0.00025,2.13812067921853,1,0
"B",416,0.01,510202,0.37,0.5,0,0,2.58878886782138,1,0
"B",416,0.01,510203,0.12,0.862,0,0.00025,1.56943119246446,1,0
"B",416,0.01,510204,0.14,0.212,0,0,2.99817896912141,1,0
"B",416,0.01,510205,0.378,0.818,0.002,5e-04,3.5882169383841,1,0
"B",416,0.01,510206,0.638,0.488,0.0025,0,2.55927497522545,1,0
"B",416,0.01,510207,0.052,0.06,0,0,1.89817909796344,1,0
"B",416,0.01,510208,0.07,0.208,0,0,1.76253380673711,1,0
"B",416,0.01,510209,0.68,0.756,0.0015,0,2.07443096701574,1,0
"B",416,0.01,510210,0.27,0.306,0.002,0,3.7523515195303,1,0
"B",416,0.01,510211,0.176,1,0,0,5.16516794609452,1,0
"B",416,0.01,510212,0.172,0.182,0,0,3.23538985973225,1,0
"B",416,0.01,510213,0.15,0.476,0,0.00025,1.72345534234028,1,0
"B",416,0.01,510214,0.596,0.706,0,0,3.34120422825682,1,0
"B",416,0.01,510215,0.15,0.95,0,0,1.6075834904553,1,0
"B",416,0.01,510216,0.458,0.6,0.00025,0,1.27277839137505,1,0
"B",416,0.01,510217,0.236,0.106,5e-04,0,1.73126594084467,1,0
"B",416,0.01,510218,0.672,0.318,0.00075,0.00025,1.79050595490445,1,0
"B",416,0.01,510219,0.99,0.918,0.0015,0,3.37447351965601,1,0
"B",416,0.01,510220,0.894,0.938,0.00075,0,3.62107267645737,1,0
"B",416,0.01,510221,0.826,0.754,0.00875,0.00025,1.7407206873908,1,0
"B",416,0.01,510222,0.246,0.382,0,0,2.62562126143275,1,0
"B",416,0.01,510223,0.11,0.556,0,0,1.98582556046743,1,0
"B",416,0.01,510224,0.258,0.17,0,0,1.87416019990577,1,0
"B",416,0.01,510225,0.858,0.428,0.00675,0,4.43420216019907,1,0
"B",416,0.01,510226,0.678,0.558,0.0055,0.00025,1.69473611459695,1,0
"B",416,0.01,510227,0.006,0.03,0,0,2.63829056323067,1,0
"B",416,0.01,510228,0.056,0.726,0.00025,5e-04,1.38429072624289,1,0
"B",416,0.01,510229,0.732,0.762,0.00625,0,2.72161551311751,1,0
"B",416,0.01,510230,0.332,0.204,0,0,1.30786705535802,1,0
"B",416,0.01,510231,0.38,0.426,0.001,0,1.97229696987552,1,0
"B",416,0.01,510232,0.888,0.314,0.00125,0,2.8590922389278,1,0
"B",416,0.01,510233,0.844,0.618,0.0015,0,1.94754780544576,1,0
"B",416,0.01,510234,0.942,0.658,0.01175,0,1.10819001687851,1,0
"B",416,0.01,510235,0.72,0.846,0.021,0.00125,1.44073070074732,1,0
"B",416,0.01,510236,0.93,0.468,0.00175,0,2.78953994219995,1,0
"B",416,0.01,510237,0.498,0.826,0.00125,0,1.36713403651351,1,0
"B",416,0.01,510238,0.542,0.238,0.01175,0,2.44353131351906,1,0
"B",416,0.01,510239,0.296,0.31,0,0,3.65529428310192,1,0
"B",416,0.01,510240,0.876,0.928,0.00025,0,2.0859223157687,1,0
"B",416,0.01,510241,0.936,0.96,0.01425,5e-04,1.02515831180087,1,0
"B",416,0.01,510242,0.698,0.668,0,0,2.90108797635243,1,0
"B",416,0.01,510243,0.498,0.808,0.002,0.00025,1.87257530866043,1,0
"B",416,0.01,510244,0.602,0.512,5e-04,0,2.10616408125622,1,0
"B",416,0.01,510245,0.372,0.164,0,0,1.93148700163589,1,0
"B",416,0.01,510246,0.092,0.702,0,0,3.28260799887588,1,0
"B",416,0.01,510247,0.66,0.844,0.0025,0,2.2553453824026,1,0
"B",416,0.01,510248,0.25,0.194,5e-04,0,1.76198057858899,1,0
"B",416,0.01,510249,0.342,0.7,0,0,1.83178522406598,1,0
"B",416,0.01,510250,0.27,0.806,0.00075,0,3.10326753245932,1,0
"B",416,0.01,510251,0.62,0.684,0.001,0,2.58620601300522,1,0
"B",416,0.01,510252,0.448,0.34,0.003,0,2.25055383666603,1,0
"B",416,0.01,510253,0.68,0.506,0.00175,0,2.26168008339373,1,0
"B",416,0.01,510254,0.852,0.574,0.00575,0,3.24060997926138,1,0
"B",416,0.01,510255,0.83,0.476,0.00375,0.00025,1.49895755213826,1,0
"B",416,0.01,510256,0.824,0.428,0.02125,0.00025,1.88647111959721,1,0
"B",416,0.01,510257,0.146,0.494,0.0015,0,1.33273413486379,1,0
"B",416,0.01,510258,0.774,0.416,0.0075,0,1.48534339084626,1,0
"B",416,0.01,510259,0.78,0.846,0.00025,0,4.38706262618241,1,0
"B",416,0.01,510260,0.308,0.494,0.00025,0,3.52754594230403,1,0
"B",416,0.01,510261,0.126,0.418,0,0,2.61073993485855,1,0
"B",416,0.01,510262,0.962,0.7,0.00975,0,2.00314551258816,1,0
"B",416,0.01,510263,0.124,0.246,0,0,5.39247130738536,1,0
"B",416,0.01,510264,0.032,0.688,0,0.00025,1.72966102617617,1,0
"B",416,0.01,510265,0.974,0.582,0.00825,0.00025,2.32899343717717,1,0
"B",416,0.01,510266,0.53,0.542,0.001,0,2.6351157897503,1,0
"B",416,0.01,510267,0.92,0.408,0.00325,0,1.75479631509669,1,0
"B",416,0.01,510268,0.648,0.742,0.0045,0.00025,2.56344823623582,1,0
"B",416,0.01,510269,0.492,0.6,0.0115,0.00125,1.42244719373678,1,0
"B",416,0.01,510270,0.128,0.8,0.00025,0,2.22909575036983,1,0
"B",416,0.01,510271,0.41,0.666,0,0,4.95327046951047,1,0
"B",416,0.01,510272,0.584,0.584,0.00275,0,1.79990948402704,1,0
"B",416,0.01,510273,0.73,0.856,5e-04,0,2.43725168239379,1,0
"B",416,0.01,510274,0.862,0.732,0.001,0,1.56573469899696,1,0
"B",416,0.01,510275,0.938,0.644,0,0,3.43231605302335,1,0
"B",416,0.01,510276,0.026,0.024,0,0,2.05571955598501,1,0
"B",416,0.01,510277,0.722,0.208,0.00225,0.00025,2.89093745881464,1,0
"B",416,0.01,510278,0.736,0.424,0.00225,0,1.75446621175741,1,0
"B",416,0.01,510279,0.152,0.59,0,0,2.27287717238622,1,0
"B",416,0.01,510280,0.328,0.176,0.00075,0,2.54658884255429,1,0
"B",416,0.01,510281,0.382,0.358,0.00025,0,3.73812535125244,1,0
"B",416,0.01,510282,0.018,0.056,0,0,3.24881713385689,1,0
"B",416,0.01,510283,0.344,0.178,0,0,3.66102445813591,1,0
"B",416,0.01,510284,0.84,0.974,0,0,2.57420494419185,1,0
"B",416,0.01,510285,0.074,0.27,0.00025,0,1.54676139477612,1,0
"B",416,0.01,510286,0.048,0.342,0,0,3.65711852752999,1,0
"B",416,0.01,510287,0.14,0.508,0,0,2.500997980344,1,0
"B",416,0.01,510288,0.628,0.642,0.00325,5e-04,1.48043340062321,1,0
"B",416,0.01,510289,0.952,0.864,5e-04,0,1.92398670625284,1,0
"B",416,0.01,510290,0.866,0.866,0.0035,0,2.56659497032782,1,0
"B",416,0.01,510291,0.612,0.878,0.00075,0,3.59393546623004,1,0
"B",416,0.01,510292,0.012,0.028,0,0,1.93530853892449,1,0
"B",416,0.01,510293,0.05,0.316,0,0,1.96257559094818,1,0
"B",416,0.01,510294,0.276,0.716,0.004,0.001,1.42122767734947,1,0
"B",416,0.01,510295,0.874,0.438,0.00075,0,2.678143658038,1,0
"B",416,0.01,510296,0.506,0.54,0.00025,0,4.54170526829513,1,0
"B",416,0.01,510297,0.076,0.978,0,0,3.5534848349183,1,0
"B",416,0.01,510298,0.17,0.322,0.00075,0.001,0.984049762676065,1,0
"B",416,0.01,510299,0.412,0.08,0,0,3.31975299970522,1,0
"B",416,0.01,510300,0.912,0.418,0.0065,0,1.86749773627015,1,0
"B",416,0.01,510301,0.196,0.162,0.00075,0,1.49795904293378,1,0
"B",416,0.01,510302,0.13,0.718,0.00025,0.00025,1.61144487900877,1,0
"B",416,0.01,510303,0.84,0.856,0.01225,0,1.43055046690338,1,0
"B",416,0.01,510304,0.862,0.95,0.004,0,2.88352540781379,1,0
"B",416,0.01,510305,0.186,0.012,0,0,1.2335472103699,1,0
"B",416,0.01,510306,0.796,0.59,0.003,0,1.77501765499689,1,0
"B",416,0.01,510307,0.98,0.968,0.02025,0.001,1.59331733045299,1,0
"B",416,0.01,510308,0.74,0.664,0.002,5e-04,1.77345903752378,1,0
"B",416,0.01,510309,0.812,0.594,0.003,0.00025,2.18492577911215,1,0
"B",416,0.01,510310,0.468,0.372,0.0015,5e-04,2.16381259508508,1,0
"B",416,0.01,510311,0.654,0.172,0.00025,0,2.16865403435894,1,0
"B",416,0.01,510312,0.35,0.292,0.00225,0,2.29669684205933,1,0
"B",416,0.01,510313,0.316,0.914,0.00025,0,1.54336987134374,1,0
"B",416,0.01,510314,0.16,0.266,0.00225,5e-04,2.84276869292356,1,0
"B",416,0.01,510315,0.78,0.956,0.00525,0,1.47848544030404,1,0
"B",416,0.01,510316,0.514,0.84,0.00825,0,1.50557965296536,1,0
"B",416,0.01,510317,0.762,1,0.0075,0,4.60634242895588,1,0
"B",416,0.01,510318,0.184,0.872,0,0,1.61318616611422,1,0
"B",416,0.01,510319,0.484,0.33,0.00125,0,1.67308683557933,1,0
"B",416,0.01,510320,0.202,0.058,0.00075,0,2.05774454726441,1,0
"B",416,0.01,510321,0.198,0.33,0,0.00025,1.96732446344042,1,0
"B",416,0.01,510322,0.254,0.496,0.00075,0,2.85751613420781,1,0
"B",416,0.01,510323,0.058,0.07,0,0,2.84314519824637,1,0
"B",416,0.01,510324,0.342,0.81,0.008,0.00025,2.11879184991202,1,0
"B",416,0.01,510325,0.01,0.248,0,0,1.85355815983794,1,0
"B",416,0.01,510326,0.46,0.454,0,0,2.82414580626355,1,0
"B",416,0.01,510327,0.038,0.91,0,0,3.14279800715356,1,0
"B",416,0.01,510328,0.766,0.93,0.001,0,3.8375044090019,1,0
"B",416,0.01,510329,0.396,0.436,0.00025,0,1.59792766273109,1,0
"B",416,0.01,510330,0.942,0.83,0.0245,0.00075,2.01586658277151,1,0
"B",416,0.01,510331,0.74,0.36,0.00275,0.00025,1.94504075289416,1,0
"B",416,0.01,510332,0.642,0.58,0.001,0,2.44164222774751,1,0
"B",416,0.01,510333,0.34,0.358,0.008,0.00125,1.30827660504083,1,0
"B",416,0.01,510334,0.33,0.89,0,0,3.49522898679433,1,0
"B",416,0.01,510335,0.56,0.6,5e-04,0,2.12578082945927,1,0
"B",416,0.01,510336,0.2,0.402,0.00025,0,2.06864753897101,1,0
"B",416,0.01,510337,0.298,0.072,0,0,3.30829563541079,1,0
"B",416,0.01,510338,0.36,0.288,0,0,1.84506787306713,1,0
"B",416,0.01,510339,0.022,0.522,0.00025,0.001,1.95563218071975,1,0
"B",416,0.01,510340,0.652,0.372,0.00875,0.00025,3.50958035165418,1,0
"B",416,0.01,510341,0.894,0.522,0.00025,0,2.17048411543021,1,0
"B",416,0.01,510342,0.236,0.966,0.00075,5e-04,1.94437127640644,1,0
"B",416,0.01,510343,0.246,0.308,0.00425,0.001,1.31031732405986,1,0
"B",416,0.01,510344,0.494,0.818,0.00325,5e-04,1.77979864619384,1,0
"B",416,0.01,510345,0.348,0.812,5e-04,0.00025,1.46799868666928,1,0
"B",416,0.01,510346,0.18,0.672,0.00025,0,5.92077934096633,1,0
"B",416,0.01,510347,0.126,0.492,0,0,1.82537644763108,1,0
"B",416,0.01,510348,0.85,0.692,0.001,0,2.14271646796822,1,0
"B",416,0.01,510349,0.948,0.878,0.015,0.00075,2.01700057793669,1,0
"B",416,0.01,510350,0.156,0.064,0,0,4.58892456228625,1,0
"B",416,0.01,510351,0.618,0.802,0.0025,0,2.32263719801779,1,0
"B",416,0.01,510352,0.25,0.064,0.00025,0,2.76420644523298,1,0
"B",416,0.01,510353,0.05,0.818,0,0,2.92526420816419,1,0
"B",416,0.01,510354,0.326,0.326,0,0,2.06178201719163,1,0
"B",416,0.01,510355,0.68,0.692,0.003,0.00075,2.57496744943996,1,0
"B",416,0.01,510356,0.186,0.51,0,0,2.25075558906564,1,0
"B",416,0.01,510357,0.38,0.582,0,0,3.44014735005045,1,0
"B",416,0.01,510358,0.78,0.872,0.0085,0.00025,1.61271561783757,1,0
"B",416,0.01,510359,0.064,0.058,0,0,1.82485426250808,1,0
"B",416,0.01,510360,0.148,0.08,0,0,5.83700624223598,1,0
"B",416,0.01,510361,0.946,0.998,0.00025,0,1.67032927517987,1,0
"B",416,0.01,510362,0.79,0.796,0.0015,0,1.67530051809328,1,0
"B",416,0.01,510363,0.196,0.102,0.00025,0,2.67581474715363,1,0
"B",416,0.01,510364,0.88,0.788,0.0025,0,3.09146376952882,1,0
"B",416,0.01,510365,0.234,0.1,0.00025,0,3.75247134013188,1,0
"B",416,0.01,510366,0.104,0.216,0.00075,0,3.19436892091973,1,0
"B",416,0.01,510367,0.686,0.648,0.00225,0,1.69298410143913,1,0
"B",416,0.01,510368,0.958,0.858,5e-04,0.00025,4.44352855485745,1,0
"B",416,0.01,510369,0.338,0.51,0,0,3.70695492023865,1,0
"B",416,0.01,510370,0.252,0.304,0,0,2.29912099612316,1,0
"B",416,0.01,510371,0.166,0.694,0,0.00025,1.75138241899449,1,0
"B",416,0.01,510372,0.118,0.708,0,0.00025,2.09320081023433,1,0
"B",416,0.01,510373,0.094,0.448,0,0,4.1818359496541,1,0
"B",416,0.01,510374,0.662,0.44,0.00125,0,2.77257948987508,1,0
"B",416,0.01,510375,0.126,0.746,0,0.00025,2.31943354137705,1,0
"B",416,0.01,510376,0.142,0.252,0,0.00025,1.78661468454823,1,0
"B",416,0.01,510377,0.53,0.946,0.01225,0.00075,3.00313833916981,1,0
"B",416,0.01,510378,0.18,0.83,0.00025,0,1.5316007511081,1,0
"B",416,0.01,510379,0.948,0.734,0.00075,0,2.36203781049337,1,0
"B",416,0.01,510380,0.152,0.208,0,0,1.59022296357873,1,0
"B",416,0.01,510381,0.094,0.876,0,0,3.12007542032062,1,0
"B",416,0.01,510382,0.126,0.176,0.001,0,4.16558400489553,1,0
"B",416,0.01,510383,0.888,0.758,0.0095,0.00075,1.52006618592715,1,0
"B",416,0.01,510384,0.21,0.044,0,0,3.21122362315041,1,0
"B",416,0.01,510385,0.688,0.206,0.00025,0,2.78052015783207,1,0
"B",416,0.01,510386,0.084,0.63,0,0,1.83173122017784,1,0
"B",416,0.01,510387,0.518,0.922,0.001,0,2.08166652195347,1,0
"B",416,0.01,510388,0.058,0.326,5e-04,0,1.88505615925773,1,0
"B",416,0.01,510389,0.326,0.632,5e-04,0.00075,3.51985318549587,1,0
"B",416,0.01,510390,0.298,0.074,0,0,3.60021128164313,1,0
"B",416,0.01,510391,0.764,0.96,0,0,6.89079467544566,1,0
"B",416,0.01,510392,0.098,0.218,0,0,1.49176110620872,1,0
"B",416,0.01,510393,0.722,0.788,0.013,0.0015,1.3067339542685,1,0
"B",416,0.01,510394,0.216,0.226,0.0055,0.001,1.68262961038934,1,0
"B",416,0.01,510395,0.476,0.236,0.0015,0,1.68111822265428,1,0
"B",416,0.01,510396,0.398,0.778,0.00025,0.00025,3.32158601803271,1,0
"B",416,0.01,510397,0.344,0.318,0.0015,0,1.37658518467957,1,0
"B",416,0.01,510398,0.012,0.108,0,0,2.45742381714438,1,0
"B",416,0.01,510399,0.206,0.228,0.00025,0,4.21547689556585,1,0
"B",416,0.01,510400,0.776,0.928,0.00025,0,2.30377081945877,1,0
"B",416,0.01,510401,0.562,0.6,5e-04,0,4.72996392676135,1,0
"B",416,0.01,510402,0.682,0.54,0.00025,0,3.46018316322663,1,0
"B",416,0.01,510403,0.014,0.352,0,0.00025,2.16633550533763,1,0
"B",416,0.01,510404,0.536,0.778,0.0015,0,4.36431267131427,1,0
"B",416,0.01,510405,0.136,0.162,0,0.00025,1.81729388539276,1,0
"B",416,0.01,510406,0.346,0.842,0.00025,0,1.37644160109247,1,0
"B",416,0.01,510407,0.928,0.75,0.0245,5e-04,1.78637629624101,1,0
"B",416,0.01,510408,0.402,0.73,5e-04,0,2.57645926214646,1,0
"B",416,0.01,510409,0.396,0.948,0,0,3.76666248597227,1,0
"B",416,0.01,510410,0.034,0.052,0,0,2.82943557841054,1,0
"B",416,0.01,510411,0.184,0.394,0,0,1.83610826157855,1,0
"B",416,0.01,510412,0.23,0.132,0,0,1.95754257184407,1,0
"B",416,0.01,510413,0.256,0.438,0.00025,0,1.54365846792835,1,0
"B",416,0.01,510414,0.666,0.974,0.00025,0,5.08211013955625,1,0
"B",416,0.01,510415,0.794,0.674,0.00125,0,1.92134308973469,1,0
"B",416,0.01,510416,0.526,0.928,0.00175,0,2.60417106048492,1,0
"B",416,0.01,510417,0.636,0.422,0.007,0.001,1.90096399386528,1,0
"B",416,0.01,510418,0.106,0.036,0,0,2.98847759314881,1,0
"B",416,0.01,510419,0.546,0.902,0.001,0,3.5520046515986,1,0
"B",416,0.01,510420,0.372,0.154,0.0015,0.00075,2.38906485830559,1,0
"B",416,0.01,510421,0.232,0.064,0,0,4.52071465106867,1,0
"B",416,0.01,510422,0.364,0.95,0,0,3.71294063984351,1,0
"B",416,0.01,510423,0.312,0.742,0,0,1.50977032676898,1,0
"B",416,0.01,510424,0.798,0.742,0.01775,0.00325,3.15031148201248,1,0
"B",416,0.01,510425,0.648,0.688,0.00025,0,2.00836123102888,1,0
"B",416,0.01,510426,0.78,0.498,0.0295,0,1.82883451046926,1,0
"B",416,0.01,510427,0.804,0.864,0.0245,0.002,1.29668427535989,1,0
"B",416,0.01,510428,0.5,0.228,0,0,3.66957483810465,1,0
"B",416,0.01,510429,0.248,0.306,0,0,1.82303439994504,1,0
"B",416,0.01,510430,0.016,0.02,0,0,4.78173134163315,1,0
"B",416,0.01,510431,0.65,0.7,0.00075,0,2.14617687683449,1,0
"B",416,0.01,510432,0.308,0.178,0,0,1.74505029324778,1,0
"B",416,0.01,510433,0.988,0.834,0.01375,5e-04,1.78964678268823,1,0
"B",416,0.01,510434,0.902,0.992,0.00125,0,2.17360584112319,1,0
"B",416,0.01,510435,0.626,0.702,0.003,0,2.11802924491809,1,0
"B",416,0.01,510436,0.896,0.932,0.001,0,3.81179410982715,1,0
"B",416,0.01,510437,0.738,0.782,0.01025,0.00025,2.22797699719586,1,0
"B",416,0.01,510438,0.368,0.434,0.00025,0,3.93978332939189,1,0
"B",416,0.01,510439,0.46,0.652,0.00075,0,1.8745228952731,1,0
"B",416,0.01,510440,0.208,0.318,0,0,3.31985412523263,1,0
"B",416,0.01,510441,0.958,0.88,0.00825,0.00025,4.21542142427166,1,0
"B",416,0.01,510442,0.392,0.116,5e-04,0,1.65080170620682,1,0
"B",416,0.01,510443,0.25,0.468,0.00325,0,1.1692059502438,1,0
"B",416,0.01,510444,0.604,0.716,5e-04,0,1.3080497448942,1,0
"B",416,0.01,510445,0.242,0.464,0.00025,0,3.47985691959236,1,0
"B",416,0.01,510446,0.594,0.88,0.00025,0,2.65553157938869,1,0
"B",416,0.01,510447,0.076,0.006,0,0,4.67425108249804,1,0
"B",416,0.01,510448,0.436,0.792,0.00025,0,2.20313745228474,1,0
"B",416,0.01,510449,0.274,0.416,0,0.00025,1.68667521498173,1,0
"B",416,0.01,510450,0.094,0.158,0.0015,0,1.37629693549873,1,0
"B",416,0.01,510451,0.552,0.664,0.00075,0,4.56003304760113,1,0
"B",416,0.01,510452,0.49,0.846,0.00125,0,3.70231248252639,1,0
"B",416,0.01,510453,0.284,0.926,0.00075,0,2.93491695062937,1,0
"B",416,0.01,510454,0.786,0.816,0.004,0,1.18401031273181,1,0
"B",416,0.01,510455,0.438,0.324,0.00025,0,3.58147174363505,1,0
"B",416,0.01,510456,0.136,0.738,0,0,2.56188054380927,1,0
"B",416,0.01,510457,0.024,0.014,0,0,2.65907273595506,1,0
"B",416,0.01,510458,0.116,0.938,0,0,3.45576814725429,1,0
"B",416,0.01,510459,0.014,0.118,0,0.00075,1.37654298901095,1,0
"B",416,0.01,510460,0.752,0.268,0.007,5e-04,1.98571327302586,1,0
"B",416,0.01,510461,0.19,0.028,0.00025,0,2.07522744703639,1,0
"B",416,0.01,510462,0.048,0.01,0.00025,0,1.5169110858291,1,0
"B",416,0.01,510463,0.886,0.966,0.0535,0.00225,1.20605098505783,1,0
"B",416,0.01,510464,0.852,0.438,0.00075,0,3.02964307033346,1,0
"B",416,0.01,510465,0.966,0.906,0.00325,0.00025,2.53194225378625,1,0
"B",416,0.01,510466,0.452,0.772,0.00125,5e-04,1.88444817115417,1,0
"B",416,0.01,510467,0.81,0.452,0.00075,0,4.46560772730285,1,0
"B",416,0.01,510468,0.068,0.316,0,0,1.89680248286845,1,0
"B",416,0.01,510469,0.846,0.644,0.001,0,2.64616418765261,1,0
"B",416,0.01,510470,0.518,0.446,0.00325,0.00025,2.19614129246687,1,0
"B",416,0.01,510471,0.596,0.926,5e-04,0,4.63428696331404,1,0
"B",416,0.01,510472,0.114,0.24,0,0,3.18849302087573,1,0
"B",416,0.01,510473,0.424,0.842,0.00525,0.0015,1.07760931585776,1,0
"B",416,0.01,510474,0.306,0.302,0,0,4.13510704145942,1,0
"B",416,0.01,510475,0.032,0.188,0,0.00025,1.45920169639073,1,0
"B",416,0.01,510476,0.672,0.718,0.00275,0,2.34951676704427,1,0
"B",416,0.01,510477,0.024,0.004,0,0,1.98377903802639,1,0
"B",416,0.01,510478,0.09,0.924,0,0,1.89751532555792,1,0
"B",416,0.01,510479,0.852,0.758,0.0025,0,3.03842527440026,1,0
"B",416,0.01,510480,0.152,0.072,0.00075,0.00025,1.32573323082215,1,0
"B",416,0.01,510481,0.954,0.69,0.003,0,3.76026153908623,1,0
"B",416,0.01,510482,0.048,0.012,0,0,3.05598429082162,1,0
"B",416,0.01,510483,0.874,0.932,5e-04,0,3.35670747152907,1,0
"B",416,0.01,510484,0.166,0.026,0.00025,0,1.8910958038172,1,0
"B",416,0.01,510485,0.926,0.614,0.006,0.00025,2.02903414540727,1,0
"B",416,0.01,510486,0.34,0.708,0.003,0,1.70242793141973,1,0
"B",416,0.01,510487,0.41,0.358,0,0,3.95634313605474,1,0
"B",416,0.01,510488,0.592,0.778,0.0025,0,1.13609397534253,1,0
"B",416,0.01,510489,0.97,0.804,0.0015,0,3.24935271907713,1,0
"B",416,0.01,510490,0.138,0.152,0,0,1.64837495665957,1,0
"B",416,0.01,510491,0.732,0.366,0.00525,0.00025,2.61505041896957,1,0
"B",416,0.01,510492,0.366,0.722,5e-04,0,3.09572357818401,1,0
"B",416,0.01,510493,0.808,0.368,0.00025,0,4.52362611534259,1,0
"B",416,0.01,510494,0.064,0.168,0,0,1.67272888717078,1,0
"B",416,0.01,510495,0.35,0.618,5e-04,0.00025,2.15227881160196,1,0
"B",416,0.01,510496,0.806,0.788,0.00025,0.00025,2.80939057753943,1,0
"B",416,0.01,510497,0.132,0.714,0.00075,0,3.78547741904851,1,0
"B",416,0.01,510498,0.37,0.096,0.00125,0,2.56455291659265,1,0
"B",416,0.01,510499,0.516,0.852,0.00175,0.00025,2.37730706328355,1,0
"B",416,0.01,510500,0.224,0.086,0.00075,0,2.2990182543127,1,0
"B",416,0.01,510501,0.598,0.202,0.003,0,1.31193899000428,1,0
"B",416,0.01,510502,0.568,0.566,0.00225,0.00025,1.45283839733628,1,0
"B",416,0.01,510503,0.256,0.11,0.00075,0,3.09620799218368,1,0
"B",416,0.01,510504,0.332,0.368,5e-04,0,2.23329828655156,1,0
"B",416,0.01,510505,0.552,0.422,0.00075,0,2.16567015103916,1,0
"B",416,0.01,510506,0.19,0.034,0.00025,0,2.79791403454787,1,0
"B",416,0.01,510507,0.258,0.658,0.00025,0,1.81746267605448,1,0
"B",416,0.01,510508,0.326,0.356,0.00025,0.00025,2.35986559591486,1,0
"B",416,0.01,510509,0.792,0.942,0.00025,0,2.87992521550428,1,0
"B",416,0.01,510510,0.302,0.254,0.00025,0,3.01380224642346,1,0
"B",416,0.01,510511,0.228,0.106,0,0,2.23024291583082,1,0
"B",416,0.01,510512,0.622,0.698,0.02075,0.0025,1.55864726776588,1,0
"B",416,0.01,510513,0.164,0.524,0,0,2.62857837757837,1,0
"B",416,0.01,510514,0.664,0.608,0.001,0,2.06768711968541,1,0
"B",416,0.01,510515,0.35,0.832,0.00725,0.00025,1.9374391679347,1,0
"B",416,0.01,510516,0.578,0.228,0.0025,0,2.7789343421008,1,0
"B",416,0.01,510517,0.916,0.926,0.00225,0,2.26797970743542,1,0
"B",416,0.01,510518,0.594,0.802,0.00125,0,3.86651762997277,1,0
"B",416,0.01,510519,0.894,0.804,0.00075,0.00025,2.63018587023492,1,0
"B",416,0.01,510520,0.136,0.214,0.00025,0,1.58818598243124,1,0
"B",416,0.01,510521,0.676,0.992,0,0,2.55907856990339,1,0
"B",416,0.01,510522,0.802,0.63,0.00175,0,1.89847075349125,1,0
"B",416,0.01,510523,0.58,0.982,0.00075,0.00025,2.10659943265952,1,0
"B",416,0.01,510524,0.824,0.944,0.0055,0.00025,1.39273222911097,1,0
"B",416,0.01,510525,0.464,0.208,0.00425,0,3.33548582377013,1,0
"B",416,0.01,510526,0.772,0.23,0,0,3.75544464178489,1,0
"B",416,0.01,510527,0.226,0.814,0.0055,0.0035,1.27594911061283,1,0
"B",416,0.01,510528,0.188,0.704,0.00075,0.00075,1.64756532453689,1,0
"B",416,0.01,510529,0.436,0.384,5e-04,0,1.59749018024754,1,0
"B",416,0.01,510530,0.586,0.46,0,0,2.12722169903931,1,0
"B",416,0.01,510531,0.972,0.87,0.00525,5e-04,1.42528301161628,1,0
"B",416,0.01,510532,0.066,0.108,0,0,1.711821278904,1,0
"B",416,0.01,510533,0.258,0.56,0,0,5.96857927963996,1,0
"B",416,0.01,510534,0.47,0.978,5e-04,0,2.1391182643295,1,0
"B",416,0.01,510535,0.48,0.414,0.0015,0,2.36069487786913,1,0
"B",416,0.01,510536,0.65,0.526,0.0025,0,4.21508410093537,1,0
"B",416,0.01,510537,0.444,0.286,0,0,2.62982378895507,1,0
"B",416,0.01,510538,0.394,0.602,0,0,3.83888111893412,1,0
"B",416,0.01,510539,0.126,0.048,0,0,1.11213102221369,1,0
"B",416,0.01,510540,0.732,0.438,0,0,2.44673050124026,1,0
"B",416,0.01,510541,0.304,0.168,0,0,3.31575466325918,1,0
"B",416,0.01,510542,0.048,0.99,5e-04,0.00025,1.88327993689586,1,0
"B",416,0.01,510543,0.784,0.71,0.00625,0,2.05508077823432,1,0
"B",416,0.01,510544,0.186,0.5,5e-04,0,1.76557039151186,1,0
"B",416,0.01,510545,0.022,0.206,0,0,2.14773658644582,1,0
"B",416,0.01,510546,0.492,0.704,0.00075,0,3.18567620343201,1,0
"B",416,0.01,510547,0.202,0.18,0,0,3.72187529778978,1,0
"B",416,0.01,510548,0.38,0.818,0,0,3.50636356429248,1,0
"B",416,0.01,510549,0.28,0.718,0.0015,0,1.29889380276035,1,0
"B",416,0.01,510550,0.326,0.368,0.001,0,1.59245603864702,1,0
"B",416,0.01,510551,0.644,0.436,0.00075,0,4.2410074164711,1,0
"B",416,0.01,510552,0.542,0.656,0.0015,0,1.63804303243988,1,0
"B",416,0.01,510553,0.126,0.986,0.001,0.00075,2.31811221747252,1,0
"B",416,0.01,510554,0.38,0.648,0.0035,0.0015,1.33202447241843,1,0
"B",416,0.01,510555,0.736,0.712,0.00325,0.00025,1.03725004397103,1,0
"B",416,0.01,510556,0.01,0.036,0,0,1.4599981241222,1,0
"B",416,0.01,510557,0.32,0.842,0.00125,0.00075,1.34821603862187,1,0
"B",416,0.01,510558,0.782,0.794,0.006,5e-04,1.51655475198853,1,0
"B",416,0.01,510559,0.042,0.244,0.00025,0,1.52035956878232,1,0
"B",416,0.01,510560,0.348,0.156,0,0,2.54273307827279,1,0
"B",416,0.01,510561,0.986,0.858,0.002,0,3.37538517854025,1,0
"B",416,0.01,510562,0.162,0.944,0.0015,0.00125,1.21030654648533,1,0
"B",416,0.01,510563,0.42,0.062,0.003,0,2.5340300608767,1,0
"B",416,0.01,510564,0.226,0.852,0,0,2.47006480130607,1,0
"B",416,0.01,510565,0.494,0.818,0.00125,0.001,1.46391957103193,1,0
"B",416,0.01,510566,0.194,0.658,0,0,1.97374820425975,1,0
"B",416,0.01,510567,0.416,0.758,0.00125,0.002,1.53276879951036,1,0
"B",416,0.01,510568,0.25,0.104,5e-04,0,1.83766196530266,1,0
"B",416,0.01,510569,0.446,0.14,0,0,1.3410293649422,1,0
"B",416,0.01,510570,0.55,0.686,0.00025,0,2.05005954592689,1,0
"B",416,0.01,510571,0.24,0.56,0.0015,0.00025,1.64320100274903,1,0
"B",416,0.01,510572,0.358,0.128,0.00575,0,1.81348067505868,1,0
"B",416,0.01,510573,0.612,0.534,0,0,2.9910997211901,1,0
"B",416,0.01,510574,0.43,0.57,5e-04,0,1.49845985793639,1,0
"B",416,0.01,510575,0.368,0.362,0.00625,0.0015,1.15949612511657,1,0
"B",416,0.01,510576,0.502,0.842,0,0,3.63662131874649,1,0
"B",416,0.01,510577,0.384,0.034,0.001,0,1.99066363386087,1,0
"B",416,0.01,510578,0.436,0.99,0.0035,0.00075,1.84703400538404,1,0
"B",416,0.01,510579,0.322,0.186,0,0,2.31476664624408,1,0
"B",416,0.01,510580,0.91,0.418,0.006,0,3.9618169272703,1,0
"B",416,0.01,510581,0.722,0.876,0.01825,0.00075,1.29877635108761,1,0
"B",416,0.01,510582,0.326,0.122,0,0,5.21601388601918,1,0
"B",416,0.01,510583,0.304,0.858,0.00275,0.001,1.57188403776632,1,0
"B",416,0.01,510584,0.266,0.71,0,0,2.93403982318093,1,0
"B",416,0.01,510585,0.5,0.93,0.00025,0,1.88501603723181,1,0
"B",416,0.01,510586,0.002,0.204,0,0,1.87109321255281,1,0
"B",416,0.01,510587,0.162,0.882,0,0.00025,1.39145409112107,1,0
"B",416,0.01,510588,0.5,0.074,0.00825,0,1.95524467306123,1,0
"B",416,0.01,510589,0.294,0.292,0.0015,0,2.69724227493627,1,0
"B",416,0.01,510590,0.81,0.89,5e-04,0,1.11907626313332,1,0
"B",416,0.01,510591,0.832,0.958,0.00175,0,2.39066540721304,1,0
"B",416,0.01,510592,0.082,0.078,5e-04,0.00025,1.09290264240283,1,0
"B",416,0.01,510593,0.526,0.818,0,0,3.47107774568575,1,0
"B",416,0.01,510594,0.752,0.804,0.006,0,1.56972380986976,1,0
"B",416,0.01,510595,0.812,0.982,0.00075,0,3.82197342514113,1,0
"B",416,0.01,510596,0.162,0.304,0,0,2.96212218845108,1,0
"B",416,0.01,510597,0.672,0.322,5e-04,0,2.87121634837992,1,0
"B",416,0.01,510598,0.9,0.73,0.00025,0,2.66799507547137,1,0
"B",416,0.01,510599,0.482,0.464,0,0,2.78200752653801,1,0
"B",416,0.01,510600,0.032,0.068,0,0,2.72204209164733,1,0
"B",416,0.01,510601,0.542,0.756,0.001,0,2.14569069455769,1,0
"B",416,0.01,510602,0.86,0.482,0,0,3.25895093867486,1,0
"B",416,0.01,510603,0.39,0.982,0.00075,0,2.80117967616308,1,0
"B",416,0.01,510604,0.364,0.212,5e-04,0,2.01472345050312,1,0
"B",416,0.01,510605,0.098,0.15,0.00025,0,1.9509956199757,1,0
"B",416,0.01,510606,0.68,0.314,5e-04,0,1.63732955767304,1,0
"B",416,0.01,510607,0.438,0.116,0.00125,0,2.74797394273988,1,0
"B",416,0.01,510608,0.358,0.23,0,0,2.7579951793321,1,0
"B",416,0.01,510609,0.44,0.774,0.0025,0,2.17367991428199,1,0
"B",416,0.01,510610,0.1,0.986,0.00025,0,2.63410453819137,1,0
"B",416,0.01,510611,0.186,0.94,0,0.00025,2.62582209086248,1,0
"B",416,0.01,510612,0.868,0.61,0,0,6.49191079233645,1,0
"B",416,0.01,510613,0.382,0.898,0.00175,0.00125,1.8405976812351,1,0
"B",416,0.01,510614,0.27,0.422,0.00025,0.00025,3.89253098402059,1,0
"B",416,0.01,510615,0.974,0.618,0.00125,0,1.68772126155072,1,0
"B",416,0.01,510616,0.862,0.778,0.00775,5e-04,2.56043470120593,1,0
"B",416,0.01,510617,0.688,0.712,0,0,2.40893285430509,1,0
"B",416,0.01,510618,0.51,0.82,0,0,2.73936149375178,1,0
"B",416,0.01,510619,0.82,0.452,0.00325,0,4.00586207375408,1,0
"B",416,0.01,510620,0.048,0.064,0,0,2.82491011411894,1,0
"B",416,0.01,510621,0.442,0.228,0.00125,0,1.66205771420266,1,0
"B",416,0.01,510622,0.77,0.188,0.0065,0,2.49339422247041,1,0
"B",416,0.01,510623,0.848,0.508,0.00175,0.00025,2.51804021699701,1,0
"B",416,0.01,510624,0.88,0.8,0,0,3.79526198888402,1,0
"B",416,0.01,510625,0.956,0.822,0.003,0,1.96353391176823,1,0
"B",416,0.01,510626,0.436,0.288,5e-04,0,2.13639534608095,1,0
"B",416,0.01,510627,0.99,0.89,0.00375,0,2.76760694790148,1,0
"B",416,0.01,510628,0.276,0.15,0.00275,5e-04,1.13671134607066,1,0
"B",416,0.01,510629,0.63,0.352,0.01,0.00025,1.65670927312865,1,0
"B",416,0.01,510630,0.058,0.762,0,0,3.66882981528837,1,0
"B",416,0.01,510631,0.498,0.988,0.00175,0,3.09243466511853,1,0
"B",416,0.01,510632,0.422,0.712,5e-04,0,2.33761683424787,1,0
"B",416,0.01,510633,0.292,0.876,0.0015,0.00025,2.16490417478781,1,0
"B",416,0.01,510634,0.002,0.364,0,0,2.09849318925735,1,0
"B",416,0.01,510635,0.988,0.996,0,0,2.8833573696131,1,0
"B",416,0.01,510636,0.218,0.128,0,0,1.67274203082778,1,0
"B",416,0.01,510637,0.83,0.782,0.00775,0.00075,1.89150206292908,1,0
"B",416,0.01,510638,0.378,0.176,5e-04,0,2.2826047870289,1,0
"B",416,0.01,510639,0.386,0.992,0,0,6.05061523583982,1,0
"B",416,0.01,510640,0.822,0.996,0.001,0.00025,2.40959689055572,1,0
"B",416,0.01,510641,0.534,0.562,0,0,2.03431355588681,1,0
"B",416,0.01,510642,0.186,0.362,5e-04,0,1.26798631034754,1,0
"B",416,0.01,510643,0.022,0.07,0,0,1.98734586876431,1,0
"B",416,0.01,510644,0.492,0.576,0.00025,0,2.94803842008216,1,0
"B",416,0.01,510645,0.016,0.03,0,0,3.4304863686335,1,0
"B",416,0.01,510646,0.626,0.868,0.006,0.00025,1.06225759258192,1,0
"B",416,0.01,510647,0.338,0.758,0.00025,0.00025,3.56113001713377,1,0
"B",416,0.01,510648,0.202,0.328,0.0015,0.001,1.48869991028908,1,0
"B",416,0.01,510649,0.744,0.456,0.00025,0,2.70361289263443,1,0
"B",416,0.01,510650,0.88,0.57,0.003,0,4.66489514851043,1,0
"B",416,0.01,510651,0.514,0.668,0.00025,0,2.81786140877038,1,0
"B",416,0.01,510652,0.502,0.282,0.00125,0,4.37448196789753,1,0
"B",416,0.01,510653,0.002,0.122,0,0,2.0601407756141,1,0
"B",416,0.01,510654,0.896,0.972,0,0,2.94461154805103,1,0
"B",416,0.01,510655,0.084,0.008,0,0,3.21658932246387,1,0
"B",416,0.01,510656,0.676,0.986,0.00075,0,2.62307338992363,1,0
"B",416,0.01,510657,0.812,0.25,0.0115,0.00025,2.56544359218737,1,0
"B",416,0.01,510658,0.338,0.15,0.00075,0,2.38270562540809,1,0
"B",416,0.01,510659,0.882,0.6,0.0015,0,2.87134261056796,1,0
"B",416,0.01,510660,0.554,0.582,0.0035,0,2.06494746127363,1,0
"B",416,0.01,510661,0.204,0.174,0,0,2.48646654084094,1,0
"B",416,0.01,510662,0.61,0.292,0.00175,0,1.74467137951123,1,0
"B",416,0.01,510663,0.248,0.804,0.00125,0,1.73965035701157,1,0
"B",416,0.01,510664,0.048,0.866,0,0,1.61189598354453,1,0
"B",416,0.01,510665,0.532,0.25,5e-04,0,3.98778785856321,1,0
"B",416,0.01,510666,0.528,0.392,0.00025,0,2.66245365222504,1,0
"B",416,0.01,510667,0.75,0.742,0.0065,0.00025,1.28099724306587,1,0
"B",416,0.01,510668,0.208,0.978,0,0,2.04317529452012,1,0
"B",416,0.01,510669,0.24,0.738,0.00125,0.00025,1.4260893089756,1,0
"B",416,0.01,510670,0.032,0.03,0,0,2.50004115894465,1,0
"B",416,0.01,510671,0.782,0.866,0.002,0,1.42572797991711,1,0
"B",416,0.01,510672,0.112,0.852,0.00575,0.00125,2.77547522467291,1,0
"B",416,0.01,510673,0.586,0.186,0,0,5.00691254531721,1,0
"B",416,0.01,510674,0.664,0.648,5e-04,0.00025,2.15727251201358,1,0
"B",416,0.01,510675,0.972,0.776,0.002,0,2.96648756158438,1,0
"B",416,0.01,510676,0.004,0.012,0,0,2.53698048503166,1,0
"B",416,0.01,510677,0.776,0.992,0.03275,0.00125,1.95213412309722,1,0
"B",416,0.01,510678,0.484,0.962,0,0,2.1081028909911,1,0
"B",416,0.01,510679,0.602,0.288,0.00025,0,2.25117139566188,1,0
"B",416,0.01,510680,0.318,0.854,0.00525,0.001,2.46898928451511,1,0
"B",416,0.01,510681,0.138,0.886,0,0,1.9705325776796,1,0
"B",416,0.01,510682,0.036,0.008,5e-04,0,1.49905744978071,1,0
"B",416,0.01,510683,0.048,0.852,0,0,1.32912906771252,1,0
"B",416,0.01,510684,0.014,0.594,0,0,2.52209757318981,1,0
"B",416,0.01,510685,0.644,0.38,0.00275,0,3.43121476759808,1,0
"B",416,0.01,510686,0.7,0.944,0.01025,0.00075,1.87423885894866,1,0
"B",416,0.01,510687,0.122,0.194,0,0,1.87531226633171,1,0
"B",416,0.01,510688,0.174,0.89,0,0.00025,2.58635219503577,1,0
"B",416,0.01,510689,0.018,0.01,0,0,2.58328942480785,1,0
"B",416,0.01,510690,0.132,0.394,0.00025,0,3.8394062811492,1,0
"B",416,0.01,510691,0.724,0.754,0.00175,0.00025,2.68151425348652,1,0
"B",416,0.01,510692,0.52,0.79,0.004,0.00225,1.6760249612241,1,0
"B",416,0.01,510693,0.582,0.916,5e-04,0,1.68255260098018,1,0
"B",416,0.01,510694,0.064,0.578,0,0,1.48519791213909,1,0
"B",416,0.01,510695,0.302,0.678,0.00025,0,2.10106877841531,1,0
"B",416,0.01,510696,0.026,0.048,0,0,2.05693413908715,1,0
"B",416,0.01,510697,0.548,0.574,0.0065,0.00025,2.81009080773961,1,0
"B",416,0.01,510698,0.31,0.406,0.002,0.00025,2.17760678183365,1,0
"B",416,0.01,510699,0.634,0.226,0.001,0,3.83758550939969,1,0
"B",416,0.01,510700,0.74,0.354,0.00375,5e-04,1.7035614553099,1,0
"B",416,0.01,510701,0.166,0.228,0.002,5e-04,1.2609547740593,1,0
"B",416,0.01,510702,0.714,0.676,0.0135,0.00025,2.1333122430109,1,0
"B",416,0.01,510703,0.386,0.98,0,0,3.30275336124992,1,0
"B",416,0.01,510704,0.156,0.458,0,0,1.29665685803017,1,0
"B",416,0.01,510705,0.028,0.318,0.00025,0,3.52568796411381,1,0
"B",416,0.01,510706,0.698,0.45,0.00075,0,4.86717166463333,1,0
"B",416,0.01,510707,0.998,0.906,0.00625,0,2.01889840184753,1,0
"B",416,0.01,510708,0.398,0.37,0.0055,0.00075,1.60955130264581,1,0
"B",416,0.01,510709,0.616,0.926,0,0,3.46052714170154,1,0
"B",416,0.01,510710,0.65,0.444,0.001,0,5.1219622329321,1,0
"B",416,0.01,510711,0.494,0.738,0,0,4.6246881695428,1,0
"B",416,0.01,510712,0.51,0.332,0,0,1.88052629880353,1,0
"B",416,0.01,510713,0.424,0.692,0.004,0.00125,2.03036303579707,1,0
"B",416,0.01,510714,0.998,0.918,0.00675,0,4.25888039105709,1,0
"B",416,0.01,510715,0.998,0.882,0.00375,0,2.43993215800926,1,0
"B",416,0.01,510716,0.202,0.582,0.00025,0,2.44827002232156,1,0
"B",416,0.01,510717,0.194,0.384,0,0,1.95651479870278,1,0
"B",416,0.01,510718,0.306,0.642,5e-04,0,3.38571475513019,1,0
"B",416,0.01,510719,0.762,0.642,0.009,0.00025,1.20537743649321,1,0
"B",416,0.01,510720,0.328,0.896,0,0,1.95898244713709,1,0
"B",416,0.01,510721,0.36,0.742,0.0015,0.00025,2.16527890032136,1,0
"B",416,0.01,510722,0.118,0.106,0,0,4.28874009713591,1,0
"B",416,0.01,510723,0.232,0.74,0,0,2.68654681043177,1,0
"B",416,0.01,510724,0.346,0.942,0,0,4.74380620686793,1,0
"B",416,0.01,510725,0.14,0.364,0.002,5e-04,1.89684718077771,1,0
"B",416,0.01,510726,0.158,0.276,0,0,4.66895266787821,1,0
"B",416,0.01,510727,0.662,0.71,0.00175,0,1.78562360888361,1,0
"B",416,0.01,510728,0.948,0.576,0.034,0.001,1.92073747631715,1,0
"B",416,0.01,510729,0.248,0.218,5e-04,0.00025,4.75975344717305,1,0
"B",416,0.01,510730,0.004,0.432,0,0,3.36941310699211,1,0
"B",416,0.01,510731,0.51,0.964,0.004,0.001,2.57346829651228,1,0
"B",416,0.01,510732,0.546,0.864,0.00725,0.00025,1.40096651867774,1,0
"B",416,0.01,510733,0.974,0.898,0.00925,0.00075,2.54335593714068,1,0
"B",416,0.01,510734,0.928,0.98,0,0,2.40330485172549,1,0
"B",416,0.01,510735,0.648,0.914,0,0,1.73468341212023,1,0
"B",416,0.01,510736,0.058,0.298,0.00025,0,1.5951226817774,1,0
"B",416,0.01,510737,0.344,0.886,0,0,1.80564823129428,1,0
"B",416,0.01,510738,0.266,0.274,0.00025,0,1.90000145221008,1,0
"B",416,0.01,510739,0.902,0.976,0.0145,5e-04,3.57859326356407,1,0
"B",416,0.01,510740,0.972,0.832,0.01125,0.00025,1.92076505886084,1,0
"B",416,0.01,510741,0.972,0.998,0.02125,5e-04,1.51937832632106,1,0
"B",416,0.01,510742,0.712,0.646,0.0055,0,2.28056647102581,1,0
"B",416,0.01,510743,0.51,0.332,0.00025,0,1.85636636341184,1,0
"B",416,0.01,510744,0.19,0.03,0.00125,0.00025,1.17359130483539,1,0
"B",416,0.01,510745,0.056,0.73,0,0,2.92743220222272,1,0
"B",416,0.01,510746,0.332,0.83,0.00025,0,3.92097396570714,1,0
"B",416,0.01,510747,0.306,0.9,0.00025,0.00025,1.80065975260855,1,0
"B",416,0.01,510748,0.626,0.716,0,0,2.31773100156482,1,0
"B",416,0.01,510749,0.09,0.632,5e-04,0,1.73887978013925,1,0
"B",416,0.01,510750,0.082,0.428,0,0,2.21514065239983,1,0
"B",416,0.01,510751,0.588,0.628,0.00175,0,2.56598150786263,1,0
"B",416,0.01,510752,0.078,0.242,0,0,2.69223296394892,1,0
"B",416,0.01,510753,0.936,0.9,0.05875,0.00175,2.04793211692319,1,0
"B",416,0.01,510754,0.142,0.048,0.00025,0,2.46236504478779,1,0
"B",416,0.01,510755,0.23,0.15,0.0045,0.00025,1.34435016554699,1,0
"B",416,0.01,510756,0.166,0.038,0,0,1.67587035563777,1,0
"B",416,0.01,510757,0.05,0.148,0.00025,0,1.44889716195048,1,0
"B",416,0.01,510758,0.786,0.79,0.00225,0.00025,3.77930824122237,1,0
"B",416,0.01,510759,0.966,0.914,0.07875,0.00625,1.29889277047119,1,0
"B",416,0.01,510760,0.132,0.098,0,0,1.97949117948706,1,0
"B",416,0.01,510761,0.278,0.17,0.00075,0.00025,1.59794586542433,1,0
"B",416,0.01,510762,0.956,0.984,0.0175,0,2.85072519605359,1,0
"B",416,0.01,510763,0.702,0.974,0.00025,0,3.41561808273138,1,0
"B",416,0.01,510764,0.838,0.952,0,0,4.87515218084995,1,0
"B",416,0.01,510765,0.232,0.924,0.00025,0,2.1865137132493,1,0
"B",416,0.01,510766,0.9,0.466,0.00675,5e-04,2.2459980394285,1,0
"B",416,0.01,510767,0.002,0.102,0,0,3.85131347733012,1,0
"B",416,0.01,510768,0.488,0.648,0.001,0,1.71949584149016,1,0
"B",416,0.01,510769,0.162,0.258,0,0,1.89218895764779,1,0
"B",416,0.01,510770,0.128,0.552,0,0,1.914557304565,1,0
"B",416,0.01,510771,0.784,0.888,0.012,0.00125,1.97686987836422,1,0
"B",416,0.01,510772,0.996,0.946,0.00525,0.00025,2.77646608944359,1,0
"B",416,0.01,510773,0.896,0.9,0,0,2.12174277069485,1,0
"B",416,0.01,510774,0.76,0.36,0.01025,0.00025,2.14515036963129,1,0
"B",416,0.01,510775,0.022,0.024,0,0,1.87906468735234,1,0
"B",416,0.01,510776,0.204,0.356,0,0,1.41520958211675,1,0
"B",416,0.01,510777,0.192,0.64,0.00025,0.00025,2.14972606526536,1,0
"B",416,0.01,510778,0.32,0.348,0.00075,0,1.80951205419586,1,0
"B",416,0.01,510779,0.962,0.658,0.01225,0,1.98410614067917,1,0
"B",416,0.01,510780,0.858,0.824,0.00225,0,2.40029588606869,1,0
"B",416,0.01,510781,0.072,0.136,0.0025,0.001,1.89648118371933,1,0
"B",416,0.01,510782,0.87,0.748,0.01275,5e-04,1.59363909659237,1,0
"B",416,0.01,510783,0.626,0.406,0,0,5.86102333525074,1,0
"B",416,0.01,510784,0.01,0.024,0,0,2.51088679945316,1,0
"B",416,0.01,510785,0.278,0.714,0.00025,0,3.33381082926251,1,0
"B",416,0.01,510786,0.826,0.66,0.002,5e-04,3.07298330646463,1,0
"B",416,0.01,510787,0.494,0.168,0.00125,0,1.95747939343891,1,0
"B",416,0.01,510788,0.246,0.918,0,0,5.8175580690019,1,0
"B",416,0.01,510789,0.136,0.76,0.00025,5e-04,2.58472368178163,1,0
"B",416,0.01,510790,0.066,0.006,0.00025,0,1.97925339176008,1,0
"B",416,0.01,510791,0.558,0.554,0.00025,0,3.53645591180383,1,0
"B",416,0.01,510792,0.45,0.988,5e-04,0.00025,2.0658152772832,1,0
"B",416,0.01,510793,0.02,0.01,0,0,1.75437331698196,1,0
"B",416,0.01,510794,0.678,0.462,0,0,2.96898138712449,1,0
"B",416,0.01,510795,0.946,0.768,0.004,0,2.80477956673229,1,0
"B",416,0.01,510796,0.016,0.002,0,0,1.44332078861787,1,0
"B",416,0.01,510797,0.84,0.646,0.003,0.00025,2.77969896613752,1,0
"B",416,0.01,510798,0.572,0.634,5e-04,0,3.45090643820742,1,0
"B",416,0.01,510799,0.478,0.554,0.002,0.00025,2.25416508021608,1,0
"B",416,0.01,510800,0.028,0.006,0,0,3.46150121564475,1,0
"B",416,0.01,510801,0.11,0.138,0.00025,0,1.94720344026874,1,0
"B",416,0.01,510802,0.318,0.964,0,0,2.57256571132589,1,0
"B",416,0.01,510803,0.288,0.724,0.00025,5e-04,2.10928214790858,1,0
"B",416,0.01,510804,0.816,0.536,0.00525,5e-04,1.60876451387044,1,0
"B",416,0.01,510805,0.1,0.468,0,0,1.14465054860707,1,0
"B",416,0.01,510806,0.482,0.514,0.00225,5e-04,1.19106193503325,1,0
"B",416,0.01,510807,0.468,0.93,0.00125,0,1.9611282212076,1,0
"B",416,0.01,510808,0.926,0.52,0.03625,0.00075,1.56997913615734,1,0
"B",416,0.01,510809,0.128,0.306,0,0.00025,2.49978616207815,1,0
"B",416,0.01,510810,0.41,0.114,0,0,3.98714686202965,1,0
"B",416,0.01,510811,0.66,0.886,0.00075,0,2.82636361252228,1,0
"B",416,0.01,510812,0.15,0.206,0.001,0,1.15339584197517,1,0
"B",416,0.01,510813,0.486,0.424,0.00125,0,2.14363688200982,1,0
"B",416,0.01,510814,0.424,0.96,0,0,2.96436103315157,1,0
"B",416,0.01,510815,0.014,0.872,0,0.00025,3.54495411233396,1,0
"B",416,0.01,510816,0.672,0.788,0.015,5e-04,1.53465600007377,1,0
"B",416,0.01,510817,0.904,0.72,0.0155,0.00125,1.35771184198864,1,0
"B",416,0.01,510818,0.65,0.172,0.00125,0,1.81138807807489,1,0
"B",416,0.01,510819,0.692,0.664,0.009,0.00075,1.7847064129245,1,0
"B",416,0.01,510820,0.506,0.126,0,0,2.00964811669838,1,0
"B",416,0.01,510821,0.758,0.74,0,0,3.89664913089683,1,0
"B",416,0.01,510822,0.146,0.016,0,0,1.49179440724812,1,0
"B",416,0.01,510823,0.07,0.21,0,0,2.31440357076614,1,0
"B",416,0.01,510824,0.336,0.346,0.00425,0.00025,1.85499360579132,1,0
"B",416,0.01,510825,0.268,0.974,0.001,0,2.72888048591753,1,0
"B",416,0.01,510826,0.312,0.544,0.00025,0,2.16397451750967,1,0
"B",416,0.01,510827,0.22,0.304,5e-04,0,3.42884098261616,1,0
"B",416,0.01,510828,0.224,0.382,0,0,2.5836059383166,1,0
"B",416,0.01,510829,0.276,0.67,0,0,1.70111919754478,1,0
"B",416,0.01,510830,0.396,0.6,0.00025,0,2.82570774646361,1,0
"B",416,0.01,510831,0.286,0.658,0,0,2.81662197036214,1,0
"B",416,0.01,510832,0.278,0.29,0.00025,0.00025,1.93427234808433,1,0
"B",416,0.01,510833,0.462,0.944,5e-04,0,1.43504095778249,1,0
"B",416,0.01,510834,0.502,0.432,0,0,5.08930893180823,1,0
"B",416,0.01,510835,0.618,0.846,0.003,5e-04,1.93988011214892,1,0
"B",416,0.01,510836,0.606,0.208,5e-04,0,2.02975944781226,1,0
"B",416,0.01,510837,0.758,0.414,0.008,0.00025,1.54910299842615,1,0
"B",416,0.01,510838,0.8,0.782,0.00225,0,2.89626956727772,1,0
"B",416,0.01,510839,0.432,0.194,0.00075,0,4.00457273396582,1,0
"B",416,0.01,510840,0.17,0.25,5e-04,0,1.76172508078295,1,0
"B",416,0.01,510841,0.718,0.4,5e-04,0,1.78106496313492,1,0
"B",416,0.01,510842,0.388,0.902,0.00325,0.001,1.87222658811513,1,0
"B",416,0.01,510843,0.962,0.956,0.00175,0,3.66770384707492,1,0
"B",416,0.01,510844,0.692,0.752,0.0015,0.00025,1.55423043031604,1,0
"B",416,0.01,510845,0.332,0.242,0,0,1.81260147283992,1,0
"B",416,0.01,510846,0.598,0.988,0.00025,0,2.52806370265756,1,0
"B",416,0.01,510847,0.976,0.852,0.006,0.00025,1.98663680640824,1,0
"B",416,0.01,510848,0.398,0.404,0.00025,0,3.08529553485525,1,0
"B",416,0.01,510849,0.482,0.13,0.00475,0,1.11780671149302,1,0
"B",416,0.01,510850,0.204,0.464,0,0.00025,2.24136246996507,1,0
"B",416,0.01,510851,0.71,0.536,0.02025,0,1.04394371072684,1,0
"B",416,0.01,510852,0.466,0.762,0.01,0.00075,3.2992203085784,1,0
"B",416,0.01,510853,0.824,0.384,0.00675,0,2.10430009406069,1,0
"B",416,0.01,510854,0.004,0.072,0,0,2.49002467678695,1,0
"B",416,0.01,510855,0.536,0.83,5e-04,0,3.06872393432814,1,0
"B",416,0.01,510856,0.414,0.5,0,0,2.21090715480845,1,0
"B",416,0.01,510857,0.396,0.634,5e-04,0.00025,1.75583035408901,1,0
"B",416,0.01,510858,0.97,0.66,0,0,6.10313421320383,1,0
"B",416,0.01,510859,0.05,0.216,0,0,2.49813495615468,1,0
"B",416,0.01,510860,0.26,0.546,0.003,0.00025,1.66350389998207,1,0
"B",416,0.01,510861,0.054,0.096,0,0,1.25282532725077,1,0
"B",416,0.01,510862,0.478,0.364,0.00175,0,3.24437032470788,1,0
"B",416,0.01,510863,0.512,0.49,0,0,2.15952142126862,1,0
"B",416,0.01,510864,0.964,0.572,0.00175,0,3.00940027081006,1,0
"B",416,0.01,510865,0.724,0.848,0.00125,0,1.40840566891898,1,0
"B",416,0.01,510866,0.954,0.676,0.003,0,2.307535374607,1,0
"B",416,0.01,510867,0.302,0.51,0.00925,0.002,1.22153254839214,1,0
"B",416,0.01,510868,0.348,0.454,0.00275,0,4.32695053664276,1,0
"B",416,0.01,510869,0.638,0.996,0.00425,5e-04,2.10040484197574,1,0
"B",416,0.01,510870,0.58,0.836,0.00025,0,1.77968595928705,1,0
"B",416,0.01,510871,0.722,0.472,0.00675,0,1.49421232055567,1,0
"B",416,0.01,510872,0.674,0.832,5e-04,0.00025,3.48498894787478,1,0
"B",416,0.01,510873,0.09,0.638,5e-04,0.00025,1.51875431213842,1,0
"B",416,0.01,510874,0.256,0.638,0,0,1.54573460721997,1,0
"B",416,0.01,510875,0.85,0.96,0.0015,0,1.02316340980353,1,0
"B",416,0.01,510876,0.76,0.59,0.0015,0.00025,2.06422320369607,1,0
"B",416,0.01,510877,0.706,0.806,0.001,0,1.96523575859018,1,0
"B",416,0.01,510878,0.054,0.716,0,0,2.20716101253852,1,0
"B",416,0.01,510879,0.41,0.638,0.00025,0,4.50702781522769,1,0
"B",416,0.01,510880,0.804,0.79,5e-04,0,2.24073819580725,1,0
"B",416,0.01,510881,0.478,0.134,0.001,0,2.1795170672945,1,0
"B",416,0.01,510882,0.024,0.674,0,0.00025,1.25045101249033,1,0
"B",416,0.01,510883,0.098,0.412,0,0,1.50763946064126,1,0
"B",416,0.01,510884,0.05,0.918,0,0,1.93497350102593,1,0
"B",416,0.01,510885,0.794,0.322,0.00075,0,3.60772545009241,1,0
"B",416,0.01,510886,0.14,0.796,0.00025,0,3.30647153267973,1,0
"B",416,0.01,510887,0.136,0.038,0,0,2.45389647482281,1,0
"B",416,0.01,510888,0.134,0.348,0.001,5e-04,2.12148170737826,1,0
"B",416,0.01,510889,0.342,0.434,0.00025,0,2.01041525353497,1,0
"B",416,0.01,510890,0.75,0.582,0.00425,0,1.8500370632004,1,0
"B",416,0.01,510891,0.06,0.448,0,0,1.89106676035872,1,0
"B",416,0.01,510892,0.866,0.474,0.006,0,1.95207694329122,1,0
"B",416,0.01,510893,0.806,0.784,0.005,0,4.04359076122294,1,0
"B",416,0.01,510894,0.56,0.898,0.00425,5e-04,1.88791372184856,1,0
"B",416,0.01,510895,0.104,0.016,0,0,2.34533075538246,1,0
"B",416,0.01,510896,0.372,0.142,0.00325,0,1.7882453194683,1,0
"B",416,0.01,510897,0.994,0.946,0.0105,0,1.86106445331475,1,0
"B",416,0.01,510898,0.468,0.528,0.00025,0,2.02751093318441,1,0
"B",416,0.01,510899,0.588,0.93,0.00275,0.00025,1.80277807556091,1,0
"B",416,0.01,510900,0.488,0.682,0.00025,0,2.33099832069162,1,0
"B",416,0.01,510901,0.278,0.48,0.0055,0.001,1.45150473721895,1,0
"B",416,0.01,510902,0.942,0.59,0.02475,0.00125,2.42883315415188,1,0
"B",416,0.01,510903,0.824,0.812,0.00275,0,4.36635474658225,1,0
"B",416,0.01,510904,0.736,0.806,0,0,1.85478808602123,1,0
"B",416,0.01,510905,0.674,0.85,0.01025,0.00125,2.25970381220982,1,0
"B",416,0.01,510906,0.734,0.546,5e-04,0,3.04532206969026,1,0
"B",416,0.01,510907,0.17,0.962,0,0,4.39520853409313,1,0
"B",416,0.01,510908,0.994,0.71,0.029,0.00025,1.31461847389127,1,0
"B",416,0.01,510909,0.138,0.22,0.002,0.00025,0.961994561864313,1,0
"B",416,0.01,510910,0.086,0.446,5e-04,0.00025,2.20570534253084,1,0
"B",416,0.01,510911,0.272,0.516,0.00025,0,2.92364211149451,1,0
"B",416,0.01,510912,0.52,0.216,0.00125,0,2.46051039937052,1,0
"B",416,0.01,510913,0.172,0.39,0.0035,0.001,2.15083082404233,1,0
"B",416,0.01,510914,0.558,0.714,0.00125,0.00025,1.61334515670471,1,0
"B",416,0.01,510915,0.868,0.91,0.00075,0,2.44552739836769,1,0
"B",416,0.01,510916,0.524,0.638,0.00025,0,2.9043065397364,1,0
"B",416,0.01,510917,0.3,0.82,0.00225,0.00025,2.21378256174237,1,0
"B",416,0.01,510918,0.35,0.986,5e-04,0.00025,1.46710744556085,1,0
"B",416,0.01,510919,0.412,0.324,0.001,0,1.89672689564871,1,0
"B",416,0.01,510920,0.062,0.572,0.00025,0.00025,1.29733402855645,1,0
"B",416,0.01,510921,0.288,0.754,0.00075,5e-04,1.62368890011527,1,0
"B",416,0.01,510922,0.118,0.946,0,0,3.27450714278881,1,0
"B",416,0.01,510923,0.854,0.83,0.00025,0,3.67856685449716,1,0
"B",416,0.01,510924,0.582,0.952,0.00075,0,1.72093177573784,1,0
"B",416,0.01,510925,0.084,0.098,0.00025,0,1.73301909511516,1,0
"B",416,0.01,510926,0.058,0.524,0,0.00025,1.78291065599695,1,0
"B",416,0.01,510927,0.288,0.84,0.01075,0.00275,1.33967018443245,1,0
"B",416,0.01,510928,0.098,0.266,0,0,1.89204042503658,1,0
"B",416,0.01,510929,0.122,0.376,0,0,1.69826781003867,1,0
"B",416,0.01,510930,0.816,0.586,0.0095,0,3.43648803770107,1,0
"B",416,0.01,510931,0.272,0.544,5e-04,0.00025,1.62911268365265,1,0
"B",416,0.01,510932,0.316,0.524,0.00725,0.00225,1.39846470093075,1,0
"B",416,0.01,510933,0.366,0.038,0.00025,0,1.52460970879201,1,0
"B",416,0.01,510934,0.25,0.318,5e-04,0.00025,2.62202034606805,1,0
"B",416,0.01,510935,0.838,0.344,0.00025,0,4.91116338254955,1,0
"B",416,0.01,510936,0.018,0.052,0.00025,0,1.2124948593523,1,0
"B",416,0.01,510937,0.462,0.078,0.00225,0,1.67301897928991,1,0
"B",416,0.01,510938,0.002,0.008,0,0,1.3605553712853,1,0
"B",416,0.01,510939,0.082,0.3,0,0,5.2643870447431,1,0
"B",416,0.01,510940,0.806,0.876,0.00025,0,2.00223645352786,1,0
"B",416,0.01,510941,0.752,0.694,0,0,2.98995730979414,1,0
"B",416,0.01,510942,0.626,0.894,5e-04,0,1.44214241727888,1,0
"B",416,0.01,510943,0.106,0.646,0,0,3.08785519720823,1,0
"B",416,0.01,510944,0.436,0.602,0,0,1.34162395285858,1,0
"B",416,0.01,510945,0.13,0.862,0,0,5.17702770410694,1,0
"B",416,0.01,510946,0.85,0.588,0.0015,0,1.96443303247581,1,0
"B",416,0.01,510947,0.094,0.016,0,0,1.88035465133954,1,0
"B",416,0.01,510948,0.552,0.604,0.00125,0.00025,2.35491582956163,1,0
"B",416,0.01,510949,0.916,0.598,0.0015,0,2.54457418229359,1,0
"B",416,0.01,510950,0.234,0.434,0,0,3.31210823522804,1,0
"B",416,0.01,510951,0.214,0.8,0.00025,0,2.83007848980773,1,0
"B",416,0.01,510952,0.442,0.412,0.01025,5e-04,2.07257035096816,1,0
"B",416,0.01,510953,0.98,0.94,0.001,0,4.86614159294098,1,0
"B",416,0.01,510954,0.742,0.398,0.00475,0.00025,3.43024322897337,1,0
"B",416,0.01,510955,0.366,0.862,0,0,1.73342897185145,1,0
"B",416,0.01,510956,0.268,0.18,0.001,0,1.78649716066935,1,0
"B",416,0.01,510957,0.518,0.318,0.001,0.00025,1.76167114560819,1,0
"B",416,0.01,510958,0.17,0.178,0.00125,5e-04,1.09083618872567,1,0
"B",416,0.01,510959,0.726,0.532,0.00025,0,2.92279967127937,1,0
"B",416,0.01,510960,0.534,0.71,0.00075,0,1.24464234078031,1,0
"B",416,0.01,510961,0.228,0.936,0,0,2.38517092508206,1,0
"B",416,0.01,510962,0.632,0.814,0,0,5.17584283073057,1,0
"B",416,0.01,510963,0.608,0.758,0.00825,0.00075,2.36678748349387,1,0
"B",416,0.01,510964,0.178,0.372,0,0,4.09650445160153,1,0
"B",416,0.01,510965,0.666,0.206,0.00275,0,1.30238957812766,1,0
"B",416,0.01,510966,0.596,0.386,0.00125,0,2.39530551577194,1,0
"B",416,0.01,510967,0.596,0.696,0.004,0,2.10528812498061,1,0
"B",416,0.01,510968,0.812,0.548,0.00725,0,2.65680335489833,1,0
"B",416,0.01,510969,0.738,0.924,0.00225,0,1.90963863422637,1,0
"B",416,0.01,510970,0.104,0.88,0.00075,0.00025,1.63799872143237,1,0
"B",416,0.01,510971,0.418,0.354,0.00575,0,2.13414218713622,1,0
"B",416,0.01,510972,0.504,0.634,5e-04,0,1.63260418734988,1,0
"B",416,0.01,510973,0.796,0.89,0.007,0,3.20268583601368,1,0
"B",416,0.01,510974,0.124,0.264,0.00025,0,1.32753247523365,1,0
"B",416,0.01,510975,0.278,0.8,0,0,2.5328316586691,1,0
"B",416,0.01,510976,0.95,0.614,0.00075,0,2.86327604730102,1,0
"B",416,0.01,510977,0.136,0.426,0.00125,0.00025,1.87050608925977,1,0
"B",416,0.01,510978,0.83,0.838,0.0015,0,2.22351005888652,1,0
"B",416,0.01,510979,0.22,0.784,0.00025,0,3.54933251914559,1,0
"B",416,0.01,510980,0.57,0.884,0.00075,0,2.30183631347809,1,0
"B",416,0.01,510981,0.154,0.102,5e-04,0,1.50626804082298,1,0
"B",416,0.01,510982,0.036,0.122,0,0,1.87354890353488,1,0
"B",416,0.01,510983,0.046,0.614,0.00075,0.00175,1.16732595390903,1,0
"B",416,0.01,510984,0.776,0.94,0.001,0,5.2876283400127,1,0
"B",416,0.01,510985,0.386,0.754,0,0,1.09835709738231,1,0
"B",416,0.01,510986,0.33,0.82,0.0025,0.00025,1.40211950864466,1,0
"B",416,0.01,510987,0.416,0.814,0.00225,5e-04,1.74484353936613,1,0
"B",416,0.01,510988,0.892,0.926,0.001,0,3.52070866240431,1,0
"B",416,0.01,510989,0.596,0.898,0.01,0.00025,2.40982290921303,1,0
"B",416,0.01,510990,0.462,0.596,0,0,1.72660805117635,1,0
"B",416,0.01,510991,0.6,0.966,0.00125,0,4.23437560468802,1,0
"B",416,0.01,510992,0.612,0.642,0.00125,0,2.36641327016646,1,0
"B",416,0.01,510993,0.886,0.988,0.0085,5e-04,2.33830417771667,1,0
"B",416,0.01,510994,0.52,0.476,0,0,2.28613974928758,1,0
"B",416,0.01,510995,0.802,0.434,0.0105,0,1.34334810819278,1,0
"B",416,0.01,510996,0.656,0.998,0.00225,5e-04,3.51962890234868,1,0
"B",416,0.01,510997,0.552,0.208,0.00225,0,2.19985461165053,1,0
"B",416,0.01,510998,0.58,0.344,0.001,0,2.8903704748529,1,0
"B",416,0.01,510999,0.552,0.962,0,0,5.08824173059225,1,0
"B",416,0.01,511000,0.178,0.428,0.00025,0,2.41172323374145,1,0
