"cell","rep","fp_y","fp_x","lambda","p_hl","p_edge_u","p_schl","p_scedge","p_grp5","p_grp1","p_pls","p_pls_alpha","p_pls_hmp","p_pls_beta","glm_conv","glm_maxcoef","gen_min","gen_max","t_ours","t_grp5","t_grp1","t_pls","mle_exists","converged","min_pi","max_pi","max_coef","p_hl_mle","p_edge_mle"
205,1001,95,2.2437043403,581.030240443983,1.88167163942136e-07,0,0.776,0.206,0.189376182714753,0.0955670207007711,0,0,0,0,TRUE,3.84903168186732,0.00326238189105899,0.940921501496818,16.84,8.12,2.07,0.829999999999998,FALSE,TRUE,4.10548677048725e-09,0.999954747906231,3.84903168186732,0.980504508292141,0.8564
205,1002,94,2.80789146,1015.54112660767,2.60222451188697e-08,0,0.82,0.558,1,0.471036353233555,0,0,0,0,TRUE,2.81686041105984,0.00223455465050652,0.932770225393608,17.51,8.91,1.67,0.719999999999999,TRUE,TRUE,1.10000967413351e-06,0.999733968849569,2.81686041105984,0.439407578722825,0.1937
205,1003,109,3.8456199939,476.457152337739,2.21538841211038e-08,0,0.48,0.212,1,0.834189385286,0,0,0,0,TRUE,2.93059539481682,0.0102591782793707,0.969281157332331,18.48,8.83,2.02,0.809999999999995,TRUE,TRUE,1.4314491322819e-08,0.999993211738087,2.93059539481682,0.693379872626989,0.7814
205,1004,103,-7.4761357591,487.396983184822,3.05519036667799e-08,0,0.018,0.27,0.164222500097267,0.0636844428063348,0,0,0,0,TRUE,2.8500996120461,0.00278023054424801,0.962514366286281,17.84,9.41999999999999,1.83000000000001,0.759999999999991,TRUE,TRUE,8.31576572310391e-08,0.99999798089399,2.8500996120461,0.349209447489768,0.16305
205,1005,95,3.2209935923,1099.18900819988,2.08700300235705e-09,0,0.072,0.02,1,0.915806600887732,0,0,0,0,TRUE,3.35873979357486,0.00128720280020979,0.968938080435352,24.88,9.87,1.8,1.03,FALSE,TRUE,7.31646038545237e-11,0.999958434413074,3.35873979357486,0.00522236759686907,3e-04
205,1006,108,-2.8988719544,223.649200667371,1.5745085198812e-05,0,0.468,0.27,0.919992139783772,0.0530470596971487,0,0,0,0,TRUE,3.88434027051991,0.000475027650992925,0.96190945254098,23.3,10.95,1.98,1.56999999999999,FALSE,TRUE,2.22044604925031e-16,0.999999811488238,3.88434027051991,0.0376950519455595,0.0058
205,1007,85,-4.0030804061,876.918693373571,4.30521563171708e-11,0,0.024,0.416,0.811798381571941,0.677047257261281,0,0,0,0,TRUE,3.02435169985343,0.00554160992856326,0.978821000338644,17.19,8.11,1.83,0.669999999999998,TRUE,TRUE,2.1191265053344e-06,0.999993636841163,3.02435169985343,8.48286971464694e-06,0.00245
205,1008,108,-4.4892925996,490.582564763339,2.8868940050485e-07,0,0.646,0.232,0.0234691584409206,0.34231435356302,0,0,0,0,TRUE,2.94744161932524,0.00460192976352164,0.983743099399144,17.89,8.97,1.75,0.800000000000004,TRUE,TRUE,9.97473875713583e-08,0.999999685089228,2.94744161932524,0.467139158269518,0.20195
205,1009,95,-4.0554977784,286.648358099983,4.34724935310402e-06,0,0.54,0.146,1,0.834318635354578,0,0,0,0,TRUE,6.72561653624901,0.00315818726618692,0.954731099613549,17.81,7.7,1.61,0.949999999999999,FALSE,TRUE,2.22044604925031e-16,0.999999999893177,6.72561653624901,4.97031235570825e-78,0
205,1010,108,-0.6640269397,2492.00097666851,1.72594266913e-10,0,0.706,0.304,0.156622163185962,0.541004740694721,0,0,0,0,TRUE,2.25195627414865,0.0128057752451925,0.947430922556532,17.44,9.95,2.16,0.609999999999999,TRUE,TRUE,2.61315309005362e-05,0.999763122268186,2.25195627414865,0.563714940333415,0.6613
205,1011,104,2.6988161061,488.684730902099,4.50722691779102e-06,0,0.986,0.562,1,0.396483309878645,0,0,0,0,TRUE,3.39618050009788,0.00505430163639516,0.979349073814726,17.47,9.33,1.98,0.910000000000004,TRUE,TRUE,2.63547580551618e-07,0.999978080710536,3.39618050009788,0.856988773735363,0.43085
205,1012,108,3.802905471,347.59266981068,2.30364628917016e-06,0,0.704,0.716,0.283796816962983,0.828969898368654,0,0,0,0,TRUE,2.83138828466611,0.00148020674168869,0.95632681197379,17.66,7.98,1.67,0.75,FALSE,TRUE,1.38973508058861e-09,0.999995084085771,2.83138828466611,0,0
205,1013,97,-7.9880718491,26855.4319485633,2.15727677202228e-08,0,0.406,0.468,0.504075893710552,0.121138797161125,0,0,0,0,TRUE,2.594729670129,0.00844088511654159,0.992302337747274,23.9,11.11,2.05,0.979999999999997,TRUE,TRUE,2.86166975579501e-07,0.999991474445087,2.594729670129,1.55479036067786e-36,0
205,1014,97,-6.3423365684,1870.56829355611,5.13353776407217e-09,0,0.048,0.192,0.904941988286195,0.447595875732509,0,0,0,0,TRUE,3.14855872797758,0.00497165907348754,0.96007595467414,23.63,13.9,2.77,1.03999999999999,TRUE,TRUE,5.78484110772776e-07,0.999891739308993,3.14855872797758,0.922350247779433,0.44825
205,1015,95,2.7866541189,305.718832583134,4.53308379859493e-06,0,0.226,0.314,1,0.934433847822735,0,0,0,0,TRUE,3.22380656623141,0.00232112656246335,0.959182491539121,17.89,8.75,2.02,1.02999999999999,FALSE,TRUE,1.19086450880479e-09,0.999990098757606,3.22380656623141,0.42611096698163,0.28535
205,1016,95,5.2937312886,1274.57648114611,4.70226441877e-07,0,0.964,0.996,0.176980498239349,0.0914294533570725,0,0,0,0,TRUE,2.68647217124581,0.00654753471800048,0.964712995828029,17.44,9.84,2.11,0.770000000000003,TRUE,TRUE,8.52009081069624e-06,0.999378070658818,2.68647217124581,0.211240640304035,0.0157
205,1017,88,4.3309792059,175.320610029819,0.000584159355389079,0,0.792,0.468,1,0.165975782193424,0,0,0,0,TRUE,3.67032543511877,0.00170550575030517,0.938287514612208,19.01,7.81,1.93,0.949999999999996,TRUE,TRUE,5.33186594771431e-08,0.999804847643139,3.67032543511877,7.62947463351842e-09,5e-05
205,1018,101,-8.644986,1421.38115349971,3.48545436272221e-10,0,0.096,0.186,0.15060362924245,0.662491346766856,0,0,0,0,TRUE,2.74797212451809,0.0029513588828811,0.971437715124343,17.7,8.8,2,0.829999999999998,TRUE,TRUE,4.04755017322413e-08,0.999991221298868,2.74797212451809,0.735887934928436,0.52765
205,1019,87,0.6970996388,1458.07705027794,3.70133172363677e-08,0,0.18,0.17,0.585767290746593,0.180196709879952,0,0,0,0,TRUE,2.9247756939325,0.0028397671326687,0.938990269630375,17.99,9.97,2.22,0.589999999999996,TRUE,TRUE,9.98735305337206e-07,0.995557291995526,2.9247756939325,0.164814993063282,0.0625
205,1020,104,-5.83331644,1909.05469272957,7.86081505107679e-10,0,0.238,0.102,0.638213145776063,0.310793899724534,0,0,0,0,TRUE,2.68426652096941,0.0119293225070054,0.956705191943544,17.29,10.07,1.81999999999999,0.75,TRUE,TRUE,2.14961597650114e-06,0.999343711588572,2.68426652096941,0.294498746861001,0.2909
205,1021,104,-2.5207656413,842.656122073238,8.59329585711722e-09,0,0.516,0.308,1,0.432853312867959,0,0,0,0,TRUE,2.51282431454749,0.00317614316965205,0.945518410444168,17.19,9.85,2.48,0.909999999999997,TRUE,TRUE,1.18712586018499e-06,0.99602406939755,2.51282431454749,0.258933304411997,0.2178
205,1022,89,-1.9731684231,28735.0912337861,8.05204488129911e-09,0,0.304,0.442,0.383508163232233,0.139857848046952,0,0,0,0,TRUE,3.97013636756537,0.00646280354594525,0.985395998170258,17.16,8.47,1.86,0.869999999999997,FALSE,TRUE,3.56346064171704e-10,0.999989085720692,3.97013636756537,0.922507925676489,0.36485
205,1023,109,6.3630332949,1144.74029907764,6.95871878397439e-07,0,0.852,0.484,1,0.517040663267244,0,0,0,0,TRUE,2.29206801476325,0.00727661768625887,0.960092122126788,18.03,12.16,2.3,0.670000000000002,TRUE,TRUE,2.69072550047127e-05,0.999740305220692,2.29206801476325,0.0158198803170202,0.01205
205,1024,109,10.8994381209,5912.28615346538,1.28046311841562e-11,0,0.322,0.09,1,0.511808147557776,0,0,0,0,TRUE,2.61654519465702,0.00867609027486309,0.935457670216805,17.03,10.58,1.84999999999999,0.740000000000009,TRUE,TRUE,2.89782672618194e-07,0.999619854773756,2.61654519465702,0.833517165569163,0.43705
205,1025,82,-7.2946572901,622.196071000595,3.2048009222166e-07,0,0.214,0.098,0.29516282633575,0.127646515501082,0,0,0,0,TRUE,4.75970564264552,0.00350505024615377,0.971877966940803,18.05,8.36,1.45,0.890000000000001,FALSE,TRUE,6.50047034433526e-11,0.999999531093436,4.75970564264552,0.227110139808436,0.27825
205,1026,100,-2.553029609,157.787137379289,5.81362041726253e-05,0,0.754,0.568,0.719079584638045,0.35012887274265,0,0,0,0,TRUE,9.75331451194528,0.000687948091594864,0.968735468631688,20.02,7.76,1.75,0.710000000000001,FALSE,TRUE,2.22044604925031e-16,1,9.75331451194528,0.0449490602787284,0.24675
205,1027,89,-6.0128472237,406.495261214529,8.10587233136437e-07,0,0.474,0.224,0.828278863996651,0.657777743382373,0,0,0,0,TRUE,11.5730111049776,0.00216769208522794,0.95411125407239,25.22,9,1.74,0.810000000000002,FALSE,TRUE,2.22044604925031e-16,1,11.5730111049776,0.997940742494479,0.62055
205,1028,102,2.3013029084,1336.77911579707,2.3345391408405e-07,0,0.366,0.104,0.306035458598104,0.52178890450755,0,0,0,0,TRUE,3.19936724883502,0.00669220040907377,0.938870653228735,22.75,13.11,2.76000000000001,1.34999999999999,TRUE,TRUE,1.03687784456271e-06,0.9992606968394,3.19936724883502,0.000181477619614829,0.0205
205,1029,101,-1.3312354842,295.607215950251,2.1139969330916e-06,0,0.388,0.118,0.749874343852788,0.412587111392547,0,0,0,0,TRUE,3.51609387773056,0.000987359534456275,0.947905577837452,25.8,9.72,1.9,1.18,TRUE,TRUE,1.39082741765447e-08,0.999976351620247,3.51609387773056,0.75272942064472,0.3067
205,1030,91,-5.0741656357,627.98219003841,1.21630246273759e-09,0,0.094,0.132,0.658582319300009,0.147194088490168,0,0,0,0,TRUE,3.5659470047631,0.00420114736720092,0.953362095287078,23.42,11,2.19,0.959999999999994,TRUE,TRUE,6.08150864461665e-08,0.999995784880073,3.5659470047631,0.483876263608857,0.09795
205,1031,118,-6.8604746384,732.126889781897,6.03645040034666e-07,0,0.468,0.848,0.812122695935952,0.278590646438828,0,0,0,0,TRUE,2.44310339735203,0.0116308593784541,0.963010374106053,17.23,9.44,2.45,0.940000000000005,TRUE,TRUE,1.35005419443765e-07,0.999982297948541,2.44310339735203,0.540587869277663,0.20875
205,1032,100,-0.9052635182,433.596665627738,3.69398861007503e-06,0,0.584,0.138,1,0.181419244727874,0,0,0,0,TRUE,3.35950851147972,0.00282865149602599,0.977224439829179,17.47,8.51,1.91,0.740000000000002,FALSE,TRUE,2.90385930403312e-09,0.999999814325779,3.35950851147972,3.19580521085575e-05,1e-04
205,1033,84,-11.0277488026,745.372587722586,4.68032143412614e-09,0,0.13,0.122,1,0.458350609044264,0,0,0,0,TRUE,3.71822392520554,0.00351264247568822,0.960138574402327,17.7,8.39,1.74,1.01,TRUE,TRUE,1.36575339321547e-08,0.999998175106284,3.71822392520554,0.193453041076234,0.18155
205,1034,102,2.2455078195,782.499839803176,1.54201398112363e-06,0,0.874,0.296,1,0.226697370395545,0,0,0,0,TRUE,2.95317930813426,0.00680102722826437,0.952108277363561,17.52,9.41,2.07,0.689999999999998,TRUE,TRUE,6.52445071211793e-07,0.99995048840129,2.95317930813426,0.487346178324727,0.14475
205,1035,109,3.318226685,316.985349779857,2.32485382265035e-05,0,0.462,0.302,1,0.416695543168088,0,0,0,0,TRUE,2.58061461137866,0.00503051043280016,0.959242767560665,18.97,9.91,1.84,0.839999999999996,TRUE,TRUE,1.37295590111973e-06,0.999135523803949,2.58061461137866,0.951295579669975,0.6778
205,1036,100,-0.8204102647,537.494950335386,4.29470667777036e-06,0,0.722,0.588,0.134176011168717,0.0492386505446102,0,0,0,0,TRUE,3.47760521674452,0.00208616564907898,0.928745655843581,17.38,8.73,1.58,0.970000000000006,FALSE,TRUE,6.34806205593395e-10,0.999963523403486,3.47760521674452,0.825465284012527,0.8288
205,1037,93,2.9677708607,1322.01565609222,6.10529740808597e-10,0,0.534,0.752,0.325184509565081,0.516137554043035,0,0,0,0,TRUE,3.08628715778389,0.0113260831807241,0.962928228162966,18.02,9.06,2.11,0.910000000000004,TRUE,TRUE,1.07427905379585e-06,0.999966246041015,3.08628715778389,0.840120217388717,0.39445
205,1038,96,-8.3465023443,648.010606858447,1.08782850493402e-06,0,0.998,0.932,1,0.792240261647006,0,0,0,0,TRUE,3.1097517607807,0.00466322373070865,0.972077741687747,17.29,8.94,1.87,0.799999999999997,TRUE,TRUE,7.88835692400893e-08,0.999993293035136,3.1097517607807,0.54272659245985,0.0831
205,1039,102,-3.9417724957,304.276200628668,2.57990458187257e-05,0,0.122,0.49,0.40301118039349,0.366147123429521,0,0,0,0,TRUE,3.29720435613714,0.00374298446322917,0.965007512435017,17.71,8.2,1.67,0.629999999999999,FALSE,TRUE,2.45094940135468e-09,0.999997920016355,3.29720435613714,9.78438551215439e-27,0
205,1040,98,-4.752173025,1678.17854861066,9.84503158181205e-09,0,0.746,0.808,0.244248979636159,0.580839794431456,0,0,0,0,TRUE,3.25028208338331,0.00856798524776258,0.954380441707498,17.31,8.69,2.11,0.660000000000004,TRUE,TRUE,1.23354377938053e-07,0.999994915317513,3.25028208338331,0.282478317559997,0.0931
205,1041,90,-6.1738836939,1881.71814395094,1.4620554274909e-09,0,0.56,0.244,0.698234841715466,0.23592611161273,0,0,0,0,TRUE,3.01071436895791,0.00757213239464255,0.960988582650687,26.17,10.23,1.72,1.05,TRUE,TRUE,8.19185720977753e-07,0.999947354894123,3.01071436895791,0.157602449402473,0.1335
205,1042,90,-2.029495789,184.413889726927,1.55198776723868e-05,0,0.622,0.204,0.859622453961582,0.177672578923594,0,0,0,0,TRUE,12.9912158076557,0.00151422835885444,0.955639629102077,25.41,10.94,1.84999999999999,0.900000000000006,FALSE,TRUE,2.22044604925031e-16,1,12.9912158076557,0.284538990367014,0.0453
205,1043,114,-3.7723241588,428.269561266601,1.33105932890157e-09,0,0.266,0.046,0.659792302646251,0.00654767216526697,0,0,0,0,TRUE,2.21498752635752,0.00248028314627355,0.95854052686082,18.08,9.52,1.8,0.840000000000003,TRUE,TRUE,1.03282711533151e-06,0.999879224378536,2.21498752635752,0.0235191362178012,1e-04
205,1044,91,-6.8755200272,1799.88125779,5.46179936684274e-09,0,0.912,0.806,0.369583532121663,0.193239872034458,0,0,0,0,TRUE,3.07409854781269,0.00554998864704329,0.939104852828972,17.25,9.5,1.7,0.860000000000007,TRUE,TRUE,9.61866836313392e-07,0.999105037679891,3.07409854781269,0.0653063328976091,0.39925
205,1045,112,3.0065653091,667.451269409005,2.18022187088225e-08,0,0.966,0.596,1,0.400324786662478,0,0,0,0,TRUE,3.11261509021257,0.00206196561305065,0.975661881226141,18.17,10.11,1.78,0.590000000000003,FALSE,TRUE,7.96636981234569e-09,0.999999957317607,3.11261509021257,0.193457488119258,0.6095
205,1046,103,-2.8594333384,851.024726725814,9.00757108436709e-08,0,0.202,0.272,0.554158762918311,0.672454168948657,0,0,0,0,TRUE,2.26036422188194,0.00412868889549904,0.941577015093492,17.61,9.28,1.86,0.700000000000003,TRUE,TRUE,9.89301568040638e-07,0.999783243747213,2.26036422188194,0.0763287055488255,0.02625
205,1047,96,2.4961109319,1948.30803697808,5.35527991183049e-10,0,0.108,0.05,0.38897350773978,0.0659821301204983,0,0,0,0,TRUE,3.03395788420209,0.00389227949993093,0.906902856133709,18.01,9.13,1.81,0.659999999999997,TRUE,TRUE,6.50481303172989e-08,0.998840694735761,3.03395788420209,0,0
205,1048,100,2.2213658633,365.822718727683,1.76635914110552e-06,0,0.3,0.798,0.476831045241583,0.691154588420525,0,0,0,0,TRUE,4.15408260273675,0.00671930566510931,0.963531955415651,18.09,7.98999999999999,1.78,0.780000000000001,FALSE,TRUE,4.35260945929587e-09,0.99999993999506,4.15408260273675,0.0712179729563262,0.0048
205,1049,92,6.6984315656,346.42822961318,2.20678390599649e-07,0,0.176,0.062,0.547576342871065,0.403981780172953,0,0,0,0,TRUE,3.73933533692586,0.00142873358975561,0.982376735568269,18.08,8.52,1.69,0.650000000000006,FALSE,TRUE,2.39892202704113e-09,0.999999106395898,3.73933533692586,2.56603816097018e-06,0
205,1050,108,-5.6401005108,1190.66233890109,2.3661883726813e-08,0,0.632,0.276,1,0.194388159000653,0,0,0,0,TRUE,2.75032258417929,0.00752506414131558,0.950032694642406,17.64,9.75,1.97,0.810000000000002,TRUE,TRUE,9.1929138573737e-08,0.999910897165756,2.75032258417929,0.0487983035527391,0.00645
205,1051,100,-1.6595478233,471.922711482943,1.69759247380414e-06,0,0.746,0.67,0.753129395633696,0.194080103020767,0,0,0,0,TRUE,2.92329845997369,0.00569255272397081,0.922411058658481,19.02,9.2,1.97,0.629999999999995,TRUE,TRUE,4.96027573893322e-06,0.999552993965441,2.92329845997369,0.00477474015469086,0.34175
205,1052,103,-0.1136091243,779.907949451272,4.33952591324594e-08,0,0.346,0.262,0.0791726296447772,0.287277841299742,0,0,0,0,TRUE,3.05801640497696,0.00142383410302472,0.941727297476902,17.56,8.94,1.56,0.590000000000003,FALSE,TRUE,7.70188096809087e-10,0.999842525668032,3.05801640497696,0.0534580621522199,0.00345
205,1053,96,0.1100259341,628.659862361916,2.12461228152925e-08,0,0.048,0.096,0.306273925179487,0.242257699689549,0,0,0,0,TRUE,3.09922932170576,0.00739207467937975,0.97289288386502,17.74,9.64,1.53,0.780000000000001,TRUE,TRUE,5.26640727332467e-08,0.999949517116098,3.09922932170576,0.919295937629169,0.5313
205,1054,109,-2.2602057129,141.783385427975,0.00183883545035829,0,0.984,0.826,0.478089829220598,0.652082130003477,0,0,0,0,TRUE,3.81475651928768,0.000523992331597781,0.996570175796159,20.43,7.72,1.38,0.700000000000003,FALSE,TRUE,1.99279905306967e-12,0.999999998548073,3.81475651928768,0.796810424435106,0.9359
205,1055,100,-1.2240190229,729.989043133904,1.25362309314716e-08,0,0.17,0.112,0.0533324315584609,0.0117680583193985,0,0,0,0,TRUE,2.55170051705203,0.00490047481547307,0.982715997182231,17.66,10.59,2.05,0.810000000000002,TRUE,TRUE,2.30367902999651e-06,0.999952799701091,2.55170051705203,0.359430859586493,0.24655
205,1056,116,2.588148228,933.172582351119,2.14311394390535e-07,0,0.45,0.036,0.621818660975936,0.674486345662723,0,0,0,0,TRUE,2.06743902733885,0.013236179397275,0.933916650627865,17.36,9.76000000000001,2.09999999999999,0.670000000000002,TRUE,TRUE,7.40775240869802e-06,0.999507282342627,2.06743902733885,8.68054586845622e-09,5e-05
205,1057,90,10.7613189469,936.303692311035,9.80510599498733e-12,0,0.064,0.04,1,0.339921146412416,0,0,0,0,TRUE,3.63953382459078,0.00631435014341358,0.942271991930978,18.67,8.46000000000001,1.62,0.699999999999989,FALSE,TRUE,6.53064102583516e-09,0.999936228877789,3.63953382459078,0.747976158697478,0.40815
205,1058,94,0.0434286108,534.999141496657,5.83262874504541e-07,0,0.55,0.112,1,0.525876699290388,0,0,0,0,TRUE,3.05376310478723,0.00245578274374018,0.938345089595102,18.63,8.42,1.72,0.590000000000003,TRUE,TRUE,5.13701888681691e-08,0.999627380602548,3.05376310478723,0.0103687838106985,0.0367
205,1059,90,-0.4583918347,288.28816235779,7.18378896104073e-05,0,0.88,0.472,0.477086132794641,0.00049014544932624,0,0,0,0,TRUE,3.13216755176192,0.000985095462225037,0.961768949685853,17.73,9,1.33000000000001,0.769999999999996,TRUE,TRUE,1.20860193914117e-08,0.999992275191804,3.13216755176192,0.00939585005497767,0.00475
205,1060,101,0.8601183514,3543.34218485272,8.14042515284185e-12,0,0.06,0.04,0.232017653222742,0.441756480286705,0,0,0,0,TRUE,2.55070802782343,0.00614387996387703,0.947761449741612,18.02,10.41,1.95,0.609999999999999,TRUE,TRUE,3.42040075422808e-06,0.999559408087178,2.55070802782343,0.0620804817790756,0.0019
205,1061,104,5.6693229229,659.024624139091,4.0341178577213e-07,0,0.076,0.036,0.00792805838647137,0.0300622884010292,0,0,0,0,TRUE,2.24068063335596,0.00903015786015489,0.94250385078814,18.87,13.16,2.17,0.700000000000003,TRUE,TRUE,1.44122705157515e-05,0.998861323603538,2.24068063335596,0.061781140857647,0.00625
205,1062,112,-0.4388837083,369.371374783537,1.29341913952944e-06,0,0.006,0.716,1,0.796871299245115,0,0,0,0,TRUE,2.44191086525938,0.00433867435639118,0.972547788777249,18.92,8.97000000000001,1.45999999999999,0.469999999999999,TRUE,TRUE,1.88678122818139e-06,0.999983166976386,2.44191086525938,0.403039588668884,0.57935
205,1063,112,0.7666600074,263.688588990635,3.63627496112482e-05,0,0.958,0.798,1,0.36312350583306,0,0,0,0,TRUE,2.76890964743692,0.00400489801963503,0.951262207453892,18.23,9.08999999999999,2.08000000000001,1.05,TRUE,TRUE,1.93888516828538e-07,0.999991236652533,2.76890964743692,0.870678734682339,0.3724
205,1064,121,3.091692626,543.966255954748,3.35658543974194e-07,0,0.424,0.282,0.43643829563277,0.270251776254527,0,0,0,0,TRUE,2.50686896215807,0.00460958306828234,0.953147658652928,17.92,9.52999999999999,1.72000000000001,0.579999999999998,TRUE,TRUE,5.68991306797589e-08,0.999973619486458,2.50686896215807,0.637388573651207,0.3535
205,1065,109,-4.4067857857,2078.08650762934,1.11611119364889e-11,0,0.044,0.102,0.698717440686955,0.808704951512687,0,0,0,0,TRUE,2.19087876149126,0.00559136269158243,0.949128547830894,18.62,9.86,1.78,0.629999999999995,TRUE,TRUE,2.09640755689818e-06,0.999405053003281,2.19087876149126,0.479015689096271,0.68435
205,1066,94,0.0770094746,26000.0727464861,2.42434697972268e-12,0,0.006,0.004,0.0138695854323063,0.0280330103368629,0,0,0,0,TRUE,2.99184510511784,0.00650984716335786,0.934813276556464,17.37,9.38,1.73,0.560000000000002,TRUE,TRUE,1.31834960516951e-07,0.999612171295382,2.99184510511784,0.838984228187072,0.3025
205,1067,87,5.2194434223,1900.7737370858,1.42419614436527e-08,0,0.366,0.486,1,0.968228746673017,0,0,0,0,TRUE,3.98837888731257,0.000862004743897185,0.95209571572373,18.86,8.72999999999999,1.63000000000001,0.899999999999991,FALSE,TRUE,1.4394317952741e-11,0.999985916461124,3.98837888731257,0.418754845020225,0.1514
205,1068,91,0.6018795339,33596.6825300937,1.1767128113387e-10,0,0.066,0.014,0.715865030610648,0.162274955577488,0,0,0,0,TRUE,3.36464321971183,0.00724384587005716,0.955573705810362,18.28,9.22,1.48,0.61999999999999,TRUE,TRUE,2.61391835836727e-07,0.999002918662669,3.36464321971183,0.312449336102771,0.02245
205,1069,99,3.7660813844,764.797299750036,5.25386340827903e-08,0,0.866,0.7,0.529950257626772,0.464166852739659,0,0,0,0,TRUE,2.48518027055491,0.00674674437253996,0.970867105851339,18,9.64,1.98,0.739999999999995,TRUE,TRUE,5.01685279950167e-06,0.999960341007968,2.48518027055491,1.72257632115327e-14,0
205,1070,119,5.7522829854,2434.7012855795,6.55697027338367e-10,0,0.552,0.076,1,0.834335123322036,0,0,0,0,TRUE,2.1858918087756,0.0040535043674088,0.961346207718991,16.28,10.11,1.67,0.61999999999999,TRUE,TRUE,5.92080604003e-07,0.998602741761972,2.1858918087756,0.329512001280235,0.5162
205,1071,102,4.0532218225,1301.75560820061,3.38397552378601e-10,0,0.794,0.83,1,0.702492722489036,0,0,0,0,TRUE,2.25198101738121,0.00608596841346845,0.966822368109197,18.94,8.89,1.89,0.75,TRUE,TRUE,2.72462570765684e-06,0.999854420194193,2.25198101738121,0.0288522671093336,0.02075
205,1072,83,-0.071241498,37127.3432344834,9.98550513192435e-11,0,0.578,0.302,1,0.756034587093897,0,0,0,0,TRUE,3.84022389416618,0.00484043805934654,0.963969557920593,18.1,8.75,1.42999999999999,0.52000000000001,TRUE,TRUE,5.0164973640375e-08,0.999922321057711,3.84022389416618,0.476796366125432,0.27385
205,1073,101,4.4530738227,546.121524501817,1.64856370651271e-07,0,0.418,0.384,0.68280372632262,0.580944723317778,0,0,0,0,TRUE,3.2182953530187,0.00648780283573706,0.946025314369703,18.47,9.05,1.83,0.790000000000006,TRUE,TRUE,2.89568019966677e-08,0.99997193832487,3.2182953530187,0.844573080813346,0.61635
205,1074,100,-6.204946492,330.41271661008,6.80703169081883e-06,0,0.754,0.762,0.406361414216438,0.308254342251634,0,0,0,0,TRUE,5.17505583049192,0.00103259252908338,0.944418508153599,18.16,8.03,1.34,0.609999999999999,FALSE,TRUE,5.55065751946295e-12,0.999999264534154,5.17505583049192,0.841526790282868,0.37675
205,1075,97,4.2978332479,989.547484113486,5.12715654597784e-07,0,0.958,0.552,0.704493477391423,0.916174220194943,0,0,0,0,TRUE,3.41792736210233,0.00521657588618833,0.948466992305954,18.91,9.27,1.65000000000001,0.609999999999999,TRUE,TRUE,7.35257935353398e-08,0.999975855406094,3.41792736210233,0.275151823878722,0.5695
205,1076,101,8.7304516809,590.369767982571,5.15613437930363e-10,0,0.072,0.036,1,0.751734805260584,0,0,0,0,TRUE,3.1575925625512,0.00516458055160388,0.956688981936692,17.83,8.83,1.34,0.559999999999988,TRUE,TRUE,2.16701427342619e-08,0.999983721945652,3.1575925625512,5.79242563856888e-10,0
205,1077,106,1.5218651104,1655.29683218172,1.38353317567685e-09,0,0.382,0.264,1,0.812968153038826,0,0,0,0,TRUE,2.92003478003692,0.00184120543688424,0.975674369999172,17.86,9.35000000000001,1.75,0.719999999999999,FALSE,TRUE,1.25147142026784e-11,0.999995125858362,2.92003478003692,0.956176113283985,0.86055
205,1078,88,-0.091477525,1003.28129946951,2.56734799417754e-08,0,0.67,0.466,0.192821228890256,0.00248826618470221,0,0,0,0,TRUE,3.91930486327947,0.0041426785783276,0.931627014297433,18.07,8.10000000000001,1.37,0.489999999999995,TRUE,TRUE,1.20717482286803e-08,0.999471723921323,3.91930486327947,9.09962499852153e-30,0
205,1079,101,-7.6779608392,100.541763827194,4.92840874112002e-06,0,0.282,0.152,0.203465592641936,0.550095949609709,0,0,0,0,TRUE,9.49335966695609,4.70590324687992e-05,0.979367610208442,26.22,8.80000000000001,1.77,0.920000000000002,FALSE,TRUE,2.22044604925031e-16,1,9.49335966695609,0.319505867659896,0.50415
205,1080,93,12.8979205791,2076.70202622613,3.43286484633066e-11,0,0.798,0.428,0.825762883785847,0.0105191083281978,0,0,0,0,TRUE,3.47615930902806,0.00549204160999584,0.947896263642074,16.05,6.38,1.70000000000002,0.469999999999999,TRUE,TRUE,3.56577087310221e-07,0.999730352679559,3.47615930902806,0.418055537706829,0.05515
205,1081,96,-0.3884847311,988.179285864177,1.91173935480916e-09,0,0.052,0.026,0.499151302258106,0.561398846190568,0,0,0,0,TRUE,3.09933972595926,0.00553042941223955,0.945809455905318,24.25,9.96000000000001,2.09,0.890000000000001,TRUE,TRUE,6.00533400159788e-08,0.999686971435008,3.09933972595926,0.414174810292589,0.0341
205,1082,109,1.9853231565,682.318965221135,6.57368809025154e-06,0,0.692,0.428,1,0.213462997293814,0,0,0,0,TRUE,2.99279075258035,0.00603665698240971,0.97168234152519,16.14,6.5,1.38999999999999,0.530000000000001,TRUE,TRUE,1.60072616226274e-08,0.999996818088643,2.99279075258035,0.996860952081605,0.74555
205,1083,94,0.6080638603,354.961993453203,1.30231997403944e-05,0,0.434,0.206,0.340389551685211,0.180514966546446,0,0,0,0,TRUE,5.08397707256153,0.00133431331749997,0.958912428349875,24.69,9.78,2.23999999999999,1,FALSE,TRUE,2.22044604925031e-16,0.999999946932777,5.08397707256153,6.63598470451861e-08,0.0229
205,1084,118,-4.3946598721,32517.0036872662,3.06241100784508e-13,0,0.002,0.32,0.238617007637115,0.0659370661134282,0,0,0,0,TRUE,2.37596579281077,0.0145626597181227,0.913412955968149,14.36,8.19999999999999,2.04000000000002,0.47999999999999,TRUE,TRUE,8.00089193073441e-05,0.99658392241062,2.37596579281077,0.13106631133561,0.01825
205,1085,85,-4.2908781757,1197.44236105283,2.54787244085141e-08,0,0.38,0.252,0.379716433637947,5.12012969553499e-05,0,0,0,0,TRUE,3.53055931699447,0.00285531990197278,0.981793743423613,22.99,9.64999999999999,1.68000000000001,0.920000000000002,FALSE,TRUE,1.91047436831635e-09,0.999999786436409,3.53055931699447,0.860422179876198,0.08725
205,1086,110,0.8216979814,839.739457811492,2.25962935051758e-09,0,0.04,0.022,1,0.425055030969867,0,0,0,0,TRUE,2.87059666998648,0.00840778825414653,0.961609632357123,15.95,7.41,1.19999999999999,0.450000000000017,TRUE,TRUE,3.09924889367045e-07,0.999969836014053,2.87059666998648,0.599783530637995,0.2379
205,1087,96,0.7155227543,114.843179573194,0.00010700148071932,0,0.958,0.68,0.503978357415422,0.0240989623952405,0,0,0,0,TRUE,5.05974938379121,0.00157240855582739,0.956389093891793,26.39,8.39,1.56,0.769999999999996,FALSE,TRUE,1.35207103337703e-11,0.999999998476242,5.05974938379121,5.69284051115751e-08,0.03375
205,1088,100,-8.0182872244,1053.54642357164,1.22113235048468e-06,0,0.196,0.914,0.593839278530068,0.117558320898579,0,0,0,0,TRUE,2.98676485657308,0.00487032343039739,0.934905836120066,14.95,7.34999999999999,1.34,0.469999999999999,TRUE,TRUE,2.26142767960338e-06,0.99946140600451,2.98676485657308,0.98090549595341,0.55545
205,1089,87,0.0039864552,4814.8377492837,5.63270773227707e-11,0,0.038,0.156,0.543046963205886,0.60704216594345,0,0,0,0,TRUE,2.64640805931061,0.00599115687415419,0.951620319403639,17.5,8.96000000000001,1.66,0.639999999999986,TRUE,TRUE,3.10606918735718e-06,0.998437588445959,2.64640805931061,0.243454068406852,0.0471
205,1090,89,-6.235492939,31165.1433335324,8.47675079365557e-11,0,0.102,0.128,0.990178185337204,0.748716882797639,0,0,0,0,TRUE,3.0264784865568,0.00594436051348191,0.93900719173326,18.17,9.18000000000001,1.72,0.580000000000013,TRUE,TRUE,9.96304288992711e-07,0.999900521460645,3.0264784865568,0.859121628129549,0.2916
205,1091,104,-3.9579171837,26504.9864169906,2.30773433775315e-10,0,0.278,0.274,0.259768538128732,0.128136643568723,0,0,0,0,TRUE,2.5163989500912,0.0104673164732433,0.975340266375418,17.92,9.79999999999998,1.97,0.670000000000016,TRUE,TRUE,4.29678077744356e-06,0.999982190219744,2.5163989500912,0.991507614279446,0.38185
205,1092,96,-2.5368951432,267.078046047335,1.35270942996955e-06,0,0.42,0.518,1,0.789650715625198,0,0,0,0,TRUE,3.17483331020775,0.00264841903310234,0.96623048455671,17.5,7.82999999999998,1.66,0.780000000000001,TRUE,TRUE,7.73109266616596e-08,0.999987983846069,3.17483331020775,0.874954572999459,0.38075
205,1093,98,2.5840803168,2749.31899394667,3.72290742591699e-10,0,0.216,0.154,0.815691016625661,0.175188460799297,0,0,0,0,TRUE,2.41774305672372,0.00403314084613995,0.961986564914491,24.12,13.75,2.53999999999999,1.09,TRUE,TRUE,4.89517394480026e-07,0.998995777332137,2.41774305672372,0.00854576207248296,0.0029
205,1094,105,-5.117492551,651.787650231582,4.93243470454991e-06,0,0.596,0.734,0.279704358606714,0.0874225776048818,0,0,0,0,TRUE,2.5369881079205,0.005005344817591,0.92508555988144,24.27,12.58,2.47,0.669999999999987,TRUE,TRUE,2.73855012190678e-06,0.999004701697616,2.5369881079205,8.50874221775659e-09,0
205,1095,102,-5.2938832314,623.75353291625,4.9310769345373e-07,0,0.908,0.804,0.684948195799035,0.391956102635339,0,0,0,0,TRUE,2.65913160235121,0.0022684241545258,0.954264349206976,17.47,8.40000000000001,1.72,0.800000000000011,TRUE,TRUE,4.96793071991662e-08,0.999912797516654,2.65913160235121,0.135634854914343,0.01445
205,1096,103,-7.9180574473,219.619715946703,6.43455838952292e-05,0,0.812,0.544,1,0.175203496083667,0,0,0,0,TRUE,3.63082357638272,0.00101209349910173,0.957108793574924,18.02,8.72999999999999,1.83000000000001,0.669999999999987,FALSE,TRUE,1.56370129905606e-09,0.999996467105126,3.63082357638272,0.526754448192007,0.11455
205,1097,88,-3.6958551433,26070.023239501,1.55175270452163e-08,0,0.328,0.106,0.598950672739246,0.207536316431815,0,0,0,0,TRUE,2.23378311704129,0.00910929462285946,0.955843401687438,17.31,12.25,1.97999999999999,0.560000000000002,TRUE,TRUE,7.65565886893617e-05,0.986276580669481,2.23378311704129,0.666610309084821,0.5398
205,1098,99,-3.6665563881,2118.02381374615,7.57027372916355e-09,0,0.252,0.914,0.484062506814352,0.378498792995023,0,0,0,0,TRUE,2.3080494486987,0.0121124369601729,0.921537466619783,17.7,10.55,2.16,0.730000000000018,TRUE,TRUE,2.97510462099677e-05,0.991393154974283,2.3080494486987,6.86749835589372e-06,2e-04
205,1099,102,-3.6669717468,811.511302824873,1.88932809847511e-07,0,0.16,0.084,0.068666037216601,0.0583271875753152,0,0,0,0,TRUE,2.08897067966482,0.0079054706920272,0.957222240293638,17.3,10.67,2,0.610000000000014,TRUE,TRUE,1.42669781411859e-05,0.999494255081172,2.08897067966482,0.535423745340528,0.19205
205,1100,112,-6.8929767688,1056.57688169821,1.46011021790196e-07,0,0.086,0.116,0.21282658600901,0.000289249463648389,0,0,0,0,TRUE,3.60385050935511,0.00703476536104823,0.968986501673032,17.19,10.26,1.83000000000001,0.70999999999998,TRUE,TRUE,2.76947626499405e-07,0.999986171552684,3.60385050935511,0.852091140953873,0.86355
205,1101,105,-10.5227438771,339.385748603006,5.06087656637547e-06,0,0.894,0.484,1,0.836773073076897,0,0,0,0,TRUE,3.54582314455915,0.000771229778060703,0.956892881948574,25.89,11.75,2.52000000000001,0.97999999999999,FALSE,TRUE,2.32699309314457e-10,0.999997154844766,3.54582314455915,8.08833851480865e-27,0
205,1102,105,2.758245121,1051.1371936759,8.76049844732685e-07,0,0.37,0.106,0.602141319639984,0.538166172974171,0,0,0,0,TRUE,2.26334780530713,0.00746165257908106,0.950581704492521,25.15,11.35,2.22,0.930000000000007,TRUE,TRUE,2.83644530528066e-06,0.999372209883289,2.26334780530713,0.887912931930171,0.4626
205,1103,98,-7.0642969907,877.679104264685,6.3018108603648e-07,0,0.448,0.376,0.675847219696748,0.352649927132403,0,0,0,0,TRUE,2.61118327703298,0.00180892148452358,0.978592456232105,17.83,10.34,1.97,0.659999999999997,TRUE,TRUE,1.60276401193653e-07,0.999855570291526,2.61118327703298,0.599643664637679,0.217
205,1104,109,3.8408668649,17248.6700412871,4.30316130457264e-11,0,0.008,0.168,0.121565721638511,0.298799368341012,0,0,0,0,TRUE,2.01433706077404,0.00370469691518207,0.946679596611971,18.01,12.35,2.64000000000001,0.699999999999989,TRUE,TRUE,4.06945106821169e-06,0.995792363931339,2.01433706077404,0.0278391769088275,0.0239
205,1105,111,-2.0257548966,200.264725198285,2.70286091143884e-07,0,0.068,0.02,0.216143911953756,0.0423040984180706,0,0,0,0,TRUE,2.77387295584728,0.00222982804903734,0.972192114176853,17.55,8.26000000000002,1.67999999999998,0.680000000000007,TRUE,TRUE,5.96827381608669e-08,0.999977365019377,2.77387295584728,0.3858371995573,0.49555
205,1106,102,8.4383264865,395.03548805339,3.84922783505547e-06,0,0.328,0.224,1,0.39572428127616,0,0,0,0,TRUE,3.39299552778824,0.00293051518856522,0.959013223301368,17.77,8.86000000000001,1.75,0.780000000000001,TRUE,TRUE,4.68629480652848e-08,0.999998840786826,3.39299552778824,0.194257552052897,0.04715
205,1107,103,-6.2893658522,418.529684871471,2.11651633486331e-06,0,0.524,0.49,1,0.901609168538146,0,0,0,0,TRUE,2.83445503741611,0.00303792853315333,0.935923420875281,17.69,8.56,1.91,0.670000000000016,TRUE,TRUE,1.98911164459723e-07,0.998732653986083,2.83445503741611,0.0276607892916092,0.48515
205,1108,92,6.6772483103,1838.18805314857,5.05579611783956e-10,0,0.828,0.678,0.417082064475092,0.0334283399105956,0,0,0,0,TRUE,4.75462389857451,0.00417182392142084,0.963356623748661,18,8.09,1.60999999999999,0.780000000000001,FALSE,TRUE,7.88508670667916e-13,0.999998535302412,4.75462389857451,0.213315877138922,0.0074
205,1109,106,2.3802871918,506.675012288738,7.89091624088322e-08,0,0.262,0.432,0.741118286275562,0.441169953598137,0,0,0,0,TRUE,2.96774359913499,0.00453165400676034,0.969102284988999,17.37,8.13000000000002,1.75999999999999,0.699999999999989,TRUE,TRUE,2.91044630936556e-07,0.999985984833003,2.96774359913499,4.64019143645253e-12,0
205,1110,109,-1.9082192163,925.000129444908,1.39278964219703e-08,0,0.542,0.226,0.548047884378717,0.29369269564284,0,0,0,0,TRUE,2.57934663227287,0.00406430942215525,0.983304942532555,18.19,9.42000000000002,2.03,0.75,TRUE,TRUE,6.86414958286364e-07,0.999999035006836,2.57934663227287,0.801715768938945,0.65485
205,1111,81,-6.649003534,626.904436935267,3.23418156252824e-09,0,0.566,0.274,0.512125330372662,0.918648629985947,0,0,0,0,TRUE,5.23690491858911,0.00198744565930814,0.969766464707717,18.02,8.48000000000002,1.85999999999999,0.860000000000014,FALSE,TRUE,1.67954635462206e-13,0.999999998389249,5.23690491858911,0.5337822366738,0.0314
205,1112,110,0.4228525968,570.681623734189,1.45256714230646e-06,0,0.842,0.21,0.00318454400537749,0.00438223947450722,0,0,0,0,TRUE,2.32339611421371,0.00725808238250103,0.953525113772571,17.83,10.26,1.96000000000001,0.669999999999987,TRUE,TRUE,1.01034221391927e-05,0.998603581370357,2.32339611421371,0.214990412058057,0.00565
205,1113,98,-6.7272019066,1274.38346287162,1.78466970208133e-09,0,0.004,0.004,0.592180320008498,0.116265851369026,0,0,0,0,TRUE,2.98246055810279,0.00417736227315948,0.922960810403882,17.55,9.73000000000002,2.19999999999999,0.780000000000001,TRUE,TRUE,1.19925234216374e-07,0.997290546777801,2.98246055810279,0.000283951000179549,0.0036
205,1114,88,5.0487411889,412.161310031671,9.88107181046004e-07,0,0.596,0.34,0.593614224799708,0.0979645131886546,0,0,0,0,FALSE,1229938848580875,0.00412470914708544,0.961802158119948,17.81,7.88,1.76000000000002,0.780000000000001,FALSE,TRUE,2.22044604925031e-16,1,1420273162667768,0,NA
205,1115,103,-0.9590364069,264.921118753653,1.39122270041069e-06,0,0.102,0.112,0.699022869398251,0.375216939095281,0,0,0,0,TRUE,2.52095774448916,0.0056785160065871,0.971071003041916,24.64,12.25,2.13999999999999,0.840000000000003,TRUE,TRUE,4.67051528219478e-06,0.999964656518128,2.52095774448916,0.843101793963801,0.0915
205,1116,88,-9.0552355361,2184.1346001919,1.93910067940804e-11,0,0.402,0.072,0.581617248349975,0.745645254271654,0,0,0,0,TRUE,5.01919216439839,0.00789667395203755,0.957021422761957,23.71,10.92,2.18000000000001,0.879999999999995,FALSE,TRUE,8.63273861124461e-12,0.999999919987192,5.01919216439839,0.998506789907504,0.9905
205,1117,83,3.2993907928,4005.39032987344,4.25538795483709e-10,0,0.84,0.438,0.835704762092711,0.366560208130674,0,0,0,0,TRUE,3.21679203119663,0.00312094446298015,0.986289196212956,24.75,12.06,2.23999999999998,0.840000000000003,TRUE,TRUE,2.27076473424345e-06,0.999981311517302,3.21679203119663,1.22718880900598e-46,0
205,1118,95,1.9830785935,1059.83798740292,8.92314913278338e-09,0,0.05,0.222,1,0.549812330482986,0,0,0,0,TRUE,2.99016754720147,0.0052712192840307,0.970953403309249,23.84,11.33,2.25,1.25,TRUE,TRUE,1.88456599247587e-07,0.999988023134321,2.99016754720147,0.945882858807768,0.66365
205,1119,105,-5.8265975178,722.392848312802,1.85151421105923e-07,0,0.75,0.318,0.417156690142771,0.463184234764847,0,0,0,0,TRUE,2.89947841040782,0.00827608606243288,0.960368866232615,18.06,9.66,1.94999999999999,0.670000000000016,TRUE,TRUE,1.45528489960916e-06,0.999679725004081,2.89947841040782,0.655583837360738,0.49365
205,1120,113,0.6268015106,238.269631091449,5.73011761807942e-05,0,0.678,0.324,0.920290865920634,0.660953921025903,0,0,0,0,TRUE,2.85915560762829,0.00191129042152621,0.963550985134219,17.16,8.48000000000002,1.73999999999998,0.75,TRUE,TRUE,1.27894590214624e-08,0.999996193868968,2.85915560762829,0.00410728557917522,0.0609
205,1121,93,-2.9529091108,336.679743816888,3.02303354540541e-06,0,0.048,0.206,1,0.908570506191086,0,0,0,0,TRUE,4.39057290470682,0.00170514862339916,0.942756814560247,17.54,8.44,1.63999999999999,0.590000000000003,FALSE,TRUE,3.63004320253151e-10,0.999952244448916,4.39057290470682,0.726142048172305,0.32415
205,1122,113,-1.2526144881,1320.96790237156,2.39064241289572e-11,0,0.954,0.408,0.091044521491275,0.0529786288056733,0,0,0,0,TRUE,2.03088071386135,0.00744112994087924,0.950883568638283,18.35,9.25999999999999,1.88,0.72999999999999,TRUE,TRUE,3.85815515939167e-05,0.999738757294113,2.03088071386135,0.85414255723983,0.2098
205,1123,85,-2.6405709393,2203.90914313528,9.60739630688728e-09,0,0.25,0.152,1,0.893699780610564,0,0,0,0,TRUE,5.07654813630771,0.0026542365171371,0.968955357007943,17.28,8.10999999999999,1.62,0.710000000000008,FALSE,TRUE,1.60096812199669e-12,0.999999557714293,5.07654813630771,0.576926440275293,0.0147
205,1124,103,5.9834431868,628.434902784476,1.75711624971366e-07,0,0.82,0.438,0.392938350055434,0.0445204019699067,0,0,0,0,TRUE,2.64996160794368,0.00640181012081918,0.959167309908234,17.74,9.46000000000001,1.72,0.75,TRUE,TRUE,4.71905478097299e-07,0.999985018305847,2.64996160794368,0.00388968847506823,0.00345
205,1125,98,-1.9895937681,463.298613198403,1.05274639787476e-05,0,0.728,0.216,0.931156081789745,0.454315753358838,0,0,0,0,TRUE,3.01060578455452,0.00321234584024079,0.954647903077891,16.64,9.19,1.91,0.829999999999984,TRUE,TRUE,1.35032044667689e-07,0.999842249308515,3.01060578455452,2.75300703076115e-28,0
205,1126,94,2.8108190145,1030.46571702595,3.7293897352729e-08,0,0.364,0.402,1,0.811511071486359,0,0,0,0,TRUE,2.43587997572779,0.00856237918452003,0.948544786119574,18.2,9.58000000000001,1.84,0.629999999999995,TRUE,TRUE,1.05198205055631e-05,0.999715259847673,2.43587997572779,0.188261438636223,0.09985
205,1127,99,-1.3179933289,1741.56052157465,3.33319937433468e-08,0,0.248,0.59,1,0.981592192711633,0,0,0,0,TRUE,2.4177013895335,0.00743852632633068,0.977355025850976,17.92,9.69,1.81,0.689999999999998,TRUE,TRUE,4.55573444533557e-06,0.999943233006025,2.4177013895335,0.747744787289931,0.40025
205,1128,102,-2.1915373791,2739.86934283908,2.26448207654996e-09,0,0.13,0.434,0.518261509988235,0.253003826961857,0,0,0,0,TRUE,2.03556921354426,0.00655294475123824,0.964057039084334,17.86,9.20999999999998,1.84999999999999,0.79000000000002,TRUE,TRUE,1.02825592346707e-05,0.999502846947657,2.03556921354426,0.124997767946364,0.12075
205,1129,95,-3.9184353297,5432.49097863473,1.68636955792829e-10,0,0.272,0.194,0.816496612819258,0.203292071102541,0,0,0,0,TRUE,2.88630565477146,0.00688655714737623,0.945109539559687,26.26,13.41,2.69,0.820000000000022,TRUE,TRUE,7.63199909610255e-07,0.999519762164541,2.88630565477146,1.48973901487321e-06,0
205,1130,84,-4.7940584479,2226.34807925293,5.97269505568184e-10,0,0.006,0.16,0.905517472799942,0.346560249377223,0,0,0,0,TRUE,6.33967676847653,0.00329970995456053,0.96880144256556,24.64,9.50999999999999,1.68000000000001,0.929999999999978,FALSE,TRUE,2.22044604925031e-16,0.999999999992043,6.33967676847653,0.944843672148217,0.2437
205,1131,116,1.2559967223,1070.72577827309,1.90030453820031e-08,0,0.288,0.868,1,0.426786295261252,0,0,0,0,TRUE,2.07050623384889,0.00735844688098835,0.967879218635323,18,9.44999999999999,1.78,1.05000000000001,TRUE,TRUE,5.22393576556157e-07,0.999996167747653,2.07050623384889,0.893246290652393,0.53405
205,1132,99,-1.9340546364,3821.10662503352,6.18953496948397e-11,0,0.386,0.372,0.811022476135095,0.945192196505022,0,0,0,0,TRUE,2.17802632723536,0.0114503885915111,0.944503588329097,17.77,9.84,1.66,0.760000000000019,TRUE,TRUE,5.51110484213347e-05,0.99852681881922,2.17802632723536,0.946249039920461,0.4469
205,1133,112,-3.6953378651,498.823098976722,7.7862860955053e-08,0,0.27,0.174,0.574007988636557,0.380445240709229,0,0,0,0,TRUE,3.43302239702617,0.00147507049126833,0.954823342458719,18.6,9.24000000000001,1.97999999999999,0.780000000000001,FALSE,TRUE,2.96565245629484e-09,0.999998859647248,3.43302239702617,0.878494369091053,0.1659
205,1134,90,-0.1207577868,1543.73222206126,1.81154626829287e-09,0,0.452,0.056,0.973561944255563,0.820646648131408,0,0,0,0,TRUE,3.33050621566595,0.0110323495280357,0.955263079440454,18.33,10.11,1.75999999999999,0.70999999999998,TRUE,TRUE,2.3552507987588e-06,0.999197906341591,3.33050621566595,0.0180483132300107,0.0216
205,1135,94,1.5379338773,893.002317230669,7.17627356668528e-09,0,0.02,0.052,0.067190354625281,0.380775643655513,0,0,0,0,TRUE,3.29442504781661,0.00200162993772522,0.931691748533493,19.14,9.49000000000001,1.84,0.629999999999995,TRUE,TRUE,1.84041559512189e-08,0.999047133891888,3.29442504781661,0.0184015525469847,0.0845
205,1136,95,-4.9139832002,578.563801017474,5.03349708931351e-07,0,0.35,0.456,0.799535194242342,0.460561463669503,0,0,0,0,TRUE,3.64060987090163,0.0021748693276272,0.961038203723861,18.64,9.01999999999998,1.81,0.830000000000041,FALSE,TRUE,6.62468961558024e-10,0.999998595182867,3.64060987090163,2.59017232479086e-08,0.0053
205,1137,95,-0.1444064175,790.199720850204,6.23176219492485e-08,0,0.17,0.024,1,0.230024191426645,0,0,0,0,TRUE,4.41759812274571,0.00645668993254205,0.950430000254679,18.44,9.06,1.75,0.689999999999998,FALSE,TRUE,7.51212703617082e-10,0.999999856139941,4.41759812274571,8.38364589947465e-167,0
205,1138,98,4.9161461088,397.398893413817,3.0843957471363e-08,0,0.046,0.236,1,0.109052295414249,0,0,0,0,TRUE,2.84011674772108,0.00226534845138659,0.948814851165083,18.42,9.03999999999999,1.94,1,TRUE,TRUE,1.34205532751408e-08,0.999964091492364,2.84011674772108,0.00425045547403801,0.00405
205,1139,112,-1.3645285897,5102.05409219636,4.28807706506482e-11,0,0.152,0.086,0.512441293832318,0.421865415218712,0,0,0,0,TRUE,2.41169660789597,0.00936545018253902,0.952766454416319,17.48,11.7,2.44,0.75,TRUE,TRUE,1.48879200944548e-06,0.998999247969388,2.41169660789597,0.00334506156443537,4e-04
205,1140,118,-0.2862863725,680.323038767986,2.80554622297883e-08,0,0.006,0.178,1,0.850066251086878,0,0,0,0,TRUE,2.01407750996981,0.0100078963138664,0.937787892572187,18.38,11.48,1.56,0.660000000000025,TRUE,TRUE,2.75297488775538e-05,0.999034892308592,2.01407750996981,0.197763397407219,0.79535
205,1141,85,-5.23637786,2021.22751254976,1.43061826108885e-09,0,0.146,0.164,1,0.665619508521276,0,0,0,0,TRUE,2.65843599643308,0.00743855918926183,0.945645431188606,19.22,10.2,2.12,0.689999999999998,TRUE,TRUE,4.18163345361908e-06,0.997819207789346,2.65843599643308,0.774858024573431,0.96085
205,1142,96,1.4164207608,504.249242004095,1.88905252392333e-07,0,0.546,0.39,0.0732646393915337,0.0327882589820291,0,0,0,0,TRUE,3.14504457633699,0.00527285317197515,0.948328448578325,18.24,9.44999999999999,1.58000000000004,0.680000000000007,TRUE,TRUE,4.80891581054309e-08,0.999939295844291,3.14504457633699,0.00195602303417222,0.00755
205,1143,103,5.9520727627,33927.5483388074,2.11885883306811e-11,0,0.18,0.04,0.371575403733159,0.0990729081899027,0,0,0,0,TRUE,2.25869905724692,0.00447306975312742,0.959641964579268,18.21,10.84,2.20000000000002,0.719999999999999,TRUE,TRUE,2.21623339149135e-06,0.999516564969414,2.25869905724692,0.28515999994187,0.0447
205,1144,107,-2.1490356744,1112.83765166732,8.16295487919526e-09,0,0.93,0.816,0.652629158168431,0.24308213271917,0,0,0,0,TRUE,2.99020178100546,0.00751707958349489,0.974330229677386,18.83,8.62999999999997,1.89000000000004,0.649999999999977,TRUE,TRUE,5.03389434504657e-07,0.999980519617337,2.99020178100546,0.0840806929745438,0.02625
205,1145,90,6.2575553283,466.700902465029,4.11697012890593e-06,0,0.5,0.162,0.652685125975988,0.52333568554248,0,0,0,0,TRUE,3.83126219140196,0.00120859647938242,0.907002630986222,18.21,9.20999999999998,1.68000000000001,0.710000000000008,TRUE,TRUE,1.37710702798026e-08,0.999544746753512,3.83126219140196,1.16639266386651e-05,5e-05
205,1146,95,-8.1960157259,63.0942025975319,4.70167556376427e-05,0,0.776,0.66,0.991588617053062,0.43566459812278,0,0,0,0,TRUE,7.40392103727354,0.000775087876614982,0.981839468253375,20.11,8.43000000000001,1.51999999999998,0.670000000000016,FALSE,TRUE,2.22044604925031e-16,0.999999999350898,7.40392103727354,2.24984243127064e-106,0
205,1147,97,2.511235698,662.763669329205,1.79663358093237e-09,0,0.456,0.33,1,0.472939125407896,0,0,0,0,TRUE,2.79398895273793,0.00300036867618166,0.928135664103695,18.59,8.72,2.13999999999999,0.860000000000014,TRUE,TRUE,2.81858836765411e-08,0.99975878048795,2.79398895273793,0.429305518995735,0.1079
205,1148,102,-0.1074139114,572.333821356228,1.07646441836458e-07,0,0.336,0.31,0.579726982757276,0.280546433564791,0,0,0,0,TRUE,2.84160229422722,0.00759494663359114,0.970338084796738,17.84,9.67999999999998,2.09000000000003,0.689999999999998,TRUE,TRUE,2.06431018139119e-06,0.999991558495641,2.84160229422722,0.646208434497296,0.5602
205,1149,99,5.2455072664,608.970361147164,6.72573702065501e-06,0,0.368,0.088,0.307847367516334,0.357948778100072,0,0,0,0,TRUE,2.77973539074226,0.00303027581661749,0.957590481997689,19.35,10.67,2.19000000000003,0.70999999999998,TRUE,TRUE,2.73151132942379e-08,0.99958673366464,2.77973539074226,0.960644404998233,0.97445
205,1150,99,-5.0916609937,573.432920053187,1.26667294285239e-07,0,0.194,0.292,1,0.394467279050021,0,0,0,0,TRUE,3.81656870750442,0.000700934637578911,0.939354532222053,18.58,9.44,1.42000000000002,0.610000000000014,FALSE,TRUE,2.24820661371764e-11,0.999967599856378,3.81656870750442,3.52157329462151e-35,0
205,1151,100,2.0814433446,942.960860318725,7.00435356604493e-08,0,0.172,0.854,0.928779954164707,0.739071293092374,0,0,0,0,TRUE,3.72750176610997,0.002386495270267,0.967274323122661,18.85,10.31,1.69,0.920000000000016,FALSE,TRUE,1.44831706008003e-10,0.999987255431993,3.72750176610997,0.954926395928388,0.4899
205,1152,94,-0.3151434889,2971.02239231738,9.25274966453028e-10,0,0.38,0.622,0.389059552466578,0.249665643821378,0,0,0,0,TRUE,2.81536287295997,0.00608141678191686,0.953193813730053,18.07,10.11,1.68000000000001,0.569999999999993,TRUE,TRUE,4.80847051118593e-07,0.998957521146955,2.81536287295997,0.118491496069993,0.0134
205,1153,99,5.900939735,28573.1916135276,7.24086245400853e-11,0,0.202,0.036,0.251214063925619,0.000140251002348601,0,0,0,0,TRUE,2.47183325840363,0.00711386631236912,0.966309025200961,19.81,10.56,2.14000000000001,0.669999999999987,TRUE,TRUE,2.62170058643048e-06,0.999672674191129,2.47183325840363,0.95768129864133,0.96545
205,1154,104,5.4408861941,456.248665677784,1.40232455247735e-06,0,0.274,0.738,1,0.215812512089899,0,0,0,0,TRUE,3.69300444428427,0.00357728114324019,0.977449359224944,18.14,9.05000000000001,1.77999999999997,0.950000000000045,FALSE,TRUE,5.47907962327781e-09,0.99999987085442,3.69300444428427,0.492226491734501,0.48315
205,1155,101,5.1478438844,683.155095512417,4.5461169045247e-07,0,0.074,0.864,0.994088403278194,0.329910862554348,0,0,0,0,TRUE,3.31763616242392,0.00185908579816368,0.952526818866729,18,8.52000000000001,1.70999999999998,0.77000000000001,FALSE,TRUE,5.81056326221985e-09,0.999963288640724,3.31763616242392,0.9322920664864,0.96715
205,1156,91,0.8497998862,3305.89438145963,5.22975671415764e-09,0,0.332,0.16,0.497162059174325,0.122951480654061,0,0,0,0,TRUE,3.37917679523091,0.00636064698221545,0.952989205341881,18.48,9.89000000000001,1.74000000000001,0.810000000000002,TRUE,TRUE,1.17993579205228e-07,0.999991023390276,3.37917679523091,0.0426214432233925,0.023
205,1157,80,-8.1479264886,3997.54182369403,1.158148918956e-11,0,0.1,0.078,0.375831797604816,0.659821493653727,0,0,0,0,TRUE,5.51047538705903,0.00138890368215776,0.978582952892973,18.58,8.42000000000002,1.47,0.829999999999984,FALSE,TRUE,2.22044604925031e-16,0.999999995039119,5.51047538705903,4.21072883170655e-07,5e-04
205,1158,90,-1.3350865571,5154.99389053525,8.69328347086336e-12,0,0.242,0.028,0.877047360953713,0.100400170757499,0,0,0,0,TRUE,3.29467623390489,0.0108661311369338,0.958027819899417,18.5,10.49,1.70999999999998,0.600000000000023,TRUE,TRUE,4.15234043521112e-07,0.999250681313125,3.29467623390489,0.0507941752242758,0.01595
205,1159,110,-9.6774658844,725.835870494855,3.35648772566446e-07,0,0.798,0.448,1,0.934711478080515,0,0,0,0,TRUE,2.21709461291612,0.00565600508865114,0.958524880175016,19.03,11.08,2.20999999999998,0.730000000000018,TRUE,TRUE,4.55681787765258e-06,0.999859851056158,2.21709461291612,0.0127698517987401,0.0075
205,1160,89,2.3865094172,6777.18980269535,4.70975346235832e-10,0,0.518,0.498,0.591680018899305,0.1240511161933,0,0,0,0,TRUE,3.29595190003436,0.00579733526682082,0.975372786564393,18.74,9.94999999999999,1.30000000000001,0.509999999999991,TRUE,TRUE,1.04131479492214e-08,0.999800139277713,3.29595190003436,0.59154130146256,0.96915
205,1161,104,1.5422144829,1542.65641203884,1.66922439050394e-08,0,0.336,0.15,0.0827892415486906,0.0727655593936446,0,0,0,0,TRUE,2.598057537006,0.00202375942914469,0.930871134703778,19.26,10.31,1.53,0.830000000000013,FALSE,TRUE,5.78279661964134e-10,0.999860264539726,2.598057537006,0.704190431808809,0.63845
205,1162,97,6.7734360502,334.027100379909,2.64265298738242e-07,0,0.368,0.114,0.701776547990352,0.295649583345841,0,0,0,0,TRUE,4.10811072587365,0.00501977424052384,0.973757177697288,18.35,8.93000000000001,1.39999999999998,0.889999999999986,FALSE,TRUE,2.11496830976294e-09,0.999998857290258,4.10811072587365,0.965821099247966,0.8172
205,1163,119,-2.2256668115,842.601107820563,2.79562493552178e-08,0,0.558,0.296,0.645930563919324,0.1383102284768,0,0,0,0,TRUE,2.22345261126399,0.0104997964560789,0.976857374022102,19.94,11.03,1.59,0.719999999999999,TRUE,TRUE,1.28334769866856e-05,0.999950649863458,2.22345261126399,0.360330372387886,0.00625
205,1164,105,9.6366225017,617.266837018193,1.52145280809606e-07,0,0.12,0.312,0.391809743963346,0.00977445618348949,0,0,0,0,TRUE,2.66420208981374,0.00376147232344673,0.951542162697918,19.18,8.47000000000003,1.54999999999995,0.620000000000005,TRUE,TRUE,1.93851614200931e-06,0.999597049460852,2.66420208981374,0.102050363438223,0.3024
205,1165,118,-1.3673178647,546.979854977645,1.66463582831002e-06,0,0.702,0.388,1,0.252440126273111,0,0,0,0,TRUE,1.9715423505322,0.00826986923017352,0.965086764438566,19.81,10.72,1.86000000000001,0.789999999999992,TRUE,TRUE,2.62719622504543e-06,0.999854578969142,1.9715423505322,0.707378043288736,0.71775
205,1166,105,6.597797703,162.991043940412,2.34103059479477e-05,0,0.526,0.09,0.72297327031195,0.709819561351007,0,0,0,0,FALSE,518.245286420159,0.00141436138084165,0.966280174825692,20.61,6.25,0.990000000000009,0.569999999999993,FALSE,TRUE,2.22044604925031e-16,1,724.196548643037,1,NA
205,1167,115,10.3406204844,372.133532922648,3.11462030420236e-06,0,0.38,0.14,1,0.0487915455609905,0,0,0,0,TRUE,2.77690729405261,0.00234359664934718,0.970841704701796,24.64,12.41,2.83999999999997,0.990000000000009,TRUE,TRUE,2.4076322381552e-08,0.999994356709061,2.77690729405261,0.486824365993808,0.51945
205,1168,111,-2.8907616536,463.202931270511,9.54076474569813e-06,0,0.716,0.396,1,0.750362991091981,0,0,0,0,TRUE,3.33639710119729,0.00747936747181948,0.958244271246153,15.69,6.20999999999998,1.22000000000003,0.569999999999993,TRUE,TRUE,8.89039066289533e-08,0.999974826619961,3.33639710119729,0.85557219687262,0.4243
205,1169,101,-1.8215752749,1780.78248124326,2.26548236459704e-10,0,0.156,0.092,0.470315252571696,0.00105546881785334,0,0,0,0,TRUE,2.05682745454043,0.00798328070629152,0.950722280855054,24.45,14.72,2.55000000000001,0.71999999999997,TRUE,TRUE,6.6741359610732e-05,0.995058838700011,2.05682745454043,0.800001558399831,0.41495
205,1170,98,5.2752496471,3735.96778297883,4.93251162722071e-10,0,0.37,0.228,1,0.824955523972766,0,0,0,0,TRUE,3.07687259458487,0.00560260770840776,0.969393023744683,14.83,5.96999999999997,1.20000000000005,0.549999999999955,TRUE,TRUE,3.66761260031227e-08,0.999939727741805,3.07687259458487,0.786233256392697,0.20805
205,1171,115,4.4619900211,929.053046689446,1.10706541795508e-07,0,0.762,0.354,1,0.185701638525024,0,0,0,0,TRUE,2.55933361076689,0.00432657654318451,0.9594355739592,24.47,14.19,2.06,0.729999999999961,TRUE,TRUE,1.42469275986479e-06,0.999991727581728,2.55933361076689,0.967786780097744,0.83845
205,1172,96,2.8128107337,516.229202892021,1.1317359333138e-09,0,0.456,0.684,0.916694179027474,0.944722636864356,0,0,0,0,TRUE,3.16508817498543,0.00260591841666883,0.907758137399393,14.86,5.97000000000003,1.13999999999999,0.550000000000011,FALSE,TRUE,4.66109861404028e-09,0.99972544217979,3.16508817498543,0.984756204579827,0.7479
205,1173,86,-6.2104110219,3519.90796288919,2.21017657976647e-12,0,0.05,0.012,0.963146701142171,0.36549746502089,0,0,0,0,TRUE,3.80762006769979,0.00379442687493067,0.931977316794727,25.06,11.48,1.99000000000001,0.670000000000016,FALSE,TRUE,1.75687406659982e-09,0.999857095416396,3.80762006769979,0.00381563148838461,5e-05
205,1174,111,-3.2145170685,399.946265972635,1.34231111437856e-05,0,0.468,0.344,0.281413908844736,0.0171429655246885,0,0,0,0,TRUE,4.58458782856383,0.00480720032572678,0.984095593042779,15.03,6.01999999999998,1.27999999999997,0.620000000000005,FALSE,TRUE,1.86086237820998e-13,0.999999999985758,4.58458782856383,0.916750673194786,0.53445
205,1175,100,1.4920354256,466.649766943106,1.56670920425458e-07,0,0.088,0.012,0.465376918059278,0.0044246258711349,0,0,0,0,TRUE,3.20129117452422,0.00069325395849333,0.960543809872646,25.31,12.86,1.42000000000002,0.70999999999998,FALSE,TRUE,6.16359359881333e-10,0.999930150470492,3.20129117452422,0.0347766137589915,0.00085
205,1176,107,-2.3604065347,1194.80641596543,4.29237646322936e-09,0,0.602,0.38,0.775421604656767,0.327970491995753,0,0,0,0,TRUE,2.37304147296436,0.00742605941052261,0.947674556663551,14.7,7.65000000000003,1.42999999999995,0.54000000000002,TRUE,TRUE,6.1500056546154e-06,0.998976363492058,2.37304147296436,1.12870635359759e-05,0.0559
205,1177,101,-1.0284777458,598.885874247809,6.04532498082728e-06,0,0.684,0.816,0.845707972251177,0.601660285117092,0,0,0,0,TRUE,2.83044090239903,0.00176936702506992,0.969486082712792,18.03,9.28000000000003,1.96999999999997,0.829999999999984,TRUE,TRUE,4.11056557712929e-08,0.999811356131584,2.83044090239903,0.686449424862443,0.22185
205,1178,102,4.9908670601,464.118677094438,2.30130915903169e-06,0,0.56,0.082,0.957035689105632,0.612867796935362,0,0,0,0,TRUE,2.50618078349186,0.00357433910414118,0.956820345949092,17.79,9.61000000000001,2,0.699999999999989,TRUE,TRUE,6.23311183859411e-07,0.99949327885672,2.50618078349186,0.0366178477793475,0.00645
205,1179,96,-2.38811285,518.545324655044,6.84874610273236e-07,0,0.622,0.932,0.623842545905636,0.667314856784129,0,0,0,0,TRUE,2.81187099459315,0.00247227916266037,0.967263573265554,18.8,8.97000000000003,1.97999999999996,0.689999999999998,TRUE,TRUE,2.93260409947648e-06,0.999529787510705,2.81187099459315,0.00181664164600115,0.01145
205,1180,90,-0.4824919466,2201.00193227011,5.63194800064048e-14,0,0.018,0.048,0.193117697097358,0.562380935934174,0,0,0,0,TRUE,2.77959073472975,0.00952779042752849,0.931707477119309,18.15,9.06999999999999,1.53000000000003,0.639999999999986,TRUE,TRUE,1.25986589877651e-05,0.99584969336709,2.77959073472975,0.890245983542636,0.3654
205,1181,104,-2.8028341964,176.853063682043,0.000321906293845234,0,0.934,0.706,0.666128770834975,0.00339368206689983,0,0,0,0,TRUE,4.69124692403727,0.00211073666817077,0.963585473335342,24.83,9.97000000000003,2.31,1.02999999999997,FALSE,TRUE,1.18619775331007e-11,0.999999921408923,4.69124692403727,0.156868588765294,0.00995
205,1182,89,-0.2397464232,261.506292486855,4.16582623911084e-06,0,0.596,0.736,0.969725996095042,0.707437093207363,0,0,0,0,TRUE,6.48413758903412,0.00259493117097016,0.972908998272575,23,9.21999999999997,2.07999999999998,0.980000000000018,FALSE,TRUE,2.22044604925031e-16,0.999999999972808,6.48413758903412,0.161502392010104,0.0346
205,1183,110,3.0582558038,327.114986495309,4.34260613312509e-06,0,0.716,0.834,1,0.879874471809088,0,0,0,0,TRUE,2.70551679435645,0.00613187074826984,0.963585441566942,17.71,8.96999999999997,2.28000000000003,0.789999999999964,TRUE,TRUE,7.48625189631002e-08,0.999995282217508,2.70551679435645,0.338321882570191,0.1127
205,1184,102,-4.3003569592,336.811070229292,4.18479457352916e-06,0,0.89,0.948,0.77420574761319,0.831839092367077,0,0,0,0,TRUE,2.40567260017624,0.00480808018426577,0.955880456624594,17.36,8.59000000000003,1.81,0.659999999999968,TRUE,TRUE,5.57541606577368e-06,0.999593807013135,2.40567260017624,0.810955774372851,0.32155
205,1185,92,-0.9471957997,652.648715279706,2.92765402094519e-09,0,0.05,0.014,0.937009259074899,0.811077824245922,0,0,0,0,TRUE,4.7950434684122,0.00122648154052962,0.950221875035962,18.58,8.52999999999997,1.66000000000003,1.00999999999999,FALSE,TRUE,7.11343617191095e-12,0.999999877397023,4.7950434684122,0.109555734099564,0.01055
205,1186,87,-2.0757352404,1364.46112871175,1.20014241994906e-09,0,0.244,0.29,0.275981246639147,0.166013930919988,0,0,0,0,TRUE,4.68761732943371,0.0028678532670819,0.964846527170391,17.75,7.83000000000004,1.41999999999996,0.740000000000009,FALSE,TRUE,2.38907221015647e-10,0.999998844910518,4.68761732943371,0.0890600570362921,0.0619
205,1187,104,0.5692560122,166.535543421229,3.31031148761762e-05,0,0.504,0.58,0.544173221569075,0.00403655681368564,0,0,0,0,TRUE,3.17151679672998,0.00135810772727446,0.987485676072967,19.47,8.24000000000001,2.13999999999999,0.840000000000032,FALSE,TRUE,8.39271820372325e-09,0.999996948498256,3.17151679672998,0.0304478158225818,0.0106
205,1188,107,-2.243170629,113.314588553555,6.45083729581106e-06,0,0.064,0.01,0.338882720809091,0.709571398901267,0,0,0,0,TRUE,3.5080836275912,0.00103081130354235,0.951134949879325,19.6,8.63999999999999,1.31,0.769999999999982,FALSE,TRUE,1.64777830092567e-11,0.999977242613749,3.5080836275912,1.14320061731352e-08,0.00025
205,1189,106,0.9622492985,643.184041861175,1.15006013892614e-08,0,0.11,0.202,0.484238244725932,0.0854135081938244,0,0,0,0,TRUE,3.37406226391269,0.00401809068749198,0.932495554475495,24.19,11.57,2.44,1.05000000000001,TRUE,TRUE,1.20294588928751e-08,0.999978458279517,3.37406226391269,0.276734180710903,0.25515
205,1190,108,-2.0717551936,448.714827818731,1.67405335900189e-06,0,0.842,0.74,1,0.243778815084209,0,0,0,0,TRUE,1.78085360883588,0.00303879780382052,0.980293634146322,22.51,11.69,2.00999999999999,1.13999999999999,TRUE,TRUE,3.4930595460648e-06,0.999952195401085,1.78085360883588,0.523219080381958,0.09335
205,1191,96,-2.5417271819,1850.40984115529,7.83400209509305e-08,0,0.886,0.67,0.323144381990077,0.479940833674155,0,0,0,0,TRUE,2.78962959134709,0.00374618048266109,0.950322762271575,18.92,10.14,1.75,0.800000000000011,TRUE,TRUE,3.56993624552499e-07,0.999951666782685,2.78962959134709,0.441579908687367,0.0273
205,1192,105,1.5687633684,667.533484298763,4.51804677957114e-07,0,0.428,0.588,1,0.911773025108469,0,0,0,0,TRUE,4.21120804835783,0.00450197190671483,0.975349675201463,17.48,8.94,1.86000000000001,0.610000000000014,FALSE,TRUE,6.16326751523473e-10,0.999999970712975,4.21120804835783,0.00283075959671017,0.05075
205,1193,106,-2.2276661459,1679.46480614772,6.32656851205269e-10,0,0.718,0.676,0.655776497307339,0.23227865565631,0,0,0,0,TRUE,2.00469749716823,0.00608405059900272,0.968314765840493,17.76,10.2,2.19,0.799999999999955,TRUE,TRUE,5.70682643169131e-06,0.998677793039507,2.00469749716823,7.09593344375098e-06,0.00165
205,1194,107,2.9290279942,815.314760834197,2.96244372299992e-08,0,0.454,0.338,1,0.138554325139096,0,0,0,0,TRUE,2.3013122830935,0.00593601729974067,0.953588029345417,17.36,9.30000000000001,2.00999999999999,0.689999999999998,TRUE,TRUE,5.70192192202172e-06,0.999852206953,2.3013122830935,0.168369456667818,0.0441
205,1195,98,5.0921372748,5835.06806177567,7.09111330756597e-14,0,0.196,0.588,1,0.79346887158151,0,0,0,0,TRUE,2.91569633885035,0.00568509048751342,0.959537792757485,17.83,10.51,2.25,0.75,TRUE,TRUE,1.11436820191069e-07,0.999910664063703,2.91569633885035,0.0048134206249645,0.0016
205,1196,102,6.8258177962,8337.24602730777,2.29684015029047e-11,0,0.688,0.394,1,0.63345693706782,0,0,0,0,TRUE,2.36346325050583,0.00737972274162033,0.951242292613479,17.64,8.65999999999997,1.73000000000002,0.70999999999998,TRUE,TRUE,3.82829938239908e-07,0.99870460681991,2.36346325050583,0.310051102186394,0.4774
205,1197,99,3.0580045173,572.5801172222,6.79186791094483e-07,0,0.218,0.108,0.583575565829261,0.192462027459876,0,0,0,0,TRUE,3.14553390771755,0.00207695004244655,0.964289055998997,17.7,8.44,1.56,0.70999999999998,FALSE,TRUE,8.11368008119242e-09,0.999996224249833,3.14553390771755,0.062779269357978,0.1641
205,1198,93,-5.1086721534,446.880747715117,4.35126228158744e-06,0,0.882,0.844,1,0.574399056456259,0,0,0,0,TRUE,4.00049074155087,0.00145351232308149,0.929911838856291,17.61,7.81,1.69,0.649999999999977,FALSE,TRUE,5.59748870828411e-09,0.999346288373506,4.00049074155087,0.930546636096129,0.64255
205,1199,108,-0.1721649073,17703.2578878335,1.5077873237082e-08,0,0.54,0.594,0.130294060292061,0.572127311051833,0,0,0,0,TRUE,2.15959576275852,0.0124109832976637,0.918437663016791,18.47,11.44,1.69,0.689999999999998,TRUE,TRUE,7.62081472610894e-06,0.997033920120256,2.15959576275852,0.360914664171584,0.141
205,1200,95,-7.0069677571,30471.4917974386,6.99499147083845e-11,0,0.698,0.198,0.570422261800198,0.185421051303689,0,0,0,0,TRUE,2.18165144837705,0.0102340158714243,0.968013730340923,17.92,9.56,2.01999999999998,0.560000000000002,TRUE,TRUE,3.74432147289282e-05,0.999142966818381,2.18165144837705,0.518295473790333,0.46655
205,1201,96,-3.1210768421,818.507208691299,3.01736340918592e-08,0,0.384,0.466,0.862408799214647,0.335276804414741,0,0,0,0,TRUE,3.92589051884282,0.00507069575308523,0.941930967066109,18.52,8.61000000000001,1.72000000000003,1.08999999999997,TRUE,TRUE,4.44530823434239e-08,0.999973405908984,3.92589051884282,0.55337411648128,0.12595
205,1202,99,-6.3943604578,442.486142891165,1.29314207858079e-07,0,0.008,0.006,0.681904762834163,0.224181895367082,0,0,0,0,TRUE,3.10009145211559,0.00313184891963365,0.923518961398378,17.78,9.13999999999999,1.76999999999998,0.699999999999989,TRUE,TRUE,1.50744799670861e-07,0.999919280863046,3.10009145211559,0.0100414015485363,4e-04
205,1203,104,-5.0562911381,460.812151561477,7.00232042665968e-06,0,0.446,0.414,0.411226657178312,0.130426994274349,0,0,0,0,TRUE,2.87553804050816,0.0024895010792563,0.974824606972813,25,12.33,2.35999999999996,1.04000000000002,TRUE,TRUE,4.59568498292731e-07,0.999959708909541,2.87553804050816,0.498429361486834,0.06025
205,1204,96,1.7020073738,212.135845439868,3.78046320716432e-07,0,0.024,0.036,0.868336461634438,0.376821483728889,0,0,0,0,TRUE,3.11225600847648,0.00131163786189343,0.981696912791012,24.14,10.75,2.01999999999998,0.810000000000002,TRUE,TRUE,1.10314427994691e-08,0.999999749555456,3.11225600847648,0.804055029539697,0.9204
205,1205,93,6.1150974281,994.864146387415,9.56690092786562e-07,0,0.864,0.614,0.193268580869298,0.505462863461796,0,0,0,0,TRUE,3.10051874028358,0.00386407365983331,0.962220045811246,24.33,11.91,2.14999999999998,0.930000000000007,TRUE,TRUE,4.83301230692662e-07,0.999861002967813,3.10051874028358,0.482434439400296,0.44875
205,1206,105,8.2653892887,224.066635621311,8.88899647337399e-06,0,0.862,0.984,1,0.305806283454417,0,0,0,0,TRUE,4.71710641572409,0.0011349163253074,0.972836269681796,22.95,10.14,1.89000000000004,0.909999999999968,FALSE,TRUE,2.22044604925031e-16,0.999999989919763,4.71710641572409,0.525015979768335,0.07945
205,1207,103,-7.8419896451,381.315761683101,4.99028708696326e-07,0,0.394,0.75,0.245872869064507,0.0180595464931603,0,0,0,0,TRUE,2.59730385175343,0.00179036473395046,0.926197358602475,17.63,9.69999999999999,2.58000000000004,0.829999999999984,FALSE,TRUE,3.49334187341683e-09,0.999984590514591,2.59730385175343,0.45886534951161,0.47235
205,1208,105,-7.6136237336,1142.62405242255,2.92524752626618e-09,0,0.044,0.018,0.19664205154207,0.224348760924304,0,0,0,0,TRUE,2.89662418974879,0.00901416603377517,0.972546650225787,17.4,10.13,2,0.689999999999998,TRUE,TRUE,1.04850515913775e-06,0.999984525701362,2.89662418974879,0.149507307353358,0.11805
205,1209,108,-1.2812640956,156.82296941532,1.47053197747982e-07,0,0.578,0.96,0.615161354776975,0.598451861002423,0,0,0,0,TRUE,3.67097543649663,0.0022022823945158,0.967233082240449,18.65,8.44999999999999,1.97000000000003,0.909999999999968,FALSE,TRUE,3.66592377646536e-11,0.999999976993105,3.67097543649663,0.189985307279851,0.01595
205,1210,96,7.2776507309,251.091270394055,7.11894657574837e-06,0,0.42,0.998,1,0.235166643425324,0,0,0,0,TRUE,5.81474531911429,0.00245009445440362,0.974918907434499,17.6,8.00999999999999,1.55000000000001,0.829999999999984,FALSE,TRUE,2.22044604925031e-16,0.999999999998432,5.81474531911429,0.0725109132534484,0.417
205,1211,98,-8.7402181475,27379.0683810473,6.30091119085926e-08,0,0.706,0.57,1,0.558123399756293,0,0,0,0,TRUE,2.20632132388031,0.00629290031158595,0.932789629065202,17.94,10.02,2.25999999999999,0.829999999999984,TRUE,TRUE,5.91981879916717e-06,0.996324341244267,2.20632132388031,0.365675668200426,0.08115
205,1212,98,-7.4633987336,34983.6496672864,1.00774999320252e-09,0,0.076,0.462,0.336341897091559,0.0910925340197843,0,0,0,0,TRUE,2.81517826415623,0.00800195469321006,0.94033804750326,17.75,8.37,1.82999999999998,0.700000000000045,TRUE,TRUE,1.36531527769256e-06,0.999805854835861,2.81517826415623,0.887395979318077,0.6821
205,1213,90,4.1253157267,2173.46325268607,1.06264492133835e-09,0,0.068,0.102,0.623828698734141,0.337409447007095,0,0,0,0,TRUE,4.09194273291984,0.00964794732605136,0.981271550083842,18.86,9.19999999999999,2.15999999999997,0.680000000000007,TRUE,TRUE,1.52554580805828e-08,0.999999573999883,4.09194273291984,0.612034632606142,0.46965
205,1214,114,-2.3190448281,583.627518918996,8.98272636346378e-07,0,0.35,0.166,0.64882490264444,0.0368176137254796,0,0,0,0,TRUE,3.68680079698041,0.00663944625240907,0.960701666487224,17.72,8.23000000000002,1.85000000000002,0.729999999999961,FALSE,TRUE,3.96809675157456e-09,0.999984605950514,3.68680079698041,0.0827454768335911,0.165
205,1215,102,1.1640863052,709.577997350797,2.81786791624313e-07,0,0.144,0.196,0.302625631508398,0.13429561570127,0,0,0,0,TRUE,2.53203945908002,0.00327461103200069,0.965470550906777,17.5,8.47000000000003,1.88999999999999,0.79000000000002,TRUE,TRUE,1.25147443475381e-06,0.999901224515325,2.53203945908002,0.839069163643861,0.16545
205,1216,119,-7.4338989051,351.779278681175,1.44743528428356e-05,0,0.92,0.452,0.795112553430106,0.80537891878645,0,0,0,0,TRUE,2.57396970744825,0.00473581160336444,0.966466058669355,17.89,8.71999999999997,1.72000000000003,0.670000000000016,TRUE,TRUE,7.3353428787678e-06,0.999803302106755,2.57396970744825,0.0145143855566416,0.0012
205,1217,99,-8.4162649801,1865.64830421304,7.04936460226705e-10,0,0.692,0.288,0.456250638284179,0.745544923358209,0,0,0,0,TRUE,2.14995676816579,0.0104141570701588,0.986167248517093,25.53,12.85,2.31999999999999,0.800000000000011,TRUE,TRUE,2.3113972322479e-05,0.99999060513691,2.14995676816579,0.75025552264061,0.37765
205,1218,91,-1.375577249,1109.91921184481,1.26280256504801e-10,0,0.196,0.12,0.253399068473033,0.049429716711153,0,0,0,0,TRUE,4.1005113353613,0.00476873117358696,0.961474647800927,22.47,10.81,1.90999999999997,0.700000000000045,FALSE,TRUE,3.8227870961014e-09,0.999916088967159,4.1005113353613,7.51898472254359e-09,3e-04
205,1219,106,4.5633160908,346.600678185923,1.22107917397405e-07,0,0.106,0.168,1,0.539057521418076,0,0,0,0,TRUE,5.40116831543135,0.0017624423587729,0.957986894171147,17.89,7.81,1.55000000000001,0.75,FALSE,TRUE,2.22044604925031e-16,0.999999983377526,5.40116831543135,0.0213370538839642,1e-04
205,1220,83,11.2613656483,2468.69166187887,2.85421133363668e-11,0,0.706,0.496,0.457728339932418,0.8374468868191,0,0,0,0,TRUE,3.02472614758782,0.00468269676605107,0.956717352362252,17.78,7.61000000000001,1.55000000000001,0.620000000000005,TRUE,TRUE,2.99126420524552e-06,0.998607566634728,3.02472614758782,0.0457633676393326,0.10825
205,1221,107,14.7195511946,678.870587123042,8.46290970884114e-08,0,0.032,0.176,1,0.878011315464533,0,0,0,0,TRUE,2.93168251290768,0.00425156918827466,0.953425194433195,17.75,9.47000000000003,2.31,0.70999999999998,TRUE,TRUE,5.68439031300516e-07,0.999705712436446,2.93168251290768,0.850897705855725,0.6774
205,1222,100,5.3938434432,653.652355006044,4.43179272664002e-08,0,0.354,0.272,0.519624755974659,0.084430170751279,0,0,0,0,TRUE,7.5406468261489,0.00210087070660898,0.967747678412499,18.66,9.11000000000001,1.69999999999999,0.769999999999982,FALSE,TRUE,2.22044604925031e-16,0.999999999999521,7.5406468261489,0,0
205,1223,98,7.5150628567,568.431844455179,1.52867800264483e-06,0,0.538,0.834,1,0.832255943464405,0,0,0,0,TRUE,2.63937262157862,0.00441101574662512,0.962356193543383,17.64,9.88,1.92000000000002,0.799999999999955,TRUE,TRUE,5.05792344365827e-06,0.999595668495882,2.63937262157862,0.466673374970672,0.70405
205,1224,118,10.6520241182,487.845108070016,2.04039404549353e-06,0,0.424,0.18,1,0.4113529068433,0,0,0,0,TRUE,2.75469089658814,0.00843630654044167,0.941706073399198,18.82,9.90000000000003,1.56999999999999,0.70999999999998,TRUE,TRUE,1.95078989713177e-08,0.999961453841741,2.75469089658814,0.409702833122324,0.906
205,1225,78,3.1879609436,1751.16947129936,4.02689003331883e-10,0,0.21,0.692,1,0.91226312036283,0,0,0,0,TRUE,6.86139681708802,0.00146162325806364,0.967304383497764,18.44,7.88999999999999,1.53000000000003,0.810000000000002,FALSE,TRUE,2.22044604925031e-16,0.999999996630217,6.86139681708802,0.00180814123407612,0.02675
205,1226,83,-11.6749565526,424.179460258606,7.30741867377071e-07,0,0.376,0.314,0.514831573679301,0.370316155475733,0,0,0,0,FALSE,247.389621328038,0.00205356758274587,0.982826476271857,18.88,7.75,1.52999999999997,0.900000000000034,FALSE,TRUE,2.22044604925031e-16,1,329.946334550265,1,NA
205,1227,111,-0.5881765225,516.064582974121,3.72502151685761e-07,0,0.456,0.454,0.769759233142843,0.0652479670005087,0,0,0,0,TRUE,3.04321082660455,0.000487991233569325,0.923469631360486,17.69,8.67000000000002,2.36000000000001,0.629999999999995,TRUE,TRUE,1.08409953285955e-08,0.999528449277483,3.04321082660455,0.177533160957932,0.1133
205,1228,106,-4.2157957892,3843.47031279642,1.06061110140381e-08,0,0.15,0.856,0.155818524956696,0.0107421162586416,0,0,0,0,TRUE,2.43299217165084,0.00702385828168637,0.938931497134741,19.14,10.04,1.84999999999997,0.650000000000034,TRUE,TRUE,2.37291435400991e-06,0.999280693771843,2.43299217165084,2.95187011465249e-26,0
205,1229,95,-0.3360327285,976.443565389763,3.4367237851001e-08,0,0.634,0.34,1,0.648683511371861,0,0,0,0,TRUE,3.36202908261543,0.00564613783927767,0.977233201193779,18.31,9.16999999999996,2.39000000000004,0.669999999999959,TRUE,TRUE,9.53154092506488e-08,0.99999228040472,3.36202908261543,0.065684209123844,0.1338
205,1230,81,-5.5238501463,479.467843578527,4.98902407274688e-07,0,0.692,0.242,1,0.0509563601341875,0,0,0,0,TRUE,4.03968912446654,0.00167981743091576,0.928927668480079,18.71,8.52000000000004,1.35999999999996,0.730000000000018,FALSE,TRUE,1.41553602642407e-09,0.999934133253628,4.03968912446654,2.17494613478233e-15,0.00065
205,1231,104,4.8398143885,271.194047406968,7.30862723653692e-05,0,0.784,0.6,0.518442034387163,0.192499433616318,0,0,0,0,TRUE,3.80825112933702,0.00238072006774025,0.99207139096257,17.3,8.65000000000003,1.89999999999998,0.639999999999986,FALSE,TRUE,5.16341991760976e-10,0.999999998071311,3.80825112933702,0.248957144018605,0.39605
205,1232,89,-2.3501448677,758.548623281398,9.30893077674757e-08,0,0.428,0.1,1,0.355583244965323,0,0,0,0,TRUE,3.04573876352214,0.00383359400660885,0.933924881557488,18.71,9.11000000000001,1.63,0.620000000000005,TRUE,TRUE,1.02498315541021e-06,0.999325132285224,3.04573876352214,4.08082483865217e-54,0
205,1233,94,1.1244025788,389.364433469448,7.31710102379071e-06,0,0.246,0.246,0.571616591275025,0.870798639182261,0,0,0,0,TRUE,3.73532142429131,0.00115429360460787,0.95193410011145,18.89,9.17999999999995,1.65000000000003,0.71999999999997,FALSE,TRUE,6.54965062267373e-12,0.99999385376125,3.73532142429131,0.324222669190864,0.2626
205,1234,91,-0.2386262191,192.878944535606,6.45931561618606e-07,0,0.066,0.266,1,0.678788541993275,0,0,0,0,TRUE,6.34521725940788,0.00111133551448087,0.960052124891156,19.59,7.51999999999998,1.23000000000002,0.560000000000002,FALSE,TRUE,2.7084617460603e-12,0.999999993212249,6.34521725940788,0.515455467701832,0.01235
205,1235,98,-3.0197520309,395.395299854064,5.61079676708968e-07,0,0.71,0.118,0.386441211515836,0.184257885231511,0,0,0,0,TRUE,2.72915979394862,0.00349401771703248,0.936114204218429,18.2,9.25,2.08999999999997,0.850000000000023,TRUE,TRUE,6.90713714429193e-07,0.999396373186358,2.72915979394862,0.92765191159401,0.22925
205,1236,117,4.6027270399,454.77698085768,4.24765573841624e-08,0,0.016,0.02,0.593883257550509,0.68074764562223,0,0,0,0,TRUE,2.70946951924644,0.0055540374327561,0.977538286714179,18.61,9.53000000000003,1.41999999999996,0.580000000000041,TRUE,TRUE,1.1490735592113e-07,0.999999857980403,2.70946951924644,0.987585499221804,0.8623
205,1237,96,-9.4622639151,546.631523799837,1.44456128705972e-07,0,0.662,0.668,0.365822355955529,0.28213020569849,0,0,0,0,TRUE,3.25242842196368,0.0017330822795251,0.96686919718329,18.42,10.12,2,0.739999999999952,FALSE,TRUE,7.73960591484764e-10,0.999994064880188,3.25242842196368,0.127520633115386,0.00675
205,1238,113,2.4834757294,235.176778199179,1.35440637482283e-06,0,0.868,0.862,0.105849531562665,0.00264357294795436,0,0,0,0,TRUE,2.85027731320738,0.00514864180643633,0.973484340459817,18.89,8.62,1.40999999999997,0.590000000000032,TRUE,TRUE,2.01027766080312e-08,0.999998312837366,2.85027731320738,0.0179228648725996,0.04115
205,1239,110,-1.085572202,1579.6009004508,2.13042131678078e-10,0,0.146,0.232,1,0.159807971069773,0,0,0,0,TRUE,2.90054941285407,0.00664379675611872,0.917197302322678,18.15,9.89000000000004,1.95999999999998,0.730000000000018,TRUE,TRUE,2.5161449757339e-07,0.998893477454683,2.90054941285407,0.224815052253486,0.13605
205,1240,108,1.7849418193,291.132241112322,1.91008245729594e-05,0,0.67,0.738,1,0.760033045225292,0,0,0,0,TRUE,2.92993224160316,0.00318187988802112,0.962831184342353,18.53,8.52999999999997,1.52000000000004,0.659999999999968,TRUE,TRUE,1.54081764568573e-07,0.999993198722938,2.92993224160316,0.220757424481557,0.1073
205,1241,100,0.2271387893,773.468847247182,9.71470535734963e-06,0,0.648,0.828,1,0.0409312738171057,0,0,0,0,TRUE,2.26397908517249,0.00571873247476729,0.964187935964076,18.79,10.11,2,0.910000000000025,TRUE,TRUE,2.47811729594881e-06,0.999849475535122,2.26397908517249,0.319542541557795,0.0695
205,1242,116,-0.9138932309,381.861529776541,1.66138308287826e-05,0,0.602,0.158,1,0.505356023351809,0,0,0,0,TRUE,2.23369028256442,0.0032862676926861,0.953969144259096,18.64,9.47000000000003,1.44999999999999,0.519999999999982,TRUE,TRUE,2.77131911577043e-07,0.999526602653235,2.23369028256442,0.942451460225588,0.7395
205,1243,105,2.9965463011,1085.08299796017,8.35956456658008e-09,0,0.306,0.084,0.91579371024912,0.683481544420652,0,0,0,0,TRUE,2.49257911606198,0.00980708271281334,0.960426217245682,17.75,10.42,1.85000000000002,0.71999999999997,TRUE,TRUE,7.11028205770396e-06,0.999869166345067,2.49257911606198,0.147190736304923,0.0148
205,1244,100,-2.3320632042,648.659928177458,5.29969105792889e-06,0,0.614,0.386,0.921263484194686,0.641473086991019,0,0,0,0,TRUE,3.02258355627086,0.0028257560790627,0.940965329799229,19.33,8.81,1.41000000000003,0.560000000000002,FALSE,TRUE,6.31284478491083e-09,0.999944570472382,3.02258355627086,7.38594419160781e-10,0.009
205,1245,100,2.2292862081,1255.55961993881,1.90250155064303e-08,0,0.23,0.466,1,0.218881638328953,0,0,0,0,TRUE,3.15629822294983,0.00641788967722147,0.976814090823469,17.95,9.61000000000001,1.67000000000002,0.879999999999995,FALSE,TRUE,9.4729152206294e-09,0.999997551119012,3.15629822294983,3.29303930964214e-21,0
205,1246,101,7.7065543942,267.646413371013,0.000145069081342627,0,0.962,0.986,0.469521100967437,0.327968472298467,0,0,0,0,TRUE,3.10811174174589,0.00424146309497336,0.953561498838634,18.97,9.59000000000003,1.44999999999999,0.529999999999973,TRUE,TRUE,2.16016157586384e-07,0.999921958188979,3.10811174174589,0.536418058741015,0.8662
205,1247,108,-1.4671880377,1209.39895039109,1.75364220511228e-07,0,0.192,0.088,0.517554738702761,0.295543743783757,0,0,0,0,TRUE,2.93087420983931,0.00215930317435685,0.942236259079735,18.21,9.22000000000003,2.14999999999998,0.879999999999995,FALSE,TRUE,7.53652822824607e-09,0.999898375153117,2.93087420983931,0.238407169645924,0.00575
205,1248,93,5.9986433034,1426.13154121224,3.11171961051431e-09,0,0.026,0.198,0.0280875496442046,0.0377924543001417,0,0,0,0,TRUE,4.02052348622662,0.00537862873520464,0.951276041992843,18.4,9.13,1.23000000000002,0.660000000000025,FALSE,TRUE,9.06352861130222e-10,0.999992141740884,4.02052348622662,0.176920032827527,0.00115
205,1249,73,-0.9847048831,2223.24626239772,8.26613425442733e-08,0,0.92,0.92,0.666023831772563,0.880703627336169,0,0,0,0,TRUE,3.89756419727624,0.00339232474679588,0.966226216410434,18.53,8.81,1.54000000000002,0.75,FALSE,TRUE,9.16764395498094e-09,0.999957158544884,3.89756419727624,0,0
205,1250,106,1.9731632884,773.630369980999,5.99030541825437e-09,0,0.006,0.036,1,0.405107012262057,0,0,0,0,TRUE,2.81343576299749,0.00273650737731174,0.973551914071333,18.58,10,1.21999999999997,0.600000000000023,TRUE,TRUE,1.68625614999445e-07,0.999959479692016,2.81343576299749,0.495786608224377,0.0125
205,1251,97,-8.4913862657,711.868785982782,1.16439165953657e-09,0,0.11,0.016,0.291713267971803,0.708993798552227,0,0,0,0,TRUE,4.39474366888822,0.000582468025301228,0.955671553014156,17.49,9.06,1.77999999999997,0.840000000000032,FALSE,TRUE,2.22044604925031e-16,0.999999390304759,4.39474366888822,0.994247686912053,0.67005
205,1252,97,0.8024124414,29645.044878142,1.79409713012296e-08,0,0.404,0.886,0.352608864174075,0.0396793879758867,0,0,0,0,TRUE,2.04371658849046,0.00811847927574738,0.946501981141163,18.71,9.67000000000002,2.13999999999999,0.510000000000048,TRUE,TRUE,1.60709453926802e-05,0.991851738343773,2.04371658849046,0.18945348809854,0.0126
205,1253,100,-0.0356899944,666.072812282051,2.15967515961443e-07,0,0.958,0.664,0.453564726918597,0.328134124372451,0,0,0,0,TRUE,3.15345887028012,0.00646588256083399,0.960835194344412,18.87,9.75,1.57999999999998,0.689999999999998,TRUE,TRUE,1.52909732266771e-08,0.999981764005907,3.15345887028012,4.22544700032631e-12,5e-05
205,1254,75,-0.3388288625,27163.982954073,4.02145044958911e-11,0,0.008,0.048,0.243454922460149,0.0219932205065758,0,0,0,0,TRUE,4.79958602050794,0.00370175714773239,0.977601643285612,19.43,7.57999999999998,1.13999999999999,0.600000000000023,FALSE,TRUE,1.42565765704312e-10,0.999997545874999,4.79958602050794,0.0172478840799082,0.0188
205,1255,109,-4.6562306237,328.400522158423,1.89224452182873e-07,0,0.01,0.132,1,0.14890900874799,0,0,0,0,TRUE,2.97477657673862,0.00358279221281036,0.9606164747468,22.53,10.87,1.91999999999996,1.21000000000004,TRUE,TRUE,7.24002997228602e-08,0.999998504594101,2.97477657673862,0.0349530927998784,0.06675
205,1256,86,1.4114136111,1419.24610568414,8.76838981537027e-10,0,0.798,0.33,1,0.908783528206503,0,0,0,0,TRUE,2.93562010978718,0.00346234784310703,0.93533656873692,17.67,6.13999999999999,1.22000000000003,0.449999999999989,TRUE,TRUE,1.71983830529548e-07,0.999230070207663,2.93562010978718,0.984341247764665,0.82545
205,1257,111,1.4844256939,1814.12535919269,1.089412696195e-09,0,0.238,0.482,1,0.423539244372928,0,0,0,0,TRUE,1.91999157187424,0.00633289680971229,0.925312734970001,22.81,13.97,2.27999999999997,1.10000000000002,TRUE,TRUE,1.24548812140715e-05,0.996474343421061,1.91999157187424,0.752767084368697,0.6637
205,1258,109,3.4731101194,521.226816735002,2.55943414236592e-06,0,0.892,0.576,0.124663781477925,0.057104703982584,0,0,0,0,TRUE,2.51233369277593,0.00261437260872303,0.929326690389274,15.53,7.14999999999998,1.16000000000003,0.529999999999973,TRUE,TRUE,2.21098303381652e-07,0.99919843670781,2.51233369277593,0.189412074349029,0.11175
205,1259,88,2.1828633747,1034.36621371369,7.96296609221282e-06,0,0.974,0.88,0.888110996637157,0.519683989744955,0,0,0,0,TRUE,3.10664352786204,0.00156115198229336,0.947048766999946,23.07,11.44,1.86000000000001,1.35999999999996,TRUE,TRUE,5.93016182467507e-08,0.999786882802561,3.10664352786204,0.563082323896246,0.7149
205,1260,101,-5.9838172797,1104.79348005243,3.99051370521663e-08,0,0.744,0.802,0.471251021801384,0.16964094409539,0,0,0,0,TRUE,2.38705876269111,0.00595591474668351,0.940873699267324,15.86,6.93000000000001,1.36000000000001,0.560000000000002,TRUE,TRUE,1.08685383889327e-06,0.999934390638905,2.38705876269111,1.42202473397641e-08,0.00025
205,1261,103,2.8368774053,333.162479501147,1.27672618289926e-06,0,0.562,0.41,1,0.234512183535802,0,0,0,0,TRUE,2.51172757141952,0.00261744465131072,0.976797832101842,23.75,10.06,2.09999999999997,0.870000000000005,TRUE,TRUE,6.19192383844901e-06,0.999952580250114,2.51172757141952,0.14163630476822,0.77845
205,1262,97,-0.7909895258,652.123623570776,1.09042227832199e-07,0,0.208,0.338,0.28296173452943,0.251400974860696,0,0,0,0,TRUE,2.58988572896258,0.00476515230685439,0.964184555865726,15.92,6.26999999999998,1.27999999999997,0.510000000000048,TRUE,TRUE,1.59081585055457e-06,0.999874517275943,2.58988572896258,1.24598704657289e-108,0
205,1263,94,5.7783566351,1329.64949101931,2.60936694428395e-07,0,0.99,0.834,0.652951509128726,0.389209788950775,0,0,0,0,TRUE,2.9906112566726,0.00753482174413592,0.938130477996585,22.85,11.48,2.39000000000004,0.95999999999998,TRUE,TRUE,1.88190963650324e-07,0.99979145709066,2.9906112566726,1.35720950318409e-09,0
205,1264,100,-5.3233334023,547.271758289285,4.19777209388198e-07,0,0.768,0.71,0.843088576875463,0.152557448798933,0,0,0,0,TRUE,4.15442156584738,0.0108539556329314,0.942082023837037,15.39,5.95000000000005,1.07999999999998,0.560000000000002,FALSE,TRUE,1.97598909437884e-09,0.999998413501832,4.15442156584738,0.0566028536584153,0.0642
205,1265,111,-4.6302130955,14640.2811859985,1.03243203386915e-08,0,0.582,0.23,1,0.598328473442904,0,0,0,0,TRUE,1.82161147926078,0.0119642388139481,0.973481341079987,17.75,13.5,2.68000000000001,0.730000000000018,TRUE,TRUE,1.50047416834389e-05,0.999325798413586,1.82161147926078,0.0473209293495577,0.0196
205,1266,106,3.9683495868,340.627616149924,1.75859434703329e-07,0,0.2,0.32,1,0.210288474024662,0,0,0,0,TRUE,3.02366357326168,0.00342104608510917,0.933733610605946,18.02,9.48000000000002,1.45999999999998,0.680000000000007,TRUE,TRUE,3.34791410533281e-08,0.999435337399163,3.02366357326168,0.988035580942535,0.9861
205,1267,99,-3.3388515623,878.625910126287,1.40060626665166e-09,0,0.1,0.104,0.920353719728115,0.402171812717391,0,0,0,0,TRUE,3.32510588244805,0.00480706185924532,0.954187368494315,18.19,9.98000000000002,1.60999999999996,0.730000000000018,TRUE,TRUE,6.78860153594341e-08,0.999979657846626,3.32510588244805,0.00217146589365034,0.00105
205,1268,95,4.3056641857,1576.43064774985,4.93105750114441e-06,0,0.91,0.596,0.210736091585493,0.286511661958636,0,0,0,0,TRUE,2.60577711082359,0.00372773465965427,0.964582462947151,18.17,9.09999999999997,2.19,0.670000000000016,TRUE,TRUE,2.07033133209608e-07,0.999956896476161,2.60577711082359,0.0109107538931091,0.01705
205,1269,104,-2.6580004382,990.028200960899,1.90813087877046e-07,0,0.656,0.276,1,0.0926449625534937,0,0,0,0,TRUE,3.15075266948849,0.0030078782056738,0.94828183773673,24,10.47,2.51999999999998,1.34000000000003,TRUE,TRUE,5.87639225881485e-08,0.999765291062216,3.15075266948849,0.460222688179126,0.5935
205,1270,96,-6.9934574492,346.541894512492,5.80664147576849e-06,0,0.608,0.226,0.499562825267294,0.641435924249867,0,0,0,0,TRUE,6.288164187286,0.000779722622930076,0.973473641784898,24.61,10.12,2.44,0.870000000000005,FALSE,TRUE,2.22044604925031e-16,0.999999998565135,6.288164187286,0.577552063257526,0.01855
205,1271,111,1.0448603142,557.349703409744,5.31768630702001e-08,0,0.084,0.6,0.351191992310292,0.887765037397988,0,0,0,0,TRUE,2.29497149425025,0.00252026302834692,0.971979437871374,18.21,9.77999999999997,1.98000000000002,0.75,TRUE,TRUE,4.96220077914694e-07,0.999957485522155,2.29497149425025,1.09610943988336e-08,0.00055
205,1272,96,1.747098363,125.790895332868,2.1374110334129e-05,0,0.924,0.552,0.374461694308613,0.501604938687442,0,0,0,0,TRUE,3.50639994349202,0.00145007662476008,0.960569744043826,19.59,8.80000000000001,1.59000000000003,0.629999999999995,TRUE,TRUE,3.34785328474195e-08,0.999982347591696,3.50639994349202,0.967043241178149,0.77925
205,1273,95,-0.5249612231,2886.76213079297,2.23472483858147e-10,0,0.01,0.536,0.826704888800295,0.131692393141272,0,0,0,0,TRUE,2.5293582422186,0.00590362540666744,0.943477766053649,18.13,10.03,1.94999999999999,0.740000000000009,TRUE,TRUE,3.14166620898977e-06,0.997806875748197,2.5293582422186,0.0494738231880283,0.0055
205,1274,108,0.185482692,543.620381567829,2.02139805530297e-05,0,0.912,0.57,0.221599763348459,0.47664246608159,0,0,0,0,TRUE,2.39905548898462,0.00643585341015644,0.94501193945268,18.61,10.17,1.60999999999996,0.740000000000009,TRUE,TRUE,2.30812019249524e-06,0.999481512097951,2.39905548898462,0.0227408130294033,0.00915
205,1275,108,-0.7152680523,586.800613143189,4.47509029905456e-08,0,0.452,0.282,1,0.427956363992414,0,0,0,0,TRUE,3.56665651224139,0.00506517844672815,0.961613865788135,17.98,8.61000000000001,1.83999999999997,0.800000000000011,FALSE,TRUE,2.64802096307622e-09,0.999993013514321,3.56665651224139,0.12768835888697,0.13925
205,1276,105,0.7845626632,98.3452108622039,0.000119428460904834,0,0.864,0.804,1,0.510721310910485,0,0,0,0,TRUE,4.29780797944447,0.00065068996438971,0.979165955806245,20.86,8.57000000000005,1.81999999999999,0.779999999999973,FALSE,TRUE,3.49687205458772e-12,0.999999901573766,4.29780797944447,0.296408486122763,0.01275
205,1277,98,-5.321716538,548.77404901067,4.04320697816659e-06,0,0.748,0.89,0.415685490194873,0.0587681460098243,0,0,0,0,TRUE,3.69958076279988,0.00361699934259879,0.94454351427778,24.06,11.57,1.92000000000002,1.17000000000002,TRUE,TRUE,2.38804116063392e-08,0.999815187637558,3.69958076279988,0.986379338214555,0.724
205,1278,93,-7.3806747125,760.673633378683,7.65528003919771e-07,0,0.62,0.388,1,0.726152062818694,0,0,0,0,TRUE,4.6496353470942,0.00244981263826817,0.974179310382674,25.38,11.08,1.90000000000003,1.19,FALSE,TRUE,1.10902105558891e-09,0.999996613320856,4.6496353470942,0.0926880927742532,0.0354
205,1279,110,-7.4294901322,738.662264038301,2.70375024087529e-08,0,0.204,0.578,0.634269497163752,0.112436409970643,0,0,0,0,TRUE,2.662107373717,0.00401693152618519,0.941670665639178,18.49,10.18,2.02000000000004,0.939999999999998,TRUE,TRUE,4.31537672749196e-07,0.999800393279098,2.662107373717,0.801691925365431,0.6455
205,1280,104,1.2720602845,303.204492870529,1.53607964694426e-06,0,0.592,0.802,0.152603473339742,0.289623122452538,0,0,0,0,TRUE,2.86048018582377,0.00453449301553054,0.975648626540397,18.19,9.63999999999999,1.59000000000003,0.689999999999998,TRUE,TRUE,4.23314193858155e-07,0.999994589395642,2.86048018582377,0.352933744794978,0.3939
205,1281,101,-0.5455165897,441.686285516777,1.98008028659474e-06,0,0.162,0.066,0.94529273514769,0.892441636275898,0,0,0,0,TRUE,2.90011183286098,0.00226042691061788,0.9401007739459,18.58,9.25,1.64999999999998,0.740000000000009,FALSE,TRUE,8.40629983983895e-10,0.999984913205732,2.90011183286098,0.590616203336414,0.41875
205,1282,100,4.372518058,33820.210042107,7.15314273815779e-10,0,0.652,0.504,0.134811109301221,0.0747066217662176,0,0,0,0,TRUE,2.37965792510206,0.00857413436515639,0.96022119792162,18.36,11.04,2.08000000000004,0.609999999999957,TRUE,TRUE,1.91361610386797e-05,0.99961195026793,2.37965792510206,0.0824666890528062,0.02975
205,1283,91,-2.9468938519,5317.14469978597,5.39382763174517e-13,0,0.022,0.054,0.178145308308852,0.0140643596398624,0,0,0,0,TRUE,3.01941488280768,0.00926406502292925,0.952399378751454,17.71,9.34000000000003,1.79999999999995,0.720000000000027,TRUE,TRUE,2.11788895545758e-06,0.998159349263329,3.01941488280768,0.00247536821437902,0.07545
205,1284,96,1.9195898285,30640.4829630467,3.16589287335416e-08,0,0.988,0.93,0.280307938783751,0.252492771899923,0,0,0,0,TRUE,2.83624244573041,0.0129770512331552,0.949104074158402,18.88,10.2,2.25999999999999,0.660000000000025,TRUE,TRUE,1.21877710508825e-05,0.998200021971409,2.83624244573041,0.32090395076382,0.0878
205,1285,104,-1.1673094056,358.150330136944,2.4521156859889e-06,0,0.45,0.246,1,0.616952946551522,0,0,0,0,TRUE,2.44977020145739,0.00324109656082291,0.967382527616275,17.7,8.30000000000001,1.75,0.810000000000002,TRUE,TRUE,1.20440884236644e-06,0.999822508999971,2.44977020145739,0.885323691706069,0.51365
205,1286,103,4.8071945038,1794.03379700626,2.73026257464677e-10,0,0.102,0.198,0.668903009919819,0.0152736096386071,0,0,0,0,TRUE,3.16291050720059,0.00417135682445996,0.985909183216849,18.49,9.02999999999997,1.81999999999999,0.689999999999998,TRUE,TRUE,2.3754737658551e-08,0.99999682687487,3.16291050720059,0.959079844862806,0.7671
205,1287,110,-3.1067595622,182.69848852267,5.73997828562942e-05,0,0.932,0.694,1,0.0835805455158314,0,0,0,0,TRUE,3.54726490889139,0.00213585868606837,0.951894254745814,18.33,9.88999999999999,1.81,1.25,FALSE,TRUE,1.42061231234502e-09,0.999952789057466,3.54726490889139,0.902778620860661,0.5429
205,1288,103,1.9024541996,12637.2491617467,2.80459639655511e-09,0,0.112,0.332,0.441973260593287,0.249845870568101,0,0,0,0,TRUE,1.85378045852881,0.012171555659561,0.931582295743229,17.6,10.58,2.81,0.610000000000014,TRUE,TRUE,7.70031979746791e-05,0.991006591292672,1.85378045852881,0.0425585479252108,0.0163
205,1289,104,-8.4077054472,158.909172783715,1.0096644257037e-05,0,0.486,0.39,0.0756673563987222,0.0789753498909654,0,0,0,0,TRUE,4.53516909110588,0.000622631760155137,0.962776381713712,18.3,8.97000000000003,1.52999999999997,0.620000000000005,FALSE,TRUE,4.70225686981476e-11,0.999995739483036,4.53516909110588,0.0804287557422737,0.00355
205,1290,94,6.4393706144,342.832703803326,4.96670323504275e-06,0,0.738,0.976,1,0.881844902411987,0,0,0,0,TRUE,4.48409833715218,0.00176180264668969,0.947191120985686,18.22,8.17000000000002,1.78000000000003,0.659999999999968,FALSE,TRUE,1.1061391350306e-09,0.999992112451679,4.48409833715218,0.0861805855065054,0.0096
205,1291,99,-4.7079489585,21676.7235769392,1.77535827046953e-08,0,0.806,0.762,0.272824042756785,0.449145011932725,0,0,0,0,TRUE,2.64397314864187,0.00702124206496248,0.992534675433233,22.25,12.99,2.44999999999999,1.07999999999998,TRUE,TRUE,1.20843641508643e-05,0.999997395262442,2.64397314864187,0.0667859886457756,0.09575
205,1292,95,-3.4545656077,2239.83364757607,7.52560327767895e-10,0,0.392,0.478,0.917776207104769,0.480494818481269,0,0,0,0,TRUE,3.12274841037613,0.00398755627553056,0.969290249186499,24.36,10.71,2.10000000000002,0.980000000000018,FALSE,TRUE,5.32678358257787e-09,0.999998908602625,3.12274841037613,0.211124441908193,0.05275
205,1293,98,8.4074316953,570.948160651325,2.51530612946342e-08,0,0.278,0.102,0.224877821819818,0.283481721482247,0,0,0,0,TRUE,4.05110016572089,0.00196287556135618,0.966506334069448,23.48,9.78000000000003,2.59999999999997,0.930000000000007,FALSE,TRUE,5.88094475177875e-11,0.999999925580321,4.05110016572089,0.965595621163799,0.3554
205,1294,95,5.9202804508,365.093155156715,1.25284033451804e-08,0,0.044,0.038,0.272406300791777,0.0659793727906368,0,0,0,0,TRUE,3.31183874977779,0.001961570843787,0.915860343411885,24.02,11.19,1.94999999999999,1.20000000000005,TRUE,TRUE,1.62021360330421e-08,0.999762414828466,3.31183874977779,0.0688802879469268,0.0323
205,1295,104,3.5228881054,1765.41651130385,3.2008232812807e-09,0,0.126,0.728,1,0.535976738388508,0,0,0,0,TRUE,2.51935418217032,0.00381023250679796,0.92054480791681,18.58,10.06,1.82999999999998,0.840000000000032,TRUE,TRUE,1.46699129366672e-07,0.998298923168167,2.51935418217032,0.378286855959469,0.9265
205,1296,106,-3.4831620539,1075.56596541458,7.02875605932855e-09,0,0.012,0.022,0.12730677725449,0.0557598557358363,0,0,0,0,TRUE,2.38278783693934,0.00421055069388263,0.979031423960074,18.26,9.46999999999997,1.61000000000001,0.740000000000009,TRUE,TRUE,2.13258566505304e-06,0.999954619135982,2.38278783693934,0.535073763639141,0.0438
205,1297,90,-5.9190528185,2187.1557554524,1.87938808776405e-08,0,0.706,0.344,1,0.0620587143840738,0,0,0,0,TRUE,3.56895175501365,0.00387381440396409,0.968330122013295,18.18,8.95999999999998,1.97000000000003,0.669999999999959,TRUE,TRUE,7.29404895464727e-08,0.99999265948588,3.56895175501365,0.722445760189873,0.7084
205,1298,88,-3.1184112168,723.501816797352,1.72832935001611e-07,0,0.53,0.17,0.20957855276253,0.00870712070625224,0,0,0,0,TRUE,3.05864387355747,0.00278020795536569,0.961681551016702,18.75,9.02000000000004,2.08999999999997,0.670000000000016,FALSE,TRUE,9.29763352660847e-09,0.999973379422519,3.05864387355747,0.0607852561098125,0.00385
205,1299,101,4.3076499536,479.848191285768,5.86177861054834e-07,0,0.186,0.262,0.498794202760148,0.585366352511145,0,0,0,0,TRUE,2.74100497414368,0.00326947157663451,0.941052069851193,17.73,9.63,1.81,0.829999999999984,TRUE,TRUE,5.54008147646418e-07,0.99969993934254,2.74100497414368,0.099347096986263,0.0944
205,1300,99,-7.2368808425,1229.97123862928,3.35815497924672e-08,0,0.318,0.214,0.900071740299169,0.488326156182887,0,0,0,0,TRUE,2.36749386763178,0.00719795146394279,0.927663349168842,18.38,10.18,2.28000000000003,0.599999999999966,TRUE,TRUE,2.22192598038674e-06,0.998441935780665,2.36749386763178,3.59166120105042e-10,0
205,1301,102,-3.9104199048,1832.9860305201,7.59781281849241e-11,0,0.278,0.398,0.56694613635239,0.242778253208689,0,0,0,0,TRUE,2.29398015976931,0.0119443096119084,0.942154011398218,18.13,11.28,2.23000000000002,0.609999999999957,TRUE,TRUE,4.03124051360879e-05,0.999542270166208,2.29398015976931,0.545656577382829,0.82555
205,1302,102,-0.8249710791,1079.12017080147,1.69953195672392e-09,0,0.294,0.14,0.805660980865399,0.372781768487552,0,0,0,0,TRUE,3.77826649034436,0.00313691270963584,0.96046325718757,18.28,8.52999999999997,1.66000000000003,0.699999999999989,FALSE,TRUE,3.56026117984382e-10,0.999998639423951,3.77826649034436,4.55410088062055e-29,0
205,1303,100,-6.531447097,772.314146111011,1.86325870857009e-08,0,0.174,0.032,0.39375423173384,0.138733670280194,0,0,0,0,TRUE,2.39431051332327,0.00620216928272763,0.949375209722144,18.17,10.08,2.19999999999999,0.689999999999998,TRUE,TRUE,8.19307493724675e-06,0.999589799032096,2.39431051332327,0.0609372279918721,0.0074
205,1304,95,-2.2218814553,1038.83272397943,8.33164928621841e-07,0,0.278,0.102,0.646419195338517,0.385569257305231,0,0,0,0,TRUE,2.8161487616782,0.00634774026149608,0.955246521172878,18.25,9.94999999999999,2.13,0.569999999999993,TRUE,TRUE,2.15135015334356e-06,0.999405340694309,2.8161487616782,0.767029818542225,0.77035
205,1305,98,5.6375340588,1823.45303654038,2.27551995110352e-10,0,0.012,0.052,0.971125995354877,0.591419119426501,0,0,0,0,TRUE,2.82092864458256,0.00505659496368871,0.952507960995387,23.83,12.97,2.96999999999997,0.889999999999986,TRUE,TRUE,3.96061915766908e-08,0.999991276035639,2.82092864458256,8.79889811794094e-17,0
205,1306,113,5.5150928048,501.23344299272,2.44600697618081e-08,0,0.102,0.032,0.59911212980054,0.0928460583045966,0,0,0,0,TRUE,1.92156084044639,0.00436771447987196,0.951387027822807,24.94,13.1,2.74000000000007,0.949999999999932,TRUE,TRUE,6.31066978545059e-06,0.999597745043636,1.92156084044639,0.284774537928047,0.0365
205,1307,96,5.8256951608,893.764535823498,1.87693510217396e-08,0,0.304,0.562,0.885058664458297,0.0870021658255886,0,0,0,0,TRUE,2.6862237216332,0.00943882024082114,0.980431831506844,17.58,10,2.17000000000002,1.06999999999999,TRUE,TRUE,1.85304418246268e-06,0.999973942001416,2.6862237216332,0.172520979846654,0.1633
205,1308,101,-1.4892600909,631.824206032321,1.6801347949985e-07,0,0.524,0.74,1,0.971597745372212,0,0,0,0,TRUE,4.21996506418974,0.00760055544802988,0.973309504038905,18.05,8.71999999999997,1.89000000000004,0.909999999999968,FALSE,TRUE,8.26633655968819e-10,0.999999999937456,4.21996506418974,0.731861052219201,0.152
205,1309,100,-0.0841907981,883.373726289754,2.3270630428315e-07,0,0.634,0.278,0.701740992893542,0.00118712367885065,0,0,0,0,TRUE,2.90738464186361,0.00453878792957848,0.946484290403032,18.42,8.96999999999997,1.93000000000006,0.639999999999986,TRUE,TRUE,3.57708480030158e-08,0.999927243663305,2.90738464186361,1.6018004927074e-09,0
205,1310,109,0.3307292602,850.191523272411,8.20699730079958e-10,0,0.414,0.21,1,0.419216695085597,0,0,0,0,TRUE,2.67325642957024,0.00561270782907236,0.951550466057128,17.62,9,1.70999999999992,0.670000000000073,TRUE,TRUE,7.37927414691646e-08,0.99993374142234,2.67325642957024,0.612779307836185,0.316
205,1311,114,4.8367611775,520.463496189732,2.18845832722589e-08,0,0.042,0.036,1,0.0504004848666667,0,0,0,0,TRUE,2.14970839791571,0.00475681867251465,0.961513896282027,17.89,9.49999999999994,1.65000000000009,0.829999999999927,TRUE,TRUE,2.04737065171946e-07,0.999896476330584,2.14970839791571,0.115477732643097,0.00945
205,1312,94,2.5954758301,792.095551506712,7.7387601023647e-09,0,0.42,0.624,0.845786346585885,0.337736644570603,0,0,0,0,TRUE,3.22313438407331,0.00532895447256034,0.947223515483451,17.6999999999999,8.44000000000005,1.59000000000003,0.789999999999964,TRUE,TRUE,2.77284141489424e-08,0.999913679809292,3.22313438407331,4.12767308876873e-05,0.00075
205,1313,93,11.3597546456,1975.20266007885,2.36011416791341e-08,0,0.318,0.144,0.501531301312741,0.128128673380267,0,0,0,0,TRUE,3.33285160015694,0.0046082418358469,0.932429451170741,18.53,8.67000000000007,1.63999999999999,0.689999999999941,TRUE,TRUE,1.78920508109492e-07,0.999284547505187,3.33285160015694,9.09045405045425e-98,0
205,1314,105,-7.8538640689,355.516686187203,1.12287531719119e-05,0,0.37,0.404,1,0.150707124162858,0,0,0,0,TRUE,2.87357669565441,0.00884850361735202,0.94164348124517,17.5,9.81000000000006,1.79999999999995,0.639999999999986,TRUE,TRUE,9.11402120326277e-07,0.999429449481555,2.87357669565441,0.576166174896087,0.7858
205,1315,106,3.4539322309,675.517918736131,1.6054523109214e-07,0,0.188,0.058,1,0.144632616933229,0,0,0,0,TRUE,2.31539448189862,0.00224119210916318,0.943462494470139,17.6,9.64999999999998,2.09000000000003,0.759999999999991,TRUE,TRUE,4.03091433676423e-08,0.999514484975179,2.31539448189862,0.973535270399026,0.84475
205,1316,105,1.4538596205,438.588659375462,4.82048276932937e-07,0,0.184,0.018,0.914733986723797,0.784207606929391,0,0,0,0,TRUE,2.60092114676136,0.00791164142949226,0.968416849117155,17.99,9.2299999999999,1.58000000000004,0.740000000000009,TRUE,TRUE,5.86518880748057e-07,0.99989743926321,2.60092114676136,0.968756883148076,0.22825
205,1317,96,-9.0286257761,222.755837431596,3.09764826272276e-05,0,0.892,0.942,0.830436409957453,0.35941529922937,0,0,0,0,FALSE,540.430990608036,0.00190050348306778,0.976987677234814,18.98,7.55000000000007,1.43999999999994,0.82000000000005,FALSE,TRUE,2.22044604925031e-16,1,798.062213574725,1,NA
205,1318,104,-5.8195920716,499.889401350377,1.03449633602314e-06,0,0.298,0.818,1,0.916268071453508,0,0,0,0,TRUE,2.59528485937143,0.0013546521346223,0.940027008541497,17.39,9.73000000000002,2.13999999999999,0.629999999999995,TRUE,TRUE,1.94912536094693e-07,0.998318607914937,2.59528485937143,1.02870775270266e-12,0
205,1319,93,2.6629696006,249.197824214267,7.37146913447243e-08,0,0.076,0.602,1,0.274762432241761,0,0,0,0,TRUE,10.2781402942868,0.00166895240156163,0.98992040945302,18.02,7.41999999999996,1.38999999999999,0.850000000000023,FALSE,TRUE,2.22044604925031e-16,1,10.2781402942868,0.426197207763261,0.45365
205,1320,101,1.8573154223,577.63702301944,1.55971796155924e-07,0,0.348,0.602,0.297974066975371,0.761548116370238,0,0,0,0,TRUE,2.80638501518849,0.00487061378386704,0.958737881231846,17.2900000000001,9.88999999999999,1.78999999999996,0.810000000000059,TRUE,TRUE,3.96229610426049e-06,0.999509514795113,2.80638501518849,0.0222266321545346,0.03175
205,1321,94,-4.2424137477,515.83008418006,2.69446179468827e-08,0,0.562,0.348,0.899263750752628,0.154669841748547,0,0,0,0,TRUE,4.18387729713211,0.00234917118203385,0.930796083335076,18.2500000000001,8.05999999999995,1.49000000000001,0.680000000000064,FALSE,TRUE,4.46088383037667e-11,0.999989881359124,4.18387729713211,1.42069246075032e-06,0.00115
205,1322,93,3.9952454172,844.065260835167,3.60020519294730e-09,0,0.726,0.406,0.225335260354059,0.0561655722391358,0,0,0,0,TRUE,4.50320050950572,0.00562743193722636,0.971805507638937,17.1700000000001,9.03999999999996,1.73000000000002,0.75,FALSE,TRUE,1.21856616058933e-11,0.999999923627921,4.50320050950572,0.0136234343418838,0.02355
205,1323,110,0.3418032826,1725.63406493648,6.00570679002717e-10,0,0.028,0.126,0.11618872374789,0.0522156494243591,0,0,0,0,TRUE,2.10878119646332,0.00238676938779313,0.951799272383345,17.94,10.77,1.96000000000004,0.639999999999986,TRUE,TRUE,3.76536713573544e-06,0.998629539445546,2.10878119646332,0.793882128234248,0.8968
205,1324,94,-2.0987696488,1483.06623192547,2.18791235746957e-10,0,0.112,0.388,1,0.896709960318691,0,0,0,0,TRUE,2.60911715899198,0.00556257260469442,0.949757716122936,17.4799999999999,8.86000000000001,1.51999999999998,0.650000000000091,TRUE,TRUE,9.72471681500847e-07,0.999924792451039,2.60911715899198,0.000222837110821404,0.0023
205,1325,93,-3.1647037705,431.500366406968,4.5902332988417e-06,0,0.08,0.5,0.303315548862379,0.00405554871546587,0,0,0,0,TRUE,4.08838644821661,0.00187394525786656,0.952982297084531,18.02,8.20000000000005,1.57999999999993,0.690000000000055,FALSE,TRUE,8.73361977266618e-11,0.999953281776007,4.08838644821661,0.605715697859083,0.33945
205,1326,98,2.1248676968,7867.00019217803,3.09186036344858e-08,0,0.212,0.526,0.193121369328948,0.138375080091843,0,0,0,0,TRUE,2.13755483621141,0.00507104722183885,0.945385229559442,18.24,10.5599999999999,1.79999999999995,0.510000000000105,TRUE,TRUE,1.67260927469149e-05,0.987980522916976,2.13755483621141,0.0189431672245977,0.00185
205,1327,95,-0.4128318001,848.943949490914,1.35518710881283e-08,0,0.246,0.786,0.986050689324861,0.442299144826886,0,0,0,0,TRUE,3.74658681182752,0.00532429867534096,0.966906080895326,18.0000000000001,9.06999999999994,1.87,0.740000000000009,FALSE,TRUE,3.86321249446202e-10,0.999998993992548,3.74658681182752,0.848482059526983,0.7013
205,1328,108,-3.1526543486,360.673485524242,1.49200698093348e-09,0,0.384,0.34,1,0.441834696133546,0,0,0,0,TRUE,2.36336097497627,0.00329272733957823,0.935611592686476,17.89,9.5,1.61000000000001,0.629999999999995,TRUE,TRUE,1.9683766050795e-07,0.999909718342904,2.36336097497627,0.03401114269458,0.11975
205,1329,102,-6.5129195547,1879.16815554641,1.36397262045243e-09,0,0.25,0.392,0.601574750653778,0.174530699517653,0,0,0,0,TRUE,2.71858307696515,0.0101619288244977,0.963135617280267,17.8299999999999,9.79000000000008,2.26999999999998,0.549999999999955,TRUE,TRUE,4.36790601205038e-06,0.999392622963646,2.71858307696515,0.609348916025878,0.114
205,1330,97,-1.6844842444,745.406054197073,1.14577554810587e-07,0,0.604,0.312,1,0.641111389300313,0,0,0,0,TRUE,3.94935030263646,0.00522993441140071,0.954710524147071,18.09,8.28999999999996,1.41999999999996,0.590000000000032,FALSE,TRUE,3.27793430456767e-09,0.999984901964957,3.94935030263646,5.38608776128984e-05,0.01115
205,1331,88,-3.6645204233,559.668661883711,3.54367129727506e-09,0,0.002,0.004,0.197532850320446,0.0360367717090727,0,0,0,0,TRUE,3.45795751402759,0.00228269174203055,0.93986813794247,17.9200000000001,8.43999999999994,1.63999999999999,0.759999999999991,FALSE,TRUE,1.60250202586541e-09,0.999784406830641,3.45795751402759,0.00541024475526767,0.0491
205,1332,101,-3.7009400977,2459.27915056148,6.74256899489305e-11,0,0.07,0.014,0.345930928498795,0.0447414835652299,0,0,0,0,TRUE,2.81063028008611,0.00776855519558802,0.943744770417803,17.22,10.52,1.87,0.580000000000041,TRUE,TRUE,5.42208992894512e-07,0.998125902959208,2.81063028008611,0.000630184589762055,0.00065
205,1333,87,7.1819865166,1365.23616909824,3.06459979229138e-09,0,0.694,0.33,0.0420069655561357,0.0218245062745335,0,0,0,0,TRUE,18.7601722942695,0.00348831525256579,0.973117932823985,17.9299999999999,8.0200000000001,1.5,0.719999999999914,FALSE,TRUE,2.22044604925031e-16,1,18.7601722942695,0.676742537669303,6e-04
205,1334,112,-11.6991821309,3658.18109492859,1.07507316568432e-10,0,0.402,0.146,0.96740761514694,0.907689611169676,0,0,0,0,TRUE,2.27016499818938,0.00587280889589091,0.982559912216337,16.0699999999999,10.0600000000001,2.94999999999993,0.670000000000073,TRUE,TRUE,1.30091999586882e-06,0.999960098041674,2.27016499818938,1.20752173089819e-07,0
205,1335,94,2.6993133978,938.690063880279,7.96684106931378e-07,0,0.848,0.466,0.511109965829325,0.540520220433262,0,0,0,0,TRUE,2.6648055967288,0.00339867961526227,0.951540805190523,18.16,10.62,2.11000000000001,0.689999999999941,TRUE,TRUE,4.46693671174411e-07,0.999694539478181,2.6648055967288,0.00279693035571342,0.01155
205,1336,100,-1.4196830326,1087.34716902637,1.21852260209738e-07,0,0.222,0.062,0.671395211338721,0.499876849966529,0,0,0,0,TRUE,2.39276916571594,0.00663482458301178,0.915112100308906,17.5599999999999,9.35000000000002,1.37,0.490000000000009,TRUE,TRUE,3.11758195104662e-06,0.993212458318616,2.39276916571594,0.272940246120632,0.5683
205,1337,110,2.5555178701,244.642790905932,1.6269085034698e-08,0,0.018,0.36,0.528278332093311,0.0943557753754132,0,0,0,0,TRUE,2.26640166392063,0.0040277538665325,0.960558535472051,18.48,8.54999999999995,1.61000000000001,0.830000000000041,TRUE,TRUE,1.20832086710231e-06,0.999839203263139,2.26640166392063,0.113870824882828,0.34685
205,1338,93,1.1868716719,3098.08066172562,4.51831457664022e-13,0,0.386,0.448,0.00977632221371505,0.0875811010918165,0,0,0,0,TRUE,3.79582428924921,0.00465024211917161,0.969344391657399,17.6700000000001,8.81999999999994,1.79000000000008,0.579999999999927,FALSE,TRUE,2.04132556143244e-09,0.999985091185352,3.79582428924921,0.00229346523051061,6e-04
205,1339,92,7.5429872334,22606.4211589099,5.7492964097893e-11,0,0.87,0.586,1,0.52586299913066,0,0,0,0,TRUE,2.54435082600441,0.0066260625434093,0.946009534103945,17.53,10.36,2.07999999999993,0.680000000000064,TRUE,TRUE,5.93068584787723e-06,0.997152644763119,2.54435082600441,1.47977212922481e-09,0
205,1340,102,2.8019233888,832.773736179499,1.14280858145727e-08,0,0.488,0.462,1,0.433359135633074,0,0,0,0,TRUE,3.31976678681608,0.00403016535269958,0.934887313525751,17.77,9.37,1.43999999999994,0.490000000000009,FALSE,TRUE,5.34012194108552e-09,0.999170514500909,3.31976678681608,0.450460405111566,0.04685
205,1341,118,-1.9729522759,793.985040231074,6.85639931741084e-09,0,0.268,0.354,0.88550210704233,0.66292904176502,0,0,0,0,TRUE,2.08964292509626,0.00860313374166109,0.966389686782268,17.8,10.49,1.89999999999998,0.690000000000055,TRUE,TRUE,5.17936583619197e-05,0.999164686354991,2.08964292509626,0.851170639974267,0.7484
205,1342,93,-0.0017399293,7849.95306752071,1.07403781153647e-12,0,0.298,0.076,0.572145469748783,0.378464179228849,0,0,0,0,TRUE,3.02928457220999,0.00505325350781049,0.968060464445471,18.25,8.84000000000003,1.24000000000001,0.430000000000064,TRUE,TRUE,1.78878531786868e-06,0.99983762648156,3.02928457220999,0.824728274773265,0.72
205,1343,92,-2.1683930523,453.655014447111,6.91243930424329e-06,0,0.396,0.508,0.610285358253957,0.0383469269078681,0,0,0,0,TRUE,3.59769769868752,0.00220998704203989,0.913021341596581,23.53,10.53,1.79999999999995,0.779999999999973,FALSE,TRUE,2.81141216783372e-10,0.999803856984476,3.59769769868752,7.04373621509152e-07,0
205,1344,86,-1.4159919837,698.531182937875,5.52925961339615e-09,0,0.524,0.676,0.929145194859422,0.349537567392331,0,0,0,0,TRUE,4.33608377435711,0.00325792589038633,0.950150967571368,17.11,5.71000000000004,1.03999999999996,0.530000000000086,FALSE,TRUE,4.82416792373635e-10,0.999961107643434,4.33608377435711,0.0879818389382228,0.02405
205,1345,92,1.6789530262,491.826722579335,7.81859022048321e-08,0,0.09,0.034,0.586106934247901,0.66278220535749,0,0,0,0,TRUE,2.86460860818823,0.00404549867130591,0.945258893155334,22.9999999999999,11.1700000000001,1.66999999999996,0.740000000000009,TRUE,TRUE,3.4525336532198e-06,0.998629777446977,2.86460860818823,0.805821929461814,0.4385
205,1346,116,-1.1908056771,1766.68443487217,8.15820319873732e-08,0,0.806,0.324,0.793972534073142,0.117372164723889,0,0,0,0,TRUE,1.88490412410145,0.0125069506984902,0.967261681820508,16.7,7.54999999999995,1.67000000000007,0.509999999999991,TRUE,TRUE,1.27842749164713e-05,0.999873862328405,1.88490412410145,0.0379690720353773,0.2578
205,1347,110,0.0539903931,1652.34945895853,5.22420014823771e-10,0,0.1,0.012,0.138334708154427,0.355505939947307,0,0,0,0,TRUE,2.03842744912548,0.0161262141775049,0.967362506483935,22.64,12.8099999999999,2.86000000000001,0.940000000000055,TRUE,TRUE,0.00017341982605813,0.999139870076785,2.03842744912548,0.69480978823591,0.73865
205,1348,88,2.9805410414,990.557962152576,2.65029359825874e-08,0,0.596,0.086,0.76046151152495,0.112503160253875,0,0,0,0,TRUE,4.95415459184549,0.00324297801099823,0.953744399986782,15.6099999999999,5.85000000000002,1.14999999999998,0.5,FALSE,TRUE,3.25860232718417e-11,0.999995703537936,4.95415459184549,0.930323872227628,0.4322
205,1349,99,-6.663086247,3194.17467533528,1.1070956658184e-10,0,0.476,0.166,1,0.63086445974681,0,0,0,0,TRUE,2.3769662053906,0.00694701589649052,0.963118525774422,22.72,11.92,2.08000000000004,0.930000000000064,TRUE,TRUE,9.56748499782557e-06,0.999331546243992,2.3769662053906,8.01604328117104e-06,0.0018
205,1350,98,-1.9004487042,300.169510750589,1.64491682688805e-05,0,0.818,0.332,0.82848711635779,0.0727963288953724,0,0,0,0,TRUE,3.17578018096202,0.00142131348326054,0.947591625955636,15.6099999999999,5.56000000000006,1.13999999999999,0.519999999999982,FALSE,TRUE,2.2618651934885e-09,0.999814933340591,3.17578018096202,0.502098872046343,0.0277
205,1351,90,0.4749743604,10223.0418329149,3.54469733806667e-09,0,0.08,0.024,0.528266489121333,0.000375261551338268,0,0,0,0,TRUE,3.53188093150047,0.00361559890705673,0.975214057511037,23.0300000000001,10.8499999999999,1.84000000000003,0.600000000000023,TRUE,TRUE,5.56886591901033e-08,0.999883277859479,3.53188093150047,0.787245052452735,0.5108
205,1352,115,-5.6061484955,478.338142381623,5.53935099353047e-06,0,0.4,0.74,0.460970691300365,0.213180793386503,0,0,0,0,TRUE,2.37403702708445,0.00683779425603105,0.978594986686785,14.86,7.13999999999999,1.25,0.439999999999941,TRUE,TRUE,3.86257015470023e-06,0.999966702016858,2.37403702708445,0.936588787791193,0.70755
205,1353,90,-3.4003305896,2936.10345771985,5.90251140923429e-10,0,0.494,0.124,0.523148436227152,0.236377823193054,0,0,0,0,TRUE,3.48158128199148,0.00655859207593816,0.981063567692072,17.6900000000001,9,1.84000000000003,0.689999999999941,TRUE,TRUE,7.30721701929737e-08,0.999740090698344,3.48158128199148,0.120958210092457,0.0301
205,1354,116,1.9150296498,281.426808099185,1.23098074960783e-07,0,0.456,0.792,0.270408832683359,0.268698176682742,0,0,0,0,TRUE,3.17846580222561,0.000951552765530048,0.955728153624109,17.22,9.12,1.58000000000004,1.11000000000001,FALSE,TRUE,6.57375522625206e-09,0.999994056077703,3.17846580222561,0.578836143359024,0.5448
205,1355,93,-4.6893988678,542.804641151471,3.76559688411304e-08,0,0.408,0.118,1,0.237382159791838,0,0,0,0,TRUE,2.88337192073585,0.00311964372139782,0.974412464720098,17.14,8.67000000000007,2.11000000000001,0.789999999999964,TRUE,TRUE,2.20297649260575e-07,0.999930716727045,2.88337192073585,0.000238562769571885,0.00645
205,1356,100,2.7070228078,694.200056107482,2.54259746492828e-10,0,0.096,0.714,0.0387742870130972,0.309034862281462,0,0,0,0,TRUE,3.47837529789104,0.00224937649276686,0.979506653190114,17.54,8.89999999999998,1.78000000000009,0.779999999999973,FALSE,TRUE,2.36813876163984e-09,0.999998292672262,3.47837529789104,0.92364651233849,0.4808
205,1357,108,7.4684466498,1508.98719785319,3.50056687074545e-10,0,0.044,0.076,0.609179556036312,0.731686951265525,0,0,0,0,TRUE,3.09589685190695,0.0129136144945161,0.951247144318934,23.28,10.25,1.61000000000001,0.900000000000091,TRUE,TRUE,1.76813023512027e-07,0.999780930568672,3.09589685190695,0.973999442084947,0.64705
205,1358,101,3.3269480127,2230.9228377765,3.95809100572237e-10,0,0.106,0.338,1,0.514742974368481,0,0,0,0,TRUE,2.72662734537576,0.00290159816952987,0.927303503441633,21.42,11.7,2.41999999999996,0.710000000000036,TRUE,TRUE,5.28631094114585e-08,0.999012503136961,2.72662734537576,0.006901190245972,0.11795
205,1359,93,-0.3425328943,458.679215781585,2.65882948862033e-10,0,0.012,0.806,0.840228086005495,0.0797718756077219,0,0,0,0,TRUE,3.72959198745472,0.00169371862092251,0.941396526210399,16.98,7.63,1.89999999999998,0.990000000000009,FALSE,TRUE,5.2719466418323e-10,0.999988774480901,3.72959198745472,0.254883886556817,0.11985
205,1360,97,6.9446807217,340.706597719829,1.15929856819396e-05,0,0.468,0.246,0.721063627578362,0.292402134872182,0,0,0,0,TRUE,3.65132886558666,0.00186487731827459,0.966120582176876,18.0500000000001,8.27999999999997,1.75,0.769999999999982,TRUE,TRUE,1.08201058039583e-08,0.999999842185372,3.65132886558666,0.00235424087526269,0.00265
205,1361,101,-6.7425297796,862.324360471894,4.24481156055954e-06,0,0.924,0.87,0.160701485725674,0.882957488740609,0,0,0,0,TRUE,2.45744000816436,0.0060258548462561,0.97415356871386,17.27,9.84000000000003,2.01999999999998,0.620000000000005,TRUE,TRUE,3.00517403517275e-06,0.999978487043196,2.45744000816436,0.000394970507570937,0.0023
205,1362,92,-0.8443153407,378.929442237531,2.88006656193874e-06,0,0.634,0.662,0.315642377754178,0.660369280236676,0,0,0,0,TRUE,7.35040750293461,0.00119794337996236,0.956268171248933,18.08,8.16999999999996,1.70000000000005,0.939999999999941,FALSE,TRUE,2.22044604925031e-16,0.999999993808244,7.35040750293461,0.844521521123573,0.0326
205,1363,102,-2.5685532617,975.452487064451,9.71304786732773e-08,0,0.204,0.202,0.691617696344752,0.04650121018155,0,0,0,0,TRUE,2.05414557863024,0.00258048411986444,0.914130180299667,17.25,9.84000000000003,1.96999999999991,0.760000000000105,TRUE,TRUE,1.72253612478807e-06,0.997555477425267,2.05414557863024,0.479526625362011,0.12315
205,1364,94,1.3015171201,1282.26340435198,1.17765059812251e-09,0,0.162,0.148,1,0.356405996981507,0,0,0,0,TRUE,2.22159446656304,0.0042305144299565,0.976245516799753,17.2700000000001,8.7299999999999,2.03000000000009,0.740000000000009,TRUE,TRUE,4.38484669340964e-06,0.999739442283632,2.22159446656304,0.633182994464872,0.25195
205,1365,110,-3.89603141,509.730731200309,7.854737357207e-07,0,0.724,0.184,1,0.315859153808076,0,0,0,0,TRUE,2.58062679790539,0.00570398743438477,0.966584646938882,23.89,10.16,2.13999999999999,1.00999999999999,TRUE,TRUE,5.15078556301449e-06,0.999978534348048,2.58062679790539,0.133880563097322,0.03795
205,1366,91,0.9882603998,313.289102306274,2.2985454172683e-05,0,0.626,0.238,0.184997821470545,0.435894457912122,0,0,0,0,TRUE,3.41365348808958,0.00531512334327794,0.950694545754405,21.66,10.96,2.07999999999993,0.990000000000009,TRUE,TRUE,2.02576391179606e-08,0.999996991351295,3.41365348808958,0.0282111324919813,0.00035
205,1367,107,4.4998759902,512.176948260246,4.5925800942722e-07,0,0.032,0.666,0.150652264876915,0.0657125428715637,0,0,0,0,TRUE,2.63232199762019,0.00426601979128119,0.96755664600153,17.42,9.88,1.81000000000006,0.629999999999995,TRUE,TRUE,5.3554383237986e-07,0.999960839293465,2.63232199762019,0.302007428537035,0.06175
205,1368,101,6.5879444185,352.873547858399,1.91958565095873e-07,0,0.188,0.406,0.271797180379167,0.913060223492448,0,0,0,0,TRUE,4.63751767764519,0.00427261833709116,0.958391165684209,17.67,8.38999999999999,1.86000000000001,1.13999999999999,FALSE,TRUE,3.48728336640944e-12,0.999999338022005,4.63751767764519,0.817795111818937,0.1765
205,1369,78,-2.4582106536,1938.04509469247,3.28730489028627e-09,0,0.066,0.026,0.281845668739914,0.640597926036337,0,0,0,0,TRUE,6.45444463111925,0.00231508519422714,0.966462379814377,17.05,6.85000000000002,1.54999999999995,0.850000000000023,FALSE,TRUE,2.22044604925031e-16,0.999999933002706,6.45444463111925,0,0
205,1370,99,-3.4722004586,444.290631639172,1.52201859959648e-07,0,0.012,0.004,0.380699893985442,0.241915332429174,0,0,0,0,TRUE,3.72835217033944,0.00440905158886284,0.974727870532384,17.72,8.51999999999998,1.77999999999997,0.610000000000014,TRUE,TRUE,1.48490593435943e-08,0.999999509524161,3.72835217033944,0.0417448817261697,0.0097
205,1371,91,-3.9788659219,1555.82979541068,1.09204969436031e-08,0,0.168,0.14,0.575704266020864,0.676947675576475,0,0,0,0,TRUE,3.32536793126709,0.00442069410179928,0.940036526729566,17,8.5,1.94000000000005,0.730000000000018,TRUE,TRUE,3.92352948650303e-08,0.999907541239632,3.32536793126709,1.2951788768394e-08,0
205,1372,99,8.2959096235,1212.22035351671,4.22945187790856e-08,0,0.734,0.422,1,0.247933093013036,0,0,0,0,TRUE,2.14126554764418,0.00856043876683421,0.929448886330945,17.0799999999999,10.9400000000001,2.43999999999994,0.620000000000005,TRUE,TRUE,5.14407237824022e-05,0.991772981317376,2.14126554764418,0.593260998829448,0.03795
205,1373,96,1.6409958432,1983.28951883302,3.403982617197e-08,0,0.82,0.306,0.622702023932318,0.486506139739541,0,0,0,0,TRUE,2.55574979049788,0.00475609639193521,0.930671301464345,16.86,10.04,2,0.610000000000014,TRUE,TRUE,7.42986465161521e-07,0.984889582972373,2.55574979049788,3.03321912740508e-11,5e-05
205,1374,108,-0.4440091462,527.221228475272,1.73822658945569e-08,0,0.474,0.192,0.335306692226484,0.481256255741545,0,0,0,0,TRUE,2.84632795578742,0.00521041105196875,0.9596942387766,17.33,8.57999999999993,2.08000000000004,0.710000000000036,TRUE,TRUE,3.11092067255545e-07,0.999310931499883,2.84632795578742,0.78724227259175,0.799
205,1375,103,-9.7004398522,351.301438722353,1.010798041539e-06,0,0.256,0.088,0.595184106180809,0.482441861679666,0,0,0,0,TRUE,3.48183218951182,0.00230745534346433,0.979544407971624,17.72,8.32000000000005,1.74000000000001,0.649999999999977,TRUE,TRUE,9.98168985257813e-08,0.999974301301138,3.48183218951182,0.0616978761260352,0.0176
205,1376,101,3.486160617,608.412793188236,1.69922301689958e-08,0,0.03,0.71,1,0.821414538251705,0,0,0,0,TRUE,3.15929448652917,0.00269997428398601,0.939677733180931,17.5,9.84000000000003,2.04999999999995,0.860000000000014,FALSE,TRUE,6.05373170681244e-10,0.999886035492822,3.15929448652917,0.385491575097683,0.00135
205,1377,107,6.3132792855,1718.8299981606,6.1403879332383e-10,0,0.624,0.4,0.544146860908258,0.102515785230421,0,0,0,0,TRUE,2.68274531258444,0.00624435363284693,0.972517613731217,17.4300000000001,9.81999999999994,2.09000000000003,0.75,TRUE,TRUE,1.2711187011775e-06,0.999986529110963,2.68274531258444,0.202243936159453,0.4608
205,1378,93,7.0119351017,693.019868573573,1.24363557270006e-08,0,0.494,0.314,0.0312122361341165,0.0791427309497649,0,0,0,0,TRUE,3.32075360690159,0.00267204912370543,0.977735590933833,17.36,8.40999999999997,2.25,0.659999999999968,FALSE,TRUE,3.85976254318141e-10,0.999999498172338,3.32075360690159,0.686666296990332,0.0226
205,1379,88,-1.5905906906,30881.9328635338,9.22997447333242e-14,0,0.27,0.208,0.45100563236673,0.95084621501254,0,0,0,0,TRUE,3.49042677543691,0.00372042934522114,0.979681944211812,24.41,10.1400000000001,2.18999999999994,0.75,TRUE,TRUE,4.63906241352292e-08,0.999918052861367,3.49042677543691,0.0110740292864128,4e-04
205,1380,99,-7.4628230109,1294.91355299471,2.48537415619924e-07,0,0.882,0.936,0.942820061416098,0.696990353382917,0,0,0,0,TRUE,2.14496010012211,0.00555743186834842,0.956848764908472,21.61,11.84,2.15999999999997,0.889999999999986,TRUE,TRUE,4.15155830827366e-06,0.999612190923713,2.14496010012211,0.29933529900463,0.31805
205,1381,89,-0.8274430061,2053.69228810199,1.62835670718718e-09,0,0.67,0.144,0.688366074102187,0.660017062888116,0,0,0,0,TRUE,3.78887363337801,0.0062842921839668,0.944344311119174,23.46,9.64999999999998,2,0.980000000000018,FALSE,TRUE,1.39222957903997e-09,0.999996202724117,3.78887363337801,3.64503410016889e-105,0
205,1382,85,-0.4278078376,6904.33555771245,2.69892194218288e-11,0,0.252,0.198,0.646349334323907,0.0545141347560077,0,0,0,0,TRUE,2.33769192465492,0.0111732010936228,0.948707109491816,21.1600000000001,11.67,2.91999999999996,0.879999999999995,TRUE,TRUE,0.000318679545394528,0.990991661375828,2.33769192465492,0.00206278744659882,0.05515
205,1383,101,1.3190296488,8053.65883197194,1.11566269784735e-11,0,0.222,0.016,0.0637512383800145,0.0294400058039584,0,0,0,0,TRUE,2.34497345013483,0.00563163887654222,0.942420803535774,17.28,10.5600000000001,2.43999999999994,0.780000000000086,TRUE,TRUE,7.9972879981516e-07,0.998949229615863,2.34497345013483,0.000392931027992338,0.02015
205,1384,116,3.569485631,564.035423343494,1.20647114772905e-07,0,0.252,0.14,1,0.840756943307411,0,0,0,0,TRUE,2.49859610830857,0.0100578894621399,0.962977904581631,17,8.98000000000002,1.96000000000004,0.669999999999959,TRUE,TRUE,3.51516465873966e-06,0.999928118342723,2.49859610830857,1.04401714526454e-43,0
205,1385,100,-0.9771266394,352.819071729981,5.05057192098329e-07,0,0.344,0.11,1,0.211769023188671,0,0,0,0,TRUE,5.99567980491638,0.000911228015134955,0.975015058976359,17.1,7.09000000000003,1.71999999999991,0.700000000000045,FALSE,TRUE,2.22044604925031e-16,0.99999999267468,5.99567980491638,0.989968595031618,0.34125
205,1386,108,-6.5040549946,672.334973237878,9.19533819294747e-08,0,0.522,0.496,1,0.068553713052209,0,0,0,0,TRUE,2.58836458181596,0.00360580869619814,0.957346721512588,17.6700000000001,9.07999999999993,2.02999999999997,0.800000000000068,TRUE,TRUE,6.12205470184647e-07,0.999719524828461,2.58836458181596,0.179162631844339,0.42115
205,1387,99,-0.0583506241,1165.08100473716,2.341010996933e-08,0,0.1,0.118,0.801496616927205,0.277336239049222,0,0,0,0,TRUE,4.31736995401718,0.00265505896438809,0.930728458223355,17.4399999999999,7.88999999999999,1.83000000000004,0.779999999999973,FALSE,TRUE,5.19130919895651e-10,0.999973447580447,4.31736995401718,0.00213078179715981,0.01465
205,1388,99,-0.8164600471,302.107006142764,8.4464801744379e-06,0,0.622,0.418,0.211802133637844,0.0991566325817965,0,0,0,0,TRUE,3.74206289651817,0.00297251445364802,0.956830906214818,17.63,8.88999999999999,1.65000000000009,0.639999999999986,TRUE,TRUE,1.44036181725366e-08,0.999950920187139,3.74206289651817,0.0382541570200637,0.05505
205,1389,91,2.5250864971,75.5738316197642,9.45893225028286e-08,0,0.028,0.006,0.232766121136332,0.41658886882793,0,0,0,0,TRUE,4.03400964098073,0.000479883780262148,0.932710535282389,20.23,8.28999999999996,1.43000000000006,0.879999999999995,FALSE,TRUE,9.33842706220389e-12,0.999956174569536,4.03400964098073,4.87906196376493e-18,0
205,1390,102,-1.6154996491,287.951231623369,3.20510371465187e-06,0,0.436,0.998,1,0.116175979354923,0,0,0,0,TRUE,3.18371723215899,0.00458290194900173,0.94696819808623,18.0699999999999,8.66999999999996,1.79000000000008,0.850000000000023,TRUE,TRUE,4.57660706782483e-08,0.999968340881444,3.18371723215899,0.106952450936702,0.39945
205,1391,88,4.3376662616,1297.42168734591,1.40895043854237e-08,0,0.92,0.672,0.793120200529625,0.0447395271721569,0,0,0,0,TRUE,3.42695335618443,0.00263745381505985,0.980324869388338,17.12,7.06999999999994,1.50999999999999,0.830000000000041,FALSE,TRUE,2.22132047068148e-09,0.999999522807737,3.42695335618443,0.0184204896940612,0.00115
205,1392,113,3.980754543,848.68496606309,8.46751566821884e-06,0,0.588,0.806,1,0.319409612837523,0,0,0,0,TRUE,2.37563544404252,0.00277073723017264,0.960823851272542,17.6900000000001,9.79999999999995,2.12,0.559999999999945,TRUE,TRUE,1.42890499003954e-06,0.99939065464615,2.37563544404252,0.630073381565842,0.5408
205,1393,89,-12.3005001386,405.924631797027,2.66687612110354e-06,0,0.344,0.536,1,0.265807143440928,0,0,0,0,TRUE,3.7615699685516,0.00243852315679334,0.963621775132446,24.3299999999999,8.94000000000005,1.92999999999995,0.920000000000073,FALSE,TRUE,4.90340824639725e-09,0.999996309215032,3.7615699685516,9.36938915675036e-105,0
205,1394,108,-0.6860896114,1327.72124833978,1.12403197059478e-06,0,0.598,0.284,0.0276003881894038,0.448561813584774,0,0,0,0,TRUE,2.48559903692621,0.00764469684079846,0.947422117493869,21.6700000000001,12.4699999999999,2.5100000000001,0.959999999999923,TRUE,TRUE,1.24964794461602e-06,0.999425654264148,2.48559903692621,0.0202501430286645,0.00075
205,1395,95,3.5461303868,489.06677774858,9.73600570370085e-08,0,0.2,0.126,0.305803970126977,0.348417695121168,0,0,0,0,TRUE,5.1890462921621,0.00208876377187214,0.95634425952708,16.9399999999999,7.38999999999999,1.88,0.920000000000073,FALSE,TRUE,7.21807017971266e-13,0.999999903570551,5.1890462921621,0.899578555890939,0.2216
205,1396,110,11.2589628117,1770.99437999064,1.73504990134406e-10,0,0.586,0.698,1,0.550009950886679,0,0,0,0,TRUE,1.77311251121218,0.0094960847411638,0.957722698499729,17.8,11.2,2.01999999999998,0.75,TRUE,TRUE,3.32792811379271e-05,0.999753667892497,1.77311251121218,0.222978569705943,0.12375
205,1397,107,0.4544886375,1211.50598457524,2.49185476477644e-09,0,0.278,0.468,0.728710330181977,0.554195506552046,0,0,0,0,TRUE,2.38981623302258,0.00618085658658211,0.941522885357196,18,9.47000000000003,2.01999999999998,0.710000000000036,TRUE,TRUE,8.80345995807196e-06,0.998425954583296,2.38981623302258,0.0113707075314653,0.00225
205,1398,96,1.5229776164,390.849804849339,1.48990786801011e-06,0,0.718,0.79,0.375291040539917,0.435976948678813,0,0,0,0,TRUE,3.22446066094938,0.00539461788906988,0.948463069281551,17.17,9.05000000000007,1.75,0.689999999999941,TRUE,TRUE,2.43159742441926e-07,0.999955261322541,3.22446066094938,0.444926701066675,0.7548
205,1399,92,2.4432745412,1134.80029413646,2.73143003108416e-09,0,0.632,0.46,1,0.865294761547217,0,0,0,0,TRUE,3.55266940239922,0.00329689855038473,0.964634952429505,18.28,9.38,1.86000000000001,0.759999999999991,FALSE,TRUE,7.81175337384923e-09,0.999968618659117,3.55266940239922,0.255613994664071,0.05145
205,1400,114,2.8759889223,694.102628477783,1.13966792414653e-07,0,0.016,0.01,1,0.213384222068298,0,0,0,0,TRUE,2.06347625206199,0.00714521890862804,0.96749914757214,18.97,10.27,2.12,0.529999999999973,TRUE,TRUE,1.19198233195119e-05,0.999789087175756,2.06347625206199,0.366574932531729,0.3009
205,1401,91,1.412797674,1032.45846130358,1.6037667614862e-06,0,0.912,0.818,1,0.888082139810907,0,0,0,0,TRUE,3.50458771630882,0.00224911345173683,0.92930936573478,18.0300000000001,8.58999999999992,1.61000000000001,0.909999999999968,FALSE,TRUE,3.24066379639738e-10,0.999832017609908,3.50458771630882,0.0272932875617547,0.08165
205,1402,88,-6.426522457,105.042393445257,5.81606588469881e-05,0,0.57,0.324,0.84282190333897,0.405255492737721,0,0,0,0,TRUE,10.97256795436,0.00090837020794065,0.954678838014104,19.5600000000001,8.07999999999993,1.3900000000001,0.969999999999914,FALSE,TRUE,2.22044604925031e-16,1,10.97256795436,0.122676484287625,0.0127
205,1403,99,-5.2986187727,608.673445582794,9.26230136531564e-07,0,0.288,0.138,0.196769146541049,0.0985430931938241,0,0,0,0,TRUE,2.71284126523644,0.00216270921316717,0.974898785257859,18.3000000000001,8.53999999999996,1.67000000000007,0.689999999999941,TRUE,TRUE,3.49419306814599e-07,0.99998054787922,2.71284126523644,5.62003781105994e-07,0.0289
205,1404,104,-4.03915929,503.736426596622,2.03902380456663e-05,0,0.856,0.356,0.225324159027409,0.177718447928286,0,0,0,0,TRUE,3.75891719022193,0.00251434995743179,0.943249965541685,17.84,9.27999999999997,1.72000000000003,0.689999999999941,FALSE,TRUE,1.97996350686501e-11,0.999984360569725,3.75891719022193,0.616298034523163,0.3387
205,1405,101,0.2892242551,6788.86262289335,9.68071311236117e-09,0,0.786,0.37,0.85744589062944,0.589912323032041,0,0,0,0,TRUE,2.3493164153599,0.00741962284050124,0.979420107005188,17.88,10.4499999999999,2,0.920000000000073,TRUE,TRUE,1.52225671374676e-06,0.999294928829314,2.3493164153599,0.570298032194745,0.0337
205,1406,96,5.6948164368,837.092167052395,4.63092330369298e-07,0,0.942,0.96,1,0.366575351667585,0,0,0,0,TRUE,3.80845681704475,0.00496107335668783,0.966403043045539,17.67,8.66999999999996,1.71000000000004,0.57000000000005,FALSE,TRUE,4.55825206543868e-09,0.999991859732969,3.80845681704475,0.492384374151992,0.10135
205,1407,80,6.2430918421,2994.37613789548,8.8026309982112e-11,0,0.144,0.09,0.305323893068993,0.652672551366369,0,0,0,0,TRUE,5.0549437979409,0.0041273199658567,0.97123933603884,17.58,8.21000000000004,1.56999999999994,0.75,FALSE,TRUE,4.16157727571295e-11,0.999998633651689,5.0549437979409,2.59736065046379e-05,5e-05
205,1408,103,-0.4627833339,1423.59738916168,4.13021285502502e-10,0,0.406,0.224,1,0.892368681078352,0,0,0,0,TRUE,3.30889339861104,0.00498268184754108,0.971233699026631,17.6800000000001,8.93999999999994,1.63999999999999,0.810000000000059,TRUE,TRUE,1.28564117721977e-07,0.999996862847489,3.30889339861104,0.607638077106171,0.5104
205,1409,110,-1.0650678897,1272.58140770659,8.8117987026816e-08,0,0.48,0.352,0.191166253386198,0.65787313146144,0,0,0,0,TRUE,2.07409149904788,0.0106646820306117,0.95735877660125,18.1999999999999,10.08,1.83000000000004,0.689999999999941,TRUE,TRUE,2.49916467956917e-05,0.999415988491929,2.07409149904788,0.706016855704318,0.28055
205,1410,108,1.0907599775,11895.0777647272,7.27205338091528e-10,0,0.232,0.35,0.56115755517608,0.524257116816576,0,0,0,0,TRUE,2.51330152207401,0.0137462422968875,0.953185844005138,17.5400000000001,10.5999999999999,1.72000000000003,0.470000000000027,TRUE,TRUE,2.62883720385498e-06,0.999376271069222,2.51330152207401,0.279170437794381,0.6114
205,1411,114,4.0004470479,581.07450668488,4.33153513814694e-07,0,0.03,0.018,0.50735636570479,0.0206505835910428,0,0,0,0,TRUE,2.16871634620345,0.00109066425230069,0.93473299625996,17.97,10.61,1.70000000000005,0.919999999999959,FALSE,TRUE,7.18190677322183e-09,0.999534301188952,2.16871634620345,0.371782845917364,0.1985
205,1412,101,6.1275512038,599.091811050514,3.62372851062456e-07,0,0.32,0.932,0.590007494814709,0.292398598106075,0,0,0,0,TRUE,2.17640090470102,0.00569444149111758,0.964495945475057,17.34,10.36,1.66999999999996,0.440000000000055,TRUE,TRUE,3.07387325802351e-05,0.998745624399222,2.17640090470102,0.312951753461586,0.06085
205,1413,89,-0.2989654742,587.946919815118,4.51013378606692e-06,0,0.448,0.506,1,0.0710751078545678,0,0,0,0,TRUE,2.81443685578648,0.00313740616803171,0.952441684125224,17.3,8.25,1.95000000000005,0.620000000000005,TRUE,TRUE,8.87306217549388e-08,0.999874717477557,2.81443685578648,0.230921608204344,0.0353
205,1414,108,-0.8579131147,1502.46704144397,5.55929868928361e-09,0,0.018,0.022,1,0.701137725575948,0,0,0,0,TRUE,2.26846576723594,0.0107740854394816,0.965195478945437,17.42,10.3,1.95000000000005,0.610000000000014,TRUE,TRUE,5.19449655680819e-06,0.99982571063945,2.26846576723594,3.92282799579207e-09,0
205,1415,97,2.0992251646,1011.50640327117,2.27436181793427e-08,0,0.472,0.254,1,0.835177197383121,0,0,0,0,TRUE,3.39084272696507,0.00356292863297007,0.940175653726682,17.62,8.76999999999998,1.70000000000005,0.740000000000009,FALSE,TRUE,8.09391687098323e-09,0.999978662386447,3.39084272696507,0.127470513068032,0.07225
205,1416,99,0.3596171367,1657.04459726974,3.59576445280977e-09,0,0.282,0.952,1,0.941584662365264,0,0,0,0,TRUE,2.70178986893654,0.00734491745557794,0.967959545114995,18,9.11000000000001,1.71999999999991,0.660000000000082,TRUE,TRUE,9.14985710729017e-07,0.999879558452558,2.70178986893654,0.299999660146555,0.2563
205,1417,103,-1.0890396736,1024.02521000483,3.29021860649876e-08,0,0.338,0.182,0.966419616628052,0.761898212451449,0,0,0,0,TRUE,2.65376091842639,0.00375222599891638,0.941439816672876,18.89,9.50999999999999,1.88999999999999,0.830000000000041,TRUE,TRUE,2.22809744224199e-07,0.999725935350015,2.65376091842639,0.0147451609684803,0.00035
205,1418,104,-0.9486497807,881.651783799996,9.53761787961228e-09,0,0.096,0.058,0.571461635686719,0.487449134970271,0,0,0,0,TRUE,3.86158580367646,0.0065064269197003,0.946255467394993,18.6899999999999,8.23000000000002,1.55000000000007,0.449999999999932,FALSE,TRUE,2.99131708387777e-10,0.999997744429815,3.86158580367646,0.738071713946704,0.6919
205,1419,79,0.722926432,2117.42784319781,3.2802489277699e-10,0,0.332,0.254,0.508286427840331,0.0380003736312846,0,0,0,0,TRUE,5.66625513513737,0.00276161538670147,0.955245506650265,18.39,8.13999999999999,1.93000000000006,0.709999999999923,FALSE,TRUE,6.86317224691681e-11,0.999999407500124,5.66625513513737,1.21597450348598e-20,0
205,1420,84,1.8287174767,798.342811475914,3.16494007302333e-07,0,0.848,0.758,0.537894534663299,0.298150741448671,0,0,0,0,TRUE,4.23606936789617,0.00307904216079634,0.952525312036882,17.26,8.38,1.65000000000009,0.629999999999995,FALSE,TRUE,7.92477392934598e-09,0.999903078789387,4.23606936789617,0.000525198046477645,0.0036
205,1421,113,0.2316280848,782.705178045696,3.77512530567594e-08,0,0.218,0.864,0.872740196649644,0.178209483143522,0,0,0,0,TRUE,2.60304849982036,0.00589056916926548,0.968001118381584,17.61,9.67000000000007,2.04999999999995,0.899999999999977,TRUE,TRUE,1.54326258994588e-07,0.999951920005881,2.60304849982036,0.386927495982193,0.3653
205,1422,108,-9.2069240861,924.931003942878,9.80182417026151e-09,0,0.384,0.078,0.138107830639138,0.0922502908786119,0,0,0,0,TRUE,3.56650528782711,0.00791248228082449,0.962739055437972,18.0200000000001,9.75,1.40999999999997,0.539999999999964,TRUE,TRUE,6.46653716756358e-08,0.999998524926019,3.56650528782711,0.0234068684745065,0.0222
205,1423,99,6.6017680303,32457.3235105779,2.07412445971359e-09,0,0.352,0.112,0.189200731409917,0.694346783175965,0,0,0,0,TRUE,2.64345756028004,0.00808670450433169,0.944855594912996,17.63,10.2,2.02999999999997,0.860000000000014,TRUE,TRUE,4.22335808040476e-06,0.999648682720015,2.64345756028004,0.0939584306799376,0.0083
205,1424,95,0.7381627067,545.28167484244,1.94293259388254e-08,0,0.18,0.046,0.366172057880112,0.19203977815993,0,0,0,0,TRUE,5.10313807545732,0.00242157747119197,0.949547039043819,17.88,8.57000000000005,1.25,0.569999999999936,FALSE,TRUE,6.23556609200655e-12,0.999998212971683,5.10313807545732,0.968840644260695,0.70755
205,1425,102,-13.4187084646,823.722268537296,1.64877459330762e-07,0,0.416,0.132,0.437226775820406,0.189628027214203,0,0,0,0,TRUE,2.67476756917472,0.0053276017605423,0.972352402327478,17.72,9.05999999999995,1.75,0.629999999999995,TRUE,TRUE,1.56539704749484e-06,0.999943629998727,2.67476756917472,0.0442053412199637,0.0661
205,1426,100,0.9128987834,612.045088274663,1.83243449490763e-08,0,0.426,0.666,1,0.596230946647471,0,0,0,0,TRUE,3.48949790376682,0.00146795854634866,0.980309321852648,17.24,8.84000000000003,1.54999999999995,0.639999999999986,TRUE,TRUE,3.5071719716637e-08,0.999990366435944,3.48949790376682,0.277042803458705,0.1877
205,1427,88,1.1219715147,1281.85108677423,2.42374145052555e-08,0,0.388,0.27,0.549331086120833,0.0392212598541315,0,0,0,0,TRUE,2.49121314671332,0.00369023152402736,0.96477475702368,17.78,9.04000000000008,1.97000000000003,0.67999999999995,TRUE,TRUE,1.50717920721893e-06,0.996406284904423,2.49121314671332,0.688128241027983,0.6041
205,1428,93,-9.5680107867,1079.2305831932,2.9080258443965e-08,0,0.764,0.684,1,0.177633662073029,0,0,0,0,TRUE,3.90181431641614,0.00372119677240724,0.927236741418656,18.48,8.36000000000001,1.34000000000003,0.579999999999927,FALSE,TRUE,4.58703193272234e-09,0.999913668220998,3.90181431641614,0.732316664648501,0.30865
205,1429,86,-0.3612468485,608.286876959879,2.52289676490415e-07,0,0.732,0.28,1,0.922797768559613,0,0,0,0,TRUE,3.00804101941877,0.00314641508536987,0.949893581657935,18.4000000000001,8.68999999999994,1.99000000000001,0.590000000000032,TRUE,TRUE,9.47523011544992e-07,0.999681025118519,3.00804101941877,0.0279864372317086,8e-04
205,1430,100,0.0286638111,557.690899174442,1.97457286982308e-07,0,0.794,0.332,1,0.107716229167322,0,0,0,0,TRUE,2.91622092804703,0.00330149852885791,0.963840421854282,17.6099999999999,8.63,1.73000000000002,0.519999999999982,TRUE,TRUE,2.9368186990662e-07,0.999891712789366,2.91622092804703,0.826921866982733,0.77425
205,1431,109,-8.979598022,731.673097740075,2.15080849426143e-07,0,0.84,0.49,1,0.619184240272378,0,0,0,0,TRUE,3.57603026194584,0.00472727032476634,0.969097062384177,23.75,10.74,2.19999999999993,0.810000000000059,FALSE,TRUE,5.15724145125605e-09,0.999999850468652,3.57603026194584,0.00238686016858114,0.00155
205,1432,98,-4.2045134603,1188.87283197237,1.70853951378323e-08,0,0.53,0.126,1,0.262069727906865,0,0,0,0,TRUE,3.87944010260021,0.00617017465695973,0.970817088714147,17.03,5.94000000000005,1.25999999999999,0.5,FALSE,TRUE,2.49163907424298e-09,0.999999751827775,3.87944010260021,0.736039617659759,0.9172
205,1433,100,0.9165999167,2838.16494769287,1.32753724568289e-08,0,0.34,0.11,1,0.609816501786517,0,0,0,0,TRUE,2.78527708861383,0.002302475542702,0.961572812862355,23.62,11.3199999999999,2.09000000000003,0.909999999999968,FALSE,TRUE,3.25977399273129e-09,0.999900636804339,2.78527708861383,0.673060873846982,0.75745
205,1434,95,-6.0525114635,1906.84086356169,1.34257099958901e-07,0,0.402,0.658,0.149056604773364,0.30878516197346,0,0,0,0,TRUE,2.52138718407907,0.00363931714552665,0.964233680030303,16.49,7.25999999999999,1.44000000000005,0.439999999999941,TRUE,TRUE,3.80794984186471e-07,0.999717891974626,2.52138718407907,0.124597624627193,0.5591
205,1435,96,0.990010796,2050.778323854,1.83247800356606e-09,0,0.688,0.816,0.299606292092257,0.104763234465746,0,0,0,0,TRUE,2.28890063797384,0.00257599685098861,0.954867361565308,24.2299999999999,11.36,2.57000000000005,0.669999999999959,TRUE,TRUE,3.6928205934973e-07,0.998760067615156,2.28890063797384,0.22914797200079,0.09565
205,1436,109,7.6975822668,896.31355601693,1.23630016900637e-07,0,0.864,0.794,0.623454653666658,0.195258553367256,0,0,0,0,TRUE,2.4699876595695,0.0101919086628753,0.961954037961148,16.2800000000001,6.94999999999993,1.40999999999997,0.420000000000073,TRUE,TRUE,1.43892098450823e-05,0.999614024566449,2.4699876595695,0.597673827771728,0.6582
205,1437,106,-2.7476322438,919.871095637482,2.26002374377032e-08,0,0.578,0.328,1,0.627307257154562,0,0,0,0,TRUE,3.74547163270968,0.00334822765825964,0.962550104506057,23.27,10.16,1.84000000000003,0.769999999999982,FALSE,TRUE,3.369039065216e-10,0.999998319825105,3.74547163270968,0.145397782968818,0.07785
205,1438,113,2.9524573011,475.621120169614,5.75931543317671e-07,0,0.978,0.812,0.760858267402583,0.0505067141529669,0,0,0,0,TRUE,3.05216480013296,0.00668608913880204,0.939469834449371,16.7700000000001,6.25999999999999,1.49000000000001,0.509999999999991,TRUE,TRUE,3.60585378268495e-07,0.999756663719832,3.05216480013296,0.0214707425540276,0.00245
205,1439,90,2.3281392682,491.76896549981,4.61100562210033e-06,0,0.844,0.476,1,0.844866458481056,0,0,0,0,TRUE,3.57944228064809,0.00222889728100834,0.934369848976432,23.74,10.1999999999999,2.27999999999997,0.879999999999995,FALSE,TRUE,1.13218182462811e-09,0.999923178374105,3.57944228064809,0.00015999995543117,1e-04
205,1440,110,2.7965454522,828.135573515333,4.60634924607878e-09,0,0.456,0.39,1,0.0717275495005973,0,0,0,0,TRUE,2.11003594149525,0.0041030590312767,0.976565366037911,16.38,8.09000000000003,1.50999999999999,0.459999999999923,TRUE,TRUE,6.54911150990053e-06,0.999904730943732,2.11003594149525,0.00114041987957689,0.00675
205,1441,95,4.8148125959,1582.36038632956,7.45409125345447e-10,0,0.052,0.332,0.566241795893738,0.739393503604613,0,0,0,0,TRUE,2.55709558469527,0.00481086776319469,0.945657578176076,16.4699999999999,9.5,1.68000000000006,0.669999999999959,TRUE,TRUE,7.28439922777567e-07,0.999687198567704,2.55709558469527,0.673315034881374,0.0287
205,1442,95,8.3098583246,1378.42232894709,5.06472496629733e-09,0,0.264,0.576,0.942598631272175,0.185290325709803,0,0,0,0,TRUE,3.32581329576807,0.0043975764155,0.952466073977741,18.23,9.61000000000001,1.77999999999997,0.610000000000014,TRUE,TRUE,2.83246795559766e-07,0.999313244999925,3.32581329576807,0.000414849520114704,0.001
205,1443,105,5.3236546562,1523.3567732524,1.07306519937999e-09,0,0.442,0.13,1,0.370023654365449,0,0,0,0,TRUE,2.42413818961599,0.00533010362649453,0.976734971121207,17.5799999999999,9.45000000000005,2.36000000000001,0.699999999999932,TRUE,TRUE,1.55871012353999e-06,0.999942070323221,2.42413818961599,0.223992222830943,0.12925
205,1444,99,-2.1402220673,242.990421972997,1.81130684914781e-05,0,0.518,0.578,0.766750625752736,0.284374666272846,0,0,0,0,TRUE,4.86418341199085,0.00158674715218062,0.980079840639551,18.4400000000001,7.71999999999991,1.42000000000007,0.689999999999941,FALSE,TRUE,1.65370694437344e-11,0.999999994208327,4.86418341199085,0.173878843269963,0.01275
205,1445,89,6.0192291629,1204.02829797196,2.9626458975153e-11,0,0.05,0.09,0.270050594847482,0.299939459257627,0,0,0,0,TRUE,3.41684051967645,0.0014169694917723,0.954882548044334,24.85,10.8100000000001,2.18999999999994,0.759999999999991,FALSE,TRUE,2.46298992003956e-09,0.999935856648733,3.41684051967645,0.0175632602417663,0.0056
205,1446,102,5.6096230592,1350.15666588267,5.69953269520355e-08,0,0.804,0.674,0.813275051353711,0.885249844462307,0,0,0,0,TRUE,3.52062463605006,0.00447738270621263,0.96573745086641,22.48,9.68999999999994,2.11000000000001,1.13,FALSE,TRUE,1.89647666670829e-11,0.999994767029626,3.52062463605006,0.579907374670505,0.0404
205,1447,95,0.935514217,873.320401421295,9.40573740664131e-07,0,0.424,0.066,0.410320702668516,0.131542919502439,0,0,0,0,TRUE,3.02543879340217,0.00341464291838019,0.949852424018836,17.74,9.43000000000006,1.67999999999995,0.730000000000018,TRUE,TRUE,5.10561467868147e-08,0.999905912038112,3.02543879340217,4.24155289318729e-06,0
205,1448,111,-1.4454458069,1030.24493395247,7.32446337990584e-09,0,0.206,0.086,0.0514213969836887,0.0170187001924715,0,0,0,0,TRUE,3.7072191162601,0.00415777867411149,0.949787577203502,17.7700000000001,8.77999999999997,1.87,0.649999999999977,TRUE,TRUE,1.37785878795389e-08,0.999996932789407,3.7072191162601,0.0823048787640316,0.0201
205,1449,86,-1.4460809758,516.406168303445,1.23013056315518e-06,0,0.894,0.604,0.282347086674596,0.351453119576546,0,0,0,0,TRUE,3.43117367072582,0.00353417256134002,0.933110689491361,17.9499999999999,8.06000000000006,1.54999999999995,0.700000000000045,TRUE,TRUE,7.02696925464575e-08,0.999654378975726,3.43117367072582,2.96947711473508e-10,0
205,1450,101,4.7116304159,3585.23194434078,1.11129273195966e-07,0,0.584,0.432,1,0.893421527906294,0,0,0,0,TRUE,2.34917655415006,0.00933689961024816,0.953548251945513,17.5799999999999,10.2,2.26999999999998,0.659999999999968,TRUE,TRUE,6.17406789310659e-06,0.999657533899439,2.34917655415006,0.670808978804478,0.09145
205,1451,91,3.277972519,866.643109553372,7.30450726469921e-10,0,0.028,0.624,0.513267940926505,0.504201969190398,0,0,0,0,TRUE,3.59111411354245,0.00525033161354465,0.945679641208833,17.4200000000001,8.40999999999997,1.80999999999995,0.700000000000045,FALSE,TRUE,1.97285447791347e-09,0.999966362074622,3.59111411354245,2.29843336092169e-05,0.06275
205,1452,97,6.3304310695,327.191691074386,6.94887567755752e-06,0,0.74,0.528,1,0.337572543273799,0,0,0,0,TRUE,4.52087278932671,0.00412752493807205,0.960561506814622,18.26,8.90999999999997,1.65000000000009,0.659999999999968,FALSE,TRUE,4.62843294428045e-10,0.999999321812597,4.52087278932671,0.999389291008727,0.78515
205,1453,97,5.2642508827,693.523353021822,9.00607666036444e-09,0,0.198,0.47,1,0.0821960082314186,0,0,0,0,TRUE,2.88642449580489,0.00590386381609105,0.956969846347329,24.86,11.72,2.19999999999993,1.30000000000007,TRUE,TRUE,1.03547444742247e-06,0.99978121014726,2.88642449580489,0.00910523915025772,0.00085
205,1454,99,0.6640146567,143.355646670576,0.000399282886636339,0,0.978,0.754,1,0.172648974211722,0,0,0,0,TRUE,6.47368795879386,0.000947917957105521,0.982370500644765,25.5699999999999,9.49000000000001,1.98000000000002,1.36000000000001,FALSE,TRUE,2.22044604925031e-16,0.999999999983747,6.47368795879386,0.0662178586939638,0.0488
205,1455,107,7.1757160975,208.787007683357,8.97616521126817e-06,0,0.086,0.592,0.422409462066788,0.508142695605176,0,0,0,0,TRUE,5.53648699254249,0.00167691795446806,0.958667063193188,18.85,7.81000000000006,1.52999999999997,0.629999999999995,FALSE,TRUE,3.17204053631515e-13,0.99999840910251,5.53648699254249,0.394848327633127,0.0661
205,1456,98,-1.981864575,1653.15212348152,2.6935319664091e-08,0,0.484,0.482,1,0.387889448453219,0,0,0,0,TRUE,4.94234508945467,0.00366139193720279,0.935023468958208,17.5600000000001,8.40999999999997,1.68999999999994,0.810000000000059,FALSE,TRUE,2.22044604925031e-16,0.99999959986007,4.94234508945467,1.71464131835563e-113,0
205,1457,94,-2.2625663441,491.634823236031,1.94774024259372e-06,0,0.682,0.36,1,0.61075998472451,0,0,0,0,TRUE,3.39076661639057,0.00236773632648731,0.970796613371934,17.64,8.45000000000005,1.46999999999991,0.830000000000041,FALSE,TRUE,6.81781733518214e-09,0.999998767144078,3.39076661639057,0.403647273245936,0.07355
205,1458,104,-1.0377738757,486.438741100985,4.16758609676087e-06,0,0.31,0.086,0.557159448843494,0.179259882001458,0,0,0,0,TRUE,2.89199378081826,0.00366221399059819,0.965314308306215,18.55,9.5,1.87,0.920000000000073,TRUE,TRUE,5.01077054505487e-08,0.999962031865949,2.89199378081826,0.720390642913324,0.3182
205,1459,112,1.1198594974,700.232196910634,7.01607489737911e-08,0,0.328,0.566,0.32896988760211,0.0772669994726922,0,0,0,0,TRUE,2.58335466728693,0.0110963131998327,0.96549253101318,17.8599999999999,8.83000000000004,2.08000000000004,0.75,TRUE,TRUE,2.07365707157485e-05,0.999427297596587,2.58335466728693,0.0817677062269676,0.01325
205,1460,109,4.155856455,649.791100128396,2.09455771379868e-08,0,0.164,0.424,1,0.950227321654507,0,0,0,0,TRUE,3.23971965309553,0.00415960520115105,0.979417144264341,17.1799999999999,8.68000000000006,1.81999999999994,0.700000000000045,TRUE,TRUE,1.74839598644288e-07,0.999999385994149,3.23971965309553,0.499321577041149,0.3518
205,1461,94,-5.8729011247,405.043489415559,3.33120305654841e-05,0,0.912,0.808,0.530634908153744,0.93672262724758,0,0,0,0,TRUE,3.07084954389673,0.00378935476633091,0.964755258071085,18.12,9.36000000000001,1.61000000000001,0.879999999999995,TRUE,TRUE,1.54119862455731e-07,0.999990791715442,3.07084954389673,0.0118832555835861,0.01165
205,1462,114,-4.2918254442,672.847821826255,2.29383781653021e-07,0,0.288,0.496,0.339277881591499,0.0993505988977014,0,0,0,0,TRUE,2.311459462535,0.00739670563578894,0.960653124126506,17.36,9.97000000000003,1.75,0.769999999999982,TRUE,TRUE,4.71355588107542e-08,0.999994239814947,2.311459462535,0.185693777128953,0.03725
205,1463,99,2.8592122082,4141.23942076888,4.09600788806362e-09,0,0.974,0.844,0.966337053386477,0.0720544890867274,0,0,0,0,TRUE,2.40476489300398,0.00583041284877921,0.975399153545504,17.55,9.20000000000005,1.77999999999997,0.659999999999968,TRUE,TRUE,4.14622552447491e-06,0.99991724739343,2.40476489300398,0.00656124783020273,7e-04
205,1464,97,-6.4980953046,1553.38186360442,1.78089747724823e-10,0,0.26,0.076,1,0.270051585662752,0,0,0,0,TRUE,2.28912230560948,0.00586900823361401,0.942509358782514,18.63,9.13999999999999,2.02999999999997,0.650000000000091,TRUE,TRUE,3.90762528614237e-06,0.99739202636119,2.28912230560948,0.943848833322423,0.5962
205,1465,105,-2.1696871708,458.602663967677,1.130257555117e-07,0,0.196,0.164,0.409006907568199,0.144883132056709,0,0,0,0,TRUE,2.91763403331183,0.00443373785328579,0.962926846498528,17.08,8.41999999999996,1.63999999999999,0.82000000000005,TRUE,TRUE,1.41338442061444e-07,0.999961315429967,2.91763403331183,0.712851281127081,0.0408
205,1466,83,-3.4409036078,1094.29742005414,4.12300156307748e-07,0,0.744,0.59,1,0.551318845590518,0,0,0,0,TRUE,3.55675127677473,0.00573088793791862,0.936352959812026,18.28,8.08000000000004,1.89999999999998,0.659999999999968,TRUE,TRUE,1.47800995535563e-07,0.999295512731525,3.55675127677473,0.892262793822539,0.81225
205,1467,96,4.1345250185,77.5516185825665,0.000528458117487659,0,0.934,0.712,0.867390716910031,0.393333363261902,0,0,0,0,TRUE,7.18308545893625,0.000338613008567007,0.981098826959527,28.5600000000001,9.05999999999995,2.22000000000003,1.06000000000006,FALSE,TRUE,2.22044604925031e-16,1,7.18308545893625,1.68425895531646e-09,0.00275
205,1468,104,1.9373629075,166.332230956929,1.2428328895631e-05,0,0.796,0.314,1,0.880559973023406,0,0,0,0,TRUE,4.38202627894282,0.000699738616054859,0.943015561674141,23.6900000000001,9.61000000000001,1.6099999999999,1.08000000000004,FALSE,TRUE,1.5817631927273e-12,0.99999949422764,4.38202627894282,6.78586428702290e-09,0.0042
205,1469,88,-11.2974513461,1069.03453100377,2.74595719743693e-09,0,0.258,0.146,1,0.462853040178995,0,0,0,0,TRUE,3.28704350264019,0.0031396913026517,0.976657775759724,24.99,11.09,1.79999999999995,0.759999999999991,TRUE,TRUE,2.91614530645804e-07,0.999997358571218,3.28704350264019,3.02706748642378e-26,0
205,1470,108,-1.7516969955,824.016894353354,1.19633994968172e-07,0,0.024,0.058,1,0.713461112269529,0,0,0,0,TRUE,2.50466598857269,0.00715800236492168,0.93302572109583,23.4400000000001,12.5,2.27999999999997,0.889999999999986,TRUE,TRUE,1.0270929332127e-06,0.999096347091915,2.50466598857269,0.023695025556109,0.3127
205,1471,96,-0.6041062343,672.978324392481,2.59262069002438e-08,0,0.174,0.64,0.0552786977609767,0.315233995061493,0,0,0,0,TRUE,3.32217250870442,0.000680127417928744,0.926859879316102,17.4400000000001,9.46000000000004,1.88,0.980000000000018,FALSE,TRUE,1.47555194532274e-09,0.999643536635506,3.32217250870442,0.0809276353485651,0.47725
205,1472,98,3.4935716534,284.170912740628,9.65840138901174e-05,0,0.734,0.47,1,0.494687171951119,0,0,0,0,TRUE,3.22824866238101,0.00175537839143994,0.964021458590094,17.25,8.62,1.72000000000003,0.67999999999995,TRUE,TRUE,1.02367584219117e-08,0.999974519225902,3.22824866238101,1.23025351107486e-05,0
205,1473,93,3.3605827545,493.340023123162,3.00017977353697e-08,0,0.504,0.294,0.357196529253559,0.212213488991665,0,0,0,0,FALSE,849.752297183843,0.00164489869161523,0.968918402133395,18.14,7.39999999999998,1.48000000000002,0.699999999999932,FALSE,TRUE,2.22044604925031e-16,1,1213.71679752328,1,NA
205,1474,113,5.8640336656,672.455613212843,4.6454770797568e-07,0,0.556,0.498,0.399141520985425,0.462899690079377,0,0,0,0,TRUE,2.32765568261949,0.0054529451512889,0.937186896906554,17.9699999999999,8.98000000000002,1.82000000000005,0.75,TRUE,TRUE,1.27901738616612e-06,0.999326919161895,2.32765568261949,4.52654905966975e-13,0
205,1475,100,0.7215190343,390.307874873513,1.19453714375046e-07,0,0.352,0.316,0.999555191712705,0.581020596860996,0,0,0,0,TRUE,2.94940056824703,0.00593534270853213,0.95954254448872,17.23,8.19000000000005,1.75,0.829999999999927,TRUE,TRUE,3.88108299031521e-08,0.999960693931973,2.94940056824703,1.22564343704819e-07,0.0098
205,1476,121,0.0693195625,587.345303412162,1.11245627376191e-07,0,0.988,0.586,0.569043198125717,0.742324246771917,0,0,0,0,TRUE,2.47977454017611,0.000953674990804342,0.964246443429191,17.61,9.99000000000001,1.75999999999999,0.769999999999982,FALSE,TRUE,1.08071153795113e-09,0.999994413793838,2.47977454017611,0.381852562001008,0.26215
205,1477,93,-5.6667982189,2808.76008961604,2.4923540890733e-09,0,0.512,0.512,0.637547724169241,0.229651974779705,0,0,0,0,TRUE,2.46010407474874,0.0069763080503057,0.955027728801545,18.15,9.82000000000005,1.73000000000002,0.559999999999945,TRUE,TRUE,9.06716123504575e-06,0.996621241487257,2.46010407474874,0.00247438641850146,1e-04
205,1478,101,-0.5920027666,633.098094449907,5.96579651518892e-09,0,0.056,0.268,0.276257430613258,0.323058622319432,0,0,0,0,TRUE,3.12985759213597,0.000726476848889738,0.965017372832703,17.6900000000001,7.79999999999995,1.62,0.769999999999982,FALSE,TRUE,2.26623148181749e-09,0.999987076456388,3.12985759213597,0.942447019093712,0.2934
205,1479,95,-2.8280447151,2389.19366114242,1.12770211128763e-09,0,0.616,0.868,0.0814247354153157,0.191168277305122,0,0,0,0,TRUE,3.03650899464522,0.00340656141905431,0.969855116887212,18.73,8.27999999999997,1.54999999999995,1.12,TRUE,TRUE,4.5661946374036e-08,0.999990112752864,3.03650899464522,0.254122149877529,0.2392
205,1480,102,2.7447644503,31922.7746924453,1.19364275311425e-10,0,0.236,0.162,0.373844378265003,0.3711473045898,0,0,0,0,TRUE,2.14458691017834,0.00514115277785681,0.908625751689559,17.39,10.5,1.89999999999998,0.75,TRUE,TRUE,3.00710656582301e-07,0.99565213061874,2.14458691017834,0.0381868489424342,0.0803
205,1481,97,-0.2498151267,887.640837121651,3.90344705715002e-11,0,0.028,0.386,1,0.26508799909426,0,0,0,0,TRUE,2.64521797453809,0.00494407197614312,0.951474607728524,24.5700000000001,10.3599999999999,2.36000000000001,0.650000000000091,TRUE,TRUE,1.07533507318024e-06,0.999073055225243,2.64521797453809,0.149897225290042,0.2045
205,1482,122,-4.1772949606,731.027504188867,1.713727868136e-06,0,0.046,0.222,1,0.314431459020576,0,0,0,0,TRUE,1.60674717429725,0.015156672635903,0.967657197261059,23.45,13.25,2.83999999999992,0.82000000000005,TRUE,TRUE,0.000332174853995393,0.999641692773143,1.60674717429725,0.348538440477943,0.53005
205,1483,106,-7.1954730693,685.612537534651,1.12503151699564e-05,0,0.854,0.622,1,0.471501801061778,0,0,0,0,TRUE,2.46306345012052,0.00655753931038627,0.967352266190892,17.84,9.27999999999997,1.79999999999995,0.75,TRUE,TRUE,1.3438186418129e-06,0.999963253876836,2.46306345012052,0.690013121142706,0.26225
205,1484,86,4.5317750756,26017.6215914961,7.54461855636284e-11,0,0.034,0.048,0.469575724122048,0.118005054560678,0,0,0,0,TRUE,3.81761469610675,0.0028950127293538,0.98471889157058,18.14,9.13999999999999,1.62,0.660000000000082,FALSE,TRUE,8.39768108023806e-10,0.999999285790274,3.81761469610675,0.854080054430494,0.7924
205,1485,115,-4.0416402928,747.161789671739,8.53668326865311e-08,0,0.802,0.894,1,0.418411328231266,0,0,0,0,TRUE,2.22628961387363,0.00367085550117205,0.960245848817842,17.95,9.98000000000002,2.17999999999995,0.759999999999991,TRUE,TRUE,2.74470259240134e-07,0.999953794642513,2.22628961387363,0.0156674854510257,0.18345
205,1486,113,-7.5883357794,2508.84125214278,7.35874090909217e-11,0,0.166,0.114,0.809314724769945,0.133280163126375,0,0,0,0,TRUE,2.1232687217508,0.00753599398730218,0.984370601451238,17.6700000000001,11.6899999999999,1.63999999999999,0.519999999999982,TRUE,TRUE,3.61282267282803e-05,0.999927355325449,2.1232687217508,0.866532341968642,0.35485
205,1487,84,0.2508411146,771.160863028631,5.81354592687273e-06,0,0.728,0.5,1,0.703665060624478,0,0,0,0,TRUE,3.19610051862894,0.00497203922721862,0.982466997197229,17.95,8.63999999999999,1.68999999999994,0.75,TRUE,TRUE,1.37312596565976e-07,0.999995982751619,3.19610051862894,0.519829586483351,0.0042
205,1488,90,2.4072988954,2142.40699512827,6.03487183117777e-10,0,0.208,0.198,0.743339790754303,0.446015744102962,0,0,0,0,TRUE,2.68072153403212,0.0057896832602877,0.9263742666857,17.6900000000001,9.60000000000002,1.75,0.649999999999977,TRUE,TRUE,1.82073850092417e-06,0.996143963526806,2.68072153403212,0.639705397364627,0.46895
205,1489,107,-0.5882419299,5204.47356716218,3.31707010278533e-09,0,0.072,0.196,0.598888290737374,0.147478280237053,0,0,0,0,TRUE,2.73433906127427,0.00804165033591114,0.96279156837811,17.11,9.5,1.99000000000001,0.819999999999936,TRUE,TRUE,1.94318536228119e-07,0.999669916978364,2.73433906127427,0.108078901051569,0.03155
205,1490,98,2.9063423805,612.925737068853,1.0947407337008e-07,0,0.782,0.58,0.856517988043567,0.680717225933276,0,0,0,0,TRUE,2.65974769486834,0.0034119358260667,0.955411549727534,17.37,8.44000000000005,1.79999999999995,0.840000000000032,TRUE,TRUE,2.7760529519027e-07,0.99995998250781,2.65974769486834,0.973599432817235,0.67735
205,1491,103,-3.7409282214,2273.41844386188,2.63653651072438e-10,0,0.176,0.326,1,0.609100861825118,0,0,0,0,TRUE,2.82119922591955,0.00493355644837498,0.968745340832066,18.14,9.07000000000005,1.63999999999999,0.75,TRUE,TRUE,6.19513671684421e-08,0.999951455230599,2.82119922591955,0.960549889928379,0.4592
205,1492,111,-1.2019328444,386.936867135145,4.7317177269561e-06,0,0.232,0.046,0.774631860848726,0.285614137880563,0,0,0,0,TRUE,2.70402763390076,0.00288455685535281,0.965442504196267,17.6799999999999,9.18000000000006,1.65999999999997,0.669999999999959,TRUE,TRUE,1.06580486412343e-07,0.999997327870122,2.70402763390076,0.135267089758625,0.0126
205,1493,130,-7.5119480413,433.926592598324,1.05359292640317e-08,0,0.194,0.212,0.216734526521517,0.180948540215383,0,0,0,0,TRUE,1.66352648823307,0.00331839615411137,0.947441453458553,17.7299999999999,11.1400000000001,2,0.879999999999995,TRUE,TRUE,3.64862572727131e-06,0.999066184671398,1.66352648823307,0.0164578859443662,0.0019
205,1494,106,2.7714282144,364.698613306433,8.3875571477701e-05,0,0.786,0.968,0.880615246372888,0.347821572265892,0,0,0,0,TRUE,2.66740398791825,0.00285035565577629,0.966633592275581,18.1700000000001,9.76999999999998,1.43999999999994,0.530000000000086,TRUE,TRUE,2.66026384681254e-07,0.999981475215059,2.66740398791825,0.453075627586167,0.35065
205,1495,109,1.5313347358,278.110294573071,1.76801829162801e-05,0,0.574,0.348,1,0.449220713766694,0,0,0,0,TRUE,2.01584069226817,0.00425940763946374,0.971288275587661,17.27,9.75,2.56000000000006,0.839999999999918,TRUE,TRUE,4.89001253250634e-06,0.999464538272421,2.01584069226817,0.000708915150805499,2e-04
205,1496,94,0.5863462654,174.534044411076,0.000346781502953063,0,0.908,0.758,0.793164978235496,0.370932770169099,0,0,0,0,TRUE,4.39550424653236,0.000904032607258273,0.965430753866796,18.64,7.70000000000005,1.63999999999999,0.659999999999968,FALSE,TRUE,7.76362611791489e-12,0.999983106958734,4.39550424653236,2.78990552667577e-16,5e-05
205,1497,110,4.4114226708,1195.89433130617,8.46749941877474e-08,0,0.708,0.466,0.798626250906827,0.506720172522768,0,0,0,0,TRUE,3.01046515751246,0.00528780912228695,0.951369752252666,17.95,9.79999999999995,2.18000000000006,0.67999999999995,TRUE,TRUE,2.98327785442389e-08,0.999702173523452,3.01046515751246,0.335480926840884,0.1285
205,1498,95,2.5016942356,671.806412445025,1.01826223442608e-07,0,0.51,0.642,1,0.351393174722023,0,0,0,0,TRUE,3.74534622116865,0.00209067964747226,0.948700438301866,17.72,8.18999999999994,1.63,0.639999999999986,FALSE,TRUE,5.6172646420609e-09,0.999988903435479,3.74534622116865,0.771761163923551,0.5115
205,1499,107,7.4476991825,29330.0125681752,1.51329496025537e-08,0,0.536,0.408,1,0.365347902952584,0,0,0,0,TRUE,2.20002707183577,0.005420543236578,0.957590344333422,17.0500000000001,9.89999999999998,2.18999999999994,0.710000000000036,TRUE,TRUE,2.67931568255129e-06,0.998780884727113,2.20002707183577,0.716351627244095,0.97585
205,1500,100,-11.3630839666,532.135767102335,8.79347296235859e-07,0,0.05,0.062,1,0.868289335107576,0,0,0,0,TRUE,3.22858805587886,0.00445950753299506,0.96287771275825,17.23,8.90999999999997,1.86000000000001,0.710000000000036,TRUE,TRUE,9.12630047615722e-08,0.999957172540322,3.22858805587886,0.00972715300130906,0.003
205,1501,82,-0.2774832252,408.171367357388,5.59933029096164e-07,0,0.296,0.788,1,0.906103666394107,0,0,0,0,TRUE,6.12040761483634,0.00199639342133358,0.954391197085364,18.22,8.27999999999997,1.60000000000002,0.75,FALSE,TRUE,1.22482044137827e-13,0.999999865786896,6.12040761483634,0.781141657987475,0.5476
205,1502,106,3.9812708172,2079.16650131481,5.98489301910715e-10,0,0.008,0.11,1,0.674647114723302,0,0,0,0,TRUE,2.23735758516713,0.0113777092160599,0.922025337309847,17.7,10.8,1.84000000000003,0.529999999999973,TRUE,TRUE,3.45588571651094e-05,0.996948095265434,2.23735758516713,0.714845413326503,0.2506
205,1503,115,0.6061313288,419.274943887943,2.44505319004896e-07,0,0.226,0.382,0.732546987656075,0.468819617038383,0,0,0,0,TRUE,3.09874453144818,0.00210657119381402,0.940092405331763,17.78,9.79999999999995,1.73000000000002,0.860000000000014,TRUE,TRUE,8.57747000166986e-08,0.99963209831735,3.09874453144818,7.45895166948415e-11,0.0016
205,1504,109,10.0124466563,715.785419642833,2.88372274210873e-08,0,0.026,0.272,1,0.439279930388,0,0,0,0,TRUE,2.18477024887196,0.00677803995598595,0.948343371639256,17.67,9.38,1.86000000000001,0.580000000000041,TRUE,TRUE,9.90152074932749e-07,0.999956758549005,2.18477024887196,0.227340319379572,0.07235
205,1505,94,8.3438018194,1932.44669383759,7.75924805659348e-11,0,0.004,0.002,0.700002441107954,0.631505155655069,0,0,0,0,TRUE,2.7189012019958,0.00330201224030939,0.959100301432542,17.75,10.01,1.77999999999997,0.670000000000073,TRUE,TRUE,7.54143223300449e-07,0.999827119116354,2.7189012019958,0.0906831400331267,0.08455
205,1506,100,3.5550665751,1451.21926714883,1.08668568711901e-10,0,0.086,0.084,0.674984623521749,0.206487578422543,0,0,0,0,TRUE,3.45414246169498,0.00323314748107733,0.965994355942426,18.03,8.52999999999997,1.79999999999995,0.620000000000005,FALSE,TRUE,1.05336090550833e-11,0.999987691515553,3.45414246169498,0.102135822136445,0.0108
205,1507,101,3.5719315091,431.848801465616,3.46797454087828e-06,0,0.884,0.914,1,0.622037745909146,0,0,0,0,TRUE,2.50075007305779,0.00444506058577041,0.946841172190906,17.51,9.20000000000005,1.68999999999994,0.810000000000059,TRUE,TRUE,3.48892887964632e-06,0.999582370640896,2.50075007305779,0.830574474094995,0.8698
205,1508,105,8.4099809846,1078.90102295039,6.98643092118968e-07,0,0.906,0.614,0.8406734599437,0.322602941941765,0,0,0,0,TRUE,2.1823041087229,0.00603369481963304,0.970747457569168,18.02,11.23,1.96999999999991,0.440000000000055,TRUE,TRUE,5.65601261430167e-05,0.99954023715553,2.1823041087229,0.210836689711131,0.4056
205,1509,92,0.8724466135,284.917238774309,3.70506881397035e-07,0,0.384,0.83,0.837917104130967,0.305505591094335,0,0,0,0,TRUE,6.69236686899235,0.000278281448352097,0.962275809289836,17.8199999999999,8.03999999999996,1.66000000000008,0.639999999999986,FALSE,TRUE,2.22044604925031e-16,0.999999996029664,6.69236686899235,0.0353803438465124,0.00555
205,1510,97,-1.8440308833,1038.06943235347,1.47108761764695e-08,0,0.186,0.552,0.91420942644043,0.205511116453335,0,0,0,0,TRUE,3.5953296138944,0.00283446435506689,0.962784443226707,17.99,8.82999999999993,1.75,0.620000000000005,TRUE,TRUE,1.00509468998045e-08,0.999986421106249,3.5953296138944,0.592174196245608,0.0526
205,1511,103,-3.465082425,1606.43647666855,1.42287725581311e-08,0,0.652,0.6,0.65792819375603,0.602787501321501,0,0,0,0,TRUE,2.38289271534237,0.0113615170098682,0.939189236543152,17.99,10.5,1.91999999999996,0.629999999999995,TRUE,TRUE,6.66727190711898e-05,0.998240772206429,2.38289271534237,0.925389144375977,0.23915
205,1512,92,-2.9294126864,746.518245666484,4.62943695666916e-08,0,0.634,0.288,1,0.58799073746606,0,0,0,0,TRUE,3.50273989689349,0.00256931016968797,0.920439743182617,17.86,9.2299999999999,1.35000000000002,0.5,FALSE,TRUE,3.42290985804041e-09,0.998730867843713,3.50273989689349,0.847576288270997,0.95375
205,1513,115,0.7147768233,824.606716616104,1.45146998094137e-07,0,0.572,0.144,0.384679995403107,0.0843191186825226,0,0,0,0,TRUE,1.86633186475418,0.00854030340206037,0.960146349311698,18.2199999999999,10.12,1.69000000000005,0.75,TRUE,TRUE,2.3329897980474e-05,0.999782068309419,1.86633186475418,0.70630391838602,0.9263
205,1514,108,3.3234098537,4063.60608410182,1.61596070115022e-10,0,0.252,0.598,0.607125990226506,0.910973265144165,0,0,0,0,TRUE,2.56991592989435,0.00472865268176215,0.96135022612453,17.3,10.5600000000001,1.39999999999998,0.459999999999923,TRUE,TRUE,1.71325402657176e-07,0.999957393175649,2.56991592989435,0.980251445920306,0.8322
205,1515,88,5.5263318626,564.283713362019,7.16217115351185e-08,0,0.412,0.15,0.437997728650185,0.288399602429214,0,0,0,0,TRUE,3.66734885485813,0.00244620724493119,0.93548320615115,18.03,7.59000000000003,1.61000000000001,0.769999999999982,TRUE,TRUE,2.37725169325483e-08,0.999622268690234,3.66734885485813,0.00486935306192737,3e-04
205,1516,100,-7.7661599349,419.102222126841,6.08508486709911e-07,0,0.13,0.286,0.528586238787464,0.143108712483451,0,0,0,0,TRUE,2.39637324303574,0.00420299362452922,0.958361729124603,17.6900000000001,9.71000000000004,2.17999999999995,0.669999999999959,TRUE,TRUE,3.02275159574498e-06,0.999481638838866,2.39637324303574,0.059424270469661,0.00255
205,1517,108,0.3267823349,1341.57868900736,2.00499440947212e-10,0,0.072,0.064,0.548680692406583,0.082161192495007,0,0,0,0,TRUE,2.21998625613483,0.0100019265310852,0.935589631917687,17.9399999999999,10.4,1.92000000000007,0.769999999999982,TRUE,TRUE,2.83239065621803e-05,0.997101196596452,2.21998625613483,0.617393385711985,0.67545
205,1518,91,2.206109637,1667.17681286774,1.70735637155816e-10,0,0.042,0.01,0.530217742381679,0.279138843249148,0,0,0,0,TRUE,2.76567108142123,0.00689135770654161,0.951327585637594,17.29,8.92999999999995,1.38999999999999,0.440000000000055,TRUE,TRUE,1.11423782565536e-05,0.998239150421491,2.76567108142123,0.139416532473433,0.7146
205,1519,89,-1.9430092061,17380.8293846748,1.2511186765867e-12,0,0.154,0.09,1,0.673780328196312,0,0,0,0,TRUE,4.36868546009576,0.00472933156046324,0.983915817150671,22.86,9.86000000000001,2.13,1.21000000000004,FALSE,TRUE,1.75129773774243e-13,0.999999947402502,4.36868546009576,0.0053332889754898,0.04085
205,1520,87,-0.5153500481,1198.21976488178,7.87095202813106e-09,0,0.042,0.02,0.559663835478752,0.0794783669972939,0,0,0,0,TRUE,3.13508320153178,0.00664504553385055,0.959076994209354,16.86,6.63999999999999,1.21000000000004,0.399999999999977,TRUE,TRUE,6.45012538685725e-07,0.999002073687516,3.13508320153178,0.950376604945283,0.61535
205,1521,100,-3.7941733298,482.650644799019,2.52137291029132e-09,0,0.048,0.094,1,0.54048502332464,0,0,0,0,TRUE,4.91911446206617,0.00275453087113457,0.977497937710114,22.12,10.25,1.97000000000003,0.990000000000009,FALSE,TRUE,3.09213450005982e-12,0.99999994208106,4.91911446206617,0.00513254377681088,0.03315
205,1522,94,-1.3785968511,344.427227566305,1.42854479759145e-07,0,0.568,0.124,1,0.523183883046803,0,0,0,0,TRUE,3.05982923260404,0.00231539121202898,0.930481279873935,16.27,6.31000000000006,1.27999999999997,0.5,TRUE,TRUE,1.47456429880618e-07,0.999887711357058,3.05982923260404,0.876654676221077,0.26425
205,1523,99,0.9307898415,1113.85568649643,3.25365402664309e-07,0,0.402,0.154,1,0.52615919286929,0,0,0,0,TRUE,5.85784485718323,0.00184432857673163,0.971138969769831,22.9399999999999,9.68000000000006,2.11000000000001,0.909999999999968,FALSE,TRUE,2.22044604925031e-16,0.999999954929717,5.85784485718323,0.996825736188818,0.52425
205,1524,91,3.3139208126,312.022126071842,1.72928120951295e-05,0,0.668,0.528,0.334283176741358,0.215555781816097,0,0,0,0,TRUE,10.9777392966434,0.00148296386767725,0.966461555354835,15.8200000000001,5.20999999999992,1.09000000000003,0.490000000000009,FALSE,TRUE,2.22044604925031e-16,1,10.9777392966434,1.61437086938564e-256,0
205,1525,96,-0.5575488503,381.611596465933,1.69762721480013e-06,0,0.356,0.328,0.585199972336022,0.653943023642996,0,0,0,0,TRUE,3.13943239525338,0.00896075827330974,0.955261880482527,23.08,11.2199999999999,2.08000000000004,1.20000000000005,TRUE,TRUE,1.40095251666242e-07,0.99998956169001,3.13943239525338,0.0117921049971075,0.41675
205,1526,102,-0.5880149748,31637.6402508689,3.44123992272047e-11,0,0.16,0.082,0.80073275613134,0.477055941515121,0,0,0,0,TRUE,1.98358824409206,0.00986568185272777,0.9368065573363,14.86,9.25999999999999,1.53000000000009,0.439999999999941,TRUE,TRUE,5.77420256010996e-05,0.995721581024373,1.98358824409206,0.0440098658308581,0.0021
205,1527,95,1.05222669,857.764044407706,5.08608536960554e-08,0,0.188,0.054,1,0.195307313604439,0,0,0,0,TRUE,2.7905901123953,0.00358710066708553,0.955882928604155,22.33,10.49,2.00999999999999,0.940000000000055,TRUE,TRUE,9.63927466042389e-08,0.999870157696658,2.7905901123953,0.442854442115788,0.11465
205,1528,107,-5.3627919322,1828.32666164588,1.49161739883281e-10,0,0.796,0.362,1,0.0454832606438316,0,0,0,0,TRUE,2.75247428459277,0.0048510856514114,0.976996480395436,15.4300000000001,6.42999999999995,1.13999999999999,0.539999999999964,TRUE,TRUE,5.5754217779223e-07,0.999997342573179,2.75247428459277,0.668947300270349,0.9167
205,1529,95,-0.2157442239,465.020508415592,7.14728739405525e-06,0,0.406,0.768,0.360456092672253,0.203568734830503,0,0,0,0,TRUE,3.00326203863492,0.00209609309864113,0.953598669182911,16.88,8.37,1.58000000000004,0.669999999999959,TRUE,TRUE,2.1466999495455e-07,0.999136401281066,3.00326203863492,0.539143702119933,0.9512
205,1530,93,-0.0268462328,942.402873456917,1.84896691617606e-10,0,0.264,0.666,1,0.0966191221885149,0,0,0,0,TRUE,4.07330708920566,0.00676484121816901,0.977844853882726,17.62,8.47000000000003,1.86000000000001,0.730000000000018,FALSE,TRUE,4.04577255495442e-09,0.999995847830991,4.07330708920566,1.00120291018522e-05,5e-05
205,1531,85,2.5787746838,1080.38914129368,1.60355499918249e-09,0,0.982,0.824,0.694573630301428,0.205091970986534,0,0,0,0,TRUE,3.38560664368509,0.00393282739768583,0.94967571628929,17.96,7.63,1.55999999999995,0.879999999999995,FALSE,TRUE,2.80738446826331e-09,0.999996841331222,3.38560664368509,0.793913880789049,0.14225
205,1532,81,-4.4581470531,1953.49020073246,5.93275659011329e-10,0,0.422,0.41,0.675739397900951,0.474112360985597,0,0,0,0,TRUE,3.73681908258705,0.00297518926207067,0.952759811799421,17.8100000000001,8.55999999999995,1.54999999999995,0.690000000000055,FALSE,TRUE,3.76691074617088e-09,0.999986587193735,3.73681908258705,0.806851272257883,0.2921
205,1533,101,-2.2859382377,522.170859641582,1.22026832099382e-07,0,0.196,0.216,1,0.64660748844964,0,0,0,0,TRUE,2.52033069611501,0.00781869334910134,0.955887817859192,23.36,12.23,2.34999999999991,0.980000000000018,TRUE,TRUE,3.21673362646536e-06,0.999904718519759,2.52033069611501,0.056470518661795,0.12445
205,1534,94,-2.260596819,1690.79853651025,6.61919943143523e-10,0,0.614,0.138,0.240727866415929,0.631041044292977,0,0,0,0,TRUE,2.94355311731181,0.00382032754946617,0.939655062611662,23,10.91,2.23000000000002,0.730000000000018,TRUE,TRUE,2.70325641234016e-08,0.998156678291377,2.94355311731181,0.845595266195246,0.96485
205,1535,92,3.0113803043,3888.34778766905,1.46802376171598e-11,0,0.036,0.3,0.780559196874127,0.0471782022059748,0,0,0,0,TRUE,2.74583934368001,0.00291078929761349,0.9554366126197,16.5599999999999,8.44000000000005,1.98000000000002,0.889999999999986,TRUE,TRUE,1.53274167462184e-08,0.999937240150627,2.74583934368001,0.0210286098188171,5e-04
205,1536,125,-3.1315083291,263.438214443893,2.49040947695342e-06,0,0.714,0.41,1,0.439695719647574,0,0,0,0,TRUE,2.13230372370034,0.00459497333016901,0.976781626440106,18.1,10.47,1.9899999999999,0.830000000000041,TRUE,TRUE,3.05450126669648e-06,0.999960660696993,2.13230372370034,0.0651089117105556,0.01425
205,1537,97,-4.0699954272,751.501117497877,6.77419598193683e-08,0,0.812,0.758,0.849056931708227,0.680629916488341,0,0,0,0,TRUE,3.97831486536813,0.00195790068273505,0.945233671949985,18.25,8.88999999999999,2.08000000000004,0.779999999999973,FALSE,TRUE,5.82783682528736e-10,0.99999824863248,3.97831486536813,1.22311218153591e-05,0.07845
205,1538,90,2.3818751527,299.681350559034,2.45201050369436e-06,0,0.678,0.784,0.32346806429958,0.273216765580895,0,0,0,0,TRUE,4.79378237157396,0.00266649909599987,0.948683136004108,17.77,7.89999999999998,1.58000000000004,0.950000000000045,FALSE,TRUE,1.37471757867091e-11,0.999999994921031,4.79378237157396,0.101605687988474,0.00715
205,1539,108,-1.1843915013,254.439286574373,4.84898238197398e-05,0,0.668,0.75,1,0.598316797174937,0,0,0,0,TRUE,2.07678218176775,0.00347086157549349,0.983264952401599,17.91,8.91999999999996,2.01999999999998,0.690000000000055,TRUE,TRUE,3.48869145481877e-06,0.999973995223361,2.07678218176775,0.591861594140474,0.68585
205,1540,103,2.5941609761,505.643696633381,5.57192521689264e-06,0,0.62,0.742,0.54951319125994,0.770468910263429,0,0,0,0,TRUE,2.87494955973205,0.00133356767235007,0.944618180876412,17.63,8.97000000000003,1.75,0.689999999999941,TRUE,TRUE,2.77041827806121e-07,0.999709722665738,2.87494955973205,4.217410146101e-09,0.0016
205,1541,106,-3.3660386905,920.692669801236,8.00172549069608e-11,0,0.546,0.25,1,0.75169606181637,0,0,0,0,TRUE,2.68401572486954,0.00374549223245684,0.950014693217917,23.6899999999999,11.8100000000001,2.50999999999999,0.860000000000014,TRUE,TRUE,4.62896009546423e-08,0.999723384901055,2.68401572486954,0.911601603422613,0.473
205,1542,111,-1.7970158396,36717.2054730261,3.31707941227672e-09,0,0.064,0.102,0.454401525229426,0.0947846649619943,0,0,0,0,TRUE,2.04056548286811,0.011549969536675,0.946305453954105,22.7,14.42,2.72000000000003,0.809999999999945,TRUE,TRUE,1.21596581263905e-05,0.998991675953947,2.04056548286811,0.431855665985295,0.04605
205,1543,95,-4.7040279388,1161.04190100248,2.42058932139078e-10,0,0.118,0.098,0.321477135088428,0.691833774200348,0,0,0,0,TRUE,4.03361553782572,0.00233416463450318,0.962282650657668,18.59,8.25,1.26999999999998,0.809999999999945,FALSE,TRUE,7.3978278483601e-12,0.999995955381875,4.03361553782572,0.0138163043952222,0.00035
205,1544,96,1.6097687717,1351.06425515838,1.20873373202288e-08,0,0.06,0.028,0.911531122007806,0.739946935238574,0,0,0,0,TRUE,3.45526193799668,0.00270359409406963,0.954633496705471,17.62,8.58000000000004,1.83000000000004,0.809999999999945,TRUE,TRUE,1.2494624418902e-08,0.999888876824175,3.45526193799668,4.20783738571781e-10,1e-04
205,1545,96,3.6412219074,432.628677621505,1.23718390918325e-05,0,0.542,0.742,0.404196202294816,0.794125585376302,0,0,0,0,TRUE,3.27956163819038,0.00655314632250097,0.962890292385332,16.97,9.43000000000006,1.6099999999999,0.830000000000041,TRUE,TRUE,1.53785960023431e-06,0.999794903363982,3.27956163819038,0.981301082866389,0.61085
205,1546,100,-7.3851003042,8615.3963099355,2.77791752737270e-09,0,0.688,0.64,0.235118258566723,0.24678714654816,0,0,0,0,TRUE,3.99919854962434,0.00684270041834946,0.964390141352519,17.9299999999999,8.86000000000001,1.84000000000003,0.720000000000027,FALSE,TRUE,4.49108611942534e-09,0.999985791244317,3.99919854962434,0.535233411745175,0.7698
205,1547,103,-0.7730702612,1164.59928423753,4.87084268384739e-07,0,0.682,0.89,0.0963793774714774,0.698547872431167,0,0,0,0,TRUE,2.31321964635817,0.00848709570378398,0.946177340103779,17.6899999999999,9.37,2.08000000000004,0.639999999999986,TRUE,TRUE,2.31145100684833e-06,0.999508422035997,2.31321964635817,0.553957219057763,0.7428
205,1548,108,3.7989631335,1412.75817033809,6.17520122144959e-10,0,0.528,0.102,0.083741724514161,0.0789782266372143,0,0,0,0,TRUE,2.62747394610599,0.00511720491639506,0.958826751182154,17.03,8.92000000000007,1.75999999999999,0.740000000000009,TRUE,TRUE,5.87372891735433e-07,0.999877984278317,2.62747394610599,0.285575107380577,0.0371
205,1549,101,-3.0353619416,1016.08369221288,1.29023900537717e-09,0,0.45,0.094,0.958000072189641,0.068257203219673,0,0,0,0,TRUE,2.67314191699409,0.00391653915627381,0.956607715056232,16.51,9.63,2.21000000000004,0.819999999999936,TRUE,TRUE,1.60826789255775e-06,0.999457187770711,2.67314191699409,0.787976171567458,0.92015
205,1550,104,-6.113652679,1217.81611512907,8.60645564386406e-10,0,0.186,0.136,0.738962616395398,0.0936350496919468,0,0,0,0,TRUE,2.87414811457785,0.00623962543353641,0.955811522245852,17.6700000000001,9.46999999999991,2.01999999999998,0.590000000000032,TRUE,TRUE,4.62139497615302e-07,0.999951078456797,2.87414811457785,1.57889960239982e-05,0.0162
205,1551,110,0.8175552367,961.344718937922,3.89044072907292e-07,0,0.426,0.65,1,0.773615197643906,0,0,0,0,TRUE,2.41030982132584,0.0119901310174134,0.925293611420245,18.34,9.95999999999992,2.45000000000005,0.639999999999986,TRUE,TRUE,1.08755511149963e-05,0.998719038637363,2.41030982132584,0.226623826333523,0.0135
205,1552,105,4.8306456522,34428.9394356605,3.43019272183843e-09,0,0.806,0.4,1,0.140437410645229,0,0,0,0,TRUE,2.72160467558071,0.00996290104070203,0.957214404086589,17.59,11.6799999999999,1.82000000000005,0.740000000000009,TRUE,TRUE,2.61435955820199e-06,0.999749410519362,2.72160467558071,0.112513198805324,0.45315
205,1553,112,-0.258657142,290.42962244113,2.5800592561074e-06,0,0.288,0.398,1,0.930982574881434,0,0,0,0,TRUE,2.414228253874,0.00202104466348498,0.950848026081198,17.7199999999999,8.90000000000009,2.28999999999996,0.639999999999986,TRUE,TRUE,5.34494926038057e-07,0.999889673567195,2.414228253874,0.628252308162693,0.3758
205,1554,90,-2.3373619214,728.536287166842,2.1365742832088e-06,0,0.592,0.642,0.501132982870758,0.843465925245335,0,0,0,0,TRUE,4.42716672058817,0.00152711043089726,0.96371414549736,18.1700000000001,8.91999999999996,1.73000000000002,0.629999999999995,FALSE,TRUE,1.20758912971164e-13,0.999998411043248,4.42716672058817,0.0372169750591433,0.01655
205,1555,106,9.6805973364,832.515800605496,4.2522544007688e-08,0,0.656,0.526,1,0.827498312279838,0,0,0,0,TRUE,2.98892350353264,0.00514769527027254,0.945568750461781,23.59,13.15,1.81999999999994,0.990000000000009,TRUE,TRUE,2.64871299911668e-07,0.99974586468407,2.98892350353264,0.00137091829801882,2e-04
205,1556,105,-1.4873193793,931.559021462852,3.86140087319928e-08,0,0.064,0.032,0.111545525449998,0.190321916189842,0,0,0,0,TRUE,2.28400785747062,0.00533428169340914,0.958685053855212,23.8099999999999,14.61,2.56000000000006,0.75,TRUE,TRUE,1.07999117475921e-05,0.999207456188955,2.28400785747062,0.541806785410023,0.1822
205,1557,98,9.7967812566,292.317905960433,9.27304351180663e-07,0,0.108,0.02,1,0.138595795376131,0,0,0,0,TRUE,7.32607676041671,0.00126687269951357,0.949579554575823,24.04,10.09,2.27999999999997,1.02999999999997,FALSE,TRUE,2.22044604925031e-16,0.999999999857195,7.32607676041671,6.79702193035769e-19,5e-05
205,1558,90,-0.0603376014,504.230544743359,2.19614167728134e-08,0,0.072,0.104,0.882829643130078,0.225616668862903,0,0,0,0,TRUE,5.58994332944572,0.00164619438017492,0.947785390038026,22.92,10.22,2.08999999999992,0.990000000000009,FALSE,TRUE,2.22044604925031e-16,0.999999724503505,5.58994332944572,0,0
205,1559,105,1.1378546597,2123.00344166249,2.95860450987187e-07,0,0.3,0.964,0.555483079474376,0.203070421091974,0,0,0,0,TRUE,2.93657555170746,0.00154384762159099,0.971326161713141,17.1799999999999,8.97000000000003,2.37,0.779999999999973,TRUE,TRUE,1.3008174758215e-08,0.999965144541122,2.93657555170746,0.285619986666881,0.0782
205,1560,99,-0.3870363798,3049.7645263262,4.85593716843499e-09,0,0.394,0.884,0.225055694182646,0.633217438236461,0,0,0,0,TRUE,2.59305579151479,0.00635771438722974,0.975773568743817,17.4399999999999,9.72000000000003,2.29999999999995,0.620000000000005,TRUE,TRUE,1.34175399346853e-06,0.99995377595278,2.59305579151479,1.59235173891162e-09,6e-04
205,1561,103,-1.2419755633,564.431017192406,1.83410429061472e-07,0,0.606,0.166,0.793989160453425,0.250463514846307,0,0,0,0,TRUE,2.6665459983791,0.00575158433774063,0.981229058014428,17.91,8.83000000000004,1.92999999999995,0.82000000000005,TRUE,TRUE,4.69220371071366e-07,0.999979583938738,2.6665459983791,0.0920092934809075,0.008
205,1562,108,-6.0029852293,156.762947328539,4.43327404940014e-06,0,0.096,0.204,1,0.0625286033219283,0,0,0,0,TRUE,3.34721625586666,0.00283855456522306,0.98206131025269,17.8,8.38,2.18000000000006,0.849999999999909,FALSE,TRUE,8.28567257339674e-09,0.999999416053949,3.34721625586666,0.00113193641997555,0.0025
205,1563,99,-0.3736345253,1703.88058997459,6.37868598182888e-10,0,0.56,0.216,1,0.1223053120962,0,0,0,0,TRUE,2.85249340991373,0.00643772871306647,0.959656135821106,17.55,9.59000000000003,1.79999999999995,0.740000000000009,TRUE,TRUE,1.33654709770904e-07,0.999811441569052,2.85249340991373,0.000475107740997064,5e-05
205,1564,99,-3.876849054,871.867810262941,1.39348996770811e-09,0,0.044,0.498,0.783934735131901,0.45658034060638,0,0,0,0,TRUE,2.1779156332902,0.00921205694215921,0.948961217657838,17.6800000000001,9.65999999999997,1.98000000000002,0.639999999999986,TRUE,TRUE,4.4608812629365e-05,0.998901434600378,2.1779156332902,0.000120352545799779,0.0054
205,1565,88,1.5715065834,904.252512185983,1.92524892147262e-08,0,0.176,0.606,0.526949128272305,0.233457417691284,0,0,0,0,TRUE,3.95973275991226,0.00376238732919327,0.952925989366957,18.1799999999999,9.02999999999997,1.70000000000005,0.720000000000027,FALSE,TRUE,7.01249339960144e-09,0.999956331797698,3.95973275991226,0.860014580580722,0.04565
205,1566,99,-3.8866200583,168.481968738325,4.3505103394389e-06,0,0.212,0.202,0.298482596317162,0.195072217767484,0,0,0,0,TRUE,3.06599504665811,0.000406231874891566,0.980098772568815,18.33,8.18999999999994,1.56000000000006,0.970000000000027,FALSE,TRUE,6.01656385774827e-12,0.999999759502747,3.06599504665811,0.537943112156426,0.2857
205,1567,95,-1.6784423684,189.336256844805,9.41726901109739e-05,0,0.674,0.682,1,0.157868438530456,0,0,0,0,TRUE,1873904103640184,0.00017599199349978,0.963400767751895,17.72,7.60000000000002,1.53999999999996,0.970000000000027,FALSE,TRUE,2.22044604925031e-16,1,1873904103640184,0,NA
205,1568,114,4.4754343198,2899.49553465921,9.33072700493442e-09,0,0.388,0.852,1,0.314860891576604,0,0,0,0,TRUE,1.71678527012764,0.0105690049960138,0.95073286379298,17.15,12.38,2.45000000000005,0.610000000000014,TRUE,TRUE,1.67660047789239e-05,0.998044286884788,1.71678527012764,0.33255590313145,0.1953
205,1569,106,-0.9907232393,1072.12226564098,6.98625468356663e-09,0,0.358,0.082,0.671979249349474,0.644784648389993,0,0,0,0,TRUE,2.34040775713905,0.0073358749380742,0.951407352933474,23.4200000000001,12.63,2.57999999999993,0.870000000000005,TRUE,TRUE,7.55209452519097e-06,0.999401254411355,2.34040775713905,0.811578876455412,0.89865
205,1570,96,-9.6243203323,900.70561192717,1.41461070058623e-07,0,0.802,0.726,0.652667853891969,0.64023371542742,0,0,0,0,TRUE,2.81368655457954,0.00451431678296134,0.966118704213308,22.9499999999999,12.61,1.86000000000001,0.740000000000009,TRUE,TRUE,1.01280544015109e-06,0.999854470363862,2.81368655457954,3.27385958719017e-05,1e-04
205,1571,93,-4.7226904449,495.54613276536,2.2738279592632e-08,0,0.21,0.26,0.951747309214938,0.412621158249612,0,0,0,0,TRUE,3.02562437766163,0.00280052696178668,0.935952095719309,18.64,8.47000000000003,1.78999999999996,0.75,TRUE,TRUE,2.65109527829243e-07,0.999642660030953,3.02562437766163,0.241725306661234,0.01485
205,1572,113,-3.1360042977,823.741187140385,1.09906709949128e-06,0,0.73,0.428,0.829604342249255,0.76947204822789,0,0,0,0,TRUE,2.12991497610283,0.00530776092368778,0.959446085172258,17.64,9.81999999999994,2.02999999999997,0.610000000000014,TRUE,TRUE,2.44300367037474e-05,0.999713249074701,2.12991497610283,0.537961684739812,0.1329
205,1573,108,5.0512884599,8853.60817350985,3.32278385092411e-10,0,0.978,0.87,1,0.234807132798722,0,0,0,0,TRUE,2.50792971673893,0.00602275977048729,0.959067676648768,17.8099999999999,10.35,1.84000000000003,0.659999999999968,TRUE,TRUE,5.55143022788065e-06,0.999406827700367,2.50792971673893,0.00679933682377429,0.0567
205,1574,105,-5.7844687072,916.502436701318,2.25329549581981e-09,0,0.552,0.234,0.516225335469025,0.271900298431228,0,0,0,0,TRUE,2.98122357334705,0.00368059528599815,0.937030190753731,17.53,9.93000000000006,1.93999999999994,0.610000000000014,TRUE,TRUE,1.75171449428264e-08,0.999795567029404,2.98122357334705,0.263952234364418,0.3598
205,1575,112,-5.1675805976,1377.44237003129,1.62930086665516e-07,0,0.696,0.398,0.775774917308628,0.236377806441307,0,0,0,0,TRUE,2.22246370759339,0.00275610744431729,0.946041704405798,18.02,10.22,2.09000000000003,0.75,TRUE,TRUE,1.30968366664501e-06,0.998872759053755,2.22246370759339,0.475956621465803,0.80125
205,1576,98,-2.4602113798,595.01653994495,1.97231354776223e-06,0,0.608,0.576,1,0.828837471023462,0,0,0,0,TRUE,4.96339667382618,0.00281437072197525,0.945592949725394,17.64,8.56999999999994,1.79000000000008,0.779999999999973,FALSE,TRUE,1.28232780933122e-12,0.999988579008411,4.96339667382618,3.13408056016693e-12,0.002
205,1577,92,2.7933904434,3332.69307124245,6.79397989075671e-09,0,0.92,0.532,1,0.976455979963044,0,0,0,0,TRUE,3.97660809933406,0.00639885776566831,0.971778180329559,17.14,8.89999999999998,1.46000000000004,0.759999999999991,FALSE,TRUE,6.93677310772441e-10,0.999635050441712,3.97660809933406,0.925977760268236,0.232
205,1578,107,-4.8331724687,740.466000849048,2.99426967506964e-08,0,0.162,0.092,1,0.783657041483337,0,0,0,0,TRUE,2.53519881767316,0.00455202907441163,0.937874420286603,17.61,10.16,1.70000000000005,0.759999999999991,TRUE,TRUE,2.62755718649184e-07,0.999601326287645,2.53519881767316,0.627834870348947,0.2197
205,1579,104,-7.8847774818,698.310397482144,6.82865079182735e-08,0,0.658,0.24,1,0.258396472473672,0,0,0,0,TRUE,2.36362990567634,0.00461999084574294,0.942048860510763,17.6799999999999,8.46000000000004,1.65999999999997,0.639999999999986,TRUE,TRUE,3.64871502918482e-06,0.999788326180424,2.36362990567634,0.000349745898811439,0.0011
205,1580,98,1.8554981524,2617.87467901527,6.84857250002683e-07,0,0.844,0.6,0.380980291742888,0.272541254613676,0,0,0,0,TRUE,2.75730330089628,0.00467882228214968,0.950679337137002,16.9200000000001,10.02,1.82999999999993,0.670000000000073,TRUE,TRUE,1.63570990317686e-06,0.999415447927759,2.75730330089628,0.389579211764837,0.02725
205,1581,89,3.0182628281,530.359988468096,1.37886913009315e-07,0,0.252,0.262,0.226333945170479,0.352879410752915,0,0,0,0,TRUE,3.25092998157179,0.00375323832442362,0.982160920835838,18.4399999999999,8.63999999999999,1.72000000000003,0.700000000000045,TRUE,TRUE,1.77944537679098e-07,0.999992278986101,3.25092998157179,0.430163237891419,0.8293
205,1582,106,-0.3225768193,1069.64687971505,1.05307474744002e-08,0,0.304,0.094,1,0.102943769605685,0,0,0,0,TRUE,2.57151861055413,0.00331082046578501,0.952729164231248,17.5500000000001,9.5,2.01999999999998,0.649999999999977,TRUE,TRUE,5.42795449807286e-08,0.999722205841625,2.57151861055413,0.0706415945770029,0.1058
205,1583,102,-1.1429395262,26622.9580278919,7.48441943020638e-07,0,0.488,0.238,0.0675759938351572,0.027640929479831,0,0,0,0,TRUE,2.36591207740741,0.00238653035261131,0.914944403084793,17.24,10.36,2,0.639999999999986,TRUE,TRUE,4.96183799791273e-07,0.988035693946403,2.36591207740741,0.000286903401033908,0.0104
205,1584,99,-0.0227337279,2609.21232204487,7.33124678031673e-08,0,0.572,0.2,1,0.887229124767969,0,0,0,0,TRUE,3.27869781401453,0.00697284618426397,0.936040873324722,17.62,9.76999999999998,1.82999999999993,0.540000000000077,TRUE,TRUE,2.57903354531678e-08,0.999800533944123,3.27869781401453,0.801182924240039,0.66705
205,1585,115,-4.092517601,3087.07202457793,1.70260605771394e-10,0,0.52,0.226,1,0.63499018649016,0,0,0,0,TRUE,2.6683962249175,0.00410716430347161,0.967730872481216,17.1,9.86000000000001,1.78999999999996,0.639999999999986,TRUE,TRUE,6.0451921110396e-08,0.999935988389608,2.6683962249175,0.795423484204548,0.64445
205,1586,103,-10.982435818,677.394687800962,6.1525183115792e-09,0,0.408,0.17,0.0749691076352585,0.0151386977949319,0,0,0,0,TRUE,4.36532581383056,0.00453793388324961,0.977862478494326,18.12,8.86000000000001,1.72000000000003,0.620000000000005,FALSE,TRUE,8.22798577875493e-10,0.9999999988327,4.36532581383056,0.995606729043079,0.604
205,1587,115,-3.8159561765,1996.17308907454,1.04077901731251e-08,0,0.102,0.206,0.472472201289226,0.0906211890789468,0,0,0,0,TRUE,2.75788845192651,0.0117256319942456,0.931198706344917,16.87,10.27,2.05999999999995,0.600000000000023,TRUE,TRUE,4.7448965942178e-07,0.999366563266244,2.75788845192651,2.50565467678958e-39,0
205,1588,93,-0.0124254065,326.710275307577,7.71388193315945e-07,0,0.636,0.57,0.821422707348453,0.322637368344491,0,0,0,0,TRUE,4.94827110557709,0.00255729938924338,0.944164409005145,18.13,7.52999999999997,1.58000000000004,0.730000000000018,FALSE,TRUE,1.1585735340198e-09,0.99999938926292,4.94827110557709,0.882618113139269,0.5592
205,1589,92,0.5737108337,243.587750638388,3.75844443213083e-05,0,0.274,0.044,0.681698531251215,0.813627949185307,0,0,0,0,TRUE,6.17804525508985,0.000674162775746871,0.954728566390201,18,8.39999999999998,1.80000000000007,0.809999999999945,FALSE,TRUE,2.22044604925031e-16,0.999999986332094,6.17804525508985,0.652509002155571,0.15345
205,1590,98,-3.993552729,476.498129201836,1.85883052232942e-06,0,0.552,0.868,1,0.949295222096014,0,0,0,0,TRUE,2.91747123207944,0.00326123545248111,0.932056431555642,18.4200000000001,9.34999999999991,1.61000000000001,0.560000000000059,TRUE,TRUE,7.11951178993854e-08,0.99973881067862,2.91747123207944,0.186875920920876,0.0194
205,1591,101,0.6458359646,2204.30582065045,1.11684229261573e-10,0,0.17,0.216,0.359567593105053,0.44029457434506,0,0,0,0,TRUE,2.15107856078572,0.00881657106271368,0.961016817797756,18.11,10.86,2.18999999999994,0.620000000000005,TRUE,TRUE,1.44747106162017e-05,0.998501715956639,2.15107856078572,2.75076410872415e-09,0
205,1592,104,-1.3775578528,3301.83193534707,8.22733282365438e-09,0,0.198,0.24,0.305775618368068,0.341142798296474,0,0,0,0,TRUE,2.02806943692557,0.00460932139885862,0.90500043018968,17.45,10.58,1.46999999999991,0.420000000000073,TRUE,TRUE,2.39285906616635e-06,0.993038423205193,2.02806943692557,0.0355393957042219,0.00045
205,1593,85,-6.1580711135,1045.58225857093,3.92509533709063e-07,0,0.198,0.044,1,0.0442045434697136,0,0,0,0,TRUE,3.69717160132362,0.00298157991514959,0.958742430310284,17.75,8.26999999999998,1.53999999999996,0.860000000000014,FALSE,TRUE,3.9648814704524e-10,0.999998536849342,3.69717160132362,1.46662209163104e-17,0
205,1594,91,-2.6498122358,2806.78627106285,1.02703191998362e-11,0,0.064,0.144,0.236038651995289,0.0355749159665133,0,0,0,0,TRUE,3.07433683672403,0.00568840503958356,0.908569260538897,17.96,9.64999999999998,1.75,0.660000000000082,FALSE,TRUE,5.12771102625681e-09,0.999819982655111,3.07433683672403,0.979041422243996,0.69125
205,1595,95,7.0907953103,1401.97381268153,9.87054017034441e-10,0,0.02,0.39,0.739704890283666,0.18740948029767,0,0,0,0,TRUE,2.97244967329157,0.00612396185989099,0.953069955051703,17.3,8.77999999999997,2.03000000000009,0.809999999999945,TRUE,TRUE,7.1473856592821e-08,0.999792353785067,2.97244967329157,0.927487884763556,0.67615
205,1596,95,-1.2220162838,2302.11408839592,4.91807495484948e-10,0,0.008,0.006,0.657727268292741,0.582089021134074,0,0,0,0,TRUE,2.78632106731627,0.00549974274326068,0.932755405872261,17.72,10.37,1.76999999999998,0.470000000000027,TRUE,TRUE,5.56434792983726e-07,0.999247385257181,2.78632106731627,0.706476834458871,0.22785
205,1597,93,-1.3892097028,1179.00471162067,2.88371366900295e-11,0,0.004,0.282,0.318331968050264,0.00941761410183151,0,0,0,0,TRUE,3.22440926731401,0.00252821357850779,0.926294068053572,17.75,8.43000000000006,1.99000000000001,0.699999999999932,TRUE,TRUE,4.73973446700173e-08,0.997533857110316,3.22440926731401,0.00152593730459612,0.4779
205,1598,94,-2.6107419616,2080.48648536154,1.40173689532799e-09,0,0.758,0.404,1,0.73845068636448,0,0,0,0,TRUE,2.37256812520174,0.0068033170188722,0.934215683288305,17.23,10.25,1.87,0.519999999999982,TRUE,TRUE,5.78433420049486e-06,0.997014889274056,2.37256812520174,0.270499718513056,0.0911
205,1599,95,-2.6584546001,670.090792635861,1.04491906797788e-08,0,0.22,0.048,1,0.855183427278283,0,0,0,0,TRUE,3.87561569073025,0.0018968943600884,0.943617484530852,17.3299999999999,8.45000000000005,1.73000000000002,0.689999999999941,FALSE,TRUE,4.72749162605116e-10,0.999954657241915,3.87561569073025,0.368651748267156,0.1737
205,1600,97,-0.511908292,533.310728274616,1.05763506482127e-07,0,0.83,0.896,1,0.776817920448069,0,0,0,0,TRUE,4.30285041604316,0.00246939614049891,0.976677551833702,18.2,8.61000000000001,1.73000000000002,0.659999999999968,FALSE,TRUE,3.84002477018264e-10,0.999999960774873,4.30285041604316,0.677281234138791,0.3161
205,1601,107,-2.6262606902,440.730525213975,3.41809855933136e-07,0,0.526,0.382,0.465388245277293,0.0909289139343156,0,0,0,0,TRUE,2.88833123981134,0.00415275773319064,0.949471344860609,17.3,8.69000000000005,1.75,0.67999999999995,TRUE,TRUE,7.92232320744771e-08,0.999987659767746,2.88833123981134,0.379049715887638,0.2149
205,1602,104,-0.9479430177,3797.78883647154,2.85478806099976e-09,0,0.218,0.918,1,0.444715956445797,0,0,0,0,TRUE,1.88643074006302,0.00665663497296036,0.980539627505381,17.83,11.3,1.48000000000002,0.639999999999986,TRUE,TRUE,3.7385638134292e-06,0.999907150892158,1.88643074006302,0.0331565876184476,0.1386
205,1603,92,-3.8111872939,342.222361015443,1.32806269287101e-05,0,0.82,0.754,0.204688390581936,0.677856857181608,0,0,0,0,TRUE,3.92143875901542,0.00403797381886308,0.9754433930317,18.14,8.07999999999993,1.5100000000001,0.6099999999999,FALSE,TRUE,7.06103691527957e-10,0.999999647610121,3.92143875901542,0.0834032341179125,0.25915
205,1604,92,-0.3947444584,2596.15452609788,1.20544279400674e-11,0,0.616,0.434,0.889009527084121,0.920738801649314,0,0,0,0,TRUE,2.71766567088561,0.00495535341171381,0.972307340901972,17.58,9.25,1.63999999999999,0.560000000000059,TRUE,TRUE,1.69834030684782e-06,0.999836827467099,2.71766567088561,0.952845738244631,0.5938
205,1605,101,-3.0433576235,226.865192615417,3.86001212065275e-05,0,0.57,0.204,0.416357010303706,0.659240897057495,0,0,0,0,TRUE,2.71501617155547,0.00339549868937175,0.927929914682735,18.2,9.09000000000003,1.65999999999997,0.580000000000041,TRUE,TRUE,8.89121228626483e-06,0.997987614809696,2.71501617155547,0.0773798442567841,0.5347
205,1606,104,-5.3731431863,516.085723590963,4.98124078356039e-07,0,0.73,0.364,1,0.929588315687945,0,0,0,0,TRUE,4.88731930392867,0.00554826409489353,0.975413398143443,18.55,7.67999999999995,1.10000000000002,0.480000000000018,FALSE,TRUE,3.08339943873677e-12,0.999999971041204,4.88731930392867,0.269805061908476,0.5263
205,1607,114,2.8638668759,238.743121175319,1.04257696041734e-05,0,0.97,0.97,1,0.0590275535931138,0,0,0,0,TRUE,2.41381187077805,0.00417703849815929,0.972772008630144,21.6700000000001,11.87,2.67999999999995,0.960000000000036,TRUE,TRUE,1.45816114818036e-06,0.999947184928311,2.41381187077805,0.503779955753249,0.6782
205,1608,100,7.1910251349,864.500194307294,7.41727395591475e-08,0,0.528,0.388,0.529173504209667,0.313927899665687,0,0,0,0,TRUE,10.5673383354516,0.00136977376939044,0.953084943974762,16.79,5.63999999999999,1.28999999999996,0.530000000000086,FALSE,TRUE,2.22044604925031e-16,0.999999999999782,10.5673383354516,1.46559973100977e-28,1e-04
205,1609,107,-2.6137825864,758.826226945949,1.56756382969848e-09,0,0.222,0.146,0.624272702410947,0.220281985961396,0,0,0,0,TRUE,2.27993751776463,0.00367822573061142,0.969158690356021,21.1800000000001,11.7199999999999,2.53000000000009,0.939999999999941,TRUE,TRUE,5.27567674757689e-07,0.999838868688561,2.27993751776463,0.0013331360556163,0.00105
205,1610,91,-7.4750803862,935.346784419386,1.17736551597098e-08,0,0.464,0.484,0.652965479783264,0.140867794910689,0,0,0,0,TRUE,3.45248605445874,0.00793955283038211,0.955010204919612,16.2800000000001,5.87,1.25,0.529999999999973,TRUE,TRUE,2.4077956229665e-08,0.999999542054839,3.45248605445874,0.972434923150776,0.8343
205,1611,101,4.0807876724,32719.5773186915,7.88119569683754e-11,0,0.06,0.074,0.282768163350039,0.000541401279945508,0,0,0,0,TRUE,2.50958670709398,0.00814127003547109,0.968418306283325,21.4000000000001,11.63,1.90999999999997,0.779999999999973,TRUE,TRUE,1.54503947427769e-07,0.999977285442049,2.50958670709398,0.0169336746398715,0.00135
205,1612,107,3.6732722966,121.763261780785,1.06430019830374e-08,0,0.194,0.446,0.638840729663351,0.671294519909587,0,0,0,0,TRUE,5.96084523301203,0.00267218494616925,0.955711059976719,16.23,5.65999999999997,1.09000000000003,0.560000000000059,FALSE,TRUE,2.22044604925031e-16,0.99999999618728,5.96084523301203,0.414175210202658,0.07795
205,1613,83,-8.3716304488,25770.9274678502,4.88819542577456e-10,0,0.42,0.704,1,0.928278893968712,0,0,0,0,TRUE,3.51944372483466,0.00579996825283214,0.963110011500811,21.83,10.27,2.00999999999999,0.960000000000036,FALSE,TRUE,3.20925243091496e-09,0.999848780976918,3.51944372483466,0.474180180678856,0.09275
205,1614,105,2.8695109406,663.618702612793,3.45133741940427e-08,0,0.156,0.128,1,0.800826933186553,0,0,0,0,TRUE,2.45351272441305,0.000541933289395616,0.942984024979933,15.36,6.92000000000007,1.26999999999998,0.449999999999932,TRUE,TRUE,5.18346869934088e-08,0.999369528017828,2.45351272441305,9.47259244784851e-12,0
205,1615,98,2.9853921728,1834.68549588838,5.61819685170265e-08,0,0.708,0.384,0.209028081179568,0.0355206725097432,0,0,0,0,TRUE,3.05983210525804,0.0088903398327794,0.933710632665144,21.8199999999999,11.37,2,0.690000000000055,TRUE,TRUE,5.79562642576384e-07,0.999840501280961,3.05983210525804,0.0569864615142445,0.001
205,1616,90,3.352945622,350.973118967252,6.11659161773197e-06,0,0.602,0.66,0.462312619031575,0.116246888328404,0,0,0,0,TRUE,3.63651685257876,0.00244920231595312,0.926178624973967,14.5799999999999,5.64999999999998,1.10000000000002,0.450000000000045,TRUE,TRUE,4.57180321283206e-08,0.999517150452017,3.63651685257876,0.994943852161089,0.6018
205,1617,94,4.7650079268,718.589246392885,1.29365416422867e-06,0,0.806,0.958,1,0.773030536178461,0,0,0,0,TRUE,2.5758143555147,0.00903636911592032,0.954995763405965,16.9300000000001,9.09999999999991,2,0.779999999999973,TRUE,TRUE,1.13533931256104e-05,0.999964507034255,2.5758143555147,0.971100834414737,0.33465
205,1618,101,-5.1097772968,900.069684625916,6.21688109945553e-09,0,0.064,0.152,0.163615911095404,0.0277103520775022,0,0,0,0,TRUE,2.0331034399784,0.00563167834031129,0.979126936044994,17.8699999999999,9.72000000000003,1.91000000000008,0.789999999999964,TRUE,TRUE,8.30173723213698e-06,0.999877129138437,2.0331034399784,0.428153276233434,0.67575
205,1619,99,3.7657377359,752.807023414605,1.8650392734896e-07,0,0.228,0.064,0.521012566375932,0.585522593788381,0,0,0,0,TRUE,2.96307859990479,0.00342008484132056,0.932870664033226,18.03,8.35000000000002,1.70999999999992,0.740000000000009,TRUE,TRUE,7.57281281006684e-07,0.998151233346165,2.96307859990479,0.609328211278222,0.62715
205,1620,93,0.3491142231,35960.2231083151,8.64869084140904e-12,0,0.262,0.092,0.124384074617314,0.208097515408504,0,0,0,0,TRUE,2.75596503858144,0.00919219168340736,0.959276804122753,18.3499999999999,9.61000000000013,1.64999999999986,0.670000000000073,TRUE,TRUE,2.01010089543232e-06,0.999839221640438,2.75596503858144,3.2094382627959e-06,5e-05
205,1621,99,-6.0197401557,1622.90505999596,7.81475612095822e-12,0,0.67,0.25,1,0.872047322479661,0,0,0,0,TRUE,3.9438052271745,0.0108258661502929,0.965235858330967,22.5,11.04,1.6400000000001,0.779999999999973,TRUE,TRUE,7.06223351672588e-08,0.999998988654941,3.9438052271745,0.227577760521987,0.34995
205,1622,84,-1.987293905,2056.33198746911,1.04493659208743e-09,0,0.466,0.366,0.627615652921147,0.357399011299554,0,0,0,0,TRUE,3.9421688942131,0.00348413299966804,0.927167897875401,23.0200000000002,9.16999999999985,2.25999999999999,0.8900000000001,FALSE,TRUE,6.35642689514644e-10,0.999981077182597,3.9421688942131,0.00188638609763601,0.00195
205,1623,87,7.9906395253,626.812049727848,5.7054345761497e-08,0,0.926,0.532,1,0.261843717968079,0,0,0,0,TRUE,9.96311735778138,0.00242601298480327,0.970805293968748,16.6,7,1.47000000000003,0.639999999999986,FALSE,TRUE,2.22044604925031e-16,0.999999999999606,9.96311735778138,0.990417682656382,0.442
205,1624,110,-2.3869811726,455.697841093528,5.87266397845757e-08,0,0.09,0.204,1,0.56607505887538,0,0,0,0,TRUE,2.6633430316341,0.00519513867112785,0.97403941702866,17.9699999999999,9.63000000000011,2.02999999999997,0.789999999999964,TRUE,TRUE,4.48027999899542e-07,0.999983547201225,2.6633430316341,3.51768463392406e-06,0
205,1625,108,3.4011810254,1549.51111527466,2.47720598564039e-09,0,0.64,0.404,0.56015749495844,0.32358935138005,0,0,0,0,TRUE,2.45815849543241,0.00694652462811482,0.946446555431462,17.78,9.67000000000007,1.97000000000003,0.769999999999982,TRUE,TRUE,7.51024672148488e-08,0.999927447344055,2.45815849543241,0.00601463186072411,0.00135
205,1626,97,0.1261497092,176.07545154604,1.85178226872142e-07,0,0.05,0.342,1,0.690108293104514,0,0,0,0,TRUE,5.39976677894908,0.000318779536924924,0.980441688173998,19.5700000000002,8.06999999999994,1.75,0.690000000000055,FALSE,TRUE,2.01441037874635e-13,0.999999999771515,5.39976677894908,0.172291625998602,0.00045
205,1627,93,-7.4146803265,2482.45477538466,9.49231951970442e-13,0,0.342,0.228,1,0.409189814209687,0,0,0,0,TRUE,3.10495959633099,0.00339042372160228,0.955624839012012,17.47,8.27999999999997,1.77999999999997,0.829999999999927,FALSE,TRUE,3.06703635555851e-09,0.999980211752493,3.10495959633099,0.98656627114148,0.78985
205,1628,109,-5.12881607,835.847131041616,1.49626459439991e-07,0,0.436,0.804,0.556364181147735,0.797170168867684,0,0,0,0,TRUE,2.68650585147159,0.00456009085675131,0.940365493954753,18.21,10.0699999999999,1.65000000000009,0.689999999999827,TRUE,TRUE,1.34923294745801e-07,0.999851728201481,2.68650585147159,0.0561281375169593,0.26225
205,1629,102,2.1949204202,37629.0048367092,3.87179314591926e-12,0,0.038,0.052,0.0154223632182244,0.179345151154469,0,0,0,0,TRUE,2.48175025640793,0.00662351692674121,0.973647260766736,23.42,11.34,1.90999999999985,1.05000000000018,TRUE,TRUE,1.75052702760815e-06,0.999897365828232,2.48175025640793,0.933104093181132,0.5943
205,1630,111,-0.4258667984,504.153940023826,2.8709617387569e-10,0,0.022,0.124,0.387919108570624,0.271221772138212,0,0,0,0,TRUE,2.15284404416391,0.00420487173686184,0.958009021959198,23.5900000000001,11.51,2.01999999999998,0.730000000000018,TRUE,TRUE,2.66812429848156e-06,0.999587476211194,2.15284404416391,0.886055045030953,0.57015
205,1631,89,2.7686362003,683.984583923239,9.40738107477528e-09,0,0.03,0.02,0.295720234739415,0.27342875046136,0,0,0,0,TRUE,5.01053021978298,0.00337879950915292,0.98648123908072,17.17,7.90999999999997,1.6400000000001,0.689999999999941,FALSE,TRUE,2.85433074543921e-10,0.999999999262382,5.01053021978298,0,0
205,1632,102,-4.2315954036,764.225207280439,3.68111889782517e-07,0,0.828,0.868,1,0.250578071099196,0,0,0,0,TRUE,2.54244162924526,0.00276865748201148,0.926723907324491,17.4200000000001,9.5,2,0.879999999999882,TRUE,TRUE,2.06727033783186e-07,0.99970629836594,2.54244162924526,0.873100370580635,0.3384
205,1633,101,-11.7686016749,394.897737322772,2.87804883231645e-07,0,0.384,0.32,1,0.153843225424411,0,0,0,0,TRUE,3.63708511710708,0.00161585855340764,0.962928947850305,16.97,8.49000000000001,1.64999999999998,0.880000000000109,FALSE,TRUE,1.06611960322438e-09,0.999948009245865,3.63708511710708,0.999680726646412,0.82685
205,1634,110,-0.7634959722,4596.56569474703,3.50508059861001e-09,0,0.894,0.404,0.447276190790789,0.269464568937315,0,0,0,0,TRUE,1.94743019386736,0.0103034236163667,0.949007013908076,18.22,10.5799999999999,2.23000000000002,0.650000000000091,TRUE,TRUE,1.99567034145682e-05,0.998951823641221,1.94743019386736,0.216587898462754,0.2368
205,1635,95,4.2713836673,29139.6789863384,1.07509885482054e-10,0,0.026,0.162,0.414080966946456,0.279916052270943,0,0,0,0,TRUE,2.05050952798696,0.012750269205381,0.923416751554406,17.45,12.2799999999999,1.94000000000005,0.830000000000155,TRUE,TRUE,0.000252252437618664,0.983921495330365,2.05050952798696,0.111578697657665,0.082
205,1636,110,-2.8533502553,558.47347455318,3.29414298461799e-06,0,0.438,0.832,1,0.264983280646182,0,0,0,0,TRUE,2.29562352049273,0.00465481286617193,0.951482710475738,17.29,9.42000000000007,1.58999999999992,0.670000000000073,TRUE,TRUE,3.93248709637748e-07,0.999294158095714,2.29562352049273,0.997113566077285,0.9095
205,1637,106,-5.5557437083,607.428229850915,3.5717327860899e-07,0,0.312,0.18,0.260436579610283,0.00554357733157429,0,0,0,0,TRUE,2.36593129423333,0.00808452394730992,0.942533503433205,16.72,9.79999999999995,2.34000000000003,0.670000000000073,TRUE,TRUE,1.70044417947275e-05,0.999375868038216,2.36593129423333,0.368648508476402,0.29575
205,1638,96,-6.08786215,3376.20922450665,3.13321317941092e-12,0,0.058,0.19,0.0660859702988477,0.152510287582595,0,0,0,0,TRUE,2.4561726169698,0.00498555948106544,0.952279461231776,17.4200000000001,9.37999999999988,1.87000000000012,0.940000000000055,TRUE,TRUE,7.46995732476806e-08,0.999960786284121,2.4561726169698,0.0847455600300018,0.1322
205,1639,103,-5.3290015961,30518.6588517594,2.78948436685537e-12,0,0.112,0.126,0.343360129112247,0.34532379518879,0,0,0,0,TRUE,2.54892252263453,0.0112260239084671,0.951625297986119,17.65,11.1000000000001,2.06999999999994,0.789999999999964,TRUE,TRUE,4.85881492270144e-06,0.999612654884327,2.54892252263453,0.305959472309497,0.0296
205,1640,99,4.1428150805,552.663000543248,7.56300352992602e-09,0,0.748,0.264,1,0.435474836456895,0,0,0,0,TRUE,2.89081295759258,0.00311339430350175,0.938773529921744,17.4400000000001,8.79999999999995,1.94000000000005,0.680000000000064,TRUE,TRUE,8.65742620849688e-07,0.999788240516585,2.89081295759258,0.0392923117274151,0.26645
205,1641,110,-4.4834581007,614.641771542183,7.81836268199038e-07,0,0.76,0.178,0.375597218894939,0.631249667719451,0,0,0,0,TRUE,3.29372281573467,0.00384009932721281,0.970523408376852,17.15,8.35000000000002,1.67999999999995,0.860000000000127,FALSE,TRUE,7.53065725481234e-10,0.999998598862562,3.29372281573467,0.36436965268128,0.4088
205,1642,95,-0.2817621731,766.368168937446,3.85072438342567e-06,0,0.648,0.22,1,0.95539832728171,0,0,0,0,TRUE,3.3420959394725,0.00290932498252666,0.950463147994931,17.97,8.70000000000005,1.95000000000005,0.559999999999945,TRUE,TRUE,1.30821816633754e-07,0.999904700711824,3.3420959394725,0.785188260121289,0.5553
205,1643,93,-0.4586358049,421.864626413139,1.03976132284992e-05,0,0.404,0.556,0.997959559455508,0.5031320441269,0,0,0,0,TRUE,3.4432764574377,0.00273493139815478,0.979301590948375,23.38,9.8599999999999,2.18000000000006,0.970000000000027,TRUE,TRUE,2.88698470692083e-08,0.999999085819499,3.4432764574377,0.228094895589176,0.1753
205,1644,118,1.6898793313,581.972962748383,2.09185120271582e-07,0,0.344,0.39,0.417877254326704,0.411864831899191,0,0,0,0,TRUE,2.12820115922665,0.00497472305483427,0.975058861350968,22.45,13.5700000000002,2.1099999999999,1.00999999999999,TRUE,TRUE,7.33525910598875e-06,0.999746734419764,2.12820115922665,0.442241905656699,0.12045
205,1645,111,-9.2008649733,843.488307401889,3.26828232846672e-09,0,0.38,0.108,1,0.843606708588767,0,0,0,0,TRUE,2.04955812761642,0.00331003134739427,0.97852302397685,23.11,11.5799999999999,2.57999999999993,0.950000000000045,TRUE,TRUE,8.16808770642503e-07,0.999928571343153,2.04955812761642,0.935464004780604,0.90695
205,1646,82,-0.6876593162,1028.88587334525,8.53243069104349e-08,0,0.46,0.266,0.368034926432567,0.00814257913816563,0,0,0,0,TRUE,3.12670744490106,0.0039294611994086,0.953412109062047,20.9400000000001,10.47,2.26999999999998,0.759999999999991,TRUE,TRUE,3.91339209947597e-06,0.997630207013341,3.12670744490106,0.979277904149859,0.5489
205,1647,98,-4.1263035498,31077.4000275616,8.13911155411955e-09,0,0.53,0.496,1,0.340157902153896,0,0,0,0,TRUE,3.08775868311187,0.00933913017728224,0.957865583207602,16.75,10.04,2.34000000000003,0.920000000000073,TRUE,TRUE,1.62618582100965e-07,0.997438246809792,3.08775868311187,1.70415964396202e-06,0.00025
205,1648,105,1.3995635917,476.029818372088,8.64272552548033e-06,0,0.554,0.39,1,0.673811389367367,0,0,0,0,TRUE,2.92720665129458,0.0041883184136011,0.964142828157556,18.1600000000001,9.11999999999989,1.66000000000008,0.619999999999891,TRUE,TRUE,2.27529195423949e-06,0.9999281185803,2.92720665129458,0.898535748401655,0.2485
205,1649,113,-5.1870636527,484.684932442536,6.12814336741514e-07,0,0.286,0.914,0.417315807100861,0.106977412592255,0,0,0,0,TRUE,2.77088471470367,0.00260169544583831,0.930102657454954,17.72,10.2900000000001,1.76999999999998,0.75,TRUE,TRUE,1.86703287831984e-07,0.999747329177081,2.77088471470367,0.859591694549605,0.9593
205,1650,101,1.2300237691,28646.8148977277,2.01799384950886e-08,0,0.152,0.082,0.222331475982465,0.00253467957098941,0,0,0,0,TRUE,2.1672234098758,0.0130131717206016,0.948846854316233,17.6400000000001,9.82999999999993,3.25,0.670000000000073,TRUE,TRUE,2.57745765037594e-05,0.99924836206665,2.1672234098758,0.629991040426148,0.75345
205,1651,93,-7.3325971507,2564.32447495786,1.47933029430815e-09,0,0.282,0.404,0.722960839453771,0.0411316960516774,0,0,0,0,TRUE,3.30080752402095,0.00215571196640141,0.917330133266854,17.8299999999999,9.61000000000001,2.20000000000005,0.6099999999999,TRUE,TRUE,1.06153486576256e-07,0.998864025147656,3.30080752402095,0.323289931869423,0.0624
205,1652,104,-2.9123400258,30629.0611045047,1.55928988962133e-08,0,0.854,0.438,0.651309365979856,0.0910695137571803,0,0,0,0,TRUE,3.62954280808817,0.00881897066859229,0.962172951963696,17.01,9.53999999999996,2.23000000000002,0.839999999999918,FALSE,TRUE,4.59247021279496e-11,0.999997858798144,3.62954280808817,0.00265041665697222,0.0044
205,1653,99,1.2217725313,1211.13307528179,3.28072460893818e-08,0,0.504,0.844,1,0.45496235508102,0,0,0,0,TRUE,3.29117298453309,0.00672190119855328,0.95892370150588,17.42,9.77999999999997,1.79999999999995,0.759999999999991,TRUE,TRUE,4.1634713570706e-07,0.999956437427488,3.29117298453309,0.256714875369411,0.0127
205,1654,105,6.110382897,1059.51497076433,2.39487666622151e-06,0,0.99,0.776,0.596739173121827,0.184553391527181,0,0,0,0,TRUE,2.88112742295426,0.00390808423040839,0.960441536297723,18.0799999999999,9.46000000000004,2.03999999999996,0.8900000000001,TRUE,TRUE,1.99733623980811e-07,0.99991475702025,2.88112742295426,0.214253371625464,0.4749
205,1655,96,-2.5889474759,142.207049627581,3.94934351616192e-06,0,0.052,0.014,1,0.183739342839796,0,0,0,0,TRUE,10.6127333092036,0.00111593704589401,0.964060240019199,19.34,7.99000000000001,1.41999999999996,0.779999999999973,FALSE,TRUE,2.22044604925031e-16,1,10.6127333092036,1.21067126437512e-33,0
205,1656,116,-3.6346603721,853.031578197604,1.77608083308641e-09,0,0.032,0.248,0.263852980842413,0.0533027301791451,0,0,0,0,TRUE,1.98687318075349,0.00260907032541215,0.927582482481995,17.6700000000001,9.79999999999995,2.11999999999989,0.630000000000109,TRUE,TRUE,6.8272636604579e-06,0.990279383755644,1.98687318075349,0.729683041445223,0.8081
205,1657,109,-10.5167131432,222.85950890197,7.40214788789723e-06,0,0.766,0.976,1,0.478184146130103,0,0,0,0,TRUE,3.83488572771661,0.00287614874344924,0.968489895438079,23.8900000000001,10.2,1.7199999999998,0.800000000000182,FALSE,TRUE,3.84974950038271e-09,0.999994975640029,3.83488572771661,1.30316326824684e-05,0.00025
205,1658,99,-4.8134427578,29589.9782131663,1.39732488803372e-11,0,0.246,0.09,0.408866030752469,0.263111235032873,0,0,0,0,TRUE,3.37446547543338,0.00677506184814427,0.980259000910066,22.47,10.95,2.23000000000002,1.27999999999997,FALSE,TRUE,3.30616074829217e-09,0.99999664728414,3.37446547543338,0.160022291733343,0.49445
205,1659,103,1.1173118303,1137.83055962109,3.69222025244669e-08,0,0.528,0.81,0.164085889669651,0.223329509358097,0,0,0,0,TRUE,2.80951933706618,0.00656966995955762,0.940280588292927,17.83,10.08,2.1099999999999,0.690000000000055,TRUE,TRUE,2.70432128386892e-06,0.999307184022299,2.80951933706618,0.16324015138414,0.0194
205,1660,102,8.4186366721,1457.03122948755,6.81422102331307e-07,0,0.61,0.716,0.962847590820116,0.349818918575003,0,0,0,0,TRUE,2.44893025256383,0.00672031557084559,0.904585492026779,18.25,11.1100000000001,2.11999999999989,0.580000000000155,TRUE,TRUE,1.71730178904662e-05,0.994518251541701,2.44893025256383,0.995050977799982,0.93235
205,1661,104,-2.6251071509,1077.17190785646,1.79823751732618e-09,0,0.632,0.228,1,0.583293356073252,0,0,0,0,TRUE,3.34275920485126,0.0055351499876914,0.941032586500789,18.1399999999999,7.63000000000011,1.91999999999985,0.770000000000209,TRUE,TRUE,3.92790247433494e-08,0.999788584617416,3.34275920485126,0.619022401962003,0.5028
205,1662,111,-1.7395094449,778.540183155441,1.19646291615151e-07,0,0.954,0.93,1,0.476783625631514,0,0,0,0,TRUE,1.92264989729565,0.00415040689847273,0.926461231896354,17.1600000000001,8.98000000000002,1.79999999999995,0.669999999999845,TRUE,TRUE,2.45931461320414e-06,0.999768105473456,1.92264989729565,0.725781286639955,0.41515
205,1663,92,-1.8904468288,389.707494392111,5.50453318496042e-09,0,0.076,0.008,0.893275249001143,0.837871548951969,0,0,0,0,TRUE,4.5169782953302,0.0005982938984746,0.969962088598133,17.8599999999999,7.55999999999995,1.6400000000001,0.680000000000064,FALSE,TRUE,2.48844314829256e-13,0.999999790103047,4.5169782953302,0.0462311042876775,0.0782
205,1664,112,-11.3842140391,1126.59458223735,1.39140319775454e-07,0,0.498,0.586,0.663168830032701,0.442126406774253,0,0,0,0,TRUE,2.14393072540653,0.0110923395092065,0.941197212600598,17.45,11.3699999999999,1.63000000000011,0.589999999999918,TRUE,TRUE,3.4850627783569e-05,0.997699559702273,2.14393072540653,0.000234390119714148,0.00045
205,1665,110,7.3938325652,1971.23889041259,3.88231254977005e-09,0,0.4,0.788,0.27519449261876,0.622887957502537,0,0,0,0,TRUE,2.07138068924552,0.00980683378621221,0.967812701771101,17.28,10,1.80000000000018,0.7199999999998,TRUE,TRUE,3.50263296371195e-05,0.999739486752814,2.07138068924552,0.647506804867339,0.7332
205,1666,78,1.223732242,122.978951903679,2.74949220895177e-05,0,0.578,0.382,0.239815627703177,0.381666737900916,0,0,0,0,FALSE,155.617677823132,8.16807329927737e-05,0.968431903592977,19.3299999999999,6.46000000000004,1.27999999999997,0.720000000000027,FALSE,TRUE,2.22044604925031e-16,1,199.664489264425,1,NA
205,1667,101,3.4032541537,1892.53561007664,1.53110371401259e-08,0,0.218,0.422,0.121695154003577,0.0945825920834937,0,0,0,0,TRUE,2.44682665811014,0.00204050326958882,0.95419936831549,17.8299999999999,10.01,1.74000000000001,0.620000000000118,TRUE,TRUE,1.44388670371453e-07,0.999712279664238,2.44682665811014,0.902895853206127,0.9418
205,1668,100,0.8906178011,32277.9348031456,1.16796433548993e-10,0,0.67,0.598,1,0.80832660972383,0,0,0,0,TRUE,2.94399109444634,0.00755988532674953,0.984432014456603,17.26,9.26999999999998,1.52999999999997,0.6400000000001,TRUE,TRUE,3.10327835366164e-07,0.999898212702039,2.94399109444634,0.522273181760256,0.07265
205,1669,113,4.782357542,29279.6414711353,4.52935453951774e-11,0,0.182,0.046,0.778518043246185,0.661196618914985,0,0,0,0,TRUE,2.46935875180127,0.00305567611931166,0.949885188322395,16.4400000000001,9.3599999999999,1.75,0.840000000000146,FALSE,TRUE,3.88324946318904e-09,0.999979417243855,2.46935875180127,0.607547469151798,0.4133
205,1670,93,-5.9798619229,1351.79237475689,6.02090511318597e-08,0,0.442,0.248,0.496545212467093,0.0177408214022662,0,0,0,0,TRUE,2.79119994228773,0.005946542595394,0.981845015737753,17.71,8.23000000000002,1.63000000000011,0.639999999999873,TRUE,TRUE,3.19756333762746e-07,0.999944634360066,2.79119994228773,0.0124467151246966,0.001
205,1671,97,5.7344401228,821.516877893443,1.2416832896236e-09,0,0.108,0.116,0.351451885799442,0.212045183077345,0,0,0,0,TRUE,2.75534788265838,0.00413236253172579,0.961751561700229,18.1099999999999,8.96000000000004,1.83999999999992,0.730000000000018,TRUE,TRUE,1.86486072670017e-05,0.999855614703217,2.75534788265838,0.000473496454345633,9e-04
205,1672,109,-0.295951115,460.481850586893,1.00767084785902e-06,0,0.596,0.81,0.0724014005075031,0.039793352220079,0,0,0,0,TRUE,3.06135594802428,0.00133871684698144,0.961806729037864,17.4099999999999,8.55000000000018,1.64999999999986,0.600000000000136,TRUE,TRUE,6.31062662900665e-08,0.999980562217834,3.06135594802428,0.659678884063684,0.72595
205,1673,116,-2.7719508906,688.588648829892,1.77130512624509e-07,0,0.306,0.218,0.967952347142155,0.838785440782214,0,0,0,0,TRUE,2.1061773958287,0.00634961955210152,0.976354492405707,18.01,9.69000000000005,2.13999999999987,0.880000000000109,TRUE,TRUE,9.65699670625223e-07,0.999951428641353,2.1061773958287,0.341732891087373,0.85795
205,1674,112,4.6864877188,2665.0598512671,9.34352060163725e-11,0,0.304,0.324,0.82622583763598,0.232590027300631,0,0,0,0,TRUE,2.00748029728923,0.00815362453320702,0.946537663736331,16.46,10.49,1.50999999999999,0.610000000000127,TRUE,TRUE,2.73256924441171e-05,0.998008926556952,2.00748029728923,4.87598917114283e-08,0.00015
205,1675,96,0.0445296203,1893.58524561967,2.43970545807272e-09,0,0.486,0.632,0.277664881560423,0.404815646006317,0,0,0,0,TRUE,2.48275537432042,0.00870666894727869,0.942404974152948,18.0599999999999,10.3,1.95000000000005,0.559999999999945,TRUE,TRUE,1.44853277335955e-05,0.996834377615338,2.48275537432042,6.42507336598654e-05,0.1206
205,1676,96,-0.76374723,408.150115368845,5.99144551313694e-07,0,0.648,0.704,1,0.205056290911371,0,0,0,0,TRUE,3.23059786611621,0.00268197952382219,0.963387015170756,17.5,7.3599999999999,1.29999999999995,0.529999999999973,TRUE,TRUE,1.34185844678125e-07,0.99997691533083,3.23059786611621,0.116776177896297,0.13
205,1677,95,-0.3406248669,1054.89863651187,4.74010935510875e-10,0,0.804,0.468,1,0.777864365796153,0,0,0,0,TRUE,3.37179500829633,0.005422918840851,0.942946358775602,17.6600000000001,8.8900000000001,1.6099999999999,0.700000000000045,TRUE,TRUE,5.11266273693054e-07,0.99984326874151,3.37179500829633,0.745245413742319,0.37815
205,1678,100,1.4458053397,876.25283953274,2.29610105150665e-07,0,0.944,0.886,0.469225486731352,0.0602022224020469,0,0,0,0,TRUE,3.24156214788592,0.00340388675183888,0.958343918457768,16.8699999999999,9.16000000000008,1.47000000000003,0.559999999999945,TRUE,TRUE,7.09385156950453e-07,0.998719913702658,3.24156214788592,0.749823137493906,0.17695
205,1679,103,-2.6348261747,1767.86445779006,7.63170543839305e-10,0,0.864,0.696,0.187644475903072,0.0364608315886255,0,0,0,0,TRUE,2.43118848484871,0.00871928197483405,0.970072085130462,17.46,8.91000000000008,1.83999999999992,0.799999999999955,TRUE,TRUE,3.34156146732583e-06,0.999966074231383,2.43118848484871,0.00509783837523138,4e-04
205,1680,91,-0.4924114797,595.634912186751,3.32115465140821e-06,0,0.522,0.262,0.971716519991735,0.168887710361016,0,0,0,0,TRUE,4.5859063294958,0.0040148334682566,0.967773932146507,16.97,7.40999999999985,1.65000000000009,0.599999999999909,FALSE,TRUE,1.19482552606799e-09,0.999987684756633,4.5859063294958,0.00321023160393997,0.0036
205,1681,90,-7.5333127051,889.693887363478,2.74342827566717e-08,0,0.658,0.238,0.497810566417595,0.253343015007256,0,0,0,0,TRUE,3.42748558129912,0.000913864325322968,0.970132757865295,18.0799999999999,8.11000000000013,1.50999999999999,0.990000000000009,FALSE,TRUE,2.65536709742661e-11,0.999994505828525,3.42748558129912,0.718572605024235,0.46365
205,1682,122,2.211413817,282.060961228729,2.45905130627973e-06,0,0.618,0.09,0.396525465921362,0.113762248233609,0,0,0,0,TRUE,3.79720286641663,0.0050330738610629,0.970188213914312,16.9200000000001,8.16999999999985,1.67000000000007,0.809999999999945,FALSE,TRUE,2.8059537246881e-10,0.999999972410582,3.79720286641663,3.32310966526114e-07,1e-04
205,1683,109,-0.5659121393,363.115349720528,1.25646287106949e-06,0,0.354,0.15,0.760778729153021,0.0854414700027302,0,0,0,0,TRUE,3.30231066991011,0.00217755072535899,0.965084325494924,17.3600000000001,7.98000000000002,1.8599999999999,0.660000000000082,TRUE,TRUE,1.28943929267876e-08,0.999987886200596,3.30231066991011,0.98325376886088,0.6412
205,1684,84,-4.6921297799,899.048120097251,1.12759983011357e-09,0,0.53,0.498,0.696672294920987,0.792177477056714,0,0,0,0,TRUE,3.6681130940176,0.0044542823914756,0.962255237660201,17.1900000000001,7.73000000000002,1.77999999999997,0.630000000000109,TRUE,TRUE,1.71938173467768e-08,0.999979042278108,3.6681130940176,0.0682372947927854,0.2791
205,1685,104,-0.607479929,359.746891844252,9.37980831321381e-06,0,0.676,0.574,0.542026911160407,0.0900190731347007,0,0,0,0,TRUE,2.70510385067248,0.00275189448738998,0.945128389680979,16.9200000000001,8.94000000000005,1.55999999999995,0.619999999999891,TRUE,TRUE,1.33037038259358e-06,0.999891340859754,2.70510385067248,0.981002169162286,0.4324
205,1686,102,4.7838590636,5895.36809764385,5.57307705206587e-11,0,0.412,0.104,0.0871402643894326,0.00105947527798156,0,0,0,0,TRUE,2.14082260452821,0.00696162925839946,0.98322755613393,17.46,9.19999999999982,1.55000000000018,0.6099999999999,TRUE,TRUE,4.24518903228124e-06,0.999984788225025,2.14082260452821,9.81180115531624e-13,0.0023
205,1687,107,0.5759513624,435.27669933485,3.74956989457902e-06,0,0.914,0.636,1,0.919397252752295,0,0,0,0,TRUE,3.0013145862182,0.00424641208832446,0.969195140590966,18.49,9.47000000000003,1.47000000000003,0.650000000000091,TRUE,TRUE,3.25699037096646e-08,0.999997084732775,3.0013145862182,0.250836899599245,0.0274
205,1688,101,-3.8785530342,1065.23502422442,8.79081087580179e-10,0,0.338,0.27,0.824986351344153,0.827550389613888,0,0,0,0,TRUE,2.53021806268191,0.0100321352938376,0.981658310396952,17.1300000000001,8.67999999999984,1.36000000000013,0.720000000000027,TRUE,TRUE,3.37863548263336e-07,0.999999291697917,2.53021806268191,4.22441913478043e-06,0
205,1689,89,-2.8052127761,857.668244128154,2.21877025477595e-09,0,0.14,0.188,0.484549111283968,0.730878565870853,0,0,0,0,TRUE,3.38969334817069,0.00614506434700787,0.962527984340387,18,8.50999999999999,1.5,0.680000000000064,TRUE,TRUE,8.9535062377358e-08,0.999998683469751,3.38969334817069,0.919498738850787,0.36535
205,1690,104,-2.5584667631,397.798786530675,3.9263252284243e-06,0,0.546,0.626,0.650009119746359,0.280575409071175,0,0,0,0,TRUE,2.64352215025307,0.00950107313420388,0.941244922564659,17.1600000000001,8.87000000000012,1.5,0.4699999999998,TRUE,TRUE,1.73206146821715e-06,0.999847322736612,2.64352215025307,0.116831052569222,0.0949
205,1691,87,-3.1571600264,26560.0389076343,3.34133452906819e-11,0,0.024,0.088,1,0.436157443270562,0,0,0,0,TRUE,5.19005272565525,0.0023433654304533,0.977848558061859,18.4200000000001,8.31999999999994,1.62000000000012,0.740000000000009,FALSE,TRUE,1.49447628347482e-13,0.999999929057787,5.19005272565525,0.940930355779071,0.67475
205,1692,103,3.4260941833,274.756346453487,2.10147577365568e-05,0,0.984,0.582,0.651248278704461,0.333791120260561,0,0,0,0,TRUE,3.09052530536001,0.00348944732156391,0.969441520496082,17.3600000000001,8.03999999999996,1.22000000000003,0.529999999999973,TRUE,TRUE,2.33014797843825e-08,0.999997889996074,3.09052530536001,0.790771696933136,0.3965
205,1693,96,-8.1282656174,1458.96174255011,1.31109392800365e-11,0,0.026,0.088,0.9053497106876,0.759794834019693,0,0,0,0,TRUE,4.18091364171266,0.00882903826506176,0.968093160424018,18.3900000000001,8.61999999999989,1.57999999999993,0.690000000000055,FALSE,TRUE,7.59520777237184e-10,0.999994265600806,4.18091364171266,0.0287936495218352,0.0082
205,1694,85,-3.2807721315,809.603351351353,1.47346638558092e-08,0,0.93,0.41,0.882152322493146,0.0937756348315906,0,0,0,0,TRUE,4.29157309910014,0.0039674559327738,0.966895220758748,17.3600000000001,7.16000000000008,1.1099999999999,0.589999999999918,FALSE,TRUE,4.16606741102482e-11,0.999998687426979,4.29157309910014,0.218721312914229,0.00845
205,1695,98,-0.0090020718,798.862277519895,2.72374771829863e-08,0,0.25,0.76,1,0.609875937184685,0,0,0,0,TRUE,4.16299887696564,0.00539649698888224,0.941888664200527,22.0900000000001,9.22000000000003,1.76999999999998,1.29999999999995,FALSE,TRUE,1.49671914984043e-11,0.999998136830073,4.16299887696564,0.955792587281867,0.4528
205,1696,96,2.2202235285,6888.36470656013,1.69034674776352e-09,0,0.978,0.738,0.533901633960726,0.965018583214575,0,0,0,0,TRUE,2.2524834689092,0.0104058660687887,0.928869291626063,17.4199999999998,8.56000000000017,1.32999999999993,0.470000000000027,TRUE,TRUE,1.35535332672662e-05,0.992375585397957,2.2524834689092,0.000156383112642998,0.01935
205,1697,99,5.9191423993,183.584434727782,9.86967013870621e-05,0,0.862,0.728,0.656746423363399,0.324398645869399,0,0,0,0,TRUE,6.3337872469178,0.00100451152889613,0.986553043758569,23.5,8.5,1.64999999999986,0.769999999999982,FALSE,TRUE,2.22044604925031e-16,0.999999999992505,6.3337872469178,0.539792941834283,0.0049
205,1698,97,2.1770561373,1684.23836119317,2.16394320217506e-09,0,0.322,0.08,0.214374743580961,0.146816693518345,0,0,0,0,TRUE,2.39270135120413,0.00475724283036,0.937449598341866,16.75,6.90000000000009,1.6099999999999,0.519999999999982,TRUE,TRUE,1.82949853971315e-06,0.995634589351709,2.39270135120413,0.45723379981858,0.2112
205,1699,106,3.3502072084,510.712970745576,1.2991174228437e-07,0,0.294,0.286,1,0.600134466563858,0,0,0,0,TRUE,3.36379353149499,0.00409245280126792,0.965062362236556,21.4200000000001,8.79999999999995,2.17000000000007,0.990000000000009,FALSE,TRUE,8.27888417012573e-10,0.999998742900773,3.36379353149499,0.290786876754332,0.3423
205,1700,92,-0.651859808,3916.12180769956,4.03066641862072e-09,0,0.188,0.094,0.48670643472778,0.0214838375506307,0,0,0,0,TRUE,2.4337290543394,0.00770796305363881,0.934456542334239,16.9199999999998,7.03999999999996,1.68000000000006,0.5,TRUE,TRUE,2.46603944628232e-05,0.998499310172333,2.4337290543394,0.00254188532248948,0.04285
205,1701,78,-2.9086076749,406.579136522298,4.14326289216071e-06,0,0.504,0.304,0.971793037736013,0.531742934166479,0,0,0,0,TRUE,4.68460923114434,0.000477826595606576,0.951054393546074,21.78,7.50999999999999,1.99000000000001,0.869999999999891,FALSE,TRUE,1.08356173182205e-12,0.999997605870548,4.68460923114434,1.48135222585761e-150,0
205,1702,97,-3.3378700039,6940.8630781174,7.08031957987445e-09,0,0.324,0.304,0.740965799418155,0.598476965258959,0,0,0,0,TRUE,2.8178367477474,0.00857100244210279,0.962654308441024,16.74,7.25,1.30999999999995,0.580000000000155,TRUE,TRUE,4.31059556369535e-06,0.999589525264948,2.8178367477474,0.374790003557633,0.86805
205,1703,97,0.6589451782,2891.58401057249,1.27980354648733e-08,0,0.312,0.228,0.180944296389437,0.511977201639031,0,0,0,0,TRUE,2.6542279686444,0.00713265819637633,0.966650896839026,21.6200000000001,9.34999999999991,2.11000000000013,0.730000000000018,TRUE,TRUE,2.48475554646379e-07,0.999921902119739,2.6542279686444,0.213095577930047,0.0015
205,1704,111,0.5829750127,714.224083639326,2.69057145260885e-07,0,0.582,0.276,1,0.421024641655651,0,0,0,0,TRUE,3.10312174507791,0.00714090987593497,0.958950176407369,16.3,7.52999999999997,1.31000000000017,0.439999999999827,TRUE,TRUE,5.60198792837623e-07,0.999983918847455,3.10312174507791,1.05923945351591e-07,0
205,1705,84,-6.698604702,243.404431744792,4.82769382776294e-05,0,0.874,0.798,0.720409550314522,0.182975548298236,0,0,0,0,TRUE,11.4002578524497,0.000619912274350253,0.965354462378452,18.9300000000001,7,1.37999999999988,0.690000000000055,FALSE,TRUE,2.22044604925031e-16,1,11.4002578524497,0,0
205,1706,98,-3.1915749928,258.35870216305,1.95160730720808e-06,0,0.116,0.06,1,0.723049754192333,0,0,0,0,TRUE,4.12825117761861,0.00108617164602264,0.988119931763613,17.29,7.82999999999993,1.52999999999997,0.769999999999982,FALSE,TRUE,3.27574008967069e-13,0.999999987011429,4.12825117761861,0.45884970529585,0.2276
205,1707,101,-2.6232089916,840.592805447741,2.32150834632405e-07,0,0.422,0.532,0.919721934275257,0.572019918774657,0,0,0,0,TRUE,2.5387435823714,0.00270164935399853,0.951608967914333,17.7,8.8599999999999,1.6400000000001,0.659999999999854,TRUE,TRUE,4.69606246823692e-06,0.999377194507185,2.5387435823714,0.782794150845129,0.77465
205,1708,89,-0.9743520932,420.344815167898,1.52496710809424e-06,0,0.736,0.648,1,0.925130807548146,0,0,0,0,TRUE,2.92099593309311,0.00262252751127073,0.923771875156837,17.23,7.92000000000007,1.63999999999987,0.559999999999945,TRUE,TRUE,6.08157133090813e-07,0.999328442018666,2.92099593309311,0.146013832604198,0.0147
205,1709,99,3.3283741901,422.116341819108,9.70216203327912e-06,0,0.522,0.154,0.526012493240689,0.363868785951302,0,0,0,0,TRUE,3.09107828471114,0.00147085247213129,0.922267709993457,22.0899999999999,10.1100000000001,2.15999999999985,0.920000000000073,FALSE,TRUE,6.56556428877916e-09,0.99969457534362,3.09107828471114,5.31394947991862e-165,0
205,1710,87,-0.4117179646,886.625174742711,3.20757417583271e-07,0,0.286,0.056,0.50412832359675,0.678201007237156,0,0,0,0,TRUE,4.13168997768209,0.00329452900162352,0.948623956043194,21.29,8.84999999999991,1.80000000000018,0.689999999999827,FALSE,TRUE,2.42322567192163e-12,0.999998883857008,4.13168997768209,2.743491094799e-05,0.06135
205,1711,85,-5.9329231186,5014.97049412564,4.53458726178242e-12,0,0.096,0.112,1,0.857253718732051,0,0,0,0,TRUE,2.67323534995485,0.0044750150182802,0.97492884892235,16.8,8.75999999999999,1.86000000000013,0.669999999999845,TRUE,TRUE,8.9708553612957e-06,0.999805418340003,2.67323534995485,0.897929942304336,0.51245
205,1712,104,10.9896090706,30975.7558172954,7.44310460343063e-09,0,0.99,0.81,0.646586745026463,0.0610623221546134,0,0,0,0,TRUE,1.94888507441443,0.00630913505150038,0.922333698352297,16.9200000000001,10.6999999999998,2.01999999999998,0.660000000000082,TRUE,TRUE,2.73967215933388e-05,0.989062169036812,1.94888507441443,0.980384224811665,0.45445
205,1713,113,-0.1066857236,3642.2770389194,1.96507299085569e-10,0,0.262,0.238,0.782937069890131,0.149169939748681,0,0,0,0,TRUE,1.97452170881508,0.00792739581828029,0.924893686988169,16.6400000000001,10.3899999999999,2.11000000000013,0.759999999999991,TRUE,TRUE,1.37587685149538e-05,0.992865744559769,1.97452170881508,0.687802751077806,0.97045
205,1714,91,1.5401736883,2820.6792781709,3.46788138163645e-11,0,0.562,0.39,0.631982295204863,0.589906675301712,0,0,0,0,TRUE,3.34140047443276,0.00366050018812616,0.952963699160415,16.8099999999999,8.10000000000014,1.39999999999986,0.570000000000164,TRUE,TRUE,1.32948149782555e-07,0.999608622619464,3.34140047443276,0.991404611503066,0.5512
205,1715,94,-0.2241442186,303.050749337178,8.17555256679403e-06,0,0.92,0.948,0.636682125216822,0.315162474584411,0,0,0,0,TRUE,4.13399446813253,0.0024900411978337,0.988689543654612,17.3399999999999,7.74000000000001,1.95000000000005,0.839999999999918,FALSE,TRUE,7.7700998844741e-10,0.999999999000137,4.13399446813253,0.286592341346418,0.1598
205,1716,89,4.1237976636,1743.91774644069,7.50625955653396e-09,0,0.564,0.166,0.156439905967746,0.433966532326459,0,0,0,0,TRUE,3.33270879904535,0.00620627310583019,0.94509736813322,17.46,8.16999999999985,1.84000000000015,0.549999999999955,TRUE,TRUE,4.30871347241772e-08,0.999974706300511,3.33270879904535,0.916956472091469,0.7849
205,1717,103,-0.6706930623,363.734340660143,1.63416234659945e-05,0,0.29,0.054,0.521050920719749,0.0484397247749558,0,0,0,0,TRUE,5.18805755237136,0.00149310077279434,0.971166760484419,21.6599999999999,10.4400000000001,1.69000000000005,0.759999999999991,FALSE,TRUE,1.75340751815792e-13,0.999999999110066,5.18805755237136,0.947762748039092,0.42955
205,1718,91,-3.0209490469,713.158457039734,6.41191993979202e-09,0,0.436,0.194,0.416905732240113,0.0553851760945443,0,0,0,0,TRUE,3.20019689073856,0.00230350084219034,0.955416986035832,21.8899999999999,8.83999999999992,1.70000000000005,0.799999999999955,TRUE,TRUE,2.02843603341186e-07,0.999930827052037,3.20019689073856,0.982504876315197,0.9012
205,1719,109,-2.4428631886,1896.83999031866,3.62432678999205e-09,0,0.028,0.138,0.697576618920957,0.559390113687162,0,0,0,0,TRUE,2.36510496226102,0.00334199669745167,0.957469683315066,16.9300000000001,9.81999999999994,2.03999999999996,0.740000000000009,TRUE,TRUE,2.67988154338113e-07,0.999887039466598,2.36510496226102,0.0905055395045358,0.05665
205,1720,112,4.1308191778,4336.80794967877,4.85610066547243e-08,0,0.788,0.762,0.869815369653096,0.666747631066433,0,0,0,0,TRUE,2.07339730823413,0.0109961156826218,0.973703614115149,16.8699999999999,11.05,1.95000000000005,0.940000000000055,TRUE,TRUE,5.37021219659984e-06,0.999932846153032,2.07339730823413,0.904445290434269,0.9011
205,1721,103,-6.0054462723,787.594758648191,1.6074089809242e-05,0,0.806,0.418,1,0.256592918717574,0,0,0,0,TRUE,2.19837140474689,0.00565319609258919,0.935107328086658,17.1399999999999,10.1400000000001,1.90999999999985,0.660000000000082,TRUE,TRUE,1.55086872926011e-05,0.994374163725052,2.19837140474689,0.298779271477545,0.9217
205,1722,98,-0.6760232045,6398.90244906241,3.2296426426917e-10,0,0.294,0.068,0.0608954198055551,0.243037008946281,0,0,0,0,TRUE,3.42916297965379,0.00792133426972883,0.960318220807129,16.7099999999998,8.04000000000019,1.80999999999995,0.690000000000055,TRUE,TRUE,3.78548209461274e-08,0.999967273102717,3.42916297965379,0.00126041125031329,8e-04
205,1723,93,5.7167314364,713.053066440359,4.87041559182692e-07,0,0.74,0.506,1,0.576209214160207,0,0,0,0,TRUE,2.85154236660315,0.00187659169870731,0.938606545266171,17.25,9.14999999999986,1.92000000000007,0.75,TRUE,TRUE,3.95800860390324e-07,0.998824105528237,2.85154236660315,0.51428782195149,0.3879
205,1724,111,10.26034208,1127.1409047577,1.99315984438641e-08,0,0.614,0.254,0.202208681758564,0.00311933943672538,0,0,0,0,TRUE,2.00778165254466,0.0128660257324841,0.967908343023004,17.22,9.77999999999997,2.43000000000006,0.789999999999964,TRUE,TRUE,1.57828832782757e-05,0.999952730847587,2.00778165254466,0.707807955624644,0.59
205,1725,103,5.2140313575,542.940436975632,2.08650869431922e-06,0,0.178,0.764,0.611148548871919,0.0123599378516348,0,0,0,0,TRUE,2.92039333352037,0.00118077412818534,0.966037216456677,16.6700000000001,8.76999999999998,2,0.900000000000091,FALSE,TRUE,1.09551593617058e-10,0.999997834686025,2.92039333352037,0.149683132145054,0.1568
205,1726,95,-2.7998456532,26839.1922079642,1.63233153878498e-11,0,0.666,0.17,0.964999634746303,0.14638809283799,0,0,0,0,TRUE,2.92002792434919,0.00598123606654497,0.96956155316634,17.3200000000002,8.84999999999991,1.62000000000012,0.909999999999854,TRUE,TRUE,9.31496069991764e-08,0.999976029815046,2.92002792434919,0.354965025110415,0.03365
205,1727,112,-3.4819210819,752.248638377933,2.11231872644709e-08,0,0.43,0.594,0.477107517931775,0.147019777680404,0,0,0,0,TRUE,3.45113133650343,0.00691799304970521,0.979311137006743,16.9299999999998,8.25,1.8900000000001,0.909999999999854,TRUE,TRUE,7.15676132587227e-08,0.999994813502996,3.45113133650343,1.36279666958477e-12,0
205,1728,105,-0.8666068916,375.998342407916,7.50601592746536e-07,0,0.064,0.33,0.443024640605096,0.24846602749413,0,0,0,0,TRUE,5.63129905669384,0.00241877616006609,0.965545314634325,17.1700000000001,8.33999999999992,1.70000000000005,0.829999999999927,FALSE,TRUE,2.22044604925031e-16,0.99999999990115,5.63129905669384,2.84513138799639e-81,0
205,1729,106,1.0170565409,921.093834564545,6.05223800276106e-09,0,0.234,0.122,0.408194079942108,0.501349216297071,0,0,0,0,TRUE,2.58257000410887,0.00737175367235435,0.924496841125645,17.0300000000002,9.40999999999985,1.61000000000013,0.669999999999845,TRUE,TRUE,1.99327606927433e-06,0.998015961428998,2.58257000410887,0.112931767571789,0.0302
205,1730,94,-4.0743742586,541.824495719822,3.62308186480264e-06,0,0.538,0.374,0.598528263720846,0.0691272008543514,0,0,0,0,TRUE,2.89871929386677,0.00704936344745894,0.974441326845651,17.22,8.40999999999985,2.86000000000013,0.619999999999891,TRUE,TRUE,2.02310723542297e-06,0.99999858243829,2.89871929386677,1.1511503064022e-15,0
205,1731,101,4.3740575349,1811.83366180255,3.18509667951991e-09,0,0.046,0.464,1,0.18849888706521,0,0,0,0,TRUE,2.75477541555441,0.00651833514436435,0.931578672475227,22.54,11.75,2.07999999999993,0.910000000000082,TRUE,TRUE,5.25617912658057e-07,0.999741099016689,2.75477541555441,0.00571823542818121,0.1032
205,1732,74,4.9338832656,1134.38931981151,1.46161730159175e-09,0,0.61,0.33,1,0.804178558900957,0,0,0,0,TRUE,23.7770898133093,0.00403594267448778,0.947997594632028,21.1700000000001,8.02999999999997,1.52999999999997,0.599999999999909,FALSE,TRUE,2.22044604925031e-16,1,23.7770898133093,8.80668222621339e-96,0
205,1733,102,-9.9159443138,459.743093187215,9.97312444117689e-07,0,0.588,0.634,1,0.608698955453231,0,0,0,0,TRUE,3.93774643446592,0.00225774255368758,0.959142477786273,22.2,10.3,1.69000000000005,0.940000000000055,FALSE,TRUE,5.847618207316e-10,0.999981111882111,3.93774643446592,0.120616008825117,2e-04
205,1734,118,-6.8589579979,1753.83433542543,2.66110581878458e-09,0,0.156,0.332,0.991682822823285,0.794723297126069,0,0,0,0,TRUE,1.87418376835052,0.00560562461250573,0.970119601299065,21.1899999999998,12.7,2.63000000000011,0.889999999999873,TRUE,TRUE,1.13031787575646e-05,0.999879393418754,1.87418376835052,0.725917516789426,0.37025
205,1735,111,-0.7067245886,2026.00137820052,5.17488591423987e-11,0,0.346,0.292,0.497826532569197,0.258414382941157,0,0,0,0,TRUE,2.55527960810473,0.00594395516219226,0.916336758214927,16.5500000000002,9.82999999999993,2.78999999999996,0.630000000000109,TRUE,TRUE,9.98171900129642e-07,0.999581204199684,2.55527960810473,0.896356134532481,0.33145
205,1736,105,6.0073787978,276.99465063291,2.83473045604999e-06,0,0.468,0.418,0.322451701876496,0.740440720485832,0,0,0,0,TRUE,6.18028346133282,0.00237880619050136,0.965209337894887,16.8399999999999,8.08000000000015,1.50999999999999,0.849999999999909,FALSE,TRUE,2.22044604925031e-16,0.99999999994278,6.18028346133282,0.781236627934745,0.03005
205,1737,115,-2.4738395077,308.949303524222,1.48890688576076e-05,0,0.112,0.864,0.631239066930193,0.618292477153433,0,0,0,0,TRUE,3.88893516309009,0.005201647327147,0.980586446362646,17.6399999999999,8.61000000000013,1.66999999999985,0.720000000000027,FALSE,TRUE,9.70402984307906e-11,0.999999999197313,3.88893516309009,0,0
205,1738,101,2.4820772225,647.776229919638,1.62888265353544e-06,0,0.898,0.66,0.846094505617689,0.452461329873573,0,0,0,0,TRUE,1.95817601464142,0.00496441824130047,0.945894580490458,16.52,9.6099999999999,2.11000000000013,0.699999999999818,TRUE,TRUE,1.36807355689852e-05,0.999162146633315,1.95817601464142,0.397973332967639,0.0463
205,1739,95,-7.0847699612,289.655988226757,0.000114630207500322,0,0.856,0.762,0.466814537724869,0.675994151159437,0,0,0,0,TRUE,4.69895133053582,0.00311168386046129,0.939113643604242,16.98,8.22000000000003,1.6400000000001,0.669999999999845,FALSE,TRUE,2.93556659606573e-09,0.999837669537888,4.69895133053582,0.0402176241899274,0.0047
205,1740,102,2.3219309512,1151.77813603394,1.767212963002e-10,0,0.382,0.254,1,0.597702794972852,0,0,0,0,TRUE,3.82612797889224,0.00310921156789949,0.947561166778409,17.24,7.72000000000003,1.42999999999984,0.790000000000191,FALSE,TRUE,2.62915556357034e-10,0.999999855670348,3.82612797889224,0.254448614443006,7e-04
205,1741,97,11.7807618247,1080.59859768752,9.95717916800047e-09,0,0.418,0.516,0.0932278384133967,0.455848452987819,0,0,0,0,TRUE,3.46054746853844,0.0036109211720276,0.939927136925599,16.96,7.65000000000009,1.79999999999995,0.740000000000009,FALSE,TRUE,2.50665304510464e-09,0.99994376974678,3.46054746853844,0.991836031742267,0.8783
205,1742,101,7.2143054546,1231.73393398756,1.13553831102384e-07,0,0.526,0.502,1,0.194665181398207,0,0,0,0,TRUE,2.4444567948594,0.00448373592376184,0.959903658946722,17.3300000000002,8.82999999999993,1.78999999999996,0.660000000000082,TRUE,TRUE,5.9847503467864e-06,0.99976093838222,2.4444567948594,0.124229829297763,0.4109
205,1743,112,8.2484559346,3811.17853598888,1.49656517956747e-09,0,0.284,0.424,0.626027934820688,0.616504693865479,0,0,0,0,TRUE,1.59154803398607,0.011469438722502,0.982387121338756,15.8800000000001,11.1399999999999,1.94000000000005,0.700000000000045,TRUE,TRUE,5.16363637740079e-05,0.999881877486465,1.59154803398607,0.302714647913364,0.31155
205,1744,104,11.5742838051,1699.46899503552,1.56286604877494e-07,0,0.744,0.728,0.461030039262153,0.00183779221163327,0,0,0,0,TRUE,2.59471814294448,0.013396626132395,0.96173646102253,16.9400000000001,10.3900000000001,2.27999999999997,0.629999999999882,TRUE,TRUE,2.09088731116422e-05,0.998776528953603,2.59471814294448,0.0341401364474873,0.13265
205,1745,93,-1.5667978956,945.229263159698,8.06092614546264e-08,0,0.942,0.51,0.146469716480652,0.213359992228563,0,0,0,0,TRUE,4.92374168926618,0.00781842447308443,0.971480093257431,21.9300000000001,8.80999999999995,1.67000000000007,0.940000000000055,FALSE,TRUE,1.31743504778769e-09,0.999999211331573,4.92374168926618,3.06989451627666e-29,0
205,1746,108,1.073939632,585.810463449838,1.12494058928333e-05,0,0.864,0.446,0.48251647724456,0.496735253086294,0,0,0,0,TRUE,2.40414330407716,0.00362461198445352,0.947319271773936,21.73,10.3,1.76999999999998,0.600000000000136,TRUE,TRUE,1.07942526312506e-05,0.997768510217644,2.40414330407716,0.0342000040699518,0.4564
205,1747,100,2.331480693,3404.48068198736,1.24577178187056e-08,0,0.142,0.18,1,0.627824244419794,0,0,0,0,TRUE,2.3258927421051,0.0096829251540788,0.969708677191836,16.6400000000001,11.01,2.09999999999991,0.620000000000118,TRUE,TRUE,7.26739695170485e-06,0.999440376190536,2.3258927421051,0.119137110262274,0.38035
205,1748,99,-1.5666732046,322.306407311691,3.6744861563733e-06,0,0.808,0.938,1,0.807162024170117,0,0,0,0,TRUE,5.13642690718715,0.00090925829359028,0.959553417554477,16.6200000000001,7.26999999999998,1.39999999999986,0.790000000000191,FALSE,TRUE,3.66562298796271e-13,0.999999642703109,5.13642690718715,0.966346618975104,0.6822
205,1749,99,-1.2139732319,4286.65127776514,6.94569742492953e-10,0,0.392,0.248,0.336060189293677,0.3542157032393,0,0,0,0,TRUE,2.18976812191287,0.00402425191123522,0.981725151135609,17.25,10.5,2.20000000000005,0.6099999999999,TRUE,TRUE,7.86267804752396e-07,0.999978537768224,2.18976812191287,0.00957515753751039,0.01
205,1750,100,3.4307840231,355.395433873814,1.13671247307435e-06,0,0.322,0.166,0.50728182477173,0.14287342045333,0,0,0,0,TRUE,3.20486660713733,0.00290378719846211,0.972379932781888,17.4099999999999,8.5,1.41000000000008,0.700000000000045,TRUE,TRUE,1.76498120621646e-08,0.999990506165543,3.20486660713733,0.8411327808755,0.22305
205,1751,106,4.3155905463,562.939008231786,1.30284796287759e-07,0,0.344,0.928,1,0.0847036007689581,0,0,0,0,TRUE,3.21808428283405,0.00504716621303483,0.960475439288802,17.8599999999999,8.37000000000012,1.87999999999988,0.700000000000045,TRUE,TRUE,1.47181406683831e-08,0.999993547525532,3.21808428283405,0.109600922417347,0.26515
205,1752,92,-3.782586994,2174.5449776666,2.07528687955594e-10,0,0.052,0.13,0.490588335066357,0.423124203407339,0,0,0,0,TRUE,2.71514368990396,0.00766178608638782,0.953844409509898,17.8899999999999,9.49000000000001,1.65000000000009,0.6099999999999,TRUE,TRUE,5.72626414600622e-06,0.998782640052182,2.71514368990396,0.0709303522306716,0.0367
205,1753,94,-7.2273217944,233.803446681203,7.53423176182257e-05,0,0.5,0.348,1,0.182449817083923,0,0,0,0,TRUE,5.09027481077628,0.003912331046076,0.947617373257417,17.1799999999998,7.82000000000016,1.69999999999982,0.610000000000127,FALSE,TRUE,1.76296761344613e-11,0.999999981676569,5.09027481077628,0.922695234716006,0.34325
205,1754,94,-3.5088293686,1944.0251502874,5.27759222649486e-09,0,0.578,0.192,0.660322527635646,0.213908195592288,0,0,0,0,TRUE,3.18012436702927,0.00609077581263967,0.964154729987965,17.3300000000002,9.75,1.69999999999982,0.690000000000055,TRUE,TRUE,1.5370702512982e-07,0.998713510112809,3.18012436702927,0.328080344721734,0.18385
205,1755,94,4.097471353,475.877397896213,2.61561209178607e-06,0,0.388,0.3,1,0.92326004017918,0,0,0,0,TRUE,3.10814858869681,0.00211969885457752,0.93718213250248,17.27,8.56000000000017,1.74000000000001,0.679999999999836,TRUE,TRUE,5.73612828500721e-07,0.999703412347624,3.10814858869681,0.148828937755991,0.00065
205,1756,94,-6.2546158022,2351.92068915054,1.36875777571396e-11,0,0.076,0.066,1,0.431563452243319,0,0,0,0,TRUE,3.55267931958057,0.0084371797171684,0.947842525674771,17.47,8.79999999999995,1.67000000000007,0.659999999999854,TRUE,TRUE,4.28127109306435e-08,0.999935859720929,3.55267931958057,0.0061633978508188,0.00065
205,1757,107,-2.8361509384,915.253291862018,2.53117124932565e-07,0,0.77,0.466,0.842933303164902,0.492645338599253,0,0,0,0,TRUE,3.59643452059149,0.00316625837934716,0.972886571308489,17.0799999999999,9.63000000000011,2.14999999999986,0.740000000000009,FALSE,TRUE,6.91278495929264e-09,0.999997211142818,3.59643452059149,0.0590623916280719,0.08705
205,1758,84,5.5046306212,434.440346742479,8.09344273938594e-08,0,0.36,0.766,0.394462940734218,0.304703293089444,0,0,0,0,TRUE,5.3258749078703,0.00210933380792596,0.975954260070653,16.98,7.55999999999995,1.49000000000001,0.619999999999891,FALSE,TRUE,3.31581481684434e-12,0.999999918587455,5.3258749078703,0.0066255040740239,0.07655
205,1759,92,-3.7866434803,383.962540879442,6.87097364804941e-07,0,0.174,0.632,0.670885563130005,0.838634168323379,0,0,0,0,TRUE,10.1695042912479,0.00158851819755635,0.963182430366463,17.3599999999999,8.01999999999998,1.50999999999999,0.660000000000082,FALSE,TRUE,2.22044604925031e-16,1,10.1695042912479,0.0575794449559106,0.01835
205,1760,92,3.9299557847,595.681196638938,8.6128155883833e-10,0,0.026,0.258,1,0.779062280490736,0,0,0,0,TRUE,11.9876458261674,0.00286101009863939,0.975736069138699,17.26,7.02999999999997,1.51999999999998,0.779999999999973,FALSE,TRUE,2.22044604925031e-16,1,11.9876458261674,0,0
205,1761,117,3.0366500384,925.087389553062,6.83304194679831e-09,0,0.04,0.306,0.576713060801612,0.672571775054818,0,0,0,0,TRUE,2.61218586301482,0.00897627284250348,0.977088788008128,17.0799999999999,9.63000000000011,2.27999999999997,0.6400000000001,TRUE,TRUE,2.97624816734937e-07,0.999994791793709,2.61218586301482,5.48868505883935e-05,7e-04
205,1762,110,2.2451480117,1079.32189144776,7.28591848136463e-06,0,0.82,0.696,0.827167004619107,0.0401182666475707,0,0,0,0,TRUE,2.21521134805258,0.0103021917255502,0.959102075849515,16.9200000000001,10.03,1.3599999999999,0.470000000000027,TRUE,TRUE,1.94999051069245e-06,0.999961167987007,2.21521134805258,0.537216981826092,0.2225
205,1763,120,6.3937500138,567.952530503004,1.65986689199877e-07,0,0.474,0.816,0.839019743228704,0.240718359423454,0,0,0,0,TRUE,2.30817785762199,0.00333666023141833,0.954329681434751,17.1400000000001,9.05999999999995,1.71000000000004,0.679999999999836,TRUE,TRUE,1.34583817618708e-06,0.999867567927902,2.30817785762199,0.114149765667446,0.3328
205,1764,93,-3.1711928105,1142.87952324578,2.36851876263086e-08,0,0.82,0.472,0.0895337153740059,0.543477272565301,0,0,0,0,TRUE,3.33077881583437,0.00366258543370253,0.970752014497853,17.03,9.42000000000007,1.49000000000001,0.569999999999936,TRUE,TRUE,5.8425094236875e-07,0.999939849069582,3.33077881583437,0.44894481148156,0.75355
205,1765,93,-5.4853063631,1814.18956150545,6.19713881505059e-10,0,0.04,0.012,0.735624408416239,0.664006715768701,0,0,0,0,TRUE,3.73372079334079,0.00259285866622315,0.975192443830246,17.1699999999998,7.69000000000005,1.80999999999995,0.75,FALSE,TRUE,3.83210297081456e-10,0.999993680426644,3.73372079334079,0.352975125293622,0.4205
205,1766,90,-3.5816860159,1856.94847019528,2.9934947408543e-12,0,0.002,0.002,0.510035338365466,0.320477104886177,0,0,0,0,TRUE,3.44303361268069,0.00759579139643996,0.958231495192192,17.24,8.55999999999995,1.57999999999993,0.6400000000001,TRUE,TRUE,1.06690310659762e-06,0.999481582161291,3.44303361268069,0.250373844092683,0.07005
205,1767,109,-4.7949650093,369.963663225813,2.28609387714909e-07,0,0.238,0.526,0.610480310417283,0.0553376648644377,0,0,0,0,TRUE,2.57697171199331,0.00375081980490749,0.952442261832591,17.1299999999999,9.75999999999999,1.93000000000006,0.599999999999909,TRUE,TRUE,3.19799995001919e-06,0.99908083170241,2.57697171199331,0.476559532014083,0.2319
205,1768,105,1.1342433426,668.683263498144,1.79815136206733e-07,0,0.282,0.384,0.788949475623014,0.203868846663761,0,0,0,0,TRUE,3.37985897880908,0.00233564393962532,0.969579809689202,17.72,8.74000000000001,1.39999999999986,0.75,FALSE,TRUE,2.15475175605578e-12,0.999999894731997,3.37985897880908,0.754050930723348,0.1643
205,1769,113,-1.3775597234,674.056868356792,4.64010450065782e-09,0,0.09,0.59,1,0.737235272280039,0,0,0,0,TRUE,3.97519534334221,0.0055372536136135,0.958431437555756,17.9100000000001,8.98000000000002,1.76999999999998,0.699999999999818,FALSE,TRUE,1.08670322271355e-10,0.999999267599026,3.97519534334221,0.0170060644697768,0.05035
205,1770,96,-0.1068535758,489.527552035677,4.73982820230485e-06,0,0.844,0.518,0.340750511949536,0.0725541905677838,0,0,0,0,TRUE,3.0519167242503,0.00446778808324721,0.936290450264134,17.75,8.01999999999998,1.61999999999989,0.5300000000002,TRUE,TRUE,9.16697096829036e-08,0.998172919238671,3.0519167242503,0.655940466066744,0.0575
205,1771,101,-1.9829139636,551.528090424478,2.70948891156032e-08,0,0.194,0.638,0.506787369101705,0.60635147523214,0,0,0,0,TRUE,3.55584469520958,0.00419528637015665,0.968963453453295,17.1099999999999,8.61000000000013,1.44000000000005,0.75,FALSE,TRUE,9.3029233843945e-10,0.999999988674602,3.55584469520958,0.585820703957468,0.37595
205,1772,103,-11.674259878,2113.12455821605,1.00880206614658e-09,0,0.032,0.104,1,0.786544537809673,0,0,0,0,TRUE,2.61113587331198,0.00702352775375731,0.941785972293056,17.1400000000001,9.24000000000001,1.91999999999985,0.559999999999945,TRUE,TRUE,1.8052059658877e-07,0.999963214975138,2.61113587331198,0.619092615788648,0.0127
205,1773,98,0.1944426522,582.35923386453,2.3816579559147e-06,0,0.758,0.286,0.446396526808128,0.524236235054254,0,0,0,0,TRUE,3.57083270663038,0.00247446262561897,0.977359847924047,17.3399999999999,8.20000000000005,1.57999999999993,0.6400000000001,TRUE,TRUE,1.07659277253068e-08,0.999997774286964,3.57083270663038,0.883031633142211,0.20585
205,1774,92,1.596391973,723.131100852268,1.32194829667528e-07,0,0.874,0.772,0.485861719420003,0.48103809321405,0,0,0,0,TRUE,3.77258270031396,0.00387202509945648,0.935702407523781,17.3399999999999,8.43000000000006,1.47000000000003,0.6400000000001,FALSE,TRUE,2.19073680488845e-10,0.999865319686863,3.77258270031396,0.627603319152157,0.6849
205,1775,101,2.5351866005,270.261472023643,0.000414787922536284,0,0.94,0.79,0.855913236387535,0.631698031024766,0,0,0,0,TRUE,3.93642880265016,0.00222233833842104,0.984270682712351,17.53,8.48000000000002,1.66999999999985,0.710000000000036,FALSE,TRUE,2.17239965757273e-10,0.999999763035662,3.93642880265016,0.0161669117633475,0.01965
205,1776,96,2.5400292496,1577.03627445978,2.03215906738794e-09,0,0.916,0.428,1,0.958493048357521,0,0,0,0,TRUE,3.36515201835425,0.00181358449254119,0.95742148462001,17.2199999999998,8.58000000000015,1.50999999999999,0.519999999999982,TRUE,TRUE,3.38308064381376e-08,0.999973885426747,3.36515201835425,1.53910896689288e-64,0
205,1777,90,6.3206979227,959.219791855068,1.56586964804494e-09,0,0.976,0.688,1,0.896178902769312,0,0,0,0,TRUE,4.09288908717169,0.00207591088742589,0.969124663017025,17.98,8.3599999999999,1.63000000000011,0.649999999999864,FALSE,TRUE,3.27191394326855e-09,0.999999724265445,4.09288908717169,0.515958488782656,0.7715
205,1778,95,-0.8377938077,456.916149443805,2.54385306777078e-07,0,0.488,0.344,0.489138750187497,0.213925675238031,0,0,0,0,TRUE,4.17991942966888,0.00191629505256004,0.984339981844873,17.8499999999999,7.65000000000009,1.04999999999995,0.529999999999973,FALSE,TRUE,1.77343463065658e-10,0.999999676518568,4.17991942966888,0.00568443962004188,0.0017
205,1779,96,1.2128834036,1130.19265752093,1.48843837483242e-06,0,0.924,0.65,0.607772184536788,0.0217900892243046,0,0,0,0,TRUE,2.16519423773432,0.0026583601728904,0.981070525503673,17.48,9.63999999999987,1.86000000000013,0.629999999999882,TRUE,TRUE,2.08942477963458e-06,0.999861521259808,2.16519423773432,0.395563455069982,0.1365
205,1780,88,1.9028338547,20654.2832282753,8.37207462502254e-11,0,0.264,0.096,0.0858426227088187,0.0015436086942846,0,0,0,0,TRUE,3.1252574861997,0.00794046961458849,0.97174454443013,17.8899999999999,7.87000000000012,1.13999999999987,0.490000000000009,TRUE,TRUE,1.49213317604434e-07,0.999951513177338,3.1252574861997,0.156991303956845,0.078
205,1781,96,5.7930475119,358.618149106338,2.21715925044084e-06,0,0.27,0.138,1,0.643970162563898,0,0,0,0,TRUE,3.05934542912652,0.00272005231731038,0.972419010462593,16.8600000000001,7.84999999999991,1.40000000000009,0.709999999999809,TRUE,TRUE,9.08700369623645e-08,0.999997696875547,3.05934542912652,0.768988580122647,0.5394
205,1782,113,-2.6819979863,1061.04471050476,4.93926720897968e-07,0,0.546,0.954,0.169414023349435,0.0251903209398875,0,0,0,0,TRUE,2.10709290791056,0.00922254061707227,0.933984403647088,17.1800000000001,9.32999999999993,1.74000000000001,0.400000000000091,TRUE,TRUE,7.17439570756646e-06,0.997057890375157,2.10709290791056,0.602270462059962,0.1809
205,1783,102,-0.5841798518,727.334011024386,1.8789781399022e-09,0,0.012,0.046,1,0.292810107923882,0,0,0,0,TRUE,4.4221642703969,0.00439487508464837,0.978326771137877,21.7,9.59999999999991,1.95000000000005,1,FALSE,TRUE,4.81117193003064e-12,0.999999999070811,4.4221642703969,0.820206631066681,0.3907
205,1784,96,-2.5033196614,331.063972478404,3.2740711244305e-05,0,0.982,0.8,0.785575320899836,0.273894243561293,0,0,0,0,TRUE,2.99010623457651,0.0010198241900806,0.949983426965643,17.6399999999999,5.5,1.05999999999995,0.700000000000045,FALSE,TRUE,6.38223460278717e-11,0.999992249099565,2.99010623457651,3.93829897754586e-07,0.04885
205,1785,105,2.7318920017,1023.62474290231,2.68071198339816e-07,0,0.39,0.216,1,0.505005217156161,0,0,0,0,TRUE,2.54058274710008,0.00662105382819078,0.947550545162273,22.0800000000002,10.6999999999998,1.86000000000013,0.980000000000018,TRUE,TRUE,2.30803565308748e-06,0.999769994011974,2.54058274710008,0.0100605414817375,0.02205
205,1786,106,-0.2288952494,617.988871224137,1.08060309506897e-07,0,0.6,0.468,0.587874504187872,0.541256096532783,0,0,0,0,TRUE,2.43260628044083,0.00631443685300107,0.963607761902496,17.3300000000002,6.32999999999993,1.33999999999992,0.410000000000082,TRUE,TRUE,2.09933778190251e-06,0.999848594122158,2.43260628044083,0.97111337915662,0.73955
205,1787,94,-4.9015513819,1270.9970149239,1.96550969778072e-09,0,0.074,0.034,0.35644115723563,0.347850510051051,0,0,0,0,TRUE,3.08768699347997,0.00176166585838579,0.939154331071398,21.98,9.79999999999995,1.8599999999999,0.75,FALSE,TRUE,3.59113496092604e-10,0.999907690943716,3.08768699347997,3.0714418230748e-158,0
205,1788,102,-1.9199248952,1247.67802999941,8.94466338631871e-08,0,0.796,0.442,1,0.662344193552914,0,0,0,0,TRUE,2.69405829713709,0.00376187448947557,0.948599380338656,17.8499999999999,6.40000000000009,1.29999999999995,0.470000000000027,TRUE,TRUE,4.13072730779591e-08,0.999858205185723,2.69405829713709,0.000374870939367987,0.00075
205,1789,100,13.6547591632,4910.39942361866,5.65472998417092e-09,0,0.85,0.422,0.301914147214633,0.0573525795931366,0,0,0,0,TRUE,2.62253917331507,0.00645183001792583,0.944958498005,21.72,10.9400000000001,2.30999999999995,0.809999999999945,TRUE,TRUE,1.48460957973979e-07,0.999687216239158,2.62253917331507,0.000115410217266637,5e-05
205,1790,102,6.163286832,667.01695223124,9.63706107259144e-08,0,0.73,0.522,1,0.0572733198435356,0,0,0,0,TRUE,3.48575393504363,0.00117773649610313,0.966274175479139,17.03,6.47000000000003,1.07999999999993,0.5,FALSE,TRUE,3.77016367248836e-10,0.999998597912754,3.48575393504363,0.951409779555979,0.81955
205,1791,106,-8.8313919204,140.875753992233,8.69744403151154e-06,0,0.62,0.144,0.948780976615077,0.268120066237782,0,0,0,0,TRUE,4.47195447743255,0.00128355789915993,0.974671681728975,21.6399999999999,9.24000000000001,1.91000000000008,0.950000000000045,FALSE,TRUE,8.7650381988296e-11,0.999995573193811,4.47195447743255,0.464631472950825,0.1136
205,1792,108,4.0901599722,429.34346823794,9.10085229231411e-06,0,0.38,0.11,0.411072886900402,0.237298380322596,0,0,0,0,TRUE,2.60647419155662,0.00234345453086055,0.968082051299983,16.51,6.74000000000001,1.34000000000015,0.490000000000009,TRUE,TRUE,8.95420098205508e-08,0.999988959670469,2.60647419155662,0.130142365895301,0.0428
205,1793,96,5.6432448668,445.024452540686,3.46168037864331e-06,0,0.116,0.17,1,0.930386257992273,0,0,0,0,TRUE,4.73782955622503,0.0017468178872486,0.951000862696157,17.74,8.19000000000005,1.77999999999997,0.699999999999818,FALSE,TRUE,6.31955908998731e-11,0.999999949701193,4.73782955622503,0.71148601657175,0.0101
205,1794,94,-7.816347321,111.482016493147,0.000370468573104666,0,0.998,0.9,0.548633471235749,0.239316653225499,0,0,0,0,FALSE,1036.3756956093,0.00121286393345386,0.977946489246985,19.0599999999999,7.35000000000014,1.33999999999992,0.720000000000027,FALSE,TRUE,2.22044604925031e-16,1,1485.35032362501,1,NA
205,1795,96,4.5371810648,1311.62060913404,5.38828701295886e-10,0,0.434,0.496,0.496481033660915,0.583248136825824,0,0,0,0,TRUE,2.51247688440532,0.00719446909125625,0.962529731580589,16.8799999999999,9.19000000000005,1.67000000000007,0.690000000000055,TRUE,TRUE,4.50270960396456e-06,0.999904993373063,2.51247688440532,0.0190790828750127,0.0032
205,1796,89,-10.2578091703,35836.8575592135,1.20386558266459e-10,0,0.132,0.022,1,0.93836106259077,0,0,0,0,TRUE,2.74700323918698,0.00742206356306551,0.943623039313291,17.4400000000001,9.64999999999986,1.94000000000005,0.690000000000055,TRUE,TRUE,6.35315836831528e-06,0.996701664065356,2.74700323918698,0.00050569205798636,0.0019
205,1797,98,4.6333585,285.138398050855,6.94934120477968e-06,0,0.182,0.02,0.70849471858068,0.0220300110309629,0,0,0,0,TRUE,2.94101616810414,0.00241884182258939,0.955671870186173,21.2,10.1099999999999,1.77999999999997,0.850000000000136,TRUE,TRUE,4.16034183957106e-08,0.999979465868017,2.94101616810414,0.320170114862756,0.1694
205,1798,104,3.9069955643,1214.43220316504,2.82963964856508e-07,0,0.712,0.984,0.569019060382033,0.122844307185807,0,0,0,0,TRUE,2.64720368624972,0.00413888227026779,0.962438393708509,20.9200000000001,10.6399999999999,2.38000000000011,0.660000000000082,TRUE,TRUE,3.57620103529792e-08,0.999851645538612,2.64720368624972,1.80506929483609e-38,0
205,1799,94,-5.8846167603,1625.15582081805,8.19185571500622e-09,0,0.158,0.182,0.630597478349663,0.437557388766306,0,0,0,0,TRUE,4.74361894580849,0.00448979501912299,0.93924255370977,16.9199999999998,8.1400000000001,1.82999999999993,0.970000000000027,FALSE,TRUE,1.0971427494268e-12,0.999995559654458,4.74361894580849,0.234580437231486,0.0487
205,1800,105,-3.3558332317,3036.18750851934,1.95340682293159e-11,0,0.422,0.51,0.904441439278173,0.390006970642772,0,0,0,0,TRUE,2.24436553358065,0.00984655846942937,0.975374246831113,16.53,10.5,1.73000000000002,0.939999999999827,TRUE,TRUE,2.85736669901121e-06,0.99989249843457,2.24436553358065,0.328584393280501,0.2044
205,1801,100,6.2042675487,1600.57326581671,2.3499214333004e-09,0,0.79,0.874,0.648874037330786,0.393809267475442,0,0,0,0,TRUE,3.60654569674103,0.00472399193909394,0.952115326333416,16.97,7.96000000000004,1.63999999999987,0.779999999999973,TRUE,TRUE,2.8087886495093e-08,0.999824361048714,3.60654569674103,0.298546696630622,0.36685
205,1802,102,9.3587768008,2987.1643879324,1.09803239302193e-13,0,0.016,0.024,1,0.968489427842938,0,0,0,0,TRUE,3.22435445951287,0.0075795974784178,0.956459069593913,16.6800000000001,8.78999999999996,1.47000000000003,0.829999999999927,TRUE,TRUE,5.03085702773921e-08,0.999859833486741,3.22435445951287,0.725240454439985,0.449
205,1803,93,1.015545223,208.334749895913,3.14945449845932e-06,0,0.212,0.952,1,0.0212635748422195,0,0,0,0,TRUE,4.95477141192545,0.000388045467875014,0.961735511783013,18.8599999999999,7.90000000000009,1.93999999999983,0.730000000000018,FALSE,TRUE,1.19359763063688e-12,0.999990151816696,4.95477141192545,1.94814517343214e-16,0
205,1804,103,5.4547873217,743.098397412072,3.53011853805455e-09,0,0.224,0.346,0.513923609170701,0.145216085554083,0,0,0,0,TRUE,2.68493107052796,0.0029213214608321,0.937504013403583,16.72,8.6099999999999,1.67000000000007,0.839999999999918,TRUE,TRUE,1.97245859785524e-07,0.99974269591982,2.68493107052796,0.522381523732528,0.34785
205,1805,105,-2.7497661727,2634.43926179833,9.86429676043251e-09,0,0.81,0.49,0.649361984397199,0.145997678688273,0,0,0,0,TRUE,2.38231760681401,0.00766629709642516,0.922529349259581,19.74,11.79,2.34999999999991,0.970000000000027,TRUE,TRUE,5.11768350793111e-06,0.997291593554062,2.38231760681401,0.9430264008968,0.3976
205,1806,101,-1.2941174105,1330.72369759299,1.18114198786888e-09,0,0.082,0.108,0.512957424058762,0.00972531706556001,0,0,0,0,TRUE,2.45286477691972,0.00392453267441621,0.952223380612297,19.9699999999998,10.4100000000001,2.42000000000007,0.940000000000055,TRUE,TRUE,1.08454569025471e-06,0.999867307200272,2.45286477691972,0.483666793918771,0.16705
205,1807,108,-3.0229663207,579.086184903359,2.83984217512441e-06,0,0.352,0.054,0.662766549986816,0.360753144986837,0,0,0,0,TRUE,2.55618308298547,0.00588064311073562,0.9711126690162,17.27,9,2.1099999999999,0.650000000000091,TRUE,TRUE,2.29480915620102e-07,0.999988113753733,2.55618308298547,0.602697168765089,0.07465
205,1808,113,9.9173402048,2475.06701115567,1.44838799539472e-08,0,0.736,0.7,0.318302165221807,0.327264855103539,0,0,0,0,TRUE,1.51673121393398,0.0107382726925719,0.971310185543021,16.6100000000001,11,2.04999999999995,0.589999999999918,TRUE,TRUE,4.826119832837e-05,0.999291902839248,1.51673121393398,4.95809766840947e-11,0
205,1809,111,1.1422325992,738.228781791503,4.11922211542905e-10,0,0.07,0.094,1,0.248222053803068,0,0,0,0,TRUE,3.37536511694167,0.00346763676913954,0.98253695751184,17.6400000000001,8.20000000000005,1.56999999999994,0.730000000000018,FALSE,TRUE,5.73253618849792e-10,0.999999947461217,3.37536511694167,0.824516331710923,0.31755
205,1810,94,4.8670706106,443.450602940741,2.09350870978508e-07,0,0.478,0.16,0.716980857705231,0.0917920968060757,0,0,0,0,TRUE,4.11644834604213,0.00182467746280133,0.967564327740631,17.02,7.91999999999985,1.45000000000005,0.660000000000082,FALSE,TRUE,6.04841323559006e-10,0.999999547487859,4.11644834604213,0.719568939098546,0.8354
205,1811,108,-4.4854479452,531.689037939876,4.9174584170703e-08,0,0.052,0.394,0.588972262067172,0.0880679686339698,0,0,0,0,TRUE,3.07881348750547,0.00162049426981107,0.935679758190993,16.6600000000001,8.07999999999993,1.80999999999995,0.6400000000001,FALSE,TRUE,8.10460197597622e-09,0.999896143756527,3.07881348750547,0.953078945379407,0.41875
205,1812,122,-0.6449305967,1190.89113331418,3.3543706108003e-09,0,0.504,0.07,1,0.90572849100173,0,0,0,0,TRUE,2.97395440416638,0.014633194521184,0.974934358722566,17.0600000000002,8.87999999999988,1.83000000000015,0.649999999999864,TRUE,TRUE,2.24103484568112e-06,0.999992663450954,2.97395440416638,6.37717165116889e-39,0
205,1813,79,-2.4041441973,1435.81187382656,9.63779824207494e-08,0,0.682,0.308,1,0.473693603583579,0,0,0,0,TRUE,6.24294695556553,0.00247945994339442,0.929442159685761,17.49,8.12000000000012,1.3599999999999,0.75,FALSE,TRUE,2.22044604925031e-16,0.9999998398911,6.24294695556553,0.0344059745283506,0.00165
205,1814,104,-9.5023846527,221.313533839881,2.8416082972321e-05,0,0.188,0.712,0.511943194561739,0.256750039585918,0,0,0,0,TRUE,3.25371704759867,0.00261058250792983,0.94498629761336,17,8.5,1.7199999999998,0.7800000000002,TRUE,TRUE,2.81749654288205e-08,0.999854491980358,3.25371704759867,3.04151405065634e-14,0
205,1815,85,0.1903026756,854.195976358186,9.26696233353969e-09,0,0.026,0.078,0.417658528247201,0.0878686506300264,0,0,0,0,TRUE,8.92596744351744,0.00439177640198466,0.955755793519273,17,7.70000000000005,1.52999999999997,0.860000000000127,FALSE,TRUE,2.22044604925031e-16,0.999999993899708,8.92596744351744,0.997756901978963,0.4594
205,1816,103,-3.0019136365,711.994252366796,3.81294785980495e-06,0,0.932,0.884,1,0.964797295516017,0,0,0,0,TRUE,3.47178653869161,0.00598460629266624,0.922536865013065,16.47,7.69000000000005,1.73000000000002,0.680000000000064,TRUE,TRUE,2.35442836151407e-07,0.999670183938974,3.47178653869161,0.795562586950067,0.4386
205,1817,107,-5.1165322744,2152.65053569635,2.03942190132325e-11,0,0.458,0.21,1,0.791590954498903,0,0,0,0,TRUE,3.17291455434856,0.00538938798693304,0.946856333575007,17.25,9.72000000000003,2.20000000000005,0.589999999999918,TRUE,TRUE,9.57604048510899e-08,0.999508014013769,3.17291455434856,0.000134755433610476,0.01525
205,1818,113,5.0781561336,747.324424370786,1.34409913799744e-07,0,0.094,0.292,1,0.152181653549838,0,0,0,0,TRUE,2.48654663987711,0.00824172632567368,0.92850922574753,17.1899999999998,10.4200000000001,2.35000000000014,0.729999999999791,TRUE,TRUE,2.45519409450207e-06,0.999361116289486,2.48654663987711,2.29141055348654e-06,3e-04
205,1819,93,-5.4765734238,631.109319572141,2.12424201858243e-08,0,0.15,0.264,0.623548617433944,0.461087633698194,0,0,0,0,TRUE,3.34423779637181,0.00224636223772494,0.935013024220623,21.79,9.75999999999999,1.8900000000001,0.809999999999945,TRUE,TRUE,2.47375892228811e-08,0.999804697545731,3.34423779637181,0.0326231682192517,0.1718
205,1820,95,6.9821950688,355.30237294117,1.50540636670138e-06,0,0.074,0.032,0.332747427374657,0.738919032737679,0,0,0,0,TRUE,3.44334364627729,0.00167660535964538,0.970498867690146,19.74,7.5,1.42000000000007,0.889999999999873,FALSE,TRUE,7.44181430735263e-09,0.999982248682196,3.44334364627729,0.392393675467134,0.55685
205,1821,117,7.6634029539,476.907732800973,5.19137804606924e-06,0,0.672,0.264,0.994294604575437,0.492322597657498,0,0,0,0,TRUE,2.39880204768208,0.00317536365407927,0.959131671780372,20.95,12.27,2.31999999999994,0.850000000000136,TRUE,TRUE,4.9269606403098e-07,0.999986245918717,2.39880204768208,0.632118630350191,0.22305
205,1822,102,-2.4587260495,9409.51387186436,5.07753135422091e-11,0,0.018,0.104,1,0.30492489921117,0,0,0,0,TRUE,2.83413401066646,0.0105893466029857,0.953326659784994,19.5,10.4400000000001,2.22000000000003,0.759999999999991,TRUE,TRUE,4.84926191030673e-07,0.999755729148041,2.83413401066646,0.96871626524809,0.89825
205,1823,93,-0.6397830416,1796.64234665459,2.91388894235832e-10,0,0.44,0.458,1,0.359633516652229,0,0,0,0,TRUE,3.95345761989023,0.00521966686220741,0.961676986554381,17.3300000000002,8.81999999999994,1.65999999999985,0.75,FALSE,TRUE,2.43181935821769e-09,0.999994131583369,3.95345761989023,5.43238336398521e-05,4e-04
205,1824,111,-2.3278299954,906.001561191544,8.58022532499995e-09,0,0.002,0.002,1,0.965626317186386,0,0,0,0,TRUE,2.54548137009213,0.00343611439453891,0.935035349988178,17.3899999999999,9.5,1.98000000000002,0.820000000000164,TRUE,TRUE,3.79623220544665e-07,0.998942651884702,2.54548137009213,0.857476025838345,0.55435
205,1825,101,-1.1526444398,444.645083473226,4.35103000764267e-09,0,0.012,0.006,0.600941223940896,0.264271508774967,0,0,0,0,TRUE,2.51993562399888,0.0033365599533539,0.931311842279936,16.9100000000001,9.6099999999999,2.11000000000013,0.619999999999891,TRUE,TRUE,6.09908176547865e-07,0.999291419345014,2.51993562399888,5.52170124005297e-05,0.00375
205,1826,111,-1.6363982331,794.252998724283,4.55640933265995e-07,0,0.47,0.946,0.830824625074075,0.730580556014687,0,0,0,0,TRUE,2.5066845040193,0.00957622905891083,0.935816564006032,16.55,9.16000000000008,1.91999999999985,0.670000000000073,TRUE,TRUE,2.64884356702407e-06,0.999237469562861,2.5066845040193,0.912010506592807,0.7891
205,1827,96,2.2922504863,811.523590875895,2.88984951309852e-07,0,0.274,0.09,1,0.380313010894068,0,0,0,0,TRUE,5.41966546910955,0.00677276522837535,0.97057986913619,17.9000000000001,8.04999999999995,1.8599999999999,0.670000000000073,FALSE,TRUE,2.22044604925031e-16,0.9999999999991,5.41966546910955,0,0
205,1828,96,4.9574192252,434.472295645729,1.10976993615655e-05,0,0.8,0.922,1,0.563111459413366,0,0,0,0,TRUE,3.19988110253756,0.00478432008941729,0.945098151864991,17.6799999999998,8.86000000000013,1.71000000000004,0.699999999999818,TRUE,TRUE,6.44690271625304e-07,0.999926582167089,3.19988110253756,0.133916086645815,0.0242
205,1829,114,8.5852596539,1760.48706681534,5.07267656169425e-09,0,0.556,0.406,0.15806016587194,0.313820295887205,0,0,0,0,TRUE,2.55013844065671,0.00833877071010519,0.940095774454301,16.49,10.6400000000001,1.92999999999984,0.650000000000091,TRUE,TRUE,6.96859111550434e-07,0.998611631443742,2.55013844065671,0.561925203645265,0.18095
205,1830,101,2.6526792317,358.969923771031,1.50403027823757e-06,0,0.568,0.598,1,0.909195070973143,0,0,0,0,TRUE,2.35184808467462,0.00628322644050468,0.94077232343532,16.46,10.0900000000001,1.8599999999999,0.690000000000055,TRUE,TRUE,1.54866114582871e-05,0.999089922545403,2.35184808467462,0.182584459203978,0.43195
205,1831,108,-4.9748276762,482.487107140337,3.00686622116651e-06,0,0.88,0.614,0.70433975281223,0.0645109529017502,0,0,0,0,TRUE,2.90413665945433,0.000870676508315608,0.959926877856482,17.1300000000001,7.91999999999985,1.94000000000005,0.8900000000001,FALSE,TRUE,1.00740784121749e-10,0.999854350084336,2.90413665945433,0.800401476927917,0.33435
205,1832,104,6.3205686935,2288.02630161423,3.13910170062209e-09,0,0.604,0.686,1,0.180820369143255,0,0,0,0,TRUE,3.17598058915276,0.00862861913582033,0.965517151227378,17.3099999999999,9.19000000000005,2.09999999999991,0.650000000000091,TRUE,TRUE,2.34065871974656e-07,0.999937226859575,3.17598058915276,0.816778876930734,0.58515
205,1833,85,6.2057283769,426.828206213019,1.09847974571913e-06,0,0.256,0.49,0.814054242519811,0.820983927198467,0,0,0,0,TRUE,5.28886591119635,0.00256817492460079,0.97134754393469,21.6700000000001,9.17999999999984,1.60000000000014,0.930000000000064,FALSE,TRUE,2.22044604925031e-16,0.999999999021882,5.28886591119635,6.91660178610214e-101,0
205,1834,103,3.0377226517,672.828837470038,3.31747157720642e-07,0,0.398,0.49,0.619392642183546,0.638669121080139,0,0,0,0,TRUE,3.37647281853112,0.0020695270426184,0.945839997097994,20.6300000000001,8.1099999999999,1.75999999999999,0.880000000000109,TRUE,TRUE,1.67555601572271e-08,0.999994778336464,3.37647281853112,0.933057956184732,0.9175
205,1835,99,-7.6965732837,532.897829143422,2.97349861622771e-06,0,0.802,0.464,1,0.464834203556635,0,0,0,0,TRUE,2.83632480344943,0.00228219669355307,0.970641822897716,17.21,8.32999999999993,1.71000000000004,0.619999999999891,TRUE,TRUE,3.32975179905259e-08,0.999997266646679,2.83632480344943,0.428787764513931,0.20595
205,1836,105,0.5901961544,11698.0514467432,8.70774467905545e-12,0,0.098,0.046,0.165045939841488,0.418652330093403,0,0,0,0,TRUE,2.23344293285126,0.0103995463016236,0.896519014244947,16.51,10.1099999999999,1.80000000000018,0.639999999999873,TRUE,TRUE,1.80538591964152e-05,0.996760555117597,2.23344293285126,0.464719422169263,0.26935
205,1837,107,9.2360052553,158.869985960165,8.33657171383699e-05,0,0.612,0.542,0.861218019113761,0.372446656510446,0,0,0,0,TRUE,6.36806488858824,0.00115364821135707,0.984953795029286,17.8699999999999,7.72000000000003,1.41000000000008,0.819999999999936,FALSE,TRUE,2.22044604925031e-16,1,6.36806488858824,0.410101401564111,0.2754
205,1838,107,3.5291245566,791.707724449959,8.46341780260737e-09,0,0.88,0.634,0.475828690074632,0.574435095615093,0,0,0,0,TRUE,2.67443367592231,0.00628695272816832,0.973626134564596,18.0799999999999,8.67000000000007,1.72000000000003,0.649999999999864,TRUE,TRUE,7.52076581970601e-07,0.999946753600292,2.67443367592231,0.793271873176602,0.9237
205,1839,93,-0.6961897087,7134.77533404517,4.48277687553621e-11,0,0.162,0.174,0.599364331092918,0.134365085122584,0,0,0,0,TRUE,2.03775087506118,0.0042198471384207,0.93083573124793,16.6700000000001,9.24000000000001,2.09999999999991,0.680000000000064,TRUE,TRUE,4.84383801124957e-06,0.989739681986668,2.03775087506118,0.00808265027330291,0.00035
205,1840,97,1.2189812221,3947.7249698104,5.27344712884131e-10,0,0.118,0.494,0.224367057393912,0.797072958752086,0,0,0,0,TRUE,2.23140180579228,0.0124358639194757,0.928855502366995,17.7299999999998,11.1900000000001,1.84000000000015,0.529999999999973,TRUE,TRUE,0.000118156630407339,0.991677945184564,2.23140180579228,0.140062100915247,0.1449
205,1841,94,-5.4258633618,504.544365085477,1.90118353071659e-06,0,0.396,0.134,0.862111367571708,0.742583936904303,0,0,0,0,TRUE,6.52839622012473,0.00181902112225969,0.955930003637937,18.23,7.54999999999995,1.52000000000021,0.669999999999845,FALSE,TRUE,2.22044604925031e-16,0.999999999473475,6.52839622012473,0.239465237578155,0.02
205,1842,102,1.9473838345,693.500360053718,2.27689049144146e-07,0,0.756,0.914,0.644321711646912,0.0567427526933358,0,0,0,0,TRUE,2.48245845957296,0.00641254621646941,0.937576298004832,17.75,8.92999999999984,1.58000000000015,0.699999999999818,TRUE,TRUE,7.19729574135994e-06,0.997200852109749,2.48245845957296,0.793605732983585,0.78145
205,1843,98,1.6543037535,2154.33051021938,1.18147366862818e-09,0,0.46,0.048,0.853288215621267,0.647183309513511,0,0,0,0,TRUE,2.94257637685751,0.0071368927805486,0.974710142264544,17.21,9.28999999999996,1.97000000000003,0.659999999999854,TRUE,TRUE,4.27526400945201e-07,0.999980660610121,2.94257637685751,0.369235105259611,0.52145
205,1844,93,-0.459148192,462.265637730453,4.78692394069169e-09,0,0.024,0.008,0.831422699519627,0.828561061937753,0,0,0,0,TRUE,2.77997354571865,0.0026110865724214,0.964070064552721,17.97,8.78999999999996,1.8599999999999,0.600000000000136,TRUE,TRUE,4.50956639470565e-07,0.999918991855751,2.77997354571865,0.00333118570929234,0.02715
205,1845,94,-7.9043652554,3586.71033381002,7.37303901688607e-14,0,0.02,0.06,0.341011965854072,0.329777505905306,0,0,0,0,TRUE,2.83238431023953,0.00449703207519172,0.975088797692908,17.22,9,1.8900000000001,0.649999999999864,TRUE,TRUE,1.18196809325602e-08,0.999990947309673,2.83238431023953,6.47512024314027e-06,0
205,1846,101,0.5072530869,506.983321919706,2.20895603065515e-07,0,0.488,0.08,0.214612817868404,0.0791256046410107,0,0,0,0,TRUE,3.88325315931588,0.00568397578144571,0.941686989637936,17.49,8.25,1.64999999999986,0.600000000000136,FALSE,TRUE,6.43363148459552e-10,0.999994595888919,3.88325315931588,0.996787472404468,0.58625
205,1847,95,-2.7535876536,910.693574317789,9.43704862122367e-09,0,0.11,0.09,0.498688045546646,0.267257152859949,0,0,0,0,TRUE,3.20534963993101,0.00501048834977647,0.980208539289342,16.8099999999999,7.76999999999998,1.6400000000001,0.669999999999845,TRUE,TRUE,2.95642725578209e-08,0.999972899653604,3.20534963993101,0.179809774981064,0.0755
205,1848,87,2.8811961167,2343.43837444362,2.76712999980356e-08,0,0.798,0.574,0.586449265286568,0.22968705882287,0,0,0,0,TRUE,2.72408794649105,0.00951159726286409,0.955669643270312,17.5899999999999,9.75,1.80999999999995,0.540000000000191,TRUE,TRUE,5.67823627094644e-06,0.99887099912374,2.72408794649105,0.355866268708027,0.09165
205,1849,102,-1.7377992717,1321.68577791366,3.27960895716144e-06,0,0.966,0.712,0.391370645677749,0.000750077340514688,0,0,0,0,TRUE,1.9217329615935,0.00796111138207816,0.968662055480535,17.73,10.6099999999999,1.70000000000005,0.710000000000036,TRUE,TRUE,3.24231839906149e-05,0.999428163744682,1.9217329615935,0.337482876619198,0.4676
205,1850,93,0.9341496949,776.009150154478,9.72026276954871e-07,0,0.402,0.986,0.235390814556109,0.566676207530484,0,0,0,0,TRUE,2.46239431300556,0.00674719951448214,0.918407746061995,18.1200000000001,9.66000000000008,1.55999999999995,0.419999999999845,TRUE,TRUE,9.10612503575065e-06,0.992347522465201,2.46239431300556,0.871041343677975,0.7365
205,1851,114,9.3345209201,1040.52228361936,5.34828288318318e-09,0,0.358,0.09,0.501332104072075,0.283845191375414,0,0,0,0,TRUE,2.52350313916029,0.00992434350400944,0.946811050101027,17.6899999999998,9.11000000000013,1.97000000000003,0.589999999999918,TRUE,TRUE,8.6952830106731e-06,0.999503897268057,2.52350313916029,0.622275940804067,0.20675
205,1852,89,5.801867432,775.087609668637,5.67584960706119e-07,0,0.712,0.156,1,0.250223042269569,0,0,0,0,TRUE,4.34619351828736,0.0044032120894401,0.964161775987727,17.29,8.87999999999988,1.31000000000017,0.559999999999945,FALSE,TRUE,5.0963688193329e-10,0.999997028629746,4.34619351828736,0.898763716081636,0.30585
205,1853,86,5.0216585597,19707.4673906335,6.58284289565175e-09,0,0.808,0.712,0.158817806605291,0.0573298860476177,0,0,0,0,TRUE,3.54765658854585,0.00484014971470945,0.98028309979939,17.3399999999999,7.86000000000013,1.4699999999998,0.590000000000146,FALSE,TRUE,1.48021104258009e-09,0.999998967127067,3.54765658854585,0.34534744178201,0.6542
205,1854,98,-2.9838656783,882.550093992737,9.61997968589985e-10,0,0.59,0.368,1,0.78398251298739,0,0,0,0,TRUE,4.62022106566093,0.005018775825388,0.966554899196007,17.9400000000001,7.03999999999996,1.29999999999995,0.940000000000055,FALSE,TRUE,1.14958562460699e-11,0.999999966961097,4.62022106566093,0.338842522759563,0.0058
205,1855,97,-6.1710477784,2130.32733619672,3.36575939432034e-09,0,0.63,0.882,1,0.451245034012736,0,0,0,0,TRUE,2.48400573255352,0.00562600910574817,0.97356183701881,17.2,9.66999999999985,1.99000000000001,0.590000000000146,TRUE,TRUE,2.96589392412203e-06,0.999897124581555,2.48400573255352,0.0756253385398649,0.20745
205,1856,109,-6.1793137152,438.992418322183,2.35396820415822e-05,0,0.898,0.55,1,0.800850521237455,0,0,0,0,TRUE,2.07256100152381,0.00394853657887638,0.946902737539329,17.5900000000001,8.94999999999982,1.68000000000006,0.529999999999973,TRUE,TRUE,1.31525607641459e-06,0.999866249740421,2.07256100152381,0.79013022996052,0.12315
205,1857,95,-0.7311901498,624.828480626558,1.10667155823328e-07,0,0.124,0.018,0.419449117498621,0.0877381108133792,0,0,0,0,TRUE,2.8464574162832,0.00682474462209954,0.942260649580571,17.5799999999999,8.25999999999999,1.68000000000006,0.789999999999964,TRUE,TRUE,4.20020101226911e-07,0.999200257341403,2.8464574162832,0.198932025687583,0.4003
205,1858,83,-4.0829187078,1576.49297309427,2.84014114770214e-08,0,0.058,0.17,0.285298192140079,0.244063667939946,0,0,0,0,TRUE,3.43268533038425,0.0035555037590569,0.902546494408033,17.9299999999998,8.88000000000011,1.58999999999992,0.610000000000127,TRUE,TRUE,4.73379143928817e-08,0.999916821501363,3.43268533038425,0.455744644478816,0.29625
205,1859,102,0.2808564281,389.665302605389,8.47026177119253e-06,0,0.384,0.202,0.86647078073942,0.140182100783316,0,0,0,0,TRUE,3.66833777593718,0.00494212306308819,0.949553171259257,16.45,7.63000000000011,1.55999999999995,0.730000000000018,FALSE,TRUE,2.63859237518653e-09,0.999993720133963,3.66833777593718,5.30924994778225e-07,0
205,1860,102,-1.0268150447,674.088289607397,4.47099527681564e-09,0,0.1,0.222,0.588208550957873,0.341997511014527,0,0,0,0,TRUE,3.09717097078945,0.00154030789302094,0.972679982149525,17.8800000000001,9.44000000000005,1.91999999999985,0.590000000000146,TRUE,TRUE,1.13925608791373e-07,0.999970726452514,3.09717097078945,0.00137221615807368,0.01805
205,1861,97,-0.0822128458,466.51986814435,6.13461265024686e-09,0,0.346,0.13,1,0.708133723694885,0,0,0,0,TRUE,4.1609088490826,0.00359874816649521,0.950578685478402,17.48,7.54999999999995,1.55000000000018,0.669999999999845,FALSE,TRUE,6.72628708869354e-11,0.999998936210228,4.1609088490826,0.98325708857864,0.79635
205,1862,105,1.0291679354,607.616659004203,9.47755869600736e-06,0,0.872,0.552,0.238152202891351,0.723120461366155,0,0,0,0,TRUE,2.17210459324689,0.00299364040197429,0.971334473140886,18.3099999999999,9.25999999999999,1.68000000000006,0.559999999999945,TRUE,TRUE,5.6391927772934e-07,0.999935601016243,2.17210459324689,0.00663131965033004,3e-04
205,1863,93,2.891011457,1575.42705628388,2.5361143792017e-09,0,0.126,0.65,0.722553838880491,0.898295329158196,0,0,0,0,TRUE,3.50187474675948,0.00290181200930113,0.948243606923747,17.6700000000001,9.25,1.65999999999985,0.670000000000073,TRUE,TRUE,2.21300087816952e-08,0.999954815677746,3.50187474675948,0.997550754519427,0.73835
205,1864,98,-4.0416190134,512.910535892705,7.60219699872458e-07,0,0.278,0.446,0.394056819701924,0.173271223663375,0,0,0,0,TRUE,5.40998044593013,0.00137923410362912,0.939023362533179,17.03,8.19999999999982,1.41000000000008,0.680000000000064,FALSE,TRUE,1.15701298211959e-12,0.999999595248231,5.40998044593013,0.847865882566794,0.13625
205,1865,105,-1.5988105063,1983.00140395761,2.21399644708353e-07,0,0.846,0.878,1,0.683841472424894,0,0,0,0,TRUE,2.05102029297489,0.0121806534486319,0.915192310737452,16.72,9.66000000000008,1.91999999999985,0.610000000000127,TRUE,TRUE,0.000143093401444402,0.987177141235767,2.05102029297489,0.386134235978963,0.3605
205,1866,105,-3.5932208014,749.593145358563,7.60693419623032e-08,0,0.064,0.362,0.174000045124123,0.0125926672830492,0,0,0,0,TRUE,2.45144870657858,0.00430969478652554,0.913657380199707,17.2,9.1099999999999,1.59000000000015,0.379999999999882,TRUE,TRUE,1.66449748505166e-06,0.998039193369975,2.45144870657858,0.868999405549181,0.64135
205,1867,97,3.2720312851,1130.76917663787,2.40410212573375e-10,0,0.104,0.2,0.926455952557314,0.628842757940625,0,0,0,0,TRUE,4.41042531854942,0.00408228153019845,0.947517081942267,16.5899999999999,7.49000000000001,1.57999999999993,0.650000000000091,FALSE,TRUE,1.9002943406988e-10,0.999999651308671,4.41042531854942,0.993352119477808,0.69315
205,1868,97,-0.3941335835,10769.69271351,5.3229525248931e-09,0,0.688,0.316,0.665474844857884,0.456848466836636,0,0,0,0,TRUE,2.30923193387863,0.00648408193372706,0.96048545133746,17.5,10.27,1.78999999999996,0.460000000000036,TRUE,TRUE,7.56659927799836e-06,0.998355989575182,2.30923193387863,0.133644207971191,0.49695
205,1869,98,3.903386581,622.548286440468,5.83956578851529e-08,0,0.626,0.896,1,0.372190053112943,0,0,0,0,TRUE,3.07282494328283,0.00221254856952362,0.98021228304679,17.03,7.97000000000003,1.46000000000004,0.769999999999982,FALSE,TRUE,3.01294563495652e-09,0.999999989031097,3.07282494328283,0.175066213583079,0.04685
205,1870,94,4.9670998027,624.693805027964,3.91458015285517e-07,0,0.19,0.392,1,0.483414325906171,0,0,0,0,TRUE,4.35359936420945,0.0037303658558099,0.979800683275995,18.3400000000001,7.72000000000003,1.43999999999983,0.580000000000155,FALSE,TRUE,4.53874956295319e-11,0.999999999195204,4.35359936420945,0.115662553952919,0.0411
205,1871,90,-3.769094045,1171.18510566146,7.12148959260328e-11,0,0.366,0.158,1,0.486335041386673,0,0,0,0,TRUE,2.46200510204446,0.00556672567802104,0.960527537792224,20.1899999999998,9.43000000000006,2.06999999999994,0.7800000000002,TRUE,TRUE,2.90601981431871e-06,0.999305055202103,2.46200510204446,0.860326186707586,0.7438
205,1872,88,-3.1485969263,846.014942866809,1.96671025690095e-08,0,0.046,0.092,0.370687530063098,0.335903946443684,0,0,0,0,TRUE,5.17176682785453,0.00127115101293,0.965533536376268,19.5999999999999,5.54000000000019,1.24000000000001,0.509999999999991,FALSE,TRUE,2.22044604925031e-16,0.999998933758854,5.17176682785453,0.482428696639696,0.05975
205,1873,98,2.8238861116,1438.67467644965,9.01648407045114e-10,0,0.486,0.07,0.578375454094272,0.52765461533211,0,0,0,0,TRUE,2.88198081982882,0.00502834015331784,0.949638484666388,20.75,11.3099999999999,2.22000000000003,0.840000000000146,TRUE,TRUE,8.94814425999512e-08,0.999727028723382,2.88198081982882,0.528011083672775,0.10035
205,1874,103,7.3809719482,6739.41686176789,1.04883674542229e-10,0,0.764,0.434,0.699737878913882,0.333476077795158,0,0,0,0,TRUE,2.75768977297622,0.0043210084883853,0.949665954847789,19.1200000000001,6.79999999999995,1.45000000000005,0.549999999999955,TRUE,TRUE,5.25242510445895e-07,0.999568316624492,2.75768977297622,0.0367856157560163,0.0011
205,1875,100,1.4324222555,313.180668678407,9.99086667233452e-06,0,0.626,0.266,0.519259107288774,0.406967188799024,0,0,0,0,TRUE,3.23011940857722,0.0019096107992955,0.972953235749963,20.1400000000001,9.61999999999989,1.82999999999993,0.950000000000045,FALSE,TRUE,2.72201753881556e-09,0.999996245549239,3.23011940857722,0.998837132504339,0.76335
205,1876,92,0.6725775593,32229.9350435022,1.49487267835787e-09,0,0.642,0.332,1,0.941339356824735,0,0,0,0,TRUE,2.50212171845303,0.0106177808012755,0.968630011717817,18.6599999999999,6.34000000000015,1.3599999999999,0.460000000000036,TRUE,TRUE,2.98169550933228e-06,0.999762198985047,2.50212171845303,0.871183565345372,0.18015
205,1877,95,-0.7075444136,2485.48227891164,2.99927048958512e-07,0,0.276,0.254,0.0900201168996748,0.27532663565728,0,0,0,0,TRUE,2.68758792797819,0.0107387924544957,0.95355681552349,20.96,11.49,2.00999999999999,0.789999999999964,TRUE,TRUE,4.28348155614955e-06,0.998840325103844,2.68758792797819,0.443465574646537,0.24715
205,1878,99,1.8603237163,1436.46533261915,6.15584604994767e-12,0,0.102,0.212,0.801374929518695,0.677327325555505,0,0,0,0,TRUE,2.94308730576892,0.00327828851470737,0.962644031209704,17.5800000000002,6.15999999999985,1.20000000000005,0.480000000000018,FALSE,TRUE,6.90530042226819e-10,0.999959823097866,2.94308730576892,0.935220278957497,0.2234
205,1879,89,2.8879177722,20555.5862518185,5.96783058635178e-08,0,0.798,0.838,1,0.768472296797309,0,0,0,0,TRUE,6.83736423198297,0.00720125926950792,0.966273931446473,20.75,9.42000000000007,1.95000000000005,0.939999999999827,FALSE,TRUE,1.2793722118461e-12,0.999999952963752,6.83736423198297,0.369337614414626,0.08515
205,1880,99,0.6705702343,1059.84855515215,2.41061527665256e-09,0,0.568,0.232,1,0.71017216163104,0,0,0,0,TRUE,4.523139655702,0.00232471846194916,0.939095032657494,17.7099999999998,5.86000000000013,1.09999999999991,0.480000000000018,FALSE,TRUE,5.61231647728734e-12,0.999999853671245,4.523139655702,0.0776608793286852,3e-04
205,1881,112,3.9978627438,238.100047293299,1.00831854729524e-06,0,0.368,0.122,0.667626600739575,0.215519959434138,0,0,0,0,TRUE,3.32454011805531,0.000661512498475075,0.970053093927754,17.9000000000001,8.5,1.7199999999998,0.840000000000146,FALSE,TRUE,5.08549679623406e-11,0.999998705941809,3.32454011805531,0.0112097599490318,0.0074
205,1882,105,3.434460658,491.269742589089,2.40088559229426e-06,0,0.504,0.604,1,0.685778128856615,0,0,0,0,TRUE,3.65553478318812,0.00852661695693122,0.942685863325266,17.1700000000001,8.6099999999999,1.86000000000013,0.690000000000055,TRUE,TRUE,5.42181894654979e-08,0.999988285542233,3.65553478318812,0.0186615270551838,0.00595
205,1883,100,0.8702797447,1125.86421000265,6.73770353925378e-08,0,0.368,0.086,0.423001856172155,0.0346451136934689,0,0,0,0,TRUE,3.18957751059857,0.00289550071853114,0.969940861172273,17.8599999999999,9.23000000000002,1.60000000000014,0.639999999999873,TRUE,TRUE,6.43471908749451e-08,0.999554982662291,3.18957751059857,0.0152394187335615,0.02035
205,1884,92,-0.3505952535,995.62914594784,8.05066603217709e-08,0,0.73,0.45,1,0.844474737045901,0,0,0,0,TRUE,3.82990215391136,0.00407537288206391,0.939099778369724,17.6199999999999,9.25,1.61000000000013,0.639999999999873,TRUE,TRUE,2.28870140663938e-08,0.999939930985873,3.82990215391136,0.32321612120433,0.0113
205,1885,96,-1.7688943293,386.32569478475,4.86996525334386e-07,0,0.028,0.068,1,0.733717548048223,0,0,0,0,TRUE,3.74638331485248,0.00243715283814893,0.982887933085048,20.45,8.6099999999999,1.42000000000007,0.799999999999955,FALSE,TRUE,8.65025440608592e-11,0.999999903990713,3.74638331485248,0.965938102704733,0.9604
205,1886,85,-2.1633936767,7518.75063927157,2.75129706188152e-12,0,0.148,0.01,0.675878097083194,0.307840531215773,0,0,0,0,TRUE,3.09690090522504,0.00709214692770682,0.951163751498355,20.28,10.3099999999999,1.94000000000005,0.899999999999864,TRUE,TRUE,2.84255934407702e-06,0.996845795690542,3.09690090522504,8.05268060834676e-06,2e-04
205,1887,119,-3.3181357089,1125.7420073894,6.14190816715489e-09,0,0.072,0.824,0.950837263406829,0.589732284126772,0,0,0,0,TRUE,1.82422986566241,0.00357199242614084,0.975310612567391,17.0599999999999,9.96000000000004,1.81999999999994,0.690000000000055,TRUE,TRUE,8.69664945006198e-07,0.999936013806488,1.82422986566241,0.00658297327879304,0.62655
205,1888,108,3.1366175998,440.698408202593,8.34281041046855e-08,0,0.844,0.682,0.355275898230295,0.242741344053644,0,0,0,0,TRUE,3.5397215596295,0.00320684528091816,0.957222678680714,17.3100000000002,8.96000000000004,1.80999999999995,0.759999999999991,FALSE,TRUE,3.15432577256130e-09,0.999998015796932,3.5397215596295,0.884760458973238,0.71595
205,1889,105,-4.3520919847,571.35204164015,2.68134483312644e-06,0,0.474,0.08,0.922732837566482,0.482765579049119,0,0,0,0,TRUE,3.02269464976488,0.00384169629134427,0.948941879165166,16.71,9.68000000000006,2.08999999999992,0.6099999999999,TRUE,TRUE,9.226979359128e-08,0.999618399474061,3.02269464976488,0.0272809268337314,0.00685
205,1890,101,-2.2944701513,26426.9908745259,1.75999312987318e-08,0,0.324,0.41,0.259060223745128,0.232613162837712,0,0,0,0,TRUE,1.85681565192404,0.0121262813301358,0.951899251135658,17.22,12.8599999999999,3,0.660000000000082,TRUE,TRUE,0.000260391351002506,0.996306621828136,1.85681565192404,0.565028860608562,0.76385
205,1891,102,5.6914833515,899.196578268399,2.64779601034839e-09,0,0.14,0.05,0.909802229835988,0.812398872884885,0,0,0,0,TRUE,3.56124689935347,0.00522271461218769,0.969283661366545,17.3399999999999,8.49000000000001,1.80999999999995,0.660000000000082,TRUE,TRUE,4.33026426381451e-08,0.999989068382678,3.56124689935347,0.349816302305126,0.1459
205,1892,107,-0.8641727177,293.350741392032,4.12081196530917e-06,0,0.08,0.136,0.89126062151492,0.30192010779337,0,0,0,0,TRUE,4.15306211040595,0.00193287346113891,0.962129116008717,17.24,8.52999999999997,1.63000000000011,0.849999999999909,FALSE,TRUE,9.43160183825631e-13,0.999999521161086,4.15306211040595,0.531078920882171,0.03715
205,1893,106,2.9597596314,238.763126403746,1.23850925091971e-05,0,0.436,0.548,0.946102612348686,0.832258548723594,0,0,0,0,TRUE,3.20130179540378,0.00232467244747465,0.979400150403516,21.1899999999998,8.84000000000015,1.89999999999986,0.810000000000173,TRUE,TRUE,2.160980487357e-06,0.999993113621463,3.20130179540378,0.00676000929284606,3e-04
205,1894,104,1.7673653546,431.890296212216,9.7688987339924e-07,0,0.258,0.036,0.997021576575992,0.266727563976424,0,0,0,0,TRUE,3.28701385096959,0.00488705049811119,0.951413250970282,20.25,10.02,2.29999999999995,0.759999999999991,FALSE,TRUE,4.72068014157389e-09,0.999994703031978,3.28701385096959,0.000216982928718365,0.0947
205,1895,91,0.4599135317,482.853979000106,2.25941550233244e-07,0,0.356,0.444,1,0.484227160020269,0,0,0,0,TRUE,4.88644801239084,0.00267090046711153,0.952166709177156,16.6599999999999,7.92000000000007,1.74000000000001,0.779999999999973,FALSE,TRUE,2.27842411411121e-11,0.99999980474762,4.88644801239084,0.00248680372285645,0.1328
205,1896,105,-8.6689352148,5869.90451520206,5.87199244340102e-11,0,0.502,0.16,0.20664119653577,0.181783795771904,0,0,0,0,TRUE,3.13593335346347,0.011994381942851,0.983477126806219,16.7,9.09999999999991,1.6400000000001,0.720000000000027,TRUE,TRUE,8.8889457320283e-08,0.999999853308896,3.13593335346347,0.158901160464669,0.41865
205,1897,105,8.0664704948,255.325440274663,2.0531920479586e-06,0,0.528,0.108,0.520600568594683,0.108106608024778,0,0,0,0,TRUE,3.38442176762734,0.00166838832032023,0.985911300535709,17.55,8.23000000000002,1.72000000000003,0.740000000000009,TRUE,TRUE,1.470326596805e-08,0.999996049041614,3.38442176762734,0.488788077054218,0.02885
205,1898,96,0.7062358771,717.52509878909,8.50029861589911e-10,0,0.012,0.26,0.640526171387255,0.449389539027678,0,0,0,0,TRUE,3.19746106549937,0.00514477104179681,0.930324232977145,18.0599999999999,8.73000000000002,1.88000000000011,0.809999999999945,TRUE,TRUE,2.15171604889009e-08,0.999573788567322,3.19746106549937,0.24712622227627,0.5698
205,1899,126,-2.1647879221,3078.87823493398,1.22442702393872e-09,0,0.172,0.084,0.269141520032639,0.206827274119989,0,0,0,0,TRUE,2.05169495061608,0.00776879299408727,0.97086745635838,15.75,9.30000000000018,2.1099999999999,0.75,TRUE,TRUE,7.97760231442572e-07,0.999942444414498,2.05169495061608,0.806576131202531,0.13425
205,1900,107,-5.5845317304,1344.17696880047,2.77379368121552e-07,0,0.648,0.138,0.164195201742824,0.111011251195984,0,0,0,0,TRUE,2.75707274207581,0.00455460177033873,0.956463876860352,17.4499999999998,9.22000000000003,1.8900000000001,0.589999999999918,TRUE,TRUE,7.09042198331546e-07,0.999976846922375,2.75707274207581,0.148827542929081,0.06725
205,1901,101,-5.2243298487,286.697150266472,1.36358297939815e-05,0,0.756,0.66,1,0.28484338697021,0,0,0,0,TRUE,7.15680241286841,0.0014972125091711,0.966222929922996,18.22,8.15000000000009,1.53999999999996,0.779999999999973,FALSE,TRUE,2.22044604925031e-16,0.999999999997141,7.15680241286841,0.141597237000443,0.00105
205,1902,95,-1.1498023751,1038.993364024,1.88312793975776e-09,0,0.29,0.118,1,0.951429875440723,0,0,0,0,TRUE,2.75518311836358,0.00156829682124652,0.93273561014293,17.6999999999998,8.09000000000015,1.53999999999996,0.730000000000018,FALSE,TRUE,6.51262131058772e-09,0.999758063906723,2.75518311836358,0.16390753192037,0.2993
205,1903,97,-0.8741289679,1271.41478061971,1.83848144622067e-08,0,0.646,0.548,1,0.167366984078485,0,0,0,0,TRUE,4.90099962349888,0.00446920305277862,0.980383820921183,16.8600000000001,8.66000000000008,1.78999999999996,0.819999999999936,FALSE,TRUE,2.61589067013726e-11,0.999969746747245,4.90099962349888,0.900473362251037,0.6305
205,1904,114,-0.1926671148,1022.63145106091,3.07768949215681e-07,0,0.282,0.306,0.766909735484818,0.87264827572407,0,0,0,0,TRUE,2.12663012507589,0.00566687326389588,0.927940632143523,16.6900000000001,10.1900000000001,1.90000000000009,0.689999999999827,TRUE,TRUE,1.46703818142807e-06,0.999218989778532,2.12663012507589,0.0276247406071343,0.02275
205,1905,112,2.8889499637,2321.24131147839,3.65730537283958e-09,0,0.528,0.266,0.394335766497816,0.156256999427718,0,0,0,0,TRUE,2.32431285736725,0.0075706681342334,0.958751195118945,16.8100000000002,9.77999999999997,1.97000000000003,0.7199999999998,TRUE,TRUE,1.84988543999363e-07,0.999878560483912,2.32431285736725,0.646136902456937,0.01575
205,1906,104,-1.4649223634,952.827959430429,3.40569077535178e-09,0,0.13,0.166,0.202881276117052,0.325542155681819,0,0,0,0,TRUE,3.01610009538368,0.00715869132814689,0.93092369936844,17.24,8.66999999999985,1.95000000000005,0.690000000000055,TRUE,TRUE,5.8845305891528e-07,0.999940118984127,3.01610009538368,0.185897797370939,0.08155
205,1907,117,-11.258157852,1458.87484118083,1.28233355318498e-09,0,0.334,0.612,0.392055301845349,0.00147464305100375,0,0,0,0,TRUE,2.10791964266127,0.0122340979115433,0.959385275236435,20.7,12.1500000000001,1.87999999999988,0.610000000000127,TRUE,TRUE,2.04813077320271e-05,0.999472953820822,2.10791964266127,0.656059398254844,0.3488
205,1908,102,-8.2204224591,545.825302882105,5.73418237508105e-07,0,0.28,0.272,1,0.373629686563889,0,0,0,0,TRUE,2.10019492001314,0.00688004567137483,0.960713136456895,20.9200000000001,10.6800000000001,1.81999999999994,0.730000000000018,TRUE,TRUE,7.83565008363709e-07,0.999755548287251,2.10019492001314,0.471629255974479,0.9242
205,1909,97,-6.2406251747,1288.56231623541,2.82341074672498e-08,0,0.104,0.264,1,0.689464208531539,0,0,0,0,TRUE,3.27893443920443,0.00164103432135982,0.927459132340676,21.6700000000001,9.32999999999993,1.70000000000005,0.579999999999927,FALSE,TRUE,2.31808545713205e-09,0.999504871502196,3.27893443920443,0.41112019545631,0.69905
205,1910,88,9.0534080904,1252.59687744614,4.61197206131633e-09,0,0.61,0.782,0.54181413494446,0.153477765720445,0,0,0,0,TRUE,3.69241113059342,0.00577268080143401,0.960525329460192,20.9000000000001,9.8599999999999,2.22000000000003,0.809999999999945,TRUE,TRUE,1.72266807944014e-08,0.999992488878544,3.69241113059342,1.01077744120386e-42,0
205,1911,91,3.4334563013,1896.05465545695,1.9452467053644e-09,0,0.036,0.024,1,0.330698273068465,0,0,0,0,TRUE,3.33489791606701,0.00431729762850777,0.939146708470796,17.3900000000001,8.97000000000003,1.77999999999997,0.690000000000055,TRUE,TRUE,3.9459639876865e-08,0.999677950855863,3.33489791606701,0.0880161927712146,0.0079
205,1912,95,3.2368327708,384.172884997465,1.84118148408504e-05,0,0.848,0.612,0.899239810177905,0.84148836158357,0,0,0,0,TRUE,3.36930360590473,0.0012985602523411,0.978310537058272,16.98,8.42000000000007,1.59999999999991,0.730000000000018,TRUE,TRUE,4.18378877051141e-08,0.99999847331356,3.36930360590473,0.664864403307774,0.34925
205,1913,96,-0.5855164689,31890.3411085227,9.59809212807315e-12,0,0.032,0.094,0.186762556578877,0.540825742664304,0,0,0,0,TRUE,2.62843502058038,0.00839613591614246,0.975222839767883,16.8900000000001,9.46000000000004,1.89999999999986,0.600000000000136,TRUE,TRUE,1.84986565354962e-06,0.999789386860918,2.62843502058038,0.0573275709662433,0.1577
205,1914,111,-3.4132519113,551.652563022967,3.52442149830399e-07,0,0.304,0.524,0.677603855492695,0.0938686173787888,0,0,0,0,TRUE,3.70394156598507,0.00430937650674977,0.954270801408932,17.3,8.81000000000017,1.87999999999988,0.670000000000073,FALSE,TRUE,2.53805943442778e-09,0.999979120683548,3.70394156598507,0.935725072654481,0.18855
205,1915,101,-7.3976493176,998.204066922337,1.56101986615854e-09,0,0.34,0.354,0.800934911549993,0.428274403255331,0,0,0,0,TRUE,2.35047210926601,0.00217055757420287,0.955267553482541,17.23,9.21000000000004,2.08999999999992,0.660000000000082,TRUE,TRUE,1.55715696884174e-06,0.99873227738472,2.35047210926601,0.302429109941718,0.5979
205,1916,107,2.0757777446,157.707096272949,9.35483592752647e-05,0,0.55,0.464,1,0.956685191870497,0,0,0,0,TRUE,4.5943386539774,0.000693570546894729,0.972300944039155,19.0400000000002,7.91999999999985,1.62000000000012,0.769999999999982,FALSE,TRUE,3.613223938082e-13,0.999999986209427,4.5943386539774,0.71491723204104,0.3902
205,1917,109,6.8741121024,30774.6830675608,8.26588679191194e-09,0,0.804,0.512,0.384580829319976,0.454157079438439,0,0,0,0,TRUE,2.64898355675647,0.00974976919279393,0.930285286512896,16.22,10.8,1.81000000000017,0.7199999999998,TRUE,TRUE,1.45272676681276e-06,0.997518100130737,2.64898355675647,0.138562453409201,0.12345
205,1918,96,-0.6895899917,1563.91432956381,9.33983132651563e-10,0,0.192,0.414,0.351366283361656,0.331014184449167,0,0,0,0,TRUE,2.68944863839596,0.00770556076995073,0.97235428757388,17.6099999999999,8.86000000000013,1.5,0.889999999999873,TRUE,TRUE,2.80048651904973e-07,0.999947280634619,2.68944863839596,5.42610135731905e-08,0
205,1919,103,-10.6349778993,123.054045356204,8.9131967550687e-06,0,0.016,0.036,0.283391386131189,0.385085126812527,0,0,0,0,TRUE,4.70709736931287,0.00118461744157315,0.956963242580885,18.1000000000001,8.14999999999986,1.81999999999994,1.0300000000002,FALSE,TRUE,1.03451736843472e-11,0.999999864638424,4.70709736931287,1.48344413323163e-17,0
205,1920,86,-3.48935074,789.965435995618,1.59065058158434e-07,0,0.502,0.958,1,0.890159994619677,0,0,0,0,TRUE,3.38327496476695,0.00439251348074267,0.937416781480206,17.53,9.47000000000003,1.78999999999996,0.6400000000001,TRUE,TRUE,7.15095613962916e-08,0.999786130493758,3.38327496476695,0.013744179739491,9e-04
205,1921,112,-3.1564264541,445.627800111209,1.40301180397185e-05,0,0.56,0.354,0.520456802779626,0.626833951505536,0,0,0,0,TRUE,2.64413581166134,0.00425240653390808,0.964645795380227,21.5,9.87000000000012,1.80999999999995,0.849999999999909,TRUE,TRUE,9.18759572149692e-07,0.999961921321553,2.64413581166134,0.532294245049961,0.5134
205,1922,111,-2.8584703287,647.752479757828,1.63304621880809e-07,0,0.736,0.356,1,0.563805956629694,0,0,0,0,TRUE,2.81978565052229,0.00330501404256634,0.938549823777261,20.8099999999999,10.46,1.97000000000003,0.8599999999999,TRUE,TRUE,2.6057777423636e-08,0.999323166174688,2.81978565052229,0.927223797191249,0.69035
205,1923,111,5.9586678574,361.634778021351,1.63264161503095e-05,0,0.766,0.336,0.441172136411422,0.454793559895375,0,0,0,0,TRUE,2.42492678376894,0.00241836141271581,0.9720800231595,16.73,8.33999999999992,1.72000000000003,0.769999999999982,TRUE,TRUE,3.64804133583899e-07,0.999906143320274,2.42492678376894,0.00246534290794732,0.00485
205,1924,104,-3.4039375966,360.268302348622,1.8412922987406e-06,0,0.426,0.146,1,0.260138201463959,0,0,0,0,TRUE,4.23803985324574,0.00286875023491702,0.978818875816091,17.1099999999999,7.52999999999997,1.77999999999997,0.690000000000055,FALSE,TRUE,8.84218610395186e-11,0.999999948413237,4.23803985324574,0.0425675233791571,0.02575
205,1925,92,3.7731761018,422.043689287267,1.13756017905807e-07,0,0.502,0.068,1,0.442635357935305,0,0,0,0,TRUE,7.44502960689064,0.0012944623468933,0.969138648612035,17.6699999999998,7.44000000000005,1.54999999999995,0.720000000000027,FALSE,TRUE,2.22044604925031e-16,0.999999999999297,7.44502960689064,4.29237514481663e-40,5e-05
205,1926,114,-9.6040234924,170.263394028571,7.87121092372911e-05,0,0.988,0.97,1,0.766185178662938,0,0,0,0,TRUE,3.06933725407195,0.0028252209487818,0.992482076782935,18.75,7.42999999999984,1.82000000000016,0.75,FALSE,TRUE,1.17503835024128e-08,0.99999999626317,3.06933725407195,0.727116225022896,0.4574
205,1927,102,-6.1173356002,310.914228416621,8.84529069827239e-05,0,0.468,0.726,1,0.830185977551245,0,0,0,0,TRUE,2.72962640180619,0.00639363564326179,0.977574112886509,17.4200000000001,8.76999999999998,1.52999999999997,0.75,TRUE,TRUE,7.66366751921066e-08,0.999984981337645,2.72962640180619,0.855463922052204,0.42605
205,1928,96,3.8625038029,633.185236542093,5.97195639353793e-09,0,0.25,0.262,0.226840772201149,0.358969247840709,0,0,0,0,TRUE,3.06862046062414,0.00238655592996581,0.960743528263083,18.7,9.11000000000013,1.73000000000002,0.709999999999809,TRUE,TRUE,1.84390793364858e-07,0.999932454393678,3.06862046062414,0.0682543918604258,0.1395
205,1929,99,-7.9047853888,1853.79237238758,2.25417859483039e-10,0,0.43,0.08,0.236449516491279,0.708551070333782,0,0,0,0,TRUE,2.51438693777342,0.00799735443352612,0.955468506609994,17.3299999999999,9.69000000000005,2.30999999999995,0.690000000000055,TRUE,TRUE,5.12733767848478e-06,0.989830516470651,2.51438693777342,0.934766519366716,0.7052
205,1930,95,6.8252640482,1650.30959779974,3.93561606217023e-06,0,0.516,0.332,0.205020716191231,0.249504786788736,0,0,0,0,TRUE,3.09320650725091,0.00101620274035911,0.950627970800546,18.2,9.1400000000001,1.81999999999994,0.509999999999991,FALSE,TRUE,5.58344660476583e-09,0.998238816850121,3.09320650725091,0.532380926754282,0.983
205,1931,102,-1.9896268498,332.982068998695,6.47674709131346e-07,0,0.664,0.482,0.297318082543591,0.0344269594280895,0,0,0,0,TRUE,3.91386775559141,0.00195909729589586,0.971119406154232,17.6699999999998,7.58000000000015,1.38999999999987,0.779999999999973,FALSE,TRUE,1.31048217925304e-09,0.999999977079226,3.91386775559141,0.262533976087088,0.0422
205,1932,114,-4.1565374963,793.609608645029,3.10392288662183e-07,0,0.73,0.578,0.678201673277618,0.29246405493269,0,0,0,0,TRUE,3.08763994463573,0.00188344222095823,0.943482900611223,18.23,9.28999999999996,1.75,0.730000000000018,TRUE,TRUE,1.14632501560596e-08,0.999970338415472,3.08763994463573,0.832637886398426,0.75035
205,1933,116,-1.4417309943,578.96194176879,7.08529712626413e-07,0,0.876,0.672,0.909757828356483,0.0320713427879736,0,0,0,0,TRUE,2.44495515781994,0.00922280839669601,0.958197004189716,17.3700000000001,9.78999999999996,1.95000000000005,0.700000000000045,TRUE,TRUE,2.2449989532612e-05,0.999728712772668,2.44495515781994,0.0113771010942259,0.13385
205,1934,111,2.2798015105,795.67144608127,9.15378557378346e-11,0,0.24,0.122,0.352049263874706,0.773117112472933,0,0,0,0,TRUE,2.42647746680024,0.00665162741766615,0.946777039012681,17.4100000000001,8.44000000000005,1.6099999999999,0.650000000000091,TRUE,TRUE,4.47963595679375e-06,0.999374294000366,2.42647746680024,0.509166399638896,0.02435
205,1935,106,0.0303685736,90.8878406793072,1.51887884314093e-05,0,0.048,0.16,0.398893170812512,0.363780933337942,0,0,0,0,TRUE,4.14526433726577,0.000217284683676771,0.976816313439307,19.98,7.37999999999988,1.5,0.75,FALSE,TRUE,9.24790932506068e-13,0.999999959317386,4.14526433726577,0.731343125076421,0.3203
205,1936,87,-0.2675600251,345.863024914136,2.09752480247561e-05,0,0.828,0.546,0.205444704212868,0.228173934874801,0,0,0,0,FALSE,1632.19136949941,0.00163607278913875,0.98373276602986,18.6499999999999,7.85000000000014,1.25999999999999,0.769999999999982,FALSE,TRUE,2.22044604925031e-16,1,2384.27676160482,1,NA
205,1937,103,-5.8132397845,613.507149512146,3.92952856313297e-08,0,0.558,0.462,1,0.490692015486729,0,0,0,0,TRUE,2.70705177205516,0.0048767025558325,0.936525178497942,17.78,8.21000000000004,1.53999999999996,0.850000000000136,TRUE,TRUE,4.29499240752223e-06,0.99927308197523,2.70705177205516,0.235808614487588,0.3285
205,1938,131,6.1284535321,332.170761748856,7.16587474407168e-05,0,0.402,0.062,0.100961908277096,0.0952801221795596,0,0,0,0,TRUE,1.7516505506443,0.00317746516533694,0.970733350243685,17.8,10.0900000000001,1.77999999999997,0.740000000000009,TRUE,TRUE,1.24375075646089e-06,0.999958836854418,1.7516505506443,0.000224233433691771,0.00395
205,1939,108,0.7523862611,1761.20109561177,7.93273049045136e-08,0,0.898,0.472,0.344883922660728,0.402996154632528,0,0,0,0,TRUE,2.27413760474493,0.0107375302078262,0.943435666345777,17.02,11.0300000000002,1.81999999999994,0.659999999999854,TRUE,TRUE,1.07120979909418e-05,0.997953472135066,2.27413760474493,6.50715908368559e-05,0.07665
205,1940,90,-1.7748345024,721.386216944106,9.09239933372492e-10,0,0.102,0.136,0.520365510799656,0.601245801618006,0,0,0,0,TRUE,20.1262186155418,0.00370059353734321,0.959990584435131,17.5599999999999,7.54999999999995,1.49000000000001,0.560000000000173,FALSE,TRUE,2.22044604925031e-16,1,20.1262186155418,0.956360827281116,0.5217
205,1941,96,5.0370939943,709.490456132329,1.16319335795233e-09,0,0.078,0.012,1,0.914475435588967,0,0,0,0,TRUE,3.07892019716696,0.00322829557104269,0.964070740033545,17.45,7.74000000000001,1.42999999999984,0.660000000000082,FALSE,TRUE,2.0378302748537e-09,0.999925523187458,3.07892019716696,0.984506258621526,0.7605
205,1942,115,-3.4365309716,737.52044216238,3.25422704247296e-07,0,0.59,0.796,0.43647502473475,0.0399688102904907,0,0,0,0,TRUE,2.19098345601833,0.00590718525596436,0.943097695870079,17.72,10.3900000000001,1.61999999999989,0.630000000000109,TRUE,TRUE,1.73760645246052e-06,0.999457851426929,2.19098345601833,0.530579237325657,0.14945
205,1943,100,-2.7660490371,499.218829798574,2.64416593235954e-06,0,0.63,0.804,1,0.19951433168616,0,0,0,0,TRUE,2.49328316594045,0.00280843475556655,0.970134328508557,17.4499999999998,8.71000000000004,1.47000000000003,0.809999999999945,TRUE,TRUE,5.04917501768604e-07,0.999985426399596,2.49328316594045,0.17309925871472,0.0239
205,1944,101,0.631468783,1228.63467695739,6.52032563820251e-08,0,0.636,0.446,0.0906134993489307,0.543919170907425,0,0,0,0,TRUE,2.19800858404287,0.0067513526196446,0.933331841347524,17.5899999999999,9.61000000000013,1.99000000000001,0.529999999999973,TRUE,TRUE,1.51494555137768e-05,0.992403497211467,2.19800858404287,0.433592132975243,0.06605
205,1945,110,0.9987868552,4097.91041060693,1.47595392005912e-10,0,0.598,0.196,0.208124004857666,0.0984309086459372,0,0,0,0,TRUE,2.52305791994126,0.0113623067938764,0.9468314095394,16.98,10.5500000000002,2.2199999999998,0.590000000000146,TRUE,TRUE,6.86619098704262e-06,0.999716662365957,2.52305791994126,1.77856534834374e-11,0
205,1946,104,-2.6435945872,580.717636598855,1.45610629477075e-07,0,0.992,0.944,0.646512745345755,0.126555699015477,0,0,0,0,TRUE,2.77140988260005,0.00563577161402353,0.957644368095986,17.6700000000001,7.97000000000003,1.41000000000008,0.589999999999918,TRUE,TRUE,9.45713707032452e-08,0.999974169090982,2.77140988260005,0.988475119225674,0.64095
205,1947,89,6.5441864308,121.112982774233,7.67342201907961e-07,0,0.142,0.112,0.814443231958628,0.586454795862564,0,0,0,0,TRUE,1036620470273084,0.00183081430764749,0.974253843315412,19.8600000000001,7.41999999999985,1.36000000000013,0.920000000000073,FALSE,TRUE,2.22044604925031e-16,1,1036620470273084,0,NA
205,1948,98,1.0590770909,720.302512683244,3.85964858273707e-07,0,0.006,0.042,0.486490099852351,0.934642363654061,0,0,0,0,TRUE,2.30957056464762,0.00403784274912552,0.964757632383985,17.9400000000001,9.61999999999989,1.5,0.470000000000027,TRUE,TRUE,8.67561531799485e-06,0.999700536779819,2.30957056464762,0.300636948166995,0.27385
205,1949,106,0.817592179,693.995708054916,4.74147719826182e-07,0,0.926,0.418,0.78107102840189,0.426743464327288,0,0,0,0,TRUE,2.32640405286718,0.00748722891394558,0.939235095741069,17.22,9.40999999999985,2.11000000000013,0.679999999999836,TRUE,TRUE,8.69563420558367e-06,0.997497780584939,2.32640405286718,0.75468749398739,0.4835
205,1950,117,5.1032713514,212.987260777468,0.000174158930833807,0,0.662,0.924,0.507998977268924,0.360328753513913,0,0,0,0,TRUE,2.81692664503262,0.0011443630125247,0.958580308284726,17.72,9.46000000000004,1.41999999999985,0.450000000000045,TRUE,TRUE,8.55427950366172e-08,0.99984286867638,2.81692664503262,0.795176854066258,0.14155
205,1951,102,-2.9289126624,857.532314027476,1.23348799787187e-07,0,0.548,0.55,0.299348060720746,0.0353228948929429,0,0,0,0,TRUE,2.68337143371303,0.00758253884309736,0.963078436365699,17.9199999999998,8.79999999999995,1.86000000000013,0.720000000000027,TRUE,TRUE,1.78873892312966e-06,0.999783737053908,2.68337143371303,0.883928097508379,0.60175
205,1952,88,3.9946890744,598.004370203859,4.38535366075493e-07,0,0.734,0.94,1,0.806037910504027,0,0,0,0,TRUE,3.06165165205254,0.00504127085022753,0.949157270276948,18.3500000000001,8.3599999999999,1.30999999999995,0.529999999999973,TRUE,TRUE,2.50611187387502e-06,0.999800945900028,3.06165165205254,0.688521818534242,0.6708
205,1953,105,3.486896151,359.871058840984,4.21414027618016e-06,0,0.656,0.422,0.559519888080979,0.745783495604963,0,0,0,0,TRUE,3.04652854747769,0.00217682073061166,0.970627364608782,16.96,8.36999999999989,1.63000000000011,0.779999999999973,TRUE,TRUE,1.15589858198157e-07,0.999994365476593,3.04652854747769,0.176555666211172,0.2774
205,1954,88,-3.4610787239,1830.27718209938,1.11004991233817e-10,0,0.276,0.112,0.587249732399493,0.947589356197938,0,0,0,0,TRUE,3.49136172795824,0.00584531901135385,0.964290284423708,17.8,8.57999999999993,1.70000000000005,0.630000000000109,TRUE,TRUE,2.59483801757418e-07,0.999959115089244,3.49136172795824,0.504550346113725,0.14815
205,1955,106,-3.9143116523,358.989013335582,5.38397995981479e-06,0,0.446,0.112,0.216477127455906,0.283265289070646,0,0,0,0,TRUE,4.2226848752784,0.00220058248829919,0.975452463092681,17.6200000000001,8.24000000000001,1.41999999999985,0.670000000000073,FALSE,TRUE,5.98484408989469e-10,0.999999978399832,4.2226848752784,0.00185219270802938,0.00085
205,1956,96,-0.6315483079,765.670327108916,0.000162701320489492,0,0.524,0.876,0.568232297901816,0.600562048537778,0,0,0,0,TRUE,3.05155650009763,0.00209518070520764,0.921204922815017,18.6099999999999,9.02999999999997,2.30999999999995,0.470000000000027,TRUE,TRUE,2.9928730046416e-07,0.999520330042719,3.05155650009763,0.0242035857586549,0.54505
205,1957,109,-0.7418187396,383.042672116429,6.83078657002861e-06,0,0.608,0.318,1,0.219235155638876,0,0,0,0,TRUE,2.86191318332,0.00326782969984529,0.945729269105703,17.3400000000001,9.27999999999997,2.01999999999998,0.730000000000018,TRUE,TRUE,1.45034602513413e-07,0.999944610721721,2.86191318332,0.124667644906171,0.01785
205,1958,114,-7.5984025619,437.524283781304,3.31495056928494e-06,0,0.414,0.42,0.927690310000163,0.537200135676581,0,0,0,0,TRUE,3.9308190170635,0.00188457355037228,0.939199248369203,18.1300000000001,7.57999999999993,1.06999999999994,0.490000000000009,FALSE,TRUE,1.29446526216657e-09,0.99999591819914,3.9308190170635,3.93617490525808e-08,0.00015
205,1959,97,-5.5275672071,536.871057472281,3.67351886707434e-07,0,0.164,0.238,0.866737002658651,0.553436989787231,0,0,0,0,TRUE,2.36939063035132,0.00521364617215433,0.979766432155535,18.9300000000001,9.1099999999999,1.67000000000007,0.699999999999818,TRUE,TRUE,5.75505619608602e-06,0.999986100324868,2.36939063035132,1.99337828774473e-22,0
205,1960,95,-2.419845546,855.459390166337,3.51531913727491e-10,0,0.044,0.16,0.336289338407156,0.623999149652737,0,0,0,0,TRUE,3.25581771398345,0.00609775097210249,0.980832313214762,20.03,6.36000000000013,1.30999999999995,0.519999999999982,TRUE,TRUE,1.24673929384656e-08,0.99999975555443,3.25581771398345,2.95885338785868e-14,0
205,1961,112,0.7434216218,516.717248145532,2.69154108338716e-06,0,0.756,0.944,0.72287219847112,0.363223465397523,0,0,0,0,TRUE,2.81607635511198,0.00660592934274513,0.926461564691875,20.1400000000001,10.48,2.18999999999983,0.75,TRUE,TRUE,5.63003612449739e-07,0.998948496000752,2.81607635511198,0.998195155167986,0.9019
205,1962,88,-2.7810013899,1381.39627540044,3.58624650875094e-08,0,0.056,0.098,0.0812981579907817,0.065737258300561,0,0,0,0,TRUE,2.58785594012618,0.00105969657674452,0.910627251247946,18.28,6.89999999999986,1.25999999999999,0.490000000000009,TRUE,TRUE,1.08958451999352e-08,0.996757716236556,2.58785594012618,0.000702395264098669,0.00195
205,1963,100,3.4267936945,2523.51258027538,1.43734967393292e-11,0,0.174,0.118,0.729053647770569,0.562684676537659,0,0,0,0,TRUE,2.75251294663596,0.00421448935772426,0.944866251560409,19.3699999999999,9.21000000000004,1.90000000000009,0.7199999999998,TRUE,TRUE,3.50217793097437e-08,0.999815833660082,2.75251294663596,0.336999305148727,0.2252
205,1964,109,3.0173569504,586.789536872207,5.194980525241e-06,0,0.95,0.87,0.240022434514472,0.0189450815830405,0,0,0,0,TRUE,2.58254214291694,0.00442924320965644,0.968475833005229,19.0899999999999,6.46000000000004,1.19000000000005,0.559999999999945,TRUE,TRUE,4.98330895476051e-07,0.99992842943294,2.58254214291694,0.427709998657332,0.0344
205,1965,99,3.3936069095,200.809426509847,3.81989112995148e-06,0,0.184,0.894,0.587221036019806,0.406548756512893,0,0,0,0,TRUE,4.69924578475542,0.00622682603802457,0.945192302333811,19.4400000000001,8.45000000000005,1.84999999999991,0.810000000000173,FALSE,TRUE,1.80076754577418e-10,0.999982855636714,4.69924578475542,0.0261593306552382,0.0583
205,1966,108,-2.9858774403,711.280417266405,8.3368709392801e-07,0,0.14,0.264,0.88473802931288,0.284881466076997,0,0,0,0,TRUE,2.06974028751644,0.0116455095402646,0.972247724305374,18.74,6.86000000000013,1.44999999999982,0.560000000000173,TRUE,TRUE,3.01770937028177e-05,0.999979584495743,2.06974028751644,0.403001671184682,0.2051
205,1967,96,-0.6198726473,589.486663882227,5.894637006161e-11,0,0.108,0.15,0.270108170125102,0.308912229515678,0,0,0,0,TRUE,6.59447605011813,0.0026504978610295,0.963760794394755,19.3000000000002,8.08999999999992,1.69000000000005,0.980000000000018,FALSE,TRUE,2.22044604925031e-16,0.999999999990789,6.59447605011813,0.0130349801350412,0
205,1968,108,-1.9162446776,458.560639897665,1.1862544054881e-07,0,0.642,0.762,1,0.903901285334977,0,0,0,0,TRUE,2.74852646295999,0.00213729515451404,0.964776927639912,18.6000000000001,6.44999999999982,1.22000000000003,0.519999999999982,TRUE,TRUE,1.27373465907743e-07,0.999949764286888,2.74852646295999,0.863318926902388,0.63225
205,1969,89,4.5725943774,1663.86143123097,1.50522860191508e-08,0,0.398,0.516,0.41941286494295,0.0121574842669436,0,0,0,0,TRUE,4.8246431746613,0.00514012698558669,0.950796667106228,17.25,8.04999999999995,2.05000000000018,0.7199999999998,FALSE,TRUE,5.68848888195959e-11,0.999974729606481,4.8246431746613,1.17797909997938e-10,0.00085
205,1970,109,2.444794298,368.482390547531,4.32181311532915e-07,0,0.318,0.15,1,0.118074780520673,0,0,0,0,TRUE,3.84920233872193,0.00553162544330559,0.979674706828868,17.9000000000001,8.34999999999991,1.43000000000006,0.799999999999955,FALSE,TRUE,4.03065755872661e-09,0.99999999934801,3.84920233872193,0.635618142108738,0.40875
205,1971,99,0.0484828755,1842.52183937175,4.21407256883649e-08,0,0.822,0.41,0.137753443903208,0.00379209811011239,0,0,0,0,TRUE,2.74313122890352,0.0020578474313031,0.936561554311832,19.4200000000001,9.26999999999998,1.41999999999985,0.5300000000002,TRUE,TRUE,1.59050959012381e-07,0.999706986136481,2.74313122890352,0.475998470855079,0.04785
205,1972,86,-4.7071843626,2737.42123527561,2.96496109786006e-11,0,0.058,0.004,0.0811042395233308,0.512188451754637,0,0,0,0,TRUE,2.83922242786782,0.00867351746907672,0.967584375445368,16.97,8.15000000000009,1.74000000000001,0.619999999999891,TRUE,TRUE,8.88061477094594e-07,0.999926858621981,2.83922242786782,1.46540866810177e-31,0
205,1973,86,-2.9116598824,882.040169340214,8.80931596460927e-10,0,0.216,0.106,0.0824607694907982,0.198090095484428,0,0,0,0,TRUE,4.58342275987718,0.00320051194671419,0.982792204638246,17.1199999999999,7.5,1.6400000000001,0.579999999999927,FALSE,TRUE,2.10157218131902e-09,0.999999982036653,4.58342275987718,0.20258113258729,0.06505
205,1974,103,-0.6686452896,856.972892107681,1.36675113774169e-08,0,0.516,0.666,0.189129348520919,0.229880760426445,0,0,0,0,TRUE,2.4232980434354,0.0050324796396063,0.989773291343615,17.3599999999999,10.1400000000001,1.49000000000001,0.559999999999945,TRUE,TRUE,2.11736089977572e-06,0.999989127118846,2.4232980434354,1.48625476275982e-06,5e-05
205,1975,109,2.0327997849,549.212707471447,4.83892300742438e-07,0,0.316,0.57,0.53404167576684,0.87473014066731,0,0,0,0,TRUE,3.49518073107148,0.00489634872707157,0.951756547014914,17.51,8.26999999999998,1.66000000000008,0.779999999999973,FALSE,TRUE,1.6886295067288e-09,0.999998296379604,3.49518073107148,0.830762360126324,0.59725
205,1976,102,-1.028782049,636.416267954998,6.84673295993186e-07,0,0.444,0.684,0.156773689178686,0.246228827270475,0,0,0,0,TRUE,2.87741203403712,0.00127203991788612,0.946979754318845,17.3899999999999,8.60000000000014,1.61999999999989,0.690000000000055,TRUE,TRUE,5.83223739134872e-08,0.999974544907327,2.87741203403712,0.358903450702072,0.0846
205,1977,104,-2.781746792,410.076066636684,2.20288421343417e-07,0,0.106,0.244,0.790749654012195,0.495011282635283,0,0,0,0,TRUE,2.53297906389947,0.00509131269931814,0.969501487386263,16.73,8.41999999999985,1.75,0.830000000000155,TRUE,TRUE,1.04689291593637e-05,0.999869154612769,2.53297906389947,0.839448862322629,0.85605
205,1978,93,0.7354496362,371.424731699556,1.51430108926531e-07,0,0.338,0.25,0.584346015330075,0.570865916395541,0,0,0,0,TRUE,3.73715515506318,0.00427374646189642,0.977658487419638,17.72,8.31000000000017,1.65999999999985,0.6400000000001,TRUE,TRUE,5.18368504926005e-08,0.999979932974427,3.73715515506318,0.788367731718497,0.29
205,1979,99,-8.6079493151,402.022900069772,2.72119428540514e-07,0,0.324,0.3,1,0.762914828390293,0,0,0,0,TRUE,4.20982978612704,0.00267876393539393,0.944077057033618,19.3999999999999,9.24000000000001,1.30999999999995,0.550000000000182,FALSE,TRUE,1.33661975915828e-12,0.999999916065878,4.20982978612704,0.837147046663706,0.0314
205,1980,102,3.1973369362,1549.4283982471,6.6068392386861e-07,0,0.534,0.17,1,0.0816562202001065,0,0,0,0,TRUE,2.97786675341403,0.00639810307114334,0.9670968888224,17.1699999999998,9.83000000000015,1.81999999999994,0.539999999999964,TRUE,TRUE,1.60839697698503e-06,0.999718239929702,2.97786675341403,0.956359260870018,0.71665
205,1981,107,-0.0143510104,406.939088156248,1.24595348003987e-06,0,0.094,0.38,1,0.467690845541194,0,0,0,0,TRUE,2.97618584780923,0.00421824888432453,0.955735732975662,17.1100000000001,8.6099999999999,1.72000000000003,0.630000000000109,TRUE,TRUE,4.64295986203109e-08,0.999967288535531,2.97618584780923,0.314710554169283,0.0837
205,1982,104,-4.8264019696,1190.83409635538,3.69174585915323e-09,0,0.658,0.482,0.825491566889175,0.920719413364081,0,0,0,0,TRUE,3.92602558017275,0.00320457936933095,0.965426226055047,17.24,8.98000000000002,1.54999999999995,0.6400000000001,FALSE,TRUE,2.0770390640885e-09,0.999990103947411,3.92602558017275,0.00129685000839324,0.0125
205,1983,97,-1.99809915,21231.2045938733,6.22226867099832e-09,0,0.414,0.246,0.227940330708936,0.159161676014562,0,0,0,0,TRUE,2.38371025791351,0.0114677283611877,0.965982797477686,17.1400000000001,10.49,1.73000000000002,0.519999999999982,TRUE,TRUE,0.000178650663302206,0.995720696316959,2.38371025791351,0.746984111636707,0.22625
205,1984,108,-5.6152674075,6932.3213702434,4.57871549021684e-09,0,0.404,0.204,0.0561116688552152,0.161822786840489,0,0,0,0,TRUE,3.16992285424113,0.0134378493292394,0.973678002655075,16.95,10.1300000000001,1.50999999999999,0.669999999999845,TRUE,TRUE,1.55897123695234e-07,0.999989143135733,3.16992285424113,3.02883275199592e-48,0
205,1985,99,-8.0564637952,429.827148035861,3.51215903251886e-06,0,0.494,0.514,0.622977273646784,0.48522279911733,0,0,0,0,TRUE,3.98120033683231,0.00505954410298282,0.949100699710408,16.9100000000001,7.75,1.5,0.730000000000018,FALSE,TRUE,4.1653985380187e-10,0.999988397353881,3.98120033683231,0.955024432338891,0.80375
205,1986,99,-5.8425290137,634.641430058694,1.73260577843435e-08,0,0.264,0.076,0.819487759925368,0.477841483980947,0,0,0,0,TRUE,3.12365749194906,0.00359828208058928,0.933726551772365,16.98,8.75,2,0.659999999999854,FALSE,TRUE,2.98761779306006e-09,0.999585152320719,3.12365749194906,0.0106026307800843,0.00225
205,1987,101,3.5557425408,834.416515677088,7.88567222063278e-08,0,0.262,0.27,1,0.089130933043975,0,0,0,0,TRUE,2.27590523646443,0.00179707057416669,0.946371619313618,18.76,8.79999999999995,2.02999999999997,0.579999999999927,TRUE,TRUE,6.29446804071733e-08,0.998908103624278,2.27590523646443,0.413356444683754,0.672
205,1988,85,0.3883658864,762.897229573526,2.73240225444563e-10,0,0.118,0.184,1,0.286364526999473,0,0,0,0,TRUE,4.02183511324582,0.00267689885885352,0.955964504118463,16.97,7.8599999999999,1.52999999999997,0.579999999999927,FALSE,TRUE,9.53630994403564e-09,0.99991703508757,4.02183511324582,0.995159017035268,0.5636
205,1989,92,-4.0910162071,1159.77679303772,2.14355770639348e-09,0,0.104,0.032,1,0.724819994499787,0,0,0,0,TRUE,2.47142316223393,0.00289963096869295,0.959932254288778,18.75,9.01999999999998,1.78999999999996,0.600000000000136,TRUE,TRUE,1.50016975703038e-07,0.999897057080653,2.47142316223393,0.441565237025502,0.02695
205,1990,103,-5.8308573741,2774.22026245494,1.59675335380094e-08,0,0.724,0.306,0.819607278610416,0.454098912500986,0,0,0,0,TRUE,2.91437724256644,0.00425940339436448,0.960604811557475,18.6700000000001,9.26999999999998,1.53999999999996,0.720000000000027,TRUE,TRUE,2.14871415986404e-07,0.999972431630689,2.91437724256644,0.398857463715035,0.88725
205,1991,95,-1.8730008665,476.937400757392,3.59878175907266e-07,0,0.532,0.62,1,0.650265556989081,0,0,0,0,TRUE,9.67777015963749,0.00309788725381199,0.964068332596913,14.71,5.58999999999992,1.25,0.630000000000109,FALSE,TRUE,2.22044604925031e-16,1,9.67777015963749,3.40204182086447e-24,5e-05
205,1992,86,-0.6706309512,1854.07341183374,1.55189103126071e-09,0,0.108,0.038,0.398346693906859,0.175833308237922,0,0,0,0,TRUE,3.43799556147415,0.0054464413568772,0.966624296419744,14.8800000000001,6.14999999999986,1.05000000000018,0.529999999999973,FALSE,TRUE,1.09602710996931e-09,0.999996969801266,3.43799556147415,0.953806079102591,0.17795
205,1993,84,-4.6060892542,29807.7882825624,1.31142343520296e-08,0,0.088,0.032,0.24957670317594,0.0491309758202763,0,0,0,0,TRUE,2.71854186743879,0.00485594644188688,0.958655927507857,14.5599999999999,7.59000000000015,1.3599999999999,0.420000000000073,TRUE,TRUE,7.38487392229552e-07,0.999314521870036,2.71854186743879,0.00519569844555333,0.00015
205,1994,79,-3.0983034558,391.518419657419,1.88553519955275e-06,0,0.27,0.356,1,0.691887812514938,0,0,0,0,TRUE,15.3327247563559,0.00224747964091997,0.94251221551149,14.6399999999999,5.25,1.06999999999994,0.470000000000027,FALSE,TRUE,2.22044604925031e-16,1,15.3327247563559,0.0885296257781406,0.0431
205,1995,100,-0.1507674767,288.92499790065,8.44705645856923e-05,0,0.494,0.674,1,0.665930910265088,0,0,0,0,TRUE,3.42555048766921,0.00288221506653805,0.950726382164541,14.3900000000001,6.25999999999999,1.26999999999998,0.6099999999999,TRUE,TRUE,3.12462910883179e-08,0.999992987383384,3.42555048766921,0.993104046792269,0.8613
205,1996,95,-1.6016048835,2478.19505793749,6.7396860417073e-12,0,0.014,0.24,0.792197482455899,0.349247084747416,0,0,0,0,TRUE,3.08782106571492,0.00395406596710969,0.97459792016044,14.5899999999999,6.58000000000015,1.36999999999989,0.549999999999955,TRUE,TRUE,9.65893583680375e-08,0.999935691612893,3.08782106571492,0.861049830199401,0.61505
205,1997,96,3.9215179519,874.223907427951,2.10799148422808e-08,0,0.65,0.264,0.781690289236874,0.0170840258672426,0,0,0,0,TRUE,2.95082673876089,0.00413250579665324,0.949318404713262,14.55,6.92000000000007,1.32999999999993,0.420000000000073,TRUE,TRUE,2.96772230783087e-07,0.996780101695885,2.95082673876089,0.0830364176389473,0.0213
205,1998,95,-7.9555237102,1160.44689908683,3.22918967228009e-09,0,0.412,0.108,0.271054027577031,0.0783105837903766,0,0,0,0,TRUE,3.54261272864131,0.00635630313113664,0.936340939360974,14.3899999999999,6.25,1.20000000000005,0.549999999999955,FALSE,TRUE,8.47204360933672e-10,0.99997845496678,3.54261272864131,0.884777926128722,0.04485
205,1999,90,-3.3788688605,30859.6819138891,5.33148275852202e-11,0,0.032,0.224,1,0.627022205710898,0,0,0,0,TRUE,4.19022222525199,0.00444538480651109,0.967877642639864,14.6300000000001,5.94000000000005,1.14999999999986,0.5,FALSE,TRUE,6.94052788340236e-09,0.999994764001012,4.19022222525199,0.000111328141561869,0.0154
205,2000,92,-9.8637013941,829.33882377923,5.25727907857795e-08,0,0.526,0.474,0.645647794664303,0.403199279423864,0,0,0,0,TRUE,3.50895681222906,0.00535411449746427,0.916800187482833,14.5800000000002,5.80999999999995,1.36999999999989,0.529999999999973,TRUE,TRUE,1.90196675658799e-08,0.999909183768425,3.50895681222906,0.980201532585623,0.88245
